Datetime,AAPL Close,BTC Close,BTC/AAPL Ratio
2026-09-04T00:00:00Z,319.97,80893.31,252.82
2026-09-03T00:00:00Z,328.21,77735.136212,236.85
2026-09-02T00:00:00Z,324.96,77605.0,238.81
2026-09-01T00:00:00Z,325.13,79133.601532,243.39
2026-08-31T00:00:00Z,316.85,77990.417681,246.14
2026-08-28T00:00:00Z,319.7,79600.278805,248.98
2026-08-27T00:00:00Z,314.58,79981.0203,254.25
2026-08-26T00:00:00Z,313.45,78811.094301,251.43
2026-08-25T00:00:00Z,309.9,79726.566397,257.27
2026-08-24T00:00:00Z,310.34,76945.968409,247.94
2026-08-21T00:00:00Z,309.35,75093.245573,242.75
2026-08-20T00:00:00Z,311.3,69371.094197,222.84
2026-08-19T00:00:00Z,316.83,64452.317116,203.43
2026-08-18T00:00:00Z,310.03,64321.133481,207.47
2026-08-17T00:00:00Z,305.59,63069.341409,206.39
2026-08-14T00:00:00Z,305.93,63422.047888,207.31
2026-08-13T00:00:00Z,305.26,63486.865952,207.98
2026-08-12T00:00:00Z,302.25,63761.047124,210.95
2026-08-11T00:00:00Z,304.91,64013.019775,209.94
2026-08-10T00:00:00Z,308.26,65146.985399,211.34
2026-08-07T00:00:00Z,313.06,64347.38927,205.54
2026-08-06T00:00:00Z,312.14,64518.074033,206.7
2026-08-05T00:00:00Z,310.73,64132.870665,206.39
2026-08-04T00:00:00Z,309.11,63743.692139,206.22
2026-08-03T00:00:00Z,303.16,62823.598278,207.23
2026-07-31T00:00:00Z,308.64,64332.08523,208.44
2026-07-30T00:00:00Z,333.14,64091.60204,192.39
2026-07-29T00:00:00Z,337.9,63669.691451,188.43
2026-07-28T00:00:00Z,339.79,63272.874763,186.21
2026-07-27T00:00:00Z,336.62,65224.027021,193.76
2026-07-24T00:00:00Z,332.73,65319.607378,196.31
2026-07-23T00:00:00Z,321.38,65626.221659,204.2
2026-07-22T00:00:00Z,325.61,66339.235948,203.74
2026-07-21T00:00:00Z,327.46,65544.451431,200.16
2026-07-20T00:00:00Z,326.31,64711.078815,198.31
2026-07-17T00:00:00Z,333.45,63465.406415,190.33
2026-07-16T00:00:00Z,332.97,64600.087806,194.01
2026-07-15T00:00:00Z,327.22,64960.09,198.52
2026-07-14T00:00:00Z,314.59,62242.32,197.85
2026-07-13T00:00:00Z,317.04,63744.39,201.06
2026-07-10T00:00:00Z,315.05,63187.84,200.56
2026-07-09T00:00:00Z,315.95,62249.52,197.02
2026-07-08T00:00:00Z,313.12,63287.15,202.12
2026-07-07T00:00:00Z,310.39,64000.31,206.19
2026-07-06T00:00:00Z,312.39,63572.03,203.5
2026-07-02T00:00:00Z,308.36,59963.86,194.46
2026-07-01T00:00:00Z,294.13,58534.28,199.01
2026-06-30T00:00:00Z,289.11,60136.19,208.0
2026-06-29T00:00:00Z,281.5,59496.75,211.36
2026-06-26T00:00:00Z,283.54,59709.65,210.59
2026-06-25T00:00:00Z,274.91,60984.24,221.83
2026-06-24T00:00:00Z,292.83,62653.71,213.96
2026-06-23T00:00:00Z,294.05,63952.2,217.49
2026-06-22T00:00:00Z,296.75,63234.7,213.09
2026-06-18T00:00:00Z,297.75,64428.91,216.39
2026-06-17T00:00:00Z,295.69,65611.77,221.89
2026-06-16T00:00:00Z,298.98,66285.33,221.7
2026-06-15T00:00:00Z,296.16,65713.21,221.88
2026-06-12T00:00:00Z,290.88,63547.89,218.47
2026-06-11T00:00:00Z,295.38,61450.38,208.04
2026-06-10T00:00:00Z,291.33,61642.38,211.59
2026-06-09T00:00:00Z,290.3,63090.31,217.33
2026-06-08T00:00:00Z,301.28,63274.63,210.02
2026-06-05T00:00:00Z,307.08,63812.6,207.8
2026-06-04T00:00:00Z,310.96,64012.8,205.86
2026-06-03T00:00:00Z,309.99,66676.55,215.09
2026-06-02T00:00:00Z,314.93,71325.64,226.48
2026-06-01T00:00:00Z,306.05,73570.59,240.39
2026-05-29T00:00:00Z,311.79,73539.08,235.86
2026-05-28T00:00:00Z,312.24,74348.35,238.11
2026-05-27T00:00:00Z,310.58,75823.27,244.13
2026-05-26T00:00:00Z,308.06,77284.84,250.88
2026-05-22T00:00:00Z,308.55,77538.22,251.3
2026-05-21T00:00:00Z,304.73,77463.34,254.2
2026-05-20T00:00:00Z,301.99,76752.77,254.16
2026-05-19T00:00:00Z,298.71,76947.45,257.6
2026-05-18T00:00:00Z,297.58,77409.45,260.13
2026-05-15T00:00:00Z,299.97,81067.56,270.25
2026-05-14T00:00:00Z,297.95,79285.66,266.1
2026-05-13T00:00:00Z,298.61,80491.45,269.55
2026-05-12T00:00:00Z,294.55,81738.19,277.5
2026-05-11T00:00:00Z,292.43,82146.2,280.91
2026-05-08T00:00:00Z,292.8,80015.99,273.28
2026-05-07T00:00:00Z,286.93,81436.54,283.82
2026-05-06T00:00:00Z,287,80928.41,281.98
2026-05-05T00:00:00Z,283.67,79827.87,281.41
2026-05-04T00:00:00Z,276.34,78543.1,284.23
2026-05-01T00:00:00Z,279.64,76286.46,272.8
2026-04-30T00:00:00Z,270.87,75781.88,279.77
2026-04-29T00:00:00Z,269.69,76347.25,283.09
2026-04-28T00:00:00Z,270.23,77373.46,286.32
2026-04-27T00:00:00Z,267.13,78649.47,294.42
2026-04-24T00:00:00Z,270.58,78266.65,289.26
2026-04-23T00:00:00Z,272.94,78206.49,286.53
2026-04-22T00:00:00Z,272.68,76353.08,280.01
2026-04-21T00:00:00Z,265.7,75873.82,285.56
2026-04-20T00:00:00Z,272.56,73857.03,270.98
2026-04-17T00:00:00Z,269.75,75169.74,278.66
2026-04-16T00:00:00Z,262.93,74814.99,284.54
2026-04-15T00:00:00Z,265.96,74195.34,278.97
2026-04-14T00:00:00Z,258.37,74501.01,288.35
2026-04-13T00:00:00Z,258.74,74484.6377504138,287.87
2026-04-10T00:00:00Z,260.02,72979.0503270674,280.67
2026-04-09T00:00:00Z,260.03,71767.8251278026,276.0
2026-04-08T00:00:00Z,258.44,71123.3584710525,275.2
2026-04-07T00:00:00Z,253.05,71940.7012947185,284.29
2026-04-06T00:00:00Z,258.4,68859.8263950077,266.49
2026-04-02T00:00:00Z,255.46,66888.5721018824,261.84
2026-04-01T00:00:00Z,255.17,68078.5531589104,266.8
2026-03-31T00:00:00Z,253.34,68233.3155611907,269.33
2026-03-30T00:00:00Z,246.19,66691.4425240951,270.89
2026-03-27T00:00:00Z,248.36,66338.3712323883,267.11
2026-03-26T00:00:00Z,252.44,68791.6225102162,272.51
2026-03-25T00:00:00Z,252.17,71309.8802324984,282.78
2026-03-24T00:00:00Z,251.19,70517.8595482218,280.74
2026-03-23T00:00:00Z,251.04,70914.8629915279,282.48
2026-03-20T00:00:00Z,247.55,70522.5839539436,284.88
2026-03-19T00:00:00Z,248.52,69912.787776857,281.32
2026-03-18T00:00:00Z,249.49,71245.5785428252,285.56
2026-03-17T00:00:00Z,253.78,73922.4740106774,291.29
2026-03-16T00:00:00Z,252.37,74861.0836737225,296.63
2026-03-13T00:00:00Z,249.67,70968.2676726541,284.25
2026-03-12T00:00:00Z,255.3,70493.4585812722,276.12
2026-03-11T00:00:00Z,260.35,70204.8841361708,269.66
2026-03-10T00:00:00Z,260.37,69926.9181569877,268.57
2026-03-09T00:00:00Z,259.42,68402.3866936191,263.67
2026-03-06T00:00:00Z,257,68136.492279115,265.12
2026-03-05T00:00:00Z,259.83,70841.1280700745,272.64
2026-03-04T00:00:00Z,262.05,72710.5806779085,277.47
2026-03-03T00:00:00Z,263.28,68293.6491536677,259.4
2026-03-02T00:00:00Z,264.25,68775.8477373562,260.27
2026-02-27T00:00:00Z,263.71,65881.7951254048,249.83
2026-02-26T00:00:00Z,272.46,67453.7700401601,247.57
2026-02-25T00:00:00Z,273.74,67960.1232418947,248.27
2026-02-24T00:00:00Z,271.66,64080.0418035982,235.88
2026-02-23T00:00:00Z,265.71,64616.736397469,243.19
2026-02-20T00:00:00Z,264.11,68005.4206417909,257.49
2026-02-19T00:00:00Z,260.12,66957.5238614016,257.41
2026-02-18T00:00:00Z,263.88,66425.3236355285,251.73
2026-02-17T00:00:00Z,263.41,67494.215250601,256.23
2026-02-13T00:00:00Z,255.32,68857.8425138653,269.69
2026-02-12T00:00:00Z,261.26,66221.8448418533,253.47
2026-02-11T00:00:00Z,275.01,66991.9709067286,243.6
2026-02-10T00:00:00Z,273.19,68793.9599044157,251.82
2026-02-09T00:00:00Z,274.13,70120.7809893855,255.79
2026-02-06T00:00:00Z,277.37,70555.387263718,254.37
2026-02-05T00:00:00Z,275.16,62702.0977124692,227.88
2026-02-04T00:00:00Z,275.74,73019.6998019014,264.81
2026-02-03T00:00:00Z,268.75,75633.549919753,281.43
2026-02-02T00:00:00Z,269.28,78688.7643380335,292.22
2026-01-30T00:00:00Z,258.78,84128.6587617199,325.1
2026-01-29T00:00:00Z,257.58,84561.5848591429,328.29
2026-01-28T00:00:00Z,255.74,89184.5704436379,348.73
2026-01-27T00:00:00Z,257.57,89102.5684965916,345.94
2026-01-26T00:00:00Z,254.72,88267.1367579689,346.53
2026-01-23T00:00:00Z,247.37,89503.8785126393,361.82
2026-01-22T00:00:00Z,247.68,89462.4493131479,361.2
2026-01-21T00:00:00Z,246.98,89376.9583295032,361.88
2026-01-20T00:00:00Z,246.03,88310.9038954971,358.94
2026-01-16T00:00:00Z,254.84,95525.1188411745,374.84
2026-01-15T00:00:00Z,257.51,95551.1898553171,371.06
2026-01-14T00:00:00Z,259.25,96929.3308783032,373.88
2026-01-13T00:00:00Z,260.34,95321.7795050452,366.14
2026-01-12T00:00:00Z,259.54,91192.9894913558,351.36
2026-01-09T00:00:00Z,258.67,90513.0981512178,349.92
2026-01-08T00:00:00Z,258.34,91027.1267268199,352.35
2026-01-07T00:00:00Z,259.62,91308.0547191089,351.7
2026-01-06T00:00:00Z,261.65,93729.0297195824,358.22
2026-01-05T00:00:00Z,266.53,93882.553031637,352.24
2026-01-02T00:00:00Z,270.27,89944.6938591589,332.8
2025-12-31T00:00:00Z,271.12,87508.8250795458,322.77
2025-12-30T00:00:00Z,272.34,88430.1361196687,324.7
2025-12-29T00:00:00Z,273.02,87138.1432392297,319.16
2025-12-26T00:00:00Z,272.66,87301.4322402908,320.18
2025-12-24T00:00:00Z,273.07,87611.9614887915,320.84
2025-12-23T00:00:00Z,271.62,87414.0005815705,321.82
2025-12-22T00:00:00Z,270.23,88490.0192005083,327.46
2025-12-19T00:00:00Z,272.93,88103.3806268365,322.81
2025-12-18T00:00:00Z,271.45,85462.5063805352,314.84
2025-12-17T00:00:00Z,271.1,86143.7576635374,317.76
2025-12-16T00:00:00Z,273.86,87843.9863064965,320.76
2025-12-15T00:00:00Z,273.37,86419.7805235925,316.13
2025-12-12T00:00:00Z,277.52,90270.4128021897,325.28
2025-12-11T00:00:00Z,277.28,92511.3391634114,333.64
2025-12-10T00:00:00Z,278.02,92020.9457350057,330.99
2025-12-09T00:00:00Z,276.43,92691.707470239,335.32
2025-12-08T00:00:00Z,277.14,90640.2055811025,327.06
2025-12-05T00:00:00Z,278.02,89387.7544099001,321.52
2025-12-04T00:00:00Z,279.94,92141.6222874776,329.15
2025-12-03T00:00:00Z,283.38,93527.8038002451,330.04
2025-12-02T00:00:00Z,285.41,91350.2054259538,320.07
2025-12-01T00:00:00Z,282.33,86321.5699463014,305.75
2025-11-28T00:00:00Z,278.09,90919.2694341553,326.94
2025-11-26T00:00:00Z,276.8,90518.3695827224,327.02
2025-11-25T00:00:00Z,276.22,87341.8937506326,316.2
2025-11-24T00:00:00Z,275.17,88270.5619738123,320.79
2025-11-21T00:00:00Z,270.75,85090.6861140164,314.28
2025-11-20T00:00:00Z,265.53,86631.8985689048,326.26
2025-11-19T00:00:00Z,267.83,91465.9890743479,341.51
2025-11-18T00:00:00Z,266.71,92948.8723920336,348.5
2025-11-17T00:00:00Z,266.73,92093.8742086982,345.27
2025-11-14T00:00:00Z,271.67,94397.7878327457,347.47
2025-11-13T00:00:00Z,272.21,99697.4906436448,366.25
2025-11-12T00:00:00Z,272.73,101663.1867379332,372.76
2025-11-11T00:00:00Z,274.5,102997.4710431391,375.22
2025-11-10T00:00:00Z,268.7,105996.5970921312,394.48
2025-11-07T00:00:00Z,267.48,103372.4067182177,386.47
2025-11-06T00:00:00Z,268.78,101301.2904755964,376.89
2025-11-05T00:00:00Z,269.15,103891.8354817155,386.0
2025-11-04T00:00:00Z,269.05,101590.5223168931,377.59
2025-11-03T00:00:00Z,268.06,106547.5196040869,397.48
2025-10-31T00:00:00Z,269.37,109556.1608701478,406.71
2025-10-30T00:00:00Z,270.4,108305.5487617825,400.54
2025-10-29T00:00:00Z,268.71,110055.3028622907,409.57
2025-10-28T00:00:00Z,268.01,112956.1663764569,421.46
2025-10-27T00:00:00Z,267.82,114119.3247904805,426.1
2025-10-24T00:00:00Z,261.85,111033.923080974,424.04
2025-10-23T00:00:00Z,258.62,110069.7229180593,425.6
2025-10-22T00:00:00Z,257.5,107688.5881226163,418.21
2025-10-21T00:00:00Z,261.8,108476.8869787983,414.35
2025-10-20T00:00:00Z,261.27,110588.9301594552,423.27
2025-10-17T00:00:00Z,251.36,106467.785227691,423.57
2025-10-16T00:00:00Z,246.54,108186.0384753293,438.82
2025-10-15T00:00:00Z,248.42,110783.1668548627,445.95
2025-10-14T00:00:00Z,246.86,113118.6671598055,458.23
2025-10-13T00:00:00Z,246.75,115271.0751367935,467.16
2025-10-10T00:00:00Z,244.37,113214.3659931293,463.29
2025-10-09T00:00:00Z,253.11,121705.5822667133,480.84
2025-10-08T00:00:00Z,257.11,123354.8703353913,479.77
2025-10-07T00:00:00Z,255.54,121451.3790703267,475.27
2025-10-06T00:00:00Z,255.75,124752.5283520974,487.79
2025-10-03T00:00:00Z,257.07,122266.5327281923,475.62
2025-10-02T00:00:00Z,256.18,120681.2597233421,471.08
2025-10-01T00:00:00Z,254.51,118648.9285878715,466.19
2025-09-30T00:00:00Z,253.69,114056.0836474993,449.59
2025-09-29T00:00:00Z,253.49,114400.3864282159,451.3
2025-09-26T00:00:00Z,254.52,109712.831518274,431.06
2025-09-25T00:00:00Z,255.92,109049.2879570017,426.11
2025-09-24T00:00:00Z,251.38,113328.6304088566,450.83
2025-09-23T00:00:00Z,253.49,112014.4996765164,441.89
2025-09-22T00:00:00Z,255.14,112748.5056232456,441.91
2025-09-19T00:00:00Z,244.6,115688.8628180112,472.97
2025-09-18T00:00:00Z,237,117137.2024600838,494.25
2025-09-17T00:00:00Z,238.11,116468.5073895201,489.14
2025-09-16T00:00:00Z,237.27,116843.1842506891,492.45
2025-09-15T00:00:00Z,235.83,115444.8727083374,489.53
2025-09-12T00:00:00Z,233.21,116101.5808964756,497.84
2025-09-11T00:00:00Z,229.18,115507.5375268541,504.0
2025-09-10T00:00:00Z,225.96,113955.3589546047,504.32
2025-09-09T00:00:00Z,233.49,111530.5499815784,477.67
2025-09-08T00:00:00Z,237,112071.4310885385,472.88
2025-09-05T00:00:00Z,238.81,110650.988279402,463.34
2025-09-04T00:00:00Z,238.9,110723.6000805153,463.47
2025-09-03T00:00:00Z,237.59,111723.2133253295,470.24
2025-09-02T00:00:00Z,228.87,111200.5872122159,485.87
2025-08-29T00:00:00Z,231.29,108410.8381422406,468.72
2025-08-28T00:00:00Z,231.7,112544.8019855007,485.74
2025-08-27T00:00:00Z,229.64,111222.0607170952,484.33
2025-08-26T00:00:00Z,228.47,111802.655570345,489.35
2025-08-25T00:00:00Z,226.32,110124.350927514,486.59
2025-08-22T00:00:00Z,226.92,116874.0874716783,515.05
2025-08-21T00:00:00Z,224.07,112419.0275001688,501.71
2025-08-20T00:00:00Z,225.18,114274.7407842478,507.48
2025-08-19T00:00:00Z,229.71,112831.1759943522,491.19
2025-08-18T00:00:00Z,230.04,116252.3119358528,505.36
2025-08-15T00:00:00Z,230.74,117398.3479829685,508.79
2025-08-14T00:00:00Z,231.92,118359.5805705313,510.35
2025-08-13T00:00:00Z,232.47,123344.0598056487,530.58
2025-08-12T00:00:00Z,228.8,120172.9070599404,525.23
2025-08-11T00:00:00Z,226.34,118731.4470327152,524.57
2025-08-08T00:00:00Z,228.25,116688.7254122597,511.23
2025-08-07T00:00:00Z,218.97,117496.8973967761,536.59
2025-08-06T00:00:00Z,212.22,115027.9964133688,542.02
2025-08-05T00:00:00Z,201.94,114141.4417283514,565.22
2025-08-04T00:00:00Z,202.37,115071.8843242656,568.62
2025-08-01T00:00:00Z,201.41,113320.0859723028,562.63
2025-07-31T00:00:00Z,206.57,115758.2039287926,560.38
2025-07-30T00:00:00Z,208.04,117831.1913846234,566.39
2025-07-29T00:00:00Z,210.25,117922.1478369023,560.87
2025-07-28T00:00:00Z,213.02,117924.4729527151,553.58
2025-07-25T00:00:00Z,212.85,117635.8810759376,552.67
2025-07-24T00:00:00Z,212.73,118368.0032491776,556.42
2025-07-23T00:00:00Z,213.12,118754.9571943315,557.22
2025-07-22T00:00:00Z,213.37,119995.4155518337,562.38
2025-07-21T00:00:00Z,211.46,117439.5358004276,555.37
2025-07-18T00:00:00Z,210.16,118003.2244955267,561.49
2025-07-17T00:00:00Z,209.01,119289.8421917949,570.74
2025-07-16T00:00:00Z,209.15,118738.506038944,567.72
2025-07-15T00:00:00Z,208.1,117777.1889947756,565.96
2025-07-14T00:00:00Z,207.62,119849.7057203147,577.26
2025-07-11T00:00:00Z,210.14,117516.9936684245,559.23
2025-07-10T00:00:00Z,211.39,115987.206196845,548.69
2025-07-09T00:00:00Z,210.12,111326.5512690552,529.82
2025-07-08T00:00:00Z,209,108950.2755431898,521.29
2025-07-07T00:00:00Z,208.94,108299.851087593,518.33
2025-07-03T00:00:00Z,212.52,109647.97877391,515.94
2025-07-02T00:00:00Z,211.42,108859.3238682359,514.9
2025-07-01T00:00:00Z,206.82,105698.2781440006,511.06
2025-06-30T00:00:00Z,204.18,107135.3345105601,524.71
2025-06-27T00:00:00Z,200.11,107088.4302288312,535.15
2025-06-26T00:00:00Z,200.03,106960.0032689962,534.72
2025-06-25T00:00:00Z,200.59,107361.260804055,535.23
2025-06-24T00:00:00Z,199.34,106045.6320954752,531.98
2025-06-23T00:00:00Z,200.53,105577.7720315477,526.49
2025-06-20T00:00:00Z,200.03,103309.6041245223,516.47
2025-06-18T00:00:00Z,195.63,104883.3269261613,536.13
2025-06-17T00:00:00Z,194.7,104601.1168292626,537.24
2025-06-16T00:00:00Z,197.47,106796.7571986886,540.83
2025-06-13T00:00:00Z,195.51,106090.9663946604,542.64
2025-06-12T00:00:00Z,198.24,105929.0512627296,534.35
2025-06-11T00:00:00Z,197.82,108686.6276821388,549.42
2025-06-10T00:00:00Z,201.7,110257.2377123657,546.64
2025-06-09T00:00:00Z,200.48,110294.0991055733,550.15
2025-06-06T00:00:00Z,202.94,104390.3469384754,514.39
2025-06-05T00:00:00Z,199.66,101575.9523061866,508.74
2025-06-04T00:00:00Z,201.84,104731.9832551475,518.89
2025-06-03T00:00:00Z,202.29,105432.4700666072,521.19
2025-06-02T00:00:00Z,200.73,105881.5339020309,527.48
2025-05-30T00:00:00Z,199.88,103998.5722406304,520.31
2025-05-29T00:00:00Z,198.99,105641.7606983795,530.89
2025-05-28T00:00:00Z,199.46,107802.3245360646,540.47
2025-05-27T00:00:00Z,199.25,108994.6421508192,547.02
2025-05-23T00:00:00Z,194.33,107287.7967068221,552.09
2025-05-22T00:00:00Z,200.39,111673.2840187451,557.28
2025-05-21T00:00:00Z,201.12,109678.0763095368,545.34
2025-05-20T00:00:00Z,205.87,106791.0896617118,518.73
2025-05-19T00:00:00Z,207.78,105606.1814675408,508.26
2025-05-16T00:00:00Z,210.24,103489.29171157,492.24
2025-05-15T00:00:00Z,210.43,103744.6435805224,493.01
2025-05-14T00:00:00Z,211.31,103539.4170891327,489.99
2025-05-13T00:00:00Z,211.91,104169.8128818504,491.58
2025-05-12T00:00:00Z,209.78,102812.953251549,490.1
2025-05-09T00:00:00Z,197.32,102970.8497440325,521.85
2025-05-08T00:00:00Z,196.28,103241.4608298014,525.99
2025-05-07T00:00:00Z,195.05,97032.3189665813,497.47
2025-05-06T00:00:00Z,197.3,96802.4775637596,490.64
2025-05-05T00:00:00Z,197.67,94748.0514753733,479.32
2025-05-02T00:00:00Z,204.09,96910.0685777286,474.84
2025-05-01T00:00:00Z,212.02,96492.3390492363,455.11
2025-04-30T00:00:00Z,211.2,94207.311297523,446.06
2025-04-29T00:00:00Z,209.92,94284.7916281156,449.15
2025-04-28T00:00:00Z,208.86,94978.7525036375,454.75
2025-04-25T00:00:00Z,208,94720.4980175858,455.39
2025-04-24T00:00:00Z,207.1,93943.7934161249,453.62
2025-04-23T00:00:00Z,203.35,93699.1131760367,460.78
2025-04-22T00:00:00Z,198.52,93441.8933475575,470.69
2025-04-21T00:00:00Z,191.98,87518.9050346999,455.88
2025-04-17T00:00:00Z,195.78,84895.7514392675,433.63
2025-04-16T00:00:00Z,193.08,84033.865416481,435.23
2025-04-15T00:00:00Z,200.9,83668.9893302616,416.47
2025-04-14T00:00:00Z,201.28,84542.3912826737,420.02
2025-04-11T00:00:00Z,196.94,83404.8398063772,423.5
2025-04-10T00:00:00Z,189.26,79626.1414360505,420.72
2025-04-09T00:00:00Z,197.63,82573.9511277008,417.82
2025-04-08T00:00:00Z,171.37,76271.9501747134,445.07
2025-04-07T00:00:00Z,180.35,79235.333132174,439.34
2025-04-04T00:00:00Z,187.23,83843.8048731047,447.81
2025-04-03T00:00:00Z,201.95,83102.8282065402,411.5
2025-04-02T00:00:00Z,222.52,82485.7083713044,370.69
2025-04-01T00:00:00Z,221.83,85169.1695887702,383.94
2025-03-31T00:00:00Z,220.77,82548.9109608694,373.91
2025-03-28T00:00:00Z,216.57,84353.1510125816,389.5
2025-03-27T00:00:00Z,222.48,87177.1021055135,391.84
2025-03-26T00:00:00Z,220.18,86900.8855432885,394.68
2025-03-25T00:00:00Z,222.38,87471.7030479404,393.34
2025-03-24T00:00:00Z,219.38,87498.9124102767,398.85
2025-03-21T00:00:00Z,216.94,84043.245182099,387.4
2025-03-20T00:00:00Z,212.79,84167.1934043364,395.54
2025-03-19T00:00:00Z,213.92,86854.2259604391,406.01
2025-03-18T00:00:00Z,211.39,82718.5023176431,391.31
2025-03-17T00:00:00Z,212.69,84075.6886968797,395.3
2025-03-14T00:00:00Z,212.18,83969.0997189857,395.74
2025-03-13T00:00:00Z,208.4,81066.7013691458,389.0
2025-03-12T00:00:00Z,215.65,83722.3619517496,388.23
2025-03-11T00:00:00Z,219.49,82862.2081809809,377.52
2025-03-10T00:00:00Z,226.09,78532.0018084677,347.35
2025-03-07T00:00:00Z,237.61,86742.6756244441,365.06
2025-03-06T00:00:00Z,233.89,89961.727243714,384.63
2025-03-05T00:00:00Z,234.3,90623.5618428087,386.78
2025-03-04T00:00:00Z,234.49,87222.1922066767,371.97
2025-03-03T00:00:00Z,236.57,86065.6683289207,363.81
2025-02-28T00:00:00Z,240.36,84373.0103295802,351.03
2025-02-27T00:00:00Z,235.85,84704.2245822833,359.14
2025-02-26T00:00:00Z,238.89,84347.019721982,353.08
2025-02-25T00:00:00Z,245.53,88736.1734415255,361.41
2025-02-24T00:00:00Z,245.59,91418.1736674415,372.24
2025-02-21T00:00:00Z,244.05,96125.5440549653,393.88
2025-02-20T00:00:00Z,244.33,98333.937829345,402.46
2025-02-19T00:00:00Z,243.37,96635.6132123525,397.07
2025-02-18T00:00:00Z,242.98,95539.5436031828,393.2
2025-02-14T00:00:00Z,243.1,97508.9699033175,401.11
2025-02-13T00:00:00Z,240.05,96623.8690084382,402.52
2025-02-12T00:00:00Z,235.42,97885.8630551901,415.79
2025-02-11T00:00:00Z,231.2,95747.4311295895,414.13
2025-02-10T00:00:00Z,226.26,97437.5572620868,430.64
2025-02-07T00:00:00Z,225.99,96529.082494532,427.14
2025-02-06T00:00:00Z,231.54,96593.3003285625,417.18
2025-02-05T00:00:00Z,230.8,96615.4445401536,418.61
2025-02-04T00:00:00Z,231.12,97871.8178338929,423.47
2025-02-03T00:00:00Z,226.37,101405.4230656902,447.96
2025-01-31T00:00:00Z,234.3,102405.0270844454,437.07
2025-01-30T00:00:00Z,235.88,104735.3028391485,444.02
2025-01-29T00:00:00Z,237.64,103703.2111924169,436.39
2025-01-28T00:00:00Z,236.54,101332.4762208059,428.39
2025-01-27T00:00:00Z,228.2,102087.6913350177,447.36
2025-01-24T00:00:00Z,221.17,104819.4844854964,473.93
2025-01-23T00:00:00Z,222.05,103960.1716372268,468.18
2025-01-22T00:00:00Z,222.22,103653.0692422291,466.44
2025-01-21T00:00:00Z,221.04,106146.2630067343,480.21
2025-01-17T00:00:00Z,228.32,104462.0426222178,457.52
2025-01-16T00:00:00Z,226.62,99756.9090981947,440.19
2025-01-15T00:00:00Z,236.16,100504.493441195,425.58
2025-01-14T00:00:00Z,231.6,96534.0442146476,416.81
2025-01-13T00:00:00Z,232.71,94516.5256268428,406.16
2025-01-10T00:00:00Z,235.14,94701.4564626687,402.74
2025-01-08T00:00:00Z,240.95,95043.5234559406,394.45
2025-01-07T00:00:00Z,240.46,96922.7052796726,403.07
2025-01-06T00:00:00Z,243.23,102078.0855728765,419.68
2025-01-03T00:00:00Z,241.61,98107.4287619937,406.06
2025-01-02T00:00:00Z,242.09,96886.8782682304,400.21
2024-12-31T00:00:00Z,248.62,93429.2028113992,375.79
2024-12-30T00:00:00Z,250.38,92643.2146040146,370.01
2024-12-27T00:00:00Z,253.75,94164.8603483526,371.09
2024-12-26T00:00:00Z,257.15,95795.5165975983,372.53
2024-12-24T00:00:00Z,256.34,98676.0973968281,384.94
2024-12-23T00:00:00Z,253.43,94686.2394384325,373.62
2024-12-20T00:00:00Z,252.66,97755.9301603751,386.91
2024-12-19T00:00:00Z,247.99,97490.949982775,393.12
2024-12-18T00:00:00Z,246.26,100041.5427029048,406.24
2024-12-17T00:00:00Z,251.65,106140.5982384302,421.78
2024-12-16T00:00:00Z,249.23,106029.7205860963,425.43
2024-12-13T00:00:00Z,246.34,101459.2544012685,411.87
2024-12-12T00:00:00Z,246.17,100042.9979150116,406.4
2024-12-11T00:00:00Z,244.71,101173.0326451109,413.44
2024-12-10T00:00:00Z,245.98,96675.4335399369,393.02
2024-12-09T00:00:00Z,244.97,97432.7212603679,397.73
2024-12-06T00:00:00Z,241.09,99920.7147303285,414.45
2024-12-05T00:00:00Z,241.29,96593.5722722098,400.32
2024-12-04T00:00:00Z,241.26,98768.5275553455,409.39
2024-12-03T00:00:00Z,240.9,96002.162144032,398.51
2024-12-02T00:00:00Z,237.86,95865.3016323752,403.03
2024-11-29T00:00:00Z,235.62,97461.5237129843,413.64
2024-11-27T00:00:00Z,233.24,95962.5284193169,411.43
2024-11-26T00:00:00Z,233.37,91985.3168304103,394.16
2024-11-25T00:00:00Z,231.19,93102.2952135852,402.71
2024-11-22T00:00:00Z,228.21,98997.662080436,433.8
2024-11-21T00:00:00Z,226.87,98504.7275898154,434.19
2024-11-20T00:00:00Z,227.35,94339.4950270085,414.95
2024-11-19T00:00:00Z,226.64,92343.7920549007,407.45
2024-11-18T00:00:00Z,226.38,90542.6439962666,399.96
2024-11-15T00:00:00Z,223.38,91066.0069552759,407.67
2024-11-14T00:00:00Z,226.58,87250.4312745932,385.08
2024-11-13T00:00:00Z,223.5,90584.1666733787,405.3
2024-11-12T00:00:00Z,222.61,87955.8098216397,395.11
2024-11-11T00:00:00Z,222.61,88701.488084206,398.46
2024-11-08T00:00:00Z,225.32,76545.4766431325,339.72
2024-11-07T00:00:00Z,225.59,75904.8584618969,336.47
2024-11-06T00:00:00Z,220.87,75639.0779464884,342.46
2024-11-05T00:00:00Z,221.6,69359.5661661779,312.99
2024-11-04T00:00:00Z,220.17,67811.5091418451,308.0
2024-11-01T00:00:00Z,221.06,69482.4698507967,314.31
2024-10-31T00:00:00Z,224.04,70215.1856325839,313.4
2024-10-30T00:00:00Z,228.19,72339.5421808449,317.01
2024-10-29T00:00:00Z,231.73,72720.4935748749,313.82
2024-10-28T00:00:00Z,231.46,69907.7546738921,302.03
2024-10-25T00:00:00Z,229.49,66642.4107304263,290.39
2024-10-24T00:00:00Z,228.66,68161.053337619,298.09
2024-10-23T00:00:00Z,228.85,66432.1982471759,290.29
2024-10-22T00:00:00Z,233.9,67361.4026645272,287.99
2024-10-21T00:00:00Z,234.52,67367.8525561409,287.26
2024-10-18T00:00:00Z,233.05,68418.7890489052,293.58
2024-10-17T00:00:00Z,230.22,67399.8334924398,292.76
2024-10-16T00:00:00Z,229.86,67612.7207776042,294.15
2024-10-15T00:00:00Z,231.91,67041.1071653338,289.08
2024-10-14T00:00:00Z,229.38,66046.1280687548,287.93
2024-10-11T00:00:00Z,225.66,62445.0886070974,276.72
2024-10-10T00:00:00Z,227.14,60274.4980637861,265.36
2024-10-09T00:00:00Z,227.64,60582.1009695389,266.13
2024-10-08T00:00:00Z,223.9,62131.9678544148,277.5
2024-10-07T00:00:00Z,219.85,62236.6593684009,283.09
2024-10-04T00:00:00Z,224.92,62067.4774474519,275.95
2024-10-03T00:00:00Z,223.8,60759.4013268768,271.49
2024-10-02T00:00:00Z,224.9,60632.7862737945,269.6
2024-10-01T00:00:00Z,224.33,60837.009700736,271.19
2024-09-30T00:00:00Z,231.07,63329.4981294766,274.07
2024-09-27T00:00:00Z,225.9,65790.6616497344,291.24
2024-09-26T00:00:00Z,225.63,65181.0206972443,288.88
2024-09-25T00:00:00Z,224.49,63143.1459738721,281.27
2024-09-24T00:00:00Z,225.48,64301.9672659429,285.18
2024-09-23T00:00:00Z,224.59,63329.802386615,281.98
2024-09-20T00:00:00Z,226.31,63192.975082876,279.23
2024-09-19T00:00:00Z,226.97,62940.456765714,277.31
2024-09-18T00:00:00Z,218.86,61649.6787266514,281.69
2024-09-17T00:00:00Z,214.99,60308.5375947655,280.52
2024-09-16T00:00:00Z,214.53,58192.5068714421,271.26
2024-09-13T00:00:00Z,220.65,60571.2991585945,274.51
2024-09-12T00:00:00Z,220.92,58127.010836944,263.11
2024-09-11T00:00:00Z,220.81,57343.1705364168,259.69
2024-09-10T00:00:00Z,218.28,57648.7124094767,264.1
2024-09-09T00:00:00Z,219.08,57019.5347575706,260.27
2024-09-06T00:00:00Z,218.99,53948.7522426374,246.35
2024-09-05T00:00:00Z,220.54,56160.4872644568,254.65
2024-09-04T00:00:00Z,219.02,57971.5408166853,264.69
2024-09-03T00:00:00Z,220.92,57431.0229886572,259.96
2024-08-30T00:00:00Z,227.1,59119.4747770124,260.32
2024-08-29T00:00:00Z,227.88,59388.1808524122,260.61
2024-08-28T00:00:00Z,224.61,59027.6265870301,262.8
2024-08-27T00:00:00Z,226.14,59504.1326827134,263.13
2024-08-26T00:00:00Z,225.3,62880.6586542698,279.1
2024-08-23T00:00:00Z,224.96,64094.3572066269,284.91
2024-08-22T00:00:00Z,222.67,60381.9124606776,271.17
2024-08-21T00:00:00Z,224.52,61175.192009918,272.47
2024-08-20T00:00:00Z,224.63,59012.7911526577,262.71
2024-08-19T00:00:00Z,224.02,59493.4524821881,265.57
2024-08-16T00:00:00Z,224.17,58894.1041602173,262.72
2024-08-15T00:00:00Z,222.86,57560.0976318307,258.28
2024-08-14T00:00:00Z,219.88,58737.2706270019,267.13
2024-08-13T00:00:00Z,219.43,60609.5669845367,276.21
2024-08-12T00:00:00Z,215.73,59354.5137212797,275.13
2024-08-09T00:00:00Z,214.45,60880.1122032153,283.89
2024-08-08T00:00:00Z,211.54,61710.1375644501,291.72
2024-08-07T00:00:00Z,208.08,55027.4606917867,264.45
2024-08-06T00:00:00Z,205.51,56034.3165914605,272.66
2024-08-05T00:00:00Z,207.53,53991.4577965042,260.16
2024-08-02T00:00:00Z,218.04,61415.0645726852,281.67
2024-08-01T00:00:00Z,216.55,65357.5015625505,301.81
2024-07-31T00:00:00Z,220.24,64619.2496492185,293.4
2024-07-30T00:00:00Z,216.98,66201.0162264011,305.1
2024-07-29T00:00:00Z,216.43,66819.9161863636,308.74
2024-07-26T00:00:00Z,216.15,67912.06309622,314.19
2024-07-25T00:00:00Z,215.69,65777.2239400202,304.96
2024-07-24T00:00:00Z,216.73,65372.1332336736,301.63
2024-07-23T00:00:00Z,223.14,65927.6723614031,295.45
2024-07-22T00:00:00Z,222.1,67585.2499720905,304.3
2024-07-19T00:00:00Z,222.45,66710.1543130458,299.89
2024-07-18T00:00:00Z,222.32,63974.0666841082,287.76
2024-07-17T00:00:00Z,226.98,64118.7926694255,282.49
2024-07-16T00:00:00Z,232.87,65097.1468308443,279.54
2024-07-15T00:00:00Z,232.46,64870.1528151311,279.06
2024-07-12T00:00:00Z,228.63,57899.4655171113,253.25
2024-07-11T00:00:00Z,225.68,57344.914785087,254.1
2024-07-10T00:00:00Z,231.05,57742.4946206796,249.91
2024-07-09T00:00:00Z,226.78,58009.2263162293,255.8
2024-07-08T00:00:00Z,225.93,56705.0984270702,250.99
2024-07-05T00:00:00Z,224.46,56662.3732744795,252.44
2024-07-03T00:00:00Z,219.71,60173.9235814982,273.88
2024-07-02T00:00:00Z,218.44,62029.0168101831,283.96
2024-07-01T00:00:00Z,214.95,62851.9800679276,292.4
2024-06-28T00:00:00Z,208.87,60320.1355264783,288.79
2024-06-27T00:00:00Z,212.32,61604.801764073,290.15
2024-06-26T00:00:00Z,211.48,60811.2784501874,287.55
2024-06-25T00:00:00Z,207.34,61804.6411680707,298.08
2024-06-24T00:00:00Z,206.41,60277.4146563769,292.03
2024-06-21T00:00:00Z,205.77,64096.1981877808,311.49
2024-06-20T00:00:00Z,207.94,64828.6558115702,311.77
2024-06-18T00:00:00Z,212.51,65140.7445894597,306.53
2024-06-17T00:00:00Z,214.87,66490.2941752674,309.44
2024-06-14T00:00:00Z,210.73,66011.0937273263,313.25
2024-06-13T00:00:00Z,212.46,66756.3970935791,314.21
2024-06-12T00:00:00Z,211.3,68241.1840753497,322.96
2024-06-11T00:00:00Z,205.43,67332.0304641765,327.76
2024-06-10T00:00:00Z,191.52,69512.2802780003,362.95
2024-06-07T00:00:00Z,195.26,69342.5867361146,355.13
2024-06-06T00:00:00Z,192.87,70757.1658518634,366.86
2024-06-05T00:00:00Z,194.25,71082.8227040099,365.93
2024-06-04T00:00:00Z,192.74,70567.7689044147,366.13
2024-06-03T00:00:00Z,192.42,68804.7800851881,357.58
2024-05-31T00:00:00Z,190.66,67489.6117770498,353.98
2024-05-30T00:00:00Z,189.7,68364.9895474297,360.38
2024-05-29T00:00:00Z,188.71,67578.0929202265,358.11
2024-05-28T00:00:00Z,188.41,68296.2219884276,362.49
2024-05-24T00:00:00Z,188.4,68526.0977735946,363.73
2024-05-23T00:00:00Z,185.33,67929.5630390052,366.53
2024-05-22T00:00:00Z,189.32,69122.3390056842,365.11
2024-05-21T00:00:00Z,190.75,70136.5314428893,367.69
2024-05-20T00:00:00Z,189.46,71448.1951913786,377.11
2024-05-17T00:00:00Z,188.29,67051.8749127217,356.11
2024-05-16T00:00:00Z,188.27,65231.5803133093,346.48
2024-05-15T00:00:00Z,188.15,66267.4914674742,352.21
2024-05-14T00:00:00Z,185.88,61552.7901353372,331.14
2024-05-13T00:00:00Z,184.73,62901.4474552226,340.5
2024-05-10T00:00:00Z,181.53,60792.7767905692,334.89
2024-05-09T00:00:00Z,183.04,63049.9592572275,344.46
2024-05-08T00:00:00Z,181.22,61187.9414007209,337.64
2024-05-07T00:00:00Z,180.89,62334.8183461472,344.6
2024-05-06T00:00:00Z,180.2,63161.9502576304,350.51
2024-05-03T00:00:00Z,181.86,62889.8367440854,345.81
2024-05-02T00:00:00Z,171.59,59123.432246675,344.56
2024-05-01T00:00:00Z,167.9,58254.0098531432,346.96
2024-04-30T00:00:00Z,168.92,60636.8567800147,358.97
2024-04-29T00:00:00Z,172.06,63841.1201641904,371.04
2024-04-26T00:00:00Z,167.9,63755.3213316848,379.72
2024-04-25T00:00:00Z,168.48,64481.7066444767,382.73
2024-04-24T00:00:00Z,167.62,64276.8974153965,383.47
2024-04-23T00:00:00Z,165.52,66407.2717994139,401.2
2024-04-22T00:00:00Z,164.46,66837.676090911,406.41
2024-04-19T00:00:00Z,163.63,63843.568502442,390.17
2024-04-18T00:00:00Z,165.65,63512.7534949431,383.42
2024-04-17T00:00:00Z,166.61,61276.6932586277,367.79
2024-04-16T00:00:00Z,167.97,63811.8639407202,379.9
2024-04-15T00:00:00Z,171.26,63426.2100184061,370.35
2024-04-12T00:00:00Z,175.09,67195.8641789992,383.78
2024-04-11T00:00:00Z,173.59,70060.607060739,403.6
2024-04-10T00:00:00Z,166.39,70587.8794391434,424.23
2024-04-09T00:00:00Z,168.26,69139.0158316976,410.91
2024-04-08T00:00:00Z,167.05,71631.3569464587,428.8
2024-04-05T00:00:00Z,168.17,67837.6425319939,403.39
2024-04-04T00:00:00Z,167.42,68508.8418444563,409.2
2024-04-03T00:00:00Z,168.24,65980.8086503925,392.18
2024-04-02T00:00:00Z,167.44,65446.9742329379,390.87
2024-04-01T00:00:00Z,168.62,69702.1461134383,413.37
2024-03-28T00:00:00Z,170.06,70744.95206404,416.0
2024-03-27T00:00:00Z,171.87,69455.3409809589,404.12
2024-03-26T00:00:00Z,168.3,69987.8389025111,415.85
2024-03-25T00:00:00Z,169.43,69958.8135820151,412.91
2024-03-22T00:00:00Z,170.85,63778.7625575478,373.3
2024-03-21T00:00:00Z,169.95,65491.3899253579,385.36
2024-03-20T00:00:00Z,177.19,67913.6730250434,383.28
2024-03-19T00:00:00Z,174.62,61912.7731524471,354.56
2024-03-18T00:00:00Z,172.28,67548.5915664071,392.09
2024-03-15T00:00:00Z,171.19,69403.7718321646,405.42
2024-03-14T00:00:00Z,171.56,71396.5898919832,416.16
2024-03-13T00:00:00Z,169.71,73083.5013282129,430.64
2024-03-12T00:00:00Z,171.79,71481.2915939556,416.1
2024-03-11T00:00:00Z,171.32,72123.9035465021,420.99
2024-03-08T00:00:00Z,169.31,68300.0956913071,403.4
2024-03-07T00:00:00Z,167.6,66925.4832022114,399.32
2024-03-06T00:00:00Z,167.72,66106.8027872293,394.15
2024-03-05T00:00:00Z,168.71,63801.1975606416,378.17
2024-03-04T00:00:00Z,173.65,68330.4156080938,393.5
2024-03-01T00:00:00Z,178.17,62440.632541801,350.46
2024-02-29T00:00:00Z,179.25,61198.382897303,341.41
2024-02-28T00:00:00Z,179.91,62504.7892535158,347.42
2024-02-27T00:00:00Z,181.11,57085.3723068546,315.2
2024-02-26T00:00:00Z,179.66,54522.4015367874,303.48
2024-02-23T00:00:00Z,181.01,50731.9491908572,280.27
2024-02-22T00:00:00Z,182.84,51304.9743566764,280.6
2024-02-21T00:00:00Z,180.81,51839.180531431,286.71
2024-02-20T00:00:00Z,180.05,52284.8735570538,290.39
2024-02-16T00:00:00Z,180.8,52160.2028290199,288.5
2024-02-15T00:00:00Z,182.33,51938.5563164417,284.86
2024-02-14T00:00:00Z,182.62,51826.6959960877,283.8
2024-02-13T00:00:00Z,183.5,49742.4409898499,271.08
2024-02-12T00:00:00Z,185.6,49958.2242190229,269.17
2024-02-09T00:00:00Z,187.28,47147.2003126111,251.75
2024-02-08T00:00:00Z,186.76,45301.5666288709,242.57
2024-02-07T00:00:00Z,187.84,44318.2244507353,235.94
2024-02-06T00:00:00Z,187.73,43084.6718635339,229.5
2024-02-05T00:00:00Z,186.12,42658.66604833,229.2
2024-02-02T00:00:00Z,184.31,43185.8594322356,234.31
2024-02-01T00:00:00Z,185.31,43075.7745999369,232.45
2024-01-31T00:00:00Z,182.87,42582.6063895367,232.86
2024-01-30T00:00:00Z,186.48,42952.6082102489,230.33
2024-01-29T00:00:00Z,190.14,43288.2453360835,227.67
2024-01-26T00:00:00Z,190.82,41816.8728440034,219.14
2024-01-25T00:00:00Z,192.56,39933.80775217,207.38
2024-01-24T00:00:00Z,192.89,40077.073269779,207.77
2024-01-23T00:00:00Z,193.56,39845.5511467999,205.86
2024-01-22T00:00:00Z,192.28,39507.368823822,205.47
2024-01-19T00:00:00Z,189.97,41618.4073654042,219.08
2024-01-18T00:00:00Z,187.07,41262.0583641846,220.57
2024-01-17T00:00:00Z,181.16,42742.6528373141,235.94
2024-01-16T00:00:00Z,182.11,43154.9442343824,236.97
2024-01-12T00:00:00Z,184.38,42853.166658062,232.42
2024-01-11T00:00:00Z,184.05,46368.5853820194,251.93
2024-01-10T00:00:00Z,184.65,46627.7791119614,252.52
2024-01-09T00:00:00Z,183.6,46139.7303748525,251.31
2024-01-08T00:00:00Z,184.02,46970.5023144901,255.25
2024-01-05T00:00:00Z,179.68,44162.6916302269,245.79
2024-01-04T00:00:00Z,180.4,44179.9217008268,244.9
2024-01-03T00:00:00Z,182.72,42848.1756409655,234.5
2024-01-02T00:00:00Z,184.1,44957.9700541418,244.2
2023-12-29T00:00:00Z,190.93,42099.40280858,220.5
2023-12-28T00:00:00Z,191.97,42627.8535313684,222.05
2023-12-27T00:00:00Z,191.55,43442.8545582321,226.8
2023-12-26T00:00:00Z,191.45,42520.4015112687,222.1
2023-12-22T00:00:00Z,191.99,43997.9014099549,229.17
2023-12-21T00:00:00Z,193.06,43869.1508569937,227.23
2023-12-20T00:00:00Z,193.21,43652.2486680177,225.93
2023-12-19T00:00:00Z,195.31,42270.526139511,216.43
2023-12-18T00:00:00Z,194.26,42623.5383250276,219.41
2023-12-15T00:00:00Z,195.93,41929.758392901,214.0
2023-12-14T00:00:00Z,196.47,43023.9719741933,218.98
2023-12-13T00:00:00Z,196.32,42890.7407335901,218.47
2023-12-12T00:00:00Z,193.09,41450.2221904665,214.67
2023-12-11T00:00:00Z,191.58,41243.833314624,215.28
2023-12-08T00:00:00Z,194.09,44166.6006381823,227.56
2023-12-07T00:00:00Z,192.66,43292.664239208,224.71
2023-12-06T00:00:00Z,190.72,43746.4453572592,229.38
2023-12-05T00:00:00Z,191.82,44080.6479510633,229.8
2023-12-04T00:00:00Z,187.86,41980.099479768,223.46
2023-12-01T00:00:00Z,189.65,38688.7483611912,204.0
2023-11-30T00:00:00Z,188.37,37712.7477716325,200.21
2023-11-29T00:00:00Z,187.8,37858.4940548249,201.59
2023-11-28T00:00:00Z,188.82,37831.08686845,200.36
2023-11-27T00:00:00Z,188.22,37254.1688542494,197.93
2023-11-24T00:00:00Z,188.39,37720.2811521398,200.22
2023-11-22T00:00:00Z,189.72,37432.3383067227,197.3
2023-11-21T00:00:00Z,189.06,35813.8113636295,189.43
2023-11-20T00:00:00Z,189.86,37476.9558592879,197.39
2023-11-17T00:00:00Z,188.12,36596.6819231214,194.54
2023-11-16T00:00:00Z,188.14,36154.7692413685,192.17
2023-11-15T00:00:00Z,186.45,37880.5831724307,203.17
2023-11-14T00:00:00Z,185.89,35537.6405155251,191.18
2023-11-13T00:00:00Z,183.27,36502.3573373281,199.17
2023-11-10T00:00:00Z,184.85,37313.9696874571,201.86
2023-11-09T00:00:00Z,180.66,36693.1236338431,203.11
2023-11-08T00:00:00Z,181.13,35655.2760812313,196.85
2023-11-07T00:00:00Z,180.07,35443.5613607149,196.83
2023-11-06T00:00:00Z,177.51,35037.3694407199,197.38
2023-11-03T00:00:00Z,174.95,34732.3255842841,198.53
2023-11-02T00:00:00Z,175.87,34938.2423951435,198.66
2023-11-01T00:00:00Z,172.3,35437.2531810872,205.67
2023-10-31T00:00:00Z,169.13,34667.7793605467,204.98
2023-10-30T00:00:00Z,168.66,34502.3646632352,204.57
2023-10-27T00:00:00Z,166.6,33909.7992843111,203.54
2023-10-26T00:00:00Z,165.29,34156.6498283887,206.65
2023-10-25T00:00:00Z,169.46,34502.8208915452,203.6
2023-10-24T00:00:00Z,171.77,33901.5265633635,197.37
2023-10-23T00:00:00Z,171.34,33086.2329685778,193.1
2023-10-20T00:00:00Z,171.22,29682.9492736036,173.36
2023-10-19T00:00:00Z,173.78,28719.8061329065,165.27
2023-10-18T00:00:00Z,174.15,28328.3411519926,162.67
2023-10-17T00:00:00Z,175.45,28415.7481397071,161.96
2023-10-16T00:00:00Z,177,28519.466679449,161.13
2023-10-13T00:00:00Z,177.13,26862.3754456225,151.65
2023-10-12T00:00:00Z,178.98,26756.7986388286,149.5
2023-10-11T00:00:00Z,178.07,26873.3211207589,150.91
2023-10-10T00:00:00Z,176.68,27391.0195174366,155.03
2023-10-09T00:00:00Z,177.27,27583.6785949548,155.6
2023-10-06T00:00:00Z,175.79,27946.5967799289,158.98
2023-10-05T00:00:00Z,173.23,27415.9119821677,158.26
2023-10-04T00:00:00Z,171.99,27799.3940958796,161.63
2023-10-03T00:00:00Z,170.74,27429.9790166632,160.65
2023-10-02T00:00:00Z,172.08,27530.784889745,159.99
2023-09-29T00:00:00Z,169.57,26911.7216027656,158.71
2023-09-28T00:00:00Z,169.05,27021.5467647385,159.84
2023-09-27T00:00:00Z,168.79,26352.7176189088,156.13
2023-09-26T00:00:00Z,170.31,26217.2493357507,153.94
2023-09-25T00:00:00Z,174.39,26298.4795511748,150.8
2023-09-22T00:00:00Z,173.11,26579.5686371325,153.54
2023-09-21T00:00:00Z,172.26,26567.6329044034,154.23
2023-09-20T00:00:00Z,173.81,27132.0073401285,156.1
2023-09-19T00:00:00Z,177.35,27211.1178197241,153.43
2023-09-18T00:00:00Z,176.26,26754.2810377253,151.79
2023-09-15T00:00:00Z,173.33,26608.6933649124,153.51
2023-09-14T00:00:00Z,174.05,26539.6744424527,152.48
2023-09-13T00:00:00Z,172.54,26228.3240875137,152.01
2023-09-12T00:00:00Z,174.61,25833.3430604915,147.95
2023-09-11T00:00:00Z,177.64,25162.6552722476,141.65
2023-09-08T00:00:00Z,176.47,25905.6537515133,146.8
2023-09-07T00:00:00Z,175.86,26240.19489212,149.21
2023-09-06T00:00:00Z,181.15,25753.2362583108,142.17
2023-09-05T00:00:00Z,187.88,25779.9817949848,137.22
2023-09-01T00:00:00Z,187.64,25800.7243726077,137.5
2023-08-31T00:00:00Z,186.07,25931.4728933574,139.36
2023-08-30T00:00:00Z,185.85,27297.2653483206,146.88
2023-08-29T00:00:00Z,182.35,27727.3930090424,152.06
2023-08-28T00:00:00Z,178.46,26106.1500439649,146.29
2023-08-25T00:00:00Z,176.9,26047.6688510481,147.25
2023-08-24T00:00:00Z,174.69,26162.3724949505,149.76
2023-08-23T00:00:00Z,179.38,26431.6399826996,147.35
2023-08-22T00:00:00Z,175.53,26031.6564794482,148.3
2023-08-21T00:00:00Z,174.15,26124.141253131,150.01
2023-08-18T00:00:00Z,172.81,26049.5569008807,150.74
2023-08-17T00:00:00Z,172.33,26664.5499931202,154.73
2023-08-16T00:00:00Z,174.87,28701.7795245305,164.13
2023-08-15T00:00:00Z,175.75,29170.3472059942,165.98
2023-08-14T00:00:00Z,177.74,29408.4425504032,165.46
2023-08-11T00:00:00Z,176.08,29397.7154970071,166.96
2023-08-10T00:00:00Z,176.02,29429.5924885661,167.19
2023-08-09T00:00:00Z,176.24,29561.4945073243,167.73
2023-08-08T00:00:00Z,177.83,29765.4926735622,167.38
2023-08-07T00:00:00Z,176.89,29180.5789215225,164.96
2023-08-04T00:00:00Z,180,29074.0917277723,161.52
2023-08-03T00:00:00Z,189.08,29178.678779687,154.32
2023-08-02T00:00:00Z,190.47,29151.9596891331,153.05
2023-08-01T00:00:00Z,193.47,29675.7324980608,153.39
2023-07-31T00:00:00Z,194.3,29230.110878649,150.44
2023-07-28T00:00:00Z,193.69,29319.2454030349,151.37
2023-07-27T00:00:00Z,191.11,29210.6892773374,152.85
2023-07-26T00:00:00Z,192.37,29354.9728831488,152.6
2023-07-25T00:00:00Z,191.5,29227.390799952,152.62
2023-07-24T00:00:00Z,190.64,29176.9154848326,153.05
2023-07-21T00:00:00Z,189.84,29908.743898772,157.55
2023-07-20T00:00:00Z,191.02,29792.0163780508,155.96
2023-07-19T00:00:00Z,192.97,29913.9231998543,155.02
2023-07-18T00:00:00Z,191.61,29856.5632231206,155.82
2023-07-17T00:00:00Z,191.87,30145.8896255087,157.12
2023-07-14T00:00:00Z,188.6,30334.0690076907,160.84
2023-07-13T00:00:00Z,188.46,31476.0493854442,167.02
2023-07-12T00:00:00Z,187.69,30391.6461439343,161.92
2023-07-11T00:00:00Z,186.02,30620.9509380041,164.61
2023-07-10T00:00:00Z,186.55,30414.4715205927,163.04
2023-07-07T00:00:00Z,188.59,30342.2647520959,160.89
2023-07-06T00:00:00Z,189.71,29909.3377611007,157.66
2023-07-05T00:00:00Z,189.24,30514.16639282,161.25
2023-07-03T00:00:00Z,190.36,31156.4394915754,163.67
2023-06-30T00:00:00Z,191.85,30477.2512822446,158.86
2023-06-29T00:00:00Z,187.52,30445.3512260882,162.36
2023-06-28T00:00:00Z,187.18,30086.2461885249,160.73
2023-06-27T00:00:00Z,186,30688.163854246,164.99
2023-06-26T00:00:00Z,183.24,30271.1310167397,165.2
2023-06-23T00:00:00Z,184.64,30695.4694074896,166.24
2023-06-22T00:00:00Z,184.95,29912.281714768,161.73
2023-06-21T00:00:00Z,181.95,30027.296453501,165.03
2023-06-20T00:00:00Z,182.99,28327.4882643282,154.8
2023-06-16T00:00:00Z,182.9,26327.4623942173,143.94
2023-06-15T00:00:00Z,183.98,25576.3940082636,139.02
2023-06-14T00:00:00Z,181.94,25124.6766798408,138.09
2023-06-13T00:00:00Z,181.31,25918.7284012682,142.95
2023-06-12T00:00:00Z,181.78,25902.499869783,142.49
2023-06-09T00:00:00Z,178.98,26480.3750935951,147.95
2023-06-08T00:00:00Z,178.6,26508.2159021565,148.42
2023-06-07T00:00:00Z,175.88,26345.9988512669,149.8
2023-06-06T00:00:00Z,177.25,27238.7837262174,153.67
2023-06-05T00:00:00Z,177.62,25760.0969995361,145.03
2023-06-02T00:00:00Z,178.97,27249.5889490884,152.26
2023-06-01T00:00:00Z,178.12,26819.9732197077,150.57
2023-05-31T00:00:00Z,175.31,27219.6586081109,155.27
2023-05-30T00:00:00Z,175.36,27702.3487747796,157.97
2023-05-26T00:00:00Z,173.51,26719.2909846173,153.99
2023-05-25T00:00:00Z,171.1,26476.2075319731,154.74
2023-05-24T00:00:00Z,169.96,26334.8182144365,154.95
2023-05-23T00:00:00Z,169.68,27225.7265906348,160.45
2023-05-22T00:00:00Z,172.29,26851.2776278913,155.85
2023-05-19T00:00:00Z,173.24,26890.1282424083,155.22
2023-05-18T00:00:00Z,173.14,26832.209300486,154.97
2023-05-17T00:00:00Z,170.8,27398.8020279652,160.41
2023-05-16T00:00:00Z,170.19,27036.650709944,158.86
2023-05-15T00:00:00Z,170.19,27192.6932211649,159.78
2023-05-12T00:00:00Z,170.68,26804.9906706878,157.05
2023-05-11T00:00:00Z,171.61,27000.7882707338,157.34
2023-05-10T00:00:00Z,171.42,27621.7562273313,161.13
2023-05-09T00:00:00Z,169.66,27658.774672519,163.02
2023-05-08T00:00:00Z,171.37,27694.2728962731,161.61
2023-05-05T00:00:00Z,171.43,29534.384019705,172.28
2023-05-04T00:00:00Z,163.75,28847.7115906552,176.17
2023-05-03T00:00:00Z,165.39,29006.3076709086,175.38
2023-05-02T00:00:00Z,166.47,28680.5369679129,172.29
2023-05-01T00:00:00Z,167.5,28091.5688038924,167.71
2023-04-28T00:00:00Z,167.59,29340.262498158,175.07
2023-04-27T00:00:00Z,166.34,29473.7861836728,177.19
2023-04-26T00:00:00Z,161.75,28422.7008784923,175.72
2023-04-25T00:00:00Z,161.76,28307.5980906654,175.0
2023-04-24T00:00:00Z,163.3,27525.3394995911,168.56
2023-04-21T00:00:00Z,162.99,27276.9096875756,167.35
2023-04-20T00:00:00Z,164.6,28245.9873104934,171.6
2023-04-19T00:00:00Z,165.57,28822.6804729009,174.08
2023-04-18T00:00:00Z,164.42,30397.5527355226,184.88
2023-04-17T00:00:00Z,163.2,29445.0449049628,180.42
2023-04-14T00:00:00Z,163.18,30485.7000292553,186.82
2023-04-13T00:00:00Z,163.52,30399.0663854918,185.9
2023-04-12T00:00:00Z,158.13,30139.052871052,190.6
2023-04-11T00:00:00Z,158.82,30235.0589389553,190.37
2023-04-10T00:00:00Z,160.04,29652.9800970841,185.28
2023-04-06T00:00:00Z,162.63,28044.1397549441,172.44
2023-04-05T00:00:00Z,161.75,28177.9835569508,174.21
2023-04-04T00:00:00Z,163.59,28168.0898164027,172.19
2023-04-03T00:00:00Z,164.13,27790.2208547736,169.32
2023-03-31T00:00:00Z,162.87,28478.4846056804,174.85
2023-03-30T00:00:00Z,160.36,28033.5631503957,174.82
2023-03-29T00:00:00Z,158.79,28348.442342812,178.53
2023-03-28T00:00:00Z,155.71,27268.1314829145,175.12
2023-03-27T00:00:00Z,156.33,27139.8885305221,173.61
2023-03-24T00:00:00Z,158.28,27493.2851436235,173.7
2023-03-23T00:00:00Z,156.97,28333.9727113788,180.51
2023-03-22T00:00:00Z,155.89,27307.4367684133,175.17
2023-03-21T00:00:00Z,157.32,28175.8168354249,179.1
2023-03-20T00:00:00Z,155.46,27767.2363318262,178.61
2023-03-17T00:00:00Z,153.09,27423.9306340492,179.14
2023-03-16T00:00:00Z,153.93,25052.789721748,162.75
2023-03-15T00:00:00Z,151.11,24375.9613578312,161.31
2023-03-14T00:00:00Z,150.71,24746.0746588477,164.2
2023-03-13T00:00:00Z,148.62,24197.5329977753,162.81
2023-03-10T00:00:00Z,146.67,20187.2436476163,137.64
2023-03-09T00:00:00Z,148.74,20363.0211117254,136.9
2023-03-08T00:00:00Z,150.99,21718.0798304321,143.84
2023-03-07T00:00:00Z,149.73,22219.7690709418,148.4
2023-03-06T00:00:00Z,151.94,22429.7575333463,147.62
2023-03-03T00:00:00Z,149.17,22362.6793319333,149.91
2023-03-02T00:00:00Z,144.11,23475.4667376623,162.9
2023-03-01T00:00:00Z,143.52,23646.549899145,164.76
2023-02-28T00:00:00Z,145.6,23147.3533899085,158.98
2023-02-27T00:00:00Z,146.1,23522.871914506,161.01
2023-02-24T00:00:00Z,144.91,23198.1274878832,160.09
2023-02-23T00:00:00Z,147.56,23947.492523176,162.29
2023-02-22T00:00:00Z,147.08,24188.8429766943,164.46
2023-02-21T00:00:00Z,146.65,24436.354484576,166.63
2023-02-17T00:00:00Z,150.67,24565.6019889467,163.04
2023-02-16T00:00:00Z,151.82,23623.4744808063,155.6
2023-02-15T00:00:00Z,153.42,24307.8413284844,158.44
2023-02-14T00:00:00Z,151.32,22220.8041436975,146.85
2023-02-13T00:00:00Z,151.96,21808.1017736009,143.51
2023-02-10T00:00:00Z,149.15,21651.1837829361,145.16
2023-02-09T00:00:00Z,148.79,21819.0399147365,146.64
2023-02-08T00:00:00Z,149.82,22939.3987006841,153.11
2023-02-07T00:00:00Z,152.51,23264.2911876916,152.54
2023-02-06T00:00:00Z,149.63,22760.1092633004,152.11
2023-02-03T00:00:00Z,152.37,23449.3216215066,153.9
2023-02-02T00:00:00Z,148.74,23471.8704412794,157.8
2023-02-01T00:00:00Z,143.42,23723.7696534847,165.41
2023-01-31T00:00:00Z,142.3,23139.2839099123,162.61
2023-01-30T00:00:00Z,141.03,22840.13890738,161.95
2023-01-27T00:00:00Z,143.91,23078.7278799123,160.37
2023-01-26T00:00:00Z,141.97,23032.7775987084,162.24
2023-01-25T00:00:00Z,139.9,23117.8596819048,165.25
2023-01-24T00:00:00Z,140.56,22636.4693111916,161.04
2023-01-23T00:00:00Z,139.16,22934.4314643586,164.81
2023-01-20T00:00:00Z,135.97,22676.5517588881,166.78
2023-01-19T00:00:00Z,133.4,21086.7933048443,158.07
2023-01-18T00:00:00Z,133.34,20688.7807298648,155.16
2023-01-17T00:00:00Z,134.06,21161.5192199162,157.85
2023-01-13T00:00:00Z,132.9,19909.5746247506,149.81
2023-01-12T00:00:00Z,131.57,18869.5880552656,143.42
2023-01-11T00:00:00Z,131.65,17943.8976294683,136.3
2023-01-10T00:00:00Z,128.92,17446.292509299,135.33
2023-01-09T00:00:00Z,128.35,17196.5540596395,133.98
2023-01-06T00:00:00Z,127.83,16951.9695166293,132.61
2023-01-05T00:00:00Z,123.29,16836.7366452236,136.56
2023-01-04T00:00:00Z,124.62,16863.2382582833,135.32
2023-01-03T00:00:00Z,123.34,16679.8570798137,135.23
2022-12-30T00:00:00Z,128.14,16602.5851557701,129.57
2022-12-29T00:00:00Z,127.82,16642.3426718856,130.2
2022-12-28T00:00:00Z,124.3,16552.5717365145,133.17
2022-12-27T00:00:00Z,128.23,16717.1739801271,130.37
2022-12-23T00:00:00Z,130.04,16796.9521712163,129.17
2022-12-22T00:00:00Z,130.4,16830.3414239344,129.07
2022-12-21T00:00:00Z,133.58,16817.534386551,125.9
2022-12-20T00:00:00Z,130.47,16906.3052104215,129.58
2022-12-19T00:00:00Z,130.54,16439.679646163,125.94
2022-12-16T00:00:00Z,132.65,16647.4834788286,125.5
2022-12-15T00:00:00Z,134.62,17364.8649112629,128.99
2022-12-14T00:00:00Z,141.23,17652.0983126836,124.99
2022-12-13T00:00:00Z,143.46,17781.3188354598,123.95
2022-12-12T00:00:00Z,142.49,17206.4383006718,120.76
2022-12-09T00:00:00Z,140.2,17133.1520141413,122.21
2022-12-08T00:00:00Z,140.68,17233.4740199151,122.5
2022-12-07T00:00:00Z,138.99,16848.1276289005,121.22
2022-12-06T00:00:00Z,140.94,17089.5037060098,121.25
2022-12-05T00:00:00Z,144.61,16974.8256651336,117.38
2022-12-02T00:00:00Z,145.77,17088.6604094023,117.23
2022-12-01T00:00:00Z,146.26,16967.1336671008,116.01
2022-11-30T00:00:00Z,145.99,17168.5655484864,117.6
2022-11-29T00:00:00Z,139.22,16444.9832700291,118.12
2022-11-28T00:00:00Z,142.23,16217.3224676411,114.02
2022-11-25T00:00:00Z,146.06,16521.8410189608,113.12
2022-11-23T00:00:00Z,148.98,16610.7064149352,111.5
2022-11-22T00:00:00Z,148.11,16189.7695319341,109.31
2022-11-21T00:00:00Z,145.97,15787.2840945218,108.15
2022-11-18T00:00:00Z,149.2,16697.7776677865,111.92
2022-11-17T00:00:00Z,148.64,16687.5179505411,112.27
2022-11-16T00:00:00Z,146.74,16669.4401447741,113.6
2022-11-15T00:00:00Z,147.97,16884.6139070546,114.11
2022-11-14T00:00:00Z,146.23,16618.1992288908,113.64
2022-11-11T00:00:00Z,147.63,17034.2931347133,115.39
2022-11-10T00:00:00Z,144.84,17586.7714495473,121.42
2022-11-09T00:00:00Z,133.01,15880.7798491723,119.4
2022-11-08T00:00:00Z,137.57,18541.2718532238,134.78
2022-11-07T00:00:00Z,137,20602.8167252699,150.39
2022-11-04T00:00:00Z,136.47,21147.2297322385,154.96
2022-11-03T00:00:00Z,136.96,20209.9874150039,147.56
2022-11-02T00:00:00Z,143.03,20159.5030671045,140.95
2022-11-01T00:00:00Z,148.57,20485.2732430903,137.88
2022-10-31T00:00:00Z,151.22,20495.7742320325,135.54
2022-10-28T00:00:00Z,153.59,20595.3519366012,134.09
2022-10-27T00:00:00Z,142.8,20285.8367757017,142.06
2022-10-26T00:00:00Z,147.29,20770.4412716294,141.02
2022-10-25T00:00:00Z,150.24,20095.8564554472,133.76
2022-10-24T00:00:00Z,147.39,19345.5723482851,131.25
2022-10-21T00:00:00Z,145.24,19172.4692172692,132.01
2022-10-20T00:00:00Z,141.41,19053.7402405368,134.74
2022-10-19T00:00:00Z,141.87,19139.5343513894,134.91
2022-10-18T00:00:00Z,141.77,19334.4151499829,136.38
2022-10-17T00:00:00Z,140.44,19550.7572999132,139.21
2022-10-14T00:00:00Z,136.47,19185.656700327,140.59
2022-10-13T00:00:00Z,141.02,19382.9040336331,137.45
2022-10-12T00:00:00Z,136.43,19157.4462868525,140.42
2022-10-11T00:00:00Z,137.06,19051.4182694773,139.0
2022-10-10T00:00:00Z,138.48,19141.4835050122,138.23
2022-10-07T00:00:00Z,138.16,19546.8497101499,141.48
2022-10-06T00:00:00Z,143.42,19955.4436723686,139.14
2022-10-05T00:00:00Z,144.38,20160.7161716068,139.64
2022-10-04T00:00:00Z,144.08,20336.842949206,141.15
2022-10-03T00:00:00Z,140.48,19623.580334556,139.69
2022-09-30T00:00:00Z,136.29,19431.7894465994,142.58
2022-09-29T00:00:00Z,140.51,19573.0503140007,139.3
2022-09-28T00:00:00Z,147.77,19426.7213316789,131.47
2022-09-27T00:00:00Z,149.66,19110.5465509918,127.69
2022-09-26T00:00:00Z,148.69,19222.6721841704,129.28
2022-09-23T00:00:00Z,148.35,19297.6378400087,130.08
2022-09-22T00:00:00Z,150.63,19413.5516208219,128.88
2022-09-21T00:00:00Z,151.6,18547.3997598262,122.34
2022-09-20T00:00:00Z,154.73,18890.7890963691,122.09
2022-09-19T00:00:00Z,152.35,19544.1292496743,128.28
2022-09-16T00:00:00Z,148.62,19772.5842055678,133.04
2022-09-15T00:00:00Z,150.27,19701.2099625661,131.11
2022-09-14T00:00:00Z,153.17,20241.0898018307,132.15
2022-09-13T00:00:00Z,151.72,20296.7078138753,133.78
2022-09-12T00:00:00Z,161.17,22370.448649932,138.8
2022-09-09T00:00:00Z,155.2,21381.1528552866,137.77
2022-09-08T00:00:00Z,152.33,19329.8349334266,126.89
2022-09-07T00:00:00Z,153.81,19290.3238735938,125.42
2022-09-06T00:00:00Z,152.4,18837.667712375,123.61
2022-09-02T00:00:00Z,153.66,19969.7711774602,129.96
2022-09-01T00:00:00Z,155.78,20127.1402694309,129.2
2022-08-31T00:00:00Z,155.05,20049.7631893726,129.31
2022-08-30T00:00:00Z,156.72,19796.8094024105,126.32
2022-08-29T00:00:00Z,159.15,20297.9946353065,127.54
2022-08-26T00:00:00Z,161.36,20260.0186494241,125.56
2022-08-25T00:00:00Z,167.68,21600.9051416699,128.82
2022-08-24T00:00:00Z,165.22,21395.0200714925,129.49
2022-08-23T00:00:00Z,164.92,21528.087371684,130.54
2022-08-22T00:00:00Z,165.26,21398.9083503016,129.49
2022-08-19T00:00:00Z,169.15,20877.5536922194,123.43
2022-08-18T00:00:00Z,171.75,23212.7390770428,135.15
2022-08-17T00:00:00Z,172.14,23335.9982223605,135.56
2022-08-16T00:00:00Z,170.64,23883.2905467346,139.96
2022-08-15T00:00:00Z,170.8,24136.9724246641,141.32
2022-08-12T00:00:00Z,169.72,24402.8185057558,143.78
2022-08-11T00:00:00Z,166.16,23957.5301942682,144.18
2022-08-10T00:00:00Z,166.9,23947.64342535,143.48
2022-08-09T00:00:00Z,162.64,23164.3179862813,142.43
2022-08-08T00:00:00Z,162.59,23809.4871145188,146.44
2022-08-05T00:00:00Z,163.07,23289.3142774141,142.82
2022-08-04T00:00:00Z,163.29,22630.9567321334,138.59
2022-08-03T00:00:00Z,163.61,22846.5070579755,139.64
2022-08-02T00:00:00Z,157.58,22978.1165929475,145.82
2022-08-01T00:00:00Z,159.06,23314.1994325371,146.57
2022-07-29T00:00:00Z,160.04,23804.6332345672,148.74
2022-07-28T00:00:00Z,154.96,23843.8862077382,153.87
2022-07-27T00:00:00Z,154.41,22930.5484457,148.5
2022-07-26T00:00:00Z,149.3,21239.7543798251,142.26
2022-07-25T00:00:00Z,150.63,21361.700521904,141.82
2022-07-22T00:00:00Z,151.75,22714.9791482287,149.69
2022-07-21T00:00:00Z,152.99,23164.6287547047,151.41
2022-07-20T00:00:00Z,150.72,23231.7319651172,154.14
2022-07-19T00:00:00Z,148.71,23389.4328464795,157.28
2022-07-18T00:00:00Z,144.84,22485.6892521761,155.25
2022-07-15T00:00:00Z,147.89,20836.3286445243,140.89
2022-07-14T00:00:00Z,146.22,20569.9200615284,140.68
2022-07-13T00:00:00Z,143.28,20212.073498093,141.07
2022-07-12T00:00:00Z,143.65,19323.914856106,134.52
2022-07-11T00:00:00Z,142.67,19970.556593233,139.98
2022-07-08T00:00:00Z,144.81,21731.1165833973,150.07
2022-07-07T00:00:00Z,144.13,21637.5877502437,150.13
2022-07-06T00:00:00Z,140.75,20548.2458719695,145.99
2022-07-05T00:00:00Z,139.41,20190.1146695234,144.83
2022-07-01T00:00:00Z,136.82,19269.3666859098,140.84
2022-06-30T00:00:00Z,134.65,19784.7264946249,146.93
2022-06-29T00:00:00Z,137.12,20104.0231777817,146.62
2022-06-28T00:00:00Z,135.35,20280.6356501458,149.84
2022-06-27T00:00:00Z,139.51,20735.4779474249,148.63
2022-06-24T00:00:00Z,139.51,21231.6557714446,152.19
2022-06-23T00:00:00Z,136.17,21085.8771612422,154.85
2022-06-22T00:00:00Z,133.3,19987.0290493797,149.94
2022-06-21T00:00:00Z,133.81,20710.597101739,154.78
2022-06-17T00:00:00Z,129.56,20471.4818924914,158.01
2022-06-16T00:00:00Z,128.09,20381.6512129024,159.12
2022-06-15T00:00:00Z,133.37,22572.8398231902,169.25
2022-06-14T00:00:00Z,130.75,22206.7927900583,169.84
2022-06-13T00:00:00Z,129.88,22487.3879258459,173.14
2022-06-10T00:00:00Z,135.05,29083.8047209541,215.36
2022-06-09T00:00:00Z,140.48,30111.9979224235,214.35
2022-06-08T00:00:00Z,145.71,30214.356242025,207.36
2022-06-07T00:00:00Z,146.45,31155.4787018498,212.74
2022-06-06T00:00:00Z,143.92,31370.6719476925,217.97
2022-06-03T00:00:00Z,143.17,29704.3913570693,207.48
2022-06-02T00:00:00Z,148.92,30467.4877414342,204.59
2022-06-01T00:00:00Z,146.45,29799.0797135195,203.48
2022-05-31T00:00:00Z,146.58,31792.3099432754,216.89
2022-05-27T00:00:00Z,147.37,28627.5748531586,194.26
2022-05-26T00:00:00Z,141.6,29267.2246712304,206.69
2022-05-25T00:00:00Z,138.39,29562.3612655464,213.62
2022-05-24T00:00:00Z,138.23,29655.58613284,214.54
2022-05-23T00:00:00Z,140.94,29098.909745734,206.46
2022-05-20T00:00:00Z,135.5,29200.7400877833,215.5
2022-05-19T00:00:00Z,135.27,30314.3349534984,224.1
2022-05-18T00:00:00Z,138.68,28720.2713997454,207.1
2022-05-17T00:00:00Z,146.98,30425.857276796,207.01
2022-05-16T00:00:00Z,143.33,29862.9182412919,208.35
2022-05-13T00:00:00Z,144.88,29283.103811543,202.12
2022-05-12T00:00:00Z,140.4,29047.7510038538,206.89
2022-05-11T00:00:00Z,144.28,28936.3550311122,200.56
2022-05-10T00:00:00Z,152.17,31022.9054122253,203.87
2022-05-09T00:00:00Z,149.75,30296.9534000531,202.32
2022-05-06T00:00:00Z,154.89,36040.9223501524,232.69
2022-05-05T00:00:00Z,154.16,36575.142132703,237.25
2022-05-04T00:00:00Z,163.26,39698.3706196742,243.16
2022-05-03T00:00:00Z,156.83,37750.4539152995,240.71
2022-05-02T00:00:00Z,155.33,38529.3278008977,248.05
2022-04-29T00:00:00Z,155.03,38609.8231933379,249.05
2022-04-28T00:00:00Z,160.92,39773.8283675659,247.17
2022-04-27T00:00:00Z,153.97,39241.1227507635,254.86
2022-04-26T00:00:00Z,154.19,38117.4625078349,247.21
2022-04-25T00:00:00Z,160.17,40458.3089645522,252.6
2022-04-22T00:00:00Z,159.1,39740.3198538771,249.78
2022-04-21T00:00:00Z,163.65,40527.3640835385,247.65
2022-04-20T00:00:00Z,164.45,41374.3782012031,251.59
2022-04-19T00:00:00Z,164.62,41502.7504194207,252.11
2022-04-18T00:00:00Z,162.33,40826.2143856021,251.5
2022-04-14T00:00:00Z,162.54,39935.5169992135,245.7
2022-04-13T00:00:00Z,167.57,41166.7318122462,245.67
2022-04-12T00:00:00Z,164.87,40127.1820849288,243.39
2022-04-11T00:00:00Z,163,39521.9013265663,242.47
2022-04-08T00:00:00Z,167.26,42287.6635116808,252.83
2022-04-07T00:00:00Z,169.28,43503.8491661365,256.99
2022-04-06T00:00:00Z,168.97,43206.7376725735,255.71
2022-04-05T00:00:00Z,172.15,45555.9934041971,264.63
2022-04-04T00:00:00Z,175.47,46622.6744137452,265.7
2022-04-01T00:00:00Z,171.41,46281.6439814509,270.01
2022-03-31T00:00:00Z,171.71,45538.6769223388,265.21
2022-03-30T00:00:00Z,174.82,47062.6641669272,269.21
2022-03-29T00:00:00Z,175.99,47465.7298877113,269.71
2022-03-28T00:00:00Z,172.68,47128.0051622503,272.92
2022-03-25T00:00:00Z,171.82,44348.7309048344,258.11
2022-03-24T00:00:00Z,171.18,43960.933058954,256.81
2022-03-23T00:00:00Z,167.38,42892.9574822428,256.26
2022-03-22T00:00:00Z,166.01,42358.8084254084,255.16
2022-03-21T00:00:00Z,162.63,41077.9979918038,252.59
2022-03-18T00:00:00Z,161.25,41801.1544960935,259.23
2022-03-17T00:00:00Z,157.95,40951.3798755055,259.27
2022-03-16T00:00:00Z,156.94,41143.9280403474,262.16
2022-03-15T00:00:00Z,152.51,39338.7854920324,257.94
2022-03-14T00:00:00Z,148.12,39666.7558189777,267.8
2022-03-11T00:00:00Z,152.16,38794.9731374789,254.96
2022-03-10T00:00:00Z,155.89,39437.4597736288,252.98
2022-03-09T00:00:00Z,160.24,41982.9263548072,262.0
2022-03-08T00:00:00Z,154.82,38737.2684954927,250.21
2022-03-07T00:00:00Z,156.65,38062.040205582,242.98
2022-03-04T00:00:00Z,160.46,39137.6036387584,243.91
2022-03-03T00:00:00Z,163.47,42451.7895866188,259.69
2022-03-02T00:00:00Z,163.79,43924.1164380558,268.17
2022-03-01T00:00:00Z,160.49,44354.6375073612,276.37
2022-02-28T00:00:00Z,162.38,43193.2340330233,266.0
2022-02-25T00:00:00Z,162.11,39214.2206250425,241.9
2022-02-24T00:00:00Z,160.04,38332.6098307004,239.52
2022-02-23T00:00:00Z,157.41,37296.5720003887,236.94
2022-02-22T00:00:00Z,161.59,38286.0270879696,236.93
2022-02-18T00:00:00Z,164.52,40030.9755990885,243.32
2022-02-17T00:00:00Z,166.07,40538.0128343685,244.1
2022-02-16T00:00:00Z,169.68,43961.8593882795,259.09
2022-02-15T00:00:00Z,169.92,44575.2033341441,262.33
2022-02-14T00:00:00Z,166.07,42586.9196860901,256.44
2022-02-11T00:00:00Z,165.84,42407.9379380192,255.72
2022-02-10T00:00:00Z,169.26,43565.1121728445,257.39
2022-02-09T00:00:00Z,173.35,44338.7977574167,255.78
2022-02-08T00:00:00Z,171.92,44118.4462597284,256.62
2022-02-07T00:00:00Z,168.81,43840.2865761055,259.7
2022-02-04T00:00:00Z,169.52,41500.8753823114,244.81
2022-02-03T00:00:00Z,169.81,37154.6002446074,218.8
2022-02-02T00:00:00Z,172.7,36952.9849327595,213.97
2022-02-01T00:00:00Z,171.49,38743.2725693698,225.92
2022-01-31T00:00:00Z,171.66,38483.126309273,224.18
2022-01-28T00:00:00Z,167.29,37784.3332640665,225.86
2022-01-27T00:00:00Z,156.37,37138.2343159536,237.5
2022-01-26T00:00:00Z,156.84,36852.122594586,234.97
2022-01-25T00:00:00Z,156.92,36954.0020136276,235.5
2022-01-24T00:00:00Z,158.73,36654.3291826876,230.92
2022-01-21T00:00:00Z,159.51,36457.3181001361,228.56
2022-01-20T00:00:00Z,161.57,40680.4199136003,251.78
2022-01-19T00:00:00Z,163.26,41744.3298424627,255.69
2022-01-18T00:00:00Z,166.77,42375.6328430686,254.1
2022-01-14T00:00:00Z,169.98,43099.6998283297,253.56
2022-01-13T00:00:00Z,169.11,42591.5722580306,251.86
2022-01-12T00:00:00Z,172.39,43949.1006867819,254.94
2022-01-11T00:00:00Z,171.95,42735.8541195077,248.54
2022-01-10T00:00:00Z,169.11,41821.2631390031,247.3
2022-01-07T00:00:00Z,169.09,41557.9011609709,245.77
2022-01-06T00:00:00Z,168.93,43160.9284196054,255.5
2022-01-05T00:00:00Z,171.79,43569.0033476498,253.62
2022-01-04T00:00:00Z,176.49,45897.5758267783,260.06
2022-01-03T00:00:00Z,178.76,46458.1169588914,259.89
2021-12-31T00:00:00Z,174.4,46306.4461226996,265.52
2021-12-30T00:00:00Z,175.02,47178.1258434398,269.56
2021-12-29T00:00:00Z,176.17,46444.7104905398,263.64
2021-12-28T00:00:00Z,176.09,47588.8547774592,270.25
2021-12-27T00:00:00Z,177.11,50640.4188043781,285.93
2021-12-23T00:00:00Z,173.13,50784.5381788605,293.33
2021-12-22T00:00:00Z,172.5,48628.509925134,281.9
2021-12-21T00:00:00Z,169.9,48936.6141514468,288.03
2021-12-20T00:00:00Z,166.72,46880.2789637231,281.19
2021-12-17T00:00:00Z,168.08,46202.143379147,274.88
2021-12-16T00:00:00Z,169.18,47665.426077884,281.74
2021-12-15T00:00:00Z,176.1,48896.7208291144,277.66
2021-12-14T00:00:00Z,171.21,46612.6335069029,272.25
2021-12-13T00:00:00Z,172.6,46737.48224375,270.78
2021-12-10T00:00:00Z,176.24,47243.3056849164,268.06
2021-12-09T00:00:00Z,171.44,47672.1223910874,278.07
2021-12-08T00:00:00Z,171.95,50504.7955387084,293.72
2021-12-07T00:00:00Z,168.12,50700.0843364829,301.57
2021-12-06T00:00:00Z,162.37,50582.6253966441,311.53
2021-12-03T00:00:00Z,158.95,53598.2464702979,337.2
2021-12-02T00:00:00Z,160.83,56477.8174777821,351.16
2021-12-01T00:00:00Z,161.83,57229.8298994492,353.64
2021-11-30T00:00:00Z,162.35,57005.4254735998,351.13
2021-11-29T00:00:00Z,157.38,57806.5662152559,367.31
2021-11-26T00:00:00Z,154.01,53569.7639630968,347.83
2021-11-24T00:00:00Z,159.05,56280.4271082207,353.85
2021-11-23T00:00:00Z,158.53,57569.0748757271,363.14
2021-11-22T00:00:00Z,158.14,56289.2873226386,355.95
2021-11-19T00:00:00Z,157.68,58119.5761937925,368.59
2021-11-18T00:00:00Z,155.05,56942.1362440572,367.25
2021-11-17T00:00:00Z,150.75,60368.0118167649,400.45
2021-11-16T00:00:00Z,148.3,60161.2470371667,405.67
2021-11-15T00:00:00Z,147.32,63557.8715183709,431.43
2021-11-12T00:00:00Z,147.31,64155.9418364327,435.52
2021-11-11T00:00:00Z,145.23,64949.96191476,447.22
2021-11-10T00:00:00Z,145.28,64995.2293907433,447.38
2021-11-09T00:00:00Z,148.11,66971.8280974611,452.18
2021-11-08T00:00:00Z,147.75,67566.8300878775,457.31
2021-11-05T00:00:00Z,148.58,61125.6742689036,411.4
2021-11-04T00:00:00Z,148.05,61452.2305873208,415.08
2021-11-03T00:00:00Z,148.57,62970.0474260185,423.84
2021-11-02T00:00:00Z,147.12,63226.401097088,429.76
2021-11-01T00:00:00Z,146.08,61004.4080213493,417.61
2021-10-29T00:00:00Z,146.91,62227.9645938188,423.58
2021-10-28T00:00:00Z,149.62,60622.1367088483,405.17
2021-10-27T00:00:00Z,145.98,58482.3879400455,400.62
2021-10-26T00:00:00Z,146.44,60363.7920503572,412.21
2021-10-25T00:00:00Z,145.77,63039.8255141733,432.46
2021-10-22T00:00:00Z,145.82,60692.2644330955,416.21
2021-10-21T00:00:00Z,146.59,62210.1730756348,424.38
2021-10-20T00:00:00Z,146.38,65992.8370361176,450.83
2021-10-19T00:00:00Z,145.89,64261.9911928559,440.48
2021-10-18T00:00:00Z,143.72,62026.077831093,431.58
2021-10-15T00:00:00Z,142.04,61593.9500606183,433.64
2021-10-14T00:00:00Z,140.98,57321.5252796604,406.59
2021-10-13T00:00:00Z,138.19,57401.0975273362,415.38
2021-10-12T00:00:00Z,138.78,56041.0568380579,403.81
2021-10-11T00:00:00Z,140.05,57484.7894651936,410.46
2021-10-08T00:00:00Z,140.14,53967.8467672527,385.1
2021-10-07T00:00:00Z,140.52,53805.9851642989,382.91
2021-10-06T00:00:00Z,139.26,55361.4494296079,397.54
2021-10-05T00:00:00Z,138.39,51514.8140602767,372.24
2021-10-04T00:00:00Z,136.45,49112.9012823932,359.93
2021-10-01T00:00:00Z,139.9,48116.9412180277,343.94
2021-09-30T00:00:00Z,138.77,43790.8956254849,315.56
2021-09-29T00:00:00Z,140.07,41564.3634814909,296.74
2021-09-28T00:00:00Z,139.17,41034.5446652294,294.85
2021-09-27T00:00:00Z,142.56,42235.7318466434,296.27
2021-09-24T00:00:00Z,144.08,42839.7516959645,297.33
2021-09-23T00:00:00Z,144,44895.0966015708,311.77
2021-09-22T00:00:00Z,143.03,43574.509432809,304.65
2021-09-21T00:00:00Z,140.66,40693.67719159,289.31
2021-09-20T00:00:00Z,140.18,42843.8024409386,305.63
2021-09-17T00:00:00Z,143.24,47267.5200230691,329.99
2021-09-16T00:00:00Z,145.92,47783.3578046439,327.46
2021-09-15T00:00:00Z,146.15,48176.3463927443,329.64
2021-09-14T00:00:00Z,145.26,47092.4938332669,324.19
2021-09-13T00:00:00Z,146.66,44963.0726328295,306.58
2021-09-10T00:00:00Z,146.09,44883.9101072,307.23
2021-09-09T00:00:00Z,151.1,46391.4229753,307.02
2021-09-08T00:00:00Z,152.12,46091.38930192,302.99
2021-09-07T00:00:00Z,153.67,46811.12952948,304.62
2021-09-03T00:00:00Z,151.32,50025.37460546,330.59
2021-09-02T00:00:00Z,150.68,49327.72318398,327.37
2021-09-01T00:00:00Z,149.57,48847.02907417,326.58
2021-08-31T00:00:00Z,148.9,47166.68794545,316.77
2021-08-30T00:00:00Z,150.16,47054.98479356,313.37
2021-08-27T00:00:00Z,145.73,49058.66973026,336.64
2021-08-26T00:00:00Z,144.69,46942.21786802,324.43
2021-08-25T00:00:00Z,145.5,48960.78728025,336.5
2021-08-24T00:00:00Z,146.73,47706.11855498,325.13
2021-08-23T00:00:00Z,146.82,49546.14770729,337.46
2021-08-20T00:00:00Z,145.33,49339.17603688,339.5
2021-08-19T00:00:00Z,143.87,46717.5787452,324.72
2021-08-18T00:00:00Z,143.53,44801.18871714,312.14
2021-08-17T00:00:00Z,147.29,44695.35761921,303.45
2021-08-16T00:00:00Z,148.2,46004.4840786,310.42
2021-08-13T00:00:00Z,146.22,47793.32117908,326.86
2021-08-12T00:00:00Z,146.02,44428.28846681,304.26
2021-08-11T00:00:00Z,143.04,45593.63593071,318.75
2021-08-10T00:00:00Z,142.79,45585.03077231,319.25
2021-08-09T00:00:00Z,143.27,46365.40065035,323.62
2021-08-06T00:00:00Z,143.32,42816.49896809,298.75
2021-08-05T00:00:00Z,144.01,40869.55432742,283.8
2021-08-04T00:00:00Z,143.9,39747.50501675,276.22
2021-08-03T00:00:00Z,144.3,38152.9820898,264.4
2021-08-02T00:00:00Z,142.5,39201.945189,275.1
2021-07-30T00:00:00Z,142.83,42235.54770874,295.71
2021-07-29T00:00:00Z,142.61,40008.42084653,280.54
2021-07-28T00:00:00Z,141.97,39995.90646862,281.72
2021-07-27T00:00:00Z,143.72,39406.9409837,274.19
2021-07-26T00:00:00Z,145.9,37337.5333134,255.91
2021-07-23T00:00:00Z,145.47,33581.55060854,230.85
2021-07-22T00:00:00Z,143.75,32313.10632477,224.79
2021-07-21T00:00:00Z,142.38,32110.69326387,225.53
2021-07-20T00:00:00Z,143.11,29807.34767271,208.28
2021-07-19T00:00:00Z,139.49,30817.83165619,220.93
2021-07-16T00:00:00Z,143.35,31421.53845398,219.19
2021-07-15T00:00:00Z,145.4,31780.73137404,218.57
2021-07-14T00:00:00Z,146.05,32822.34873678,224.73
2021-07-13T00:00:00Z,142.61,32702.02592354,229.31
2021-07-12T00:00:00Z,141.5,33155.84813085,234.32
2021-07-09T00:00:00Z,142.1,33798.01020742,237.85
2021-07-08T00:00:00Z,140.26,32877.37262842,234.4
2021-07-07T00:00:00Z,141.57,33855.32688833,239.14
2021-07-06T00:00:00Z,139.07,34235.19345116,246.17
2021-07-02T00:00:00Z,137.05,33897.04858963,247.33
2021-07-01T00:00:00Z,134.42,33572.11765253,249.76
2021-06-30T00:00:00Z,134.12,35040.83724889,261.26
2021-06-29T00:00:00Z,133.5,35867.77773549,268.67
2021-06-28T00:00:00Z,131.98,34434.33531428,260.91
2021-06-25T00:00:00Z,130.35,31637.78005541,242.71
2021-06-24T00:00:00Z,130.64,34662.43589358,265.33
2021-06-23T00:00:00Z,130.92,33723.0289781,257.59
2021-06-22T00:00:00Z,131.2,32505.6598245,247.76
2021-06-21T00:00:00Z,129.55,31676.69373254,244.51
2021-06-18T00:00:00Z,127.75,35787.24478177,280.13
2021-06-17T00:00:00Z,129.05,38053.50417253,294.87
2021-06-16T00:00:00Z,127.45,38347.06322666,300.88
2021-06-15T00:00:00Z,126.95,40406.26898673,318.28
2021-06-14T00:00:00Z,127.77,40218.47785943,314.77
2021-06-11T00:00:00Z,124.7,37334.39952553,299.39
2021-06-10T00:00:00Z,123.49,36702.59937466,297.21
2021-06-09T00:00:00Z,124.49,37345.12148619,299.98
2021-06-08T00:00:00Z,124.11,33472.63174808,269.7
2021-06-07T00:00:00Z,123.28,33560.70783776,272.23
2021-06-04T00:00:00Z,123.28,36894.40532994,299.27
2021-06-03T00:00:00Z,120.97,39208.76599489,324.12
2021-06-02T00:00:00Z,122.46,37575.17957566,306.84
2021-06-01T00:00:00Z,121.7,36684.92451667,301.44
2021-05-28T00:00:00Z,122.02,35697.60639024,292.56
2021-05-27T00:00:00Z,122.68,38436.96853505,313.31
2021-05-26T00:00:00Z,124.22,39294.19738214,316.33
2021-05-25T00:00:00Z,124.26,38402.22385137,309.05
2021-05-24T00:00:00Z,124.46,38705.97863723,310.99
2021-05-21T00:00:00Z,122.82,37304.69067136,303.73
2021-05-20T00:00:00Z,124.67,40782.73826245,327.13
2021-05-19T00:00:00Z,122.1,37002.4404659,303.05
2021-05-18T00:00:00Z,122.26,42909.40092517,350.97
2021-05-17T00:00:00Z,123.65,43537.51138918,352.1
2021-05-14T00:00:00Z,124.8,49880.53342038,399.68
2021-05-13T00:00:00Z,122.37,49716.19160254,406.28
2021-05-12T00:00:00Z,120.22,49150.53387514,408.84
2021-05-11T00:00:00Z,123.29,56704.5730585,459.93
2021-05-10T00:00:00Z,124.22,55859.79754454,449.68
2021-05-07T00:00:00Z,127.51,57356.40187692,449.82
2021-05-06T00:00:00Z,126.83,56396.51416376,444.66
2021-05-05T00:00:00Z,125.23,57424.00594813,458.55
2021-05-04T00:00:00Z,124.98,53333.53775274,426.74
2021-05-03T00:00:00Z,129.57,57200.29122289,441.46
2021-04-30T00:00:00Z,128.51,57750.17734563,449.38
2021-04-29T00:00:00Z,130.49,53555.10849133,410.42
2021-04-28T00:00:00Z,130.58,54824.70489507,419.86
2021-04-27T00:00:00Z,131.38,55033.11801332,418.89
2021-04-26T00:00:00Z,131.7,54021.75478737,410.19
2021-04-23T00:00:00Z,131.31,51093.65070999,389.11
2021-04-22T00:00:00Z,128.98,51762.27205146,401.32
2021-04-21T00:00:00Z,130.51,53906.08804584,413.04
2021-04-20T00:00:00Z,130.12,56473.0322808,434.01
2021-04-19T00:00:00Z,131.82,55724.26709807,422.73
2021-04-16T00:00:00Z,131.15,61572.78960116,469.48
2021-04-15T00:00:00Z,131.48,63314.01084504,481.55
2021-04-14T00:00:00Z,129.07,63109.69593464,488.96
2021-04-13T00:00:00Z,131.41,63503.45793019,483.25
2021-04-12T00:00:00Z,128.3,59893.45188869,466.82
2021-04-09T00:00:00Z,130.01,58245.00300108,448.0
2021-04-08T00:00:00Z,127.44,58323.95357975,457.66
2021-04-07T00:00:00Z,125.03,56048.93781271,448.28
2021-04-06T00:00:00Z,123.38,58192.35868406,471.65
2021-04-05T00:00:00Z,123.08,59057.87896588,479.83
2021-04-01T00:00:00Z,120.24,59095.80797806,491.48
2021-03-31T00:00:00Z,119.41,58918.83271375,493.42
2021-03-30T00:00:00Z,117.21,58917.6930451,502.67
2021-03-29T00:00:00Z,118.67,57750.19987147,486.65
2021-03-26T00:00:00Z,118.49,55137.31372578,465.33
2021-03-25T00:00:00Z,117.89,51704.1619252,438.58
2021-03-24T00:00:00Z,117.4,52774.26369049,449.53
2021-03-23T00:00:00Z,119.79,54738.94493032,456.96
2021-03-22T00:00:00Z,120.62,54529.14561107,452.07
2021-03-19T00:00:00Z,117.3,58346.65297359,497.41
2021-03-18T00:00:00Z,117.83,57858.92070527,491.04
2021-03-17T00:00:00Z,121.96,58870.89333325,482.71
2021-03-16T00:00:00Z,122.75,56804.90123161,462.77
2021-03-15T00:00:00Z,121.21,55907.20022619,461.24
2021-03-12T00:00:00Z,118.32,57332.08896391,484.55
2021-03-11T00:00:00Z,119.22,57805.12301924,484.86
2021-03-10T00:00:00Z,117.29,56008.54940114,477.52
2021-03-09T00:00:00Z,118.37,54824.11781138,463.16
2021-03-08T00:00:00Z,113.75,52246.52230995,459.31
2021-03-05T00:00:00Z,118.7,48927.3045548,412.19
2021-03-04T00:00:00Z,117.44,48561.1661539,413.5
2021-03-03T00:00:00Z,119.32,50538.24341445,423.55
2021-03-02T00:00:00Z,122.31,48378.98805435,395.54
2021-03-01T00:00:00Z,124.92,49631.24137077,397.3
2021-02-26T00:00:00Z,118.54,46339.76008289,390.92
2021-02-25T00:00:00Z,118.28,47093.85301914,398.16
2021-02-24T00:00:00Z,122.54,49705.33331637,405.63
2021-02-23T00:00:00Z,123.04,48824.42686909,396.82
2021-02-22T00:00:00Z,123.17,54207.31906543,440.1
2021-02-19T00:00:00Z,126.96,55888.13368221,440.2
2021-02-18T00:00:00Z,126.8,51679.79669449,407.57
2021-02-17T00:00:00Z,127.91,52149.00753587,407.7
2021-02-16T00:00:00Z,130.2,49199.87134362,377.88
2021-02-12T00:00:00Z,132.33,47504.85118326,358.99
2021-02-11T00:00:00Z,132.1,47909.33119483,362.67
2021-02-10T00:00:00Z,132.35,44918.18449192,339.39
2021-02-09T00:00:00Z,132.96,46481.10423596,349.59
2021-02-08T00:00:00Z,133.84,46196.46371944,345.16
2021-02-05T00:00:00Z,133.69,38144.30686267,285.32
2021-02-04T00:00:00Z,134.11,36926.06446515,275.34
2021-02-03T00:00:00Z,130.74,37472.09010368,286.62
2021-02-02T00:00:00Z,131.77,35510.28903716,269.49
2021-02-01T00:00:00Z,130.94,33537.1768196,256.13
2021-01-29T00:00:00Z,128.81,34316.38765032,266.41
2021-01-28T00:00:00Z,133.81,33466.09635821,250.1
2021-01-27T00:00:00Z,138.67,30432.54707881,219.46
2021-01-26T00:00:00Z,139.74,32569.84955679,233.07
2021-01-25T00:00:00Z,139.51,32366.39304887,232.0
2021-01-22T00:00:00Z,135.75,33005.76356216,243.14
2021-01-21T00:00:00Z,133.6,30825.69850603,230.73
2021-01-20T00:00:00Z,128.88,35547.7508855,275.82
2021-01-19T00:00:00Z,124.78,36069.80639361,289.07
2021-01-15T00:00:00Z,124.1,36825.36585131,296.74
2021-01-14T00:00:00Z,125.83,39187.32812109,311.43
2021-01-13T00:00:00Z,127.76,37316.35939997,292.08
2021-01-12T00:00:00Z,125.72,33922.9605815,269.83
2021-01-11T00:00:00Z,125.9,35566.65594049,282.5
2021-01-08T00:00:00Z,128.9,40797.61071993,316.51
2021-01-07T00:00:00Z,127.79,39371.04235311,308.09
2021-01-06T00:00:00Z,123.58,36824.36441009,297.98
2021-01-05T00:00:00Z,127.88,33992.42934365,265.82
2021-01-04T00:00:00Z,126.32,31971.91352155,253.1
2020-12-31T00:00:00Z,129.52,29001.71982218,223.92
2020-12-30T00:00:00Z,130.53,28840.95341968,220.95
2020-12-29T00:00:00Z,131.65,27362.4365573,207.84
2020-12-28T00:00:00Z,133.42,27084.80788628,203.0
2020-12-24T00:00:00Z,128.82,23735.94972763,184.26
2020-12-23T00:00:00Z,127.83,23241.34486501,181.81
2020-12-22T00:00:00Z,128.73,23783.02850288,184.75
2020-12-21T00:00:00Z,125.17,22803.0814087,182.18
2020-12-18T00:00:00Z,123.63,23137.96056165,187.15
2020-12-17T00:00:00Z,125.63,22805.16149213,181.53
2020-12-16T00:00:00Z,124.76,21310.59813054,170.81
2020-12-15T00:00:00Z,124.82,19417.07603342,155.56
2020-12-14T00:00:00Z,118.87,19246.64434137,161.91
2020-12-11T00:00:00Z,119.49,18058.90334725,151.13
2020-12-10T00:00:00Z,120.3,18264.99210672,151.83
2020-12-09T00:00:00Z,118.87,18553.91537685,156.09
2020-12-08T00:00:00Z,121.41,18321.14491611,150.9
2020-12-07T00:00:00Z,120.79,19191.63128698,158.88
2020-12-04T00:00:00Z,119.33,18699.76561337,156.71
2020-12-03T00:00:00Z,120,19445.39847988,162.04
2020-12-02T00:00:00Z,120.14,19201.09115697,159.82
2020-12-01T00:00:00Z,119.79,18802.99829969,156.97
2020-11-30T00:00:00Z,116.21,19625.83502949,168.88
2020-11-27T00:00:00Z,113.8,17108.40172774,150.34
2020-11-25T00:00:00Z,113.26,18732.1207774,165.39
2020-11-24T00:00:00Z,112.42,19107.46444977,169.96
2020-11-23T00:00:00Z,111.13,18364.12159134,165.25
2020-11-20T00:00:00Z,114.54,18621.31436938,162.57
2020-11-19T00:00:00Z,115.81,17817.09024754,153.85
2020-11-18T00:00:00Z,115.21,17804.00563217,154.54
2020-11-17T00:00:00Z,116.54,17645.40576746,151.41
2020-11-16T00:00:00Z,117.43,16716.11132377,142.35
2020-11-13T00:00:00Z,116.41,16317.80819009,140.18
2020-11-12T00:00:00Z,116.36,16276.34394919,139.88
2020-11-11T00:00:00Z,116.64,15701.33973237,134.61
2020-11-10T00:00:00Z,113.2,15290.90268148,135.08
2020-11-09T00:00:00Z,113.54,15332.31559743,135.04
2020-11-06T00:00:00Z,115.85,15565.88058083,134.36
2020-11-05T00:00:00Z,115.99,15579.84846029,134.32
2020-11-04T00:00:00Z,112.01,14133.70715301,126.18
2020-11-03T00:00:00Z,107.62,13950.30084729,129.63
2020-11-02T00:00:00Z,105.99,13550.4893841,127.85
2020-10-30T00:00:00Z,106.08,13546.52226938,127.7
2020-10-29T00:00:00Z,112.37,13437.8832414,119.59
2020-10-28T00:00:00Z,108.36,13271.28536861,122.47
2020-10-27T00:00:00Z,113.62,13654.21844012,120.17
2020-10-26T00:00:00Z,112.11,13075.24769656,116.63
2020-10-23T00:00:00Z,112.1,12931.53902256,115.36
2020-10-22T00:00:00Z,112.79,12965.89129043,114.96
2020-10-21T00:00:00Z,113.88,12823.68918938,112.61
2020-10-20T00:00:00Z,114.51,11916.33514058,104.06
2020-10-19T00:00:00Z,113.01,11742.03715033,103.9
2020-10-16T00:00:00Z,115.98,11322.12268618,97.62
2020-10-15T00:00:00Z,117.62,11495.34965037,97.73
2020-10-14T00:00:00Z,118.09,11429.50688675,96.79
2020-10-13T00:00:00Z,118,11425.8994007,96.83
2020-10-12T00:00:00Z,121.22,11555.3628878,95.33
2020-10-09T00:00:00Z,113.98,11064.45759247,97.07
2020-10-08T00:00:00Z,112.03,10915.68573098,97.44
2020-10-07T00:00:00Z,112.14,10668.96895539,95.14
2020-10-06T00:00:00Z,110.27,10604.40588882,96.17
2020-10-05T00:00:00Z,113.52,10793.33942751,95.08
2020-10-02T00:00:00Z,110.13,10575.97504191,96.03
2020-10-01T00:00:00Z,113.8,10619.45190766,93.32
2020-09-30T00:00:00Z,112.85,10784.49157795,95.56
2020-09-29T00:00:00Z,111.17,10844.64098118,97.55
2020-09-28T00:00:00Z,112.02,10709.65218175,95.6
2020-09-25T00:00:00Z,109.41,10692.71721234,97.73
2020-09-24T00:00:00Z,105.45,10760.06625677,102.04
2020-09-23T00:00:00Z,104.38,10246.18649281,98.16
2020-09-22T00:00:00Z,108.95,10538.4603213,96.73
2020-09-21T00:00:00Z,107.27,10462.2596185,97.53
2020-09-18T00:00:00Z,104.11,10944.5858045,105.13
2020-09-17T00:00:00Z,107.52,10948.9899152,101.83
2020-09-16T00:00:00Z,109.26,10974.9048915,100.45
2020-09-15T00:00:00Z,112.59,10796.9509861,95.9
2020-09-14T00:00:00Z,112.41,10680.8374328,95.02
2020-09-11T00:00:00Z,109.14,10400.9146854,95.3
2020-09-10T00:00:00Z,110.59,10363.1390401,93.71
2020-09-09T00:00:00Z,114.32,10242.3477803,89.59
2020-09-08T00:00:00Z,109.94,10131.5166457,92.15
2020-09-04T00:00:00Z,117.87,10511.8138807,89.18
2020-09-03T00:00:00Z,117.79,10245.296686,86.98
2020-09-02T00:00:00Z,128.04,11414.0337325,89.14
2020-09-01T00:00:00Z,130.75,11970.4787405,91.55
2020-08-31T00:00:00Z,125.74,11680.8204905,92.9
2020-08-28T00:00:00Z,121.62,11542.4997333,94.91
2020-08-27T00:00:00Z,121.81,11323.3970324,92.96
2020-08-26T00:00:00Z,123.29,11488.3634896,93.18
2020-08-25T00:00:00Z,121.63,11366.1350817,93.45
2020-08-24T00:00:00Z,122.64,11774.5958414,96.01
2020-08-21T00:00:00Z,121.19,11592.4890449,95.66
2020-08-20T00:00:00Z,115.25,11878.3716211,103.07
2020-08-19T00:00:00Z,112.75,11758.2835921,104.29
2020-08-18T00:00:00Z,112.61,11991.2332456,106.48
2020-08-17T00:00:00Z,111.68,12254.4019083,109.73
2020-08-14T00:00:00Z,111.97,11768.8706193,105.11
2020-08-13T00:00:00Z,112.07,11784.1373895,105.15
2020-08-12T00:00:00Z,110.12,11584.9345762,105.2
2020-08-11T00:00:00Z,106.58,11410.5256775,107.06
2020-08-10T00:00:00Z,109.84,11878.1113253,108.14
2020-08-07T00:00:00Z,108.27,11601.4727146,107.15
2020-08-06T00:00:00Z,110.79,11779.7732574,106.33
2020-08-05T00:00:00Z,107.06,11747.0228312,109.72
2020-08-04T00:00:00Z,106.67,11205.8929179,105.05
2020-08-03T00:00:00Z,105.96,11246.3487749,106.14
2020-07-31T00:00:00Z,103.36,11323.4664207,109.55
2020-07-30T00:00:00Z,93.56,11111.2142899,118.76
2020-07-29T00:00:00Z,92.44,11100.4681253,120.08
2020-07-28T00:00:00Z,90.7,10912.8230505,120.32
2020-07-27T00:00:00Z,92.22,10990.8733998,119.18
2020-07-24T00:00:00Z,90.08,9536.89268563,105.87
2020-07-23T00:00:00Z,90.31,9581.07201141,106.09
2020-07-22T00:00:00Z,94.61,9525.36344997,100.68
2020-07-21T00:00:00Z,94.35,9374.88752808,99.36
2020-07-20T00:00:00Z,95.67,9164.2313647,95.79
2020-07-17T00:00:00Z,93.7,9151.39223963,97.67
2020-07-16T00:00:00Z,93.89,9132.22786293,97.27
2020-07-15T00:00:00Z,95.05,9192.83736784,96.72
2020-07-14T00:00:00Z,94.41,9243.21341642,97.91
2020-07-13T00:00:00Z,92.87,9243.61385509,99.53
2020-07-10T00:00:00Z,93.3,9278.8078672,99.45
2020-07-09T00:00:00Z,93.07,9277.96790642,99.69
2020-07-08T00:00:00Z,92.74,9428.3330848,101.66
2020-07-07T00:00:00Z,90.63,9252.27750386,102.09
2020-07-06T00:00:00Z,90.91,9375.47475925,103.13
2020-07-02T00:00:00Z,88.54,9123.41015432,103.04
2020-07-01T00:00:00Z,88.54,9228.32559024,104.23
2020-06-30T00:00:00Z,88.71,9137.99340026,103.01
2020-06-29T00:00:00Z,87.97,9190.85446467,104.48
2020-06-26T00:00:00Z,85.99,9162.91760386,106.56
2020-06-25T00:00:00Z,88.72,9264.81304308,104.43
2020-06-24T00:00:00Z,87.56,9313.61034868,106.37
2020-06-23T00:00:00Z,89.13,9629.65836578,108.04
2020-06-22T00:00:00Z,87.27,9648.71760979,110.56
2020-06-19T00:00:00Z,85.04,9288.01871603,109.22
2020-06-18T00:00:00Z,85.53,9411.84046197,110.04
2020-06-17T00:00:00Z,85.5,9480.25536624,110.88
2020-06-16T00:00:00Z,85.61,9538.0243743,111.41
2020-06-15T00:00:00Z,83.4,9450.70198692,113.32
2020-06-12T00:00:00Z,82.39,9480.84378943,115.07
2020-06-11T00:00:00Z,81.68,9321.78129819,114.13
2020-06-10T00:00:00Z,85.8,9870.09445278,115.04
2020-06-09T00:00:00Z,83.65,9795.70019463,117.1
2020-06-08T00:00:00Z,81.09,9771.48948366,120.5
2020-06-05T00:00:00Z,80.61,9665.53278908,119.9
2020-06-04T00:00:00Z,78.38,9800.63659532,125.04
2020-06-03T00:00:00Z,79.06,9656.71776526,122.14
2020-06-02T00:00:00Z,78.63,9529.80414872,121.2
2020-06-01T00:00:00Z,78.26,10167.2681012,129.92
2020-05-29T00:00:00Z,77.31,9439.12439045,122.09
2020-05-28T00:00:00Z,77.39,9525.7510947,123.09
2020-05-27T00:00:00Z,77.35,9181.01794762,118.69
2020-05-26T00:00:00Z,77.02,8835.05306073,114.71
2020-05-22T00:00:00Z,77.54,9182.57751787,118.42
2020-05-21T00:00:00Z,77.05,9081.76202252,117.87
2020-05-20T00:00:00Z,77.63,9522.98115678,122.67
2020-05-19T00:00:00Z,76.15,9729.0379192,127.76
2020-05-18T00:00:00Z,76.59,9726.5748149,127.0
2020-05-15T00:00:00Z,74.83,9328.19722645,124.66
2020-05-14T00:00:00Z,75.27,9733.72147137,129.32
2020-05-13T00:00:00Z,74.81,9269.98770576,123.91
2020-05-12T00:00:00Z,75.73,8804.47781074,116.26
2020-05-11T00:00:00Z,76.6,8601.79620238,112.29
2020-05-08T00:00:00Z,75.41,9842.66636785,130.52
2020-05-07T00:00:00Z,73.66,9951.5187451,135.1
2020-05-06T00:00:00Z,72.91,9268.76208066,127.13
2020-05-05T00:00:00Z,72.16,9003.07017834,124.77
2020-05-04T00:00:00Z,71.09,8912.65460539,125.37
2020-05-01T00:00:00Z,70.1,8864.76680793,126.46
2020-04-30T00:00:00Z,71.25,8658.55417975,121.52
2020-04-29T00:00:00Z,69.78,8801.03776688,126.13
2020-04-28T00:00:00Z,67.56,7807.05845106,115.56
2020-04-27T00:00:00Z,68.67,7795.60083451,113.52
2020-04-24T00:00:00Z,68.62,7550.90102725,110.04
2020-04-23T00:00:00Z,66.7,7429.72464927,111.39
2020-04-22T00:00:00Z,66.96,7117.20747869,106.29
2020-04-21T00:00:00Z,65.08,6880.32347375,105.72
2020-04-20T00:00:00Z,67.16,6881.95869275,102.47
2020-04-17T00:00:00Z,68.58,7096.18465879,103.47
2020-04-16T00:00:00Z,69.53,7116.80421777,102.36
2020-04-15T00:00:00Z,68.98,6642.10989286,96.29
2020-04-14T00:00:00Z,69.61,6842.42786097,98.3
2020-04-13T00:00:00Z,66.27,6845.03769683,103.29
2020-04-09T00:00:00Z,64.99,7302.0895105,112.36
2020-04-08T00:00:00Z,64.53,7334.09845346,113.65
2020-04-07T00:00:00Z,62.91,7176.41450049,114.07
2020-04-06T00:00:00Z,63.65,7271.7811527,114.25
2020-04-03T00:00:00Z,58.54,6733.3873906,115.02
2020-04-02T00:00:00Z,59.4,6793.62459642,114.37
2020-04-01T00:00:00Z,58.42,6606.77626829,113.09
2020-03-31T00:00:00Z,61.67,6438.64476637,104.4
2020-03-30T00:00:00Z,61.79,6429.84193389,104.06
2020-03-27T00:00:00Z,60.08,6469.79813509,107.69
2020-03-26T00:00:00Z,62.67,6716.44054866,107.17
2020-03-25T00:00:00Z,59.54,6681.06312656,112.21
2020-03-24T00:00:00Z,59.87,6734.80378045,112.49
2020-03-23T00:00:00Z,54.41,6416.31475839,117.93
2020-03-20T00:00:00Z,55.59,6198.77820508,111.51
2020-03-19T00:00:00Z,59.36,6191.19295222,104.3
2020-03-18T00:00:00Z,59.82,5238.43857664,87.57
2020-03-17T00:00:00Z,61.32,5225.62919259,85.22
2020-03-16T00:00:00Z,58.74,5014.47997748,85.37
2020-03-13T00:00:00Z,67.41,5563.70689169,82.54
2020-03-12T00:00:00Z,60.2,4970.78790105,82.57
2020-03-11T00:00:00Z,66.8,7911.43012933,118.43
2020-03-10T00:00:00Z,69.2,7909.72939346,114.3
2020-03-09T00:00:00Z,64.55,7923.6447033,122.75
2020-03-06T00:00:00Z,70.09,9122.54557333,130.15
2020-03-05T00:00:00Z,71.04,9078.76279174,127.8
2020-03-04T00:00:00Z,73.42,8755.24589461,119.25
2020-03-03T00:00:00Z,70.16,8787.78645576,125.25
2020-03-02T00:00:00Z,72.47,8869.67031078,122.39
2020-02-28T00:00:00Z,66.29,8672.45534996,130.83
2020-02-27T00:00:00Z,66.33,8784.49384867,132.44
2020-02-26T00:00:00Z,70.97,8820.52220005,124.29
2020-02-25T00:00:00Z,69.86,9341.70516876,133.72
2020-02-24T00:00:00Z,72.31,9650.17480677,133.46
2020-02-21T00:00:00Z,75.92,9686.44119763,127.59
2020-02-20T00:00:00Z,77.68,9608.47590343,123.69
2020-02-19T00:00:00Z,78.48,9633.38688518,122.75
2020-02-18T00:00:00Z,77.36,10141.9963705,131.1
2020-02-14T00:00:00Z,78.8,10312.1160909,130.86
2020-02-13T00:00:00Z,78.78,10214.3794638,129.66
2020-02-12T00:00:00Z,79.35,10326.0545246,130.13
2020-02-11T00:00:00Z,77.51,10208.2362609,131.7
2020-02-10T00:00:00Z,77.98,9856.61149362,126.4
2020-02-07T00:00:00Z,77.61,9795.94377253,126.22
2020-02-06T00:00:00Z,78.68,9729.80223149,123.66
2020-02-05T00:00:00Z,77.77,9613.42428895,123.61
2020-02-04T00:00:00Z,77.14,9180.9629665,119.02
2020-02-03T00:00:00Z,74.68,9293.52108908,124.44
2020-01-31T00:00:00Z,74.88,9350.52936518,124.87
2020-01-30T00:00:00Z,78.36,9508.9935947,121.35
2020-01-29T00:00:00Z,78.47,9316.62950445,118.73
2020-01-28T00:00:00Z,76.86,9358.59031703,121.76
2020-01-27T00:00:00Z,74.75,8909.81917753,119.19
2020-01-24T00:00:00Z,77.01,8445.43428152,109.67
2020-01-23T00:00:00Z,77.23,8406.5160678,108.85
2020-01-22T00:00:00Z,76.86,8680.87604222,112.94
2020-01-21T00:00:00Z,76.59,8745.89478833,114.19
2020-01-17T00:00:00Z,77.11,8929.0376776,115.8
2020-01-16T00:00:00Z,76.27,8723.78576573,114.38
2020-01-15T00:00:00Z,75.33,8807.01027532,116.91
2020-01-14T00:00:00Z,75.65,8827.76442606,116.69
2020-01-13T00:00:00Z,76.68,8144.19451744,106.21
2020-01-10T00:00:00Z,75.08,8166.55414039,108.77
2020-01-09T00:00:00Z,74.91,7879.07152428,105.18
2020-01-08T00:00:00Z,73.35,8079.86277673,110.15
2020-01-07T00:00:00Z,72.19,8163.69223944,113.09
2020-01-06T00:00:00Z,72.53,7769.21903905,107.12
2020-01-03T00:00:00Z,71.96,7344.88418341,102.07
2020-01-02T00:00:00Z,72.67,6985.47000061,96.13
2019-12-31T00:00:00Z,71.05,7193.59897843,101.25
2019-12-30T00:00:00Z,70.53,7292.99507783,103.4
2019-12-27T00:00:00Z,70.11,7290.08851803,103.98
2019-12-26T00:00:00Z,70.14,7238.96702501,103.21
2019-12-24T00:00:00Z,68.78,7322.5324589,106.46
2019-12-23T00:00:00Z,68.71,7355.62826671,107.05
2019-12-20T00:00:00Z,67.61,7218.81638679,106.77
2019-12-19T00:00:00Z,67.75,7202.84436364,106.32
2019-12-18T00:00:00Z,67.68,7276.80277047,107.52
2019-12-17T00:00:00Z,67.84,6640.51524608,97.88
2019-12-16T00:00:00Z,67.71,6932.48038982,102.38
2019-12-13T00:00:00Z,66.57,7269.68455922,109.2
2019-12-12T00:00:00Z,65.68,7243.13436273,110.28
2019-12-11T00:00:00Z,65.51,7217.4271152,110.17
2019-12-10T00:00:00Z,64.96,7278.1197833,112.04
2019-12-09T00:00:00Z,64.58,7400.89935576,114.6
2019-12-06T00:00:00Z,65.5,7546.99669772,115.22
2019-12-05T00:00:00Z,64.25,7448.30752084,115.93
2019-12-04T00:00:00Z,63.32,7252.03458617,114.53
2019-12-03T00:00:00Z,62.77,7320.1454684,116.62
2019-12-02T00:00:00Z,63.91,7321.98811242,114.57
2019-11-29T00:00:00Z,64.66,7761.24360172,120.03
2019-11-27T00:00:00Z,64.8,7531.6636446,116.23
2019-11-26T00:00:00Z,63.94,7218.37133433,112.89
2019-11-25T00:00:00Z,64.45,7146.13390214,110.88
2019-11-22T00:00:00Z,63.33,7296.57756843,115.22
2019-11-21T00:00:00Z,63.39,7642.74994484,120.57
2019-11-20T00:00:00Z,63.68,8027.26824331,126.06
2019-11-19T00:00:00Z,64.43,8206.14591807,127.37
2019-11-18T00:00:00Z,64.62,8309.28598342,128.59
2019-11-15T00:00:00Z,64.3,8491.99201234,132.07
2019-11-14T00:00:00Z,63.54,8708.09509517,137.05
2019-11-13T00:00:00Z,63.99,8808.2625823,137.65
2019-11-12T00:00:00Z,63.38,8815.66253925,139.09
2019-11-11T00:00:00Z,63.44,8757.78854226,138.05
2019-11-08T00:00:00Z,62.94,8804.88071936,139.89
2019-11-07T00:00:00Z,62.77,9267.56114253,147.64
2019-11-06T00:00:00Z,62.05,9360.87991187,150.86
2019-11-05T00:00:00Z,62.02,9342.52717939,150.64
2019-11-04T00:00:00Z,62.11,9412.61187106,151.55
2019-11-01T00:00:00Z,61.71,9261.104352,150.07
2019-10-31T00:00:00Z,60,9199.58483269,153.33
2019-10-30T00:00:00Z,58.68,9205.72655905,156.88
2019-10-29T00:00:00Z,58.68,9427.68758384,160.66
2019-10-28T00:00:00Z,60.07,9256.14838876,154.09
2019-10-25T00:00:00Z,59.48,8660.70063696,145.61
2019-10-24T00:00:00Z,58.75,7493.48873154,127.55
2019-10-23T00:00:00Z,58.66,7514.67201276,128.11
2019-10-22T00:00:00Z,57.88,8078.20332194,139.57
2019-10-21T00:00:00Z,58.01,8243.72113905,142.11
2019-10-18T00:00:00Z,57.03,7973.20744597,139.81
2019-10-17T00:00:00Z,56.75,8103.91137325,142.8
2019-10-16T00:00:00Z,56.53,8047.52686305,142.36
2019-10-15T00:00:00Z,56.76,8205.36931588,144.56
2019-10-14T00:00:00Z,56.9,8374.6864467,147.18
2019-10-11T00:00:00Z,56.98,8321.75671178,146.05
2019-10-10T00:00:00Z,55.5,8586.47342543,154.71
2019-10-09T00:00:00Z,54.76,8595.73981722,156.97
2019-10-08T00:00:00Z,54.13,8228.7831528,152.02
2019-10-07T00:00:00Z,54.77,8245.622933,150.55
2019-10-04T00:00:00Z,54.76,8205.93924121,149.85
2019-10-03T00:00:00Z,53.26,8259.99197863,155.09
2019-10-02T00:00:00Z,52.82,8393.04164486,158.9
2019-10-01T00:00:00Z,54.17,8343.2766814,154.02
2019-09-30T00:00:00Z,54.02,8293.86774062,153.53
2019-09-27T00:00:00Z,52.78,8251.84555744,156.34
2019-09-26T00:00:00Z,53.04,8118.96756783,153.07
2019-09-25T00:00:00Z,53.32,8486.99297206,159.17
2019-09-24T00:00:00Z,52.51,8620.56642733,164.17
2019-09-23T00:00:00Z,52.76,9729.32376435,184.41
2019-09-20T00:00:00Z,52.52,10181.6413094,193.86
2019-09-19T00:00:00Z,53.3,10266.4149694,192.62
2019-09-18T00:00:00Z,53.74,10198.2484072,189.77
2019-09-17T00:00:00Z,53.24,10241.2721545,192.36
2019-09-16T00:00:00Z,53.04,10276.7935649,193.76
2019-09-13T00:00:00Z,52.77,10360.5472773,196.33
2019-09-12T00:00:00Z,53.81,10410.1268031,193.46
2019-09-11T00:00:00Z,53.93,10178.3718893,188.73
2019-09-10T00:00:00Z,52.27,10115.9757913,193.53
2019-09-09T00:00:00Z,51.66,10334.9741628,200.06
2019-09-06T00:00:00Z,51.44,10353.3025592,201.27
2019-09-05T00:00:00Z,51.45,10575.533284,205.55
2019-09-04T00:00:00Z,50.46,10594.4933536,209.96
2019-09-03T00:00:00Z,49.62,10623.5401172,214.1
2019-08-30T00:00:00Z,50.35,9598.17364826,190.63
2019-08-29T00:00:00Z,50.42,9510.20054413,188.62
2019-08-28T00:00:00Z,49.58,9754.42327325,196.74
2019-08-27T00:00:00Z,49.25,10185.4998997,206.81
2019-08-26T00:00:00Z,49.81,10370.8201605,208.21
2019-08-23T00:00:00Z,48.88,10407.965329,212.93
2019-08-22T00:00:00Z,51.25,10131.0561021,197.68
2019-08-21T00:00:00Z,51.29,10138.049355,197.66
2019-08-20T00:00:00Z,50.74,10763.2326304,212.13
2019-08-19T00:00:00Z,50.74,10916.0538702,215.14
2019-08-16T00:00:00Z,49.81,10374.3393471,208.28
2019-08-15T00:00:00Z,48.66,10311.545429,211.91
2019-08-14T00:00:00Z,48.91,10051.7039313,205.51
2019-08-13T00:00:00Z,50.41,10895.8304358,216.14
2019-08-12T00:00:00Z,48.36,11382.6159562,235.37
2019-08-09T00:00:00Z,48.48,11862.93676,244.7
2019-08-08T00:00:00Z,48.88,11966.407405,244.81
2019-08-07T00:00:00Z,47.83,11941.9683406,249.68
2019-08-06T00:00:00Z,47.34,11478.1693461,242.46
2019-08-05T00:00:00Z,46.46,11805.6537253,254.1
2019-08-02T00:00:00Z,49.03,10518.1746772,214.53
2019-08-01T00:00:00Z,50.09,10399.6694229,207.62
2019-07-31T00:00:00Z,51.19,10085.6277491,197.02
2019-07-30T00:00:00Z,50.17,9607.42368665,191.5
2019-07-29T00:00:00Z,50.39,9519.14591371,188.91
2019-07-26T00:00:00Z,49.92,9870.30353766,197.72
2019-07-25T00:00:00Z,49.75,9911.84226491,199.23
2019-07-24T00:00:00Z,50.14,9811.92618837,195.69
2019-07-23T00:00:00Z,50.18,9900.76801058,197.31
2019-07-22T00:00:00Z,49.8,10343.1061684,207.69
2019-07-19T00:00:00Z,48.68,10530.7326264,216.33
2019-07-18T00:00:00Z,49.42,10666.4828491,215.83
2019-07-17T00:00:00Z,48.87,9693.80272448,198.36
2019-07-16T00:00:00Z,49.14,9477.64204235,192.87
2019-07-15T00:00:00Z,49.31,10895.0893874,220.95
2019-07-12T00:00:00Z,48.85,11815.9866867,241.88
2019-07-11T00:00:00Z,48.48,11358.661752,234.3
2019-07-10T00:00:00Z,48.84,12156.5126313,248.9
2019-07-09T00:00:00Z,48.36,12573.8129407,260.0
2019-07-08T00:00:00Z,48.06,12285.958217,255.64
2019-07-05T00:00:00Z,49.08,10978.4599518,223.69
2019-07-03T00:00:00Z,49.12,11961.2693412,243.51
2019-07-02T00:00:00Z,48.72,10801.6779238,221.71
2019-07-01T00:00:00Z,48.43,10583.1345195,218.52
2019-06-28T00:00:00Z,47.56,12407.331998,260.88
2019-06-27T00:00:00Z,48,11182.8062855,232.98
2019-06-26T00:00:00Z,48.01,13016.2317442,271.12
2019-06-25T00:00:00Z,47,11790.916533,250.87
2019-06-24T00:00:00Z,47.72,11011.1024485,230.74
2019-06-21T00:00:00Z,47.77,10144.5567168,212.36
2019-06-20T00:00:00Z,47.93,9527.16035008,198.77
2019-06-19T00:00:00Z,47.55,9273.52176614,195.03
2019-06-18T00:00:00Z,47.69,9081.76285149,190.43
2019-06-17T00:00:00Z,46.59,9320.35218253,200.05
2019-06-14T00:00:00Z,46.32,8693.83281543,187.69
2019-06-13T00:00:00Z,46.65,8230.92383068,176.44
2019-06-12T00:00:00Z,46.66,8145.85747373,174.58
2019-06-11T00:00:00Z,46.81,7927.71435114,169.36
2019-06-10T00:00:00Z,46.28,8000.32982299,172.87
2019-06-07T00:00:00Z,45.69,8043.95135807,176.05
2019-06-06T00:00:00Z,44.51,7822.02338228,175.74
2019-06-05T00:00:00Z,43.86,7824.23153913,178.39
2019-06-04T00:00:00Z,43.17,7707.77077085,178.54
2019-06-03T00:00:00Z,41.64,8208.99482964,197.14
2019-05-31T00:00:00Z,42.07,8574.50164907,203.82
2019-05-30T00:00:00Z,42.85,8319.47222898,194.15
2019-05-29T00:00:00Z,42.62,8659.48775584,203.18
2019-05-28T00:00:00Z,42.83,8719.9617362,203.59
2019-05-24T00:00:00Z,43.01,7987.37156583,185.71
2019-05-23T00:00:00Z,43.17,7881.84672105,182.58
2019-05-22T00:00:00Z,43.92,7680.06654589,174.86
2019-05-21T00:00:00Z,44.84,7963.32777911,177.59
2019-05-20T00:00:00Z,44,7978.30907244,181.33
2019-05-17T00:00:00Z,45.42,7343.89571659,161.69
2019-05-16T00:00:00Z,45.68,7884.90929094,172.61
2019-05-15T00:00:00Z,45.88,8205.16749484,178.84
2019-05-14T00:00:00Z,45.34,7994.41615632,176.32
2019-05-13T00:00:00Z,44.63,7814.91513992,175.1
2019-05-10T00:00:00Z,47.38,6378.8489737,134.63
2019-05-09T00:00:00Z,48.05,6174.52868876,128.5
2019-05-08T00:00:00Z,48.57,5982.45732286,123.17
2019-05-07T00:00:00Z,48.56,5829.50151628,120.05
2019-05-06T00:00:00Z,49.91,5746.80700343,115.14
2019-05-03T00:00:00Z,50.69,5768.28940693,113.8
2019-05-02T00:00:00Z,50.07,5505.28367176,109.95
2019-05-01T00:00:00Z,50.39,5402.69709069,107.22
2019-04-30T00:00:00Z,48.04,5350.72669668,111.38
2019-04-29T00:00:00Z,48.98,5247.35253746,107.13
2019-04-26T00:00:00Z,48.91,5279.34821147,107.94
2019-04-25T00:00:00Z,49.14,5210.51555862,106.03
2019-04-24T00:00:00Z,49.59,5464.86664182,110.2
2019-04-23T00:00:00Z,49.67,5572.36206051,112.19
2019-04-22T00:00:00Z,48.96,5399.36541009,110.28
2019-04-18T00:00:00Z,48.8,5298.38569881,108.57
2019-04-17T00:00:00Z,48.63,5251.93818854,108.0
2019-04-16T00:00:00Z,47.7,5235.55941893,109.76
2019-04-15T00:00:00Z,47.69,5067.10847228,106.25
2019-04-12T00:00:00Z,47.61,5089.53891201,106.9
2019-04-11T00:00:00Z,47.62,5064.48767243,106.35
2019-04-10T00:00:00Z,48.02,5324.5518687,110.88
2019-04-09T00:00:00Z,47.76,5204.95837847,108.98
2019-04-08T00:00:00Z,47.9,5289.77104039,110.43
2019-04-05T00:00:00Z,47.16,5036.68110011,106.8
2019-04-04T00:00:00Z,46.84,4922.79878778,105.1
2019-04-03T00:00:00Z,46.76,4973.02181522,106.35
2019-04-02T00:00:00Z,46.44,4879.87782845,105.08
2019-04-01T00:00:00Z,45.78,4158.18307045,90.83
2019-03-29T00:00:00Z,45.47,4098.37454059,90.13
2019-03-28T00:00:00Z,45.18,4069.10714977,90.06
2019-03-27T00:00:00Z,45.12,4087.06622992,90.58
2019-03-26T00:00:00Z,44.71,3985.08080287,89.13
2019-03-25T00:00:00Z,45.18,3963.07065416,87.72
2019-03-22T00:00:00Z,45.73,4023.96816173,87.99
2019-03-21T00:00:00Z,46.7,4029.32690706,86.28
2019-03-20T00:00:00Z,45.04,4087.47629856,90.75
2019-03-19T00:00:00Z,44.65,4071.19020004,91.18
2019-03-18T00:00:00Z,45.01,4032.50738522,89.59
2019-03-15T00:00:00Z,44.55,3960.91118728,88.91
2019-03-14T00:00:00Z,43.98,3924.369118,89.23
2019-03-13T00:00:00Z,43.5,3906.71716859,89.81
2019-03-12T00:00:00Z,43.31,3909.15620907,90.26
2019-03-11T00:00:00Z,42.82,3905.22731979,91.2
2019-03-08T00:00:00Z,41.39,3901.13162355,94.25
2019-03-07T00:00:00Z,41.29,3911.4842891,94.73
2019-03-06T00:00:00Z,41.78,3903.9425832,93.44
2019-03-05T00:00:00Z,42.02,3896.37502308,92.73
2019-03-04T00:00:00Z,42.09,3761.55701842,89.37
2019-03-01T00:00:00Z,41.88,3859.58375221,92.16
2019-02-28T00:00:00Z,41.45,3854.78528208,93.0
2019-02-27T00:00:00Z,41.86,3851.04747978,92.0
2019-02-26T00:00:00Z,41.73,3854.35793575,92.36
2019-02-25T00:00:00Z,41.71,3882.69629339,93.09
2019-02-22T00:00:00Z,41.41,4005.52660406,96.73
2019-02-21T00:00:00Z,40.95,3954.1182433,96.56
2019-02-20T00:00:00Z,41.18,3999.82050882,97.13
2019-02-19T00:00:00Z,40.92,3947.09440657,96.46
2019-02-15T00:00:00Z,40.79,3620.81075285,88.77
2019-02-14T00:00:00Z,40.89,3616.88097021,88.45
2019-02-13T00:00:00Z,40.74,3632.07060268,89.15
2019-02-12T00:00:00Z,40.91,3653.52864497,89.31
2019-02-11T00:00:00Z,40.56,3648.43062774,89.95
2019-02-08T00:00:00Z,40.79,3666.78035061,89.89
2019-02-07T00:00:00Z,40.74,3399.47164359,83.44
2019-02-06T00:00:00Z,41.53,3413.7677183,82.2
2019-02-05T00:00:00Z,41.52,3466.35743916,83.49
2019-02-04T00:00:00Z,40.82,3459.15414635,84.74
2019-02-01T00:00:00Z,39.69,3487.94538683,87.88
2019-01-31T00:00:00Z,39.67,3457.79274724,87.16
2019-01-30T00:00:00Z,39.39,3486.18175093,88.5
2019-01-29T00:00:00Z,36.87,3448.11702209,93.52
2019-01-28T00:00:00Z,37.26,3470.45054223,93.14
2019-01-25T00:00:00Z,37.6,3599.7658879,95.74
2019-01-24T00:00:00Z,36.4,3600.86550122,98.92
2019-01-23T00:00:00Z,36.69,3585.12306636,97.71
2019-01-22T00:00:00Z,36.54,3604.57705248,98.65
2019-01-18T00:00:00Z,37.38,3657.83943502,97.86
2019-01-17T00:00:00Z,37.15,3678.56397636,99.02
2019-01-16T00:00:00Z,36.93,3655.00688578,98.97
2019-01-15T00:00:00Z,36.49,3630.67522467,99.5
2019-01-14T00:00:00Z,35.75,3706.05222041,103.67
2019-01-11T00:00:00Z,36.3,3687.3654818,101.58
2019-01-10T00:00:00Z,36.66,3678.92468128,100.35
2019-01-09T00:00:00Z,36.54,4035.29636921,110.44
2019-01-08T00:00:00Z,35.93,4030.84799935,112.19
2019-01-07T00:00:00Z,35.26,4025.24828708,114.16
2019-01-04T00:00:00Z,35.34,3857.71761887,109.16
2019-01-03T00:00:00Z,33.89,3836.74131867,113.21
2019-01-02T00:00:00Z,37.64,3943.40933686,104.77
2018-12-31T00:00:00Z,37.6,3742.70033544,99.54
2018-12-28T00:00:00Z,37.24,3923.91859424,105.37
2018-12-27T00:00:00Z,37.22,3654.83353854,98.2
2018-12-26T00:00:00Z,37.46,3857.29751969,102.97
2018-12-24T00:00:00Z,35,4078.59919478,116.53
2018-12-21T00:00:00Z,35.93,3896.54371704,108.45
2018-12-20T00:00:00Z,37.38,4134.44120304,110.61
2018-12-19T00:00:00Z,38.35,3745.95076478,97.68
2018-12-18T00:00:00Z,39.58,3696.05912776,93.38
2018-12-17T00:00:00Z,39.08,3545.86476058,90.73
2018-12-14T00:00:00Z,39.44,3242.48476281,82.21
2018-12-13T00:00:00Z,40.75,3313.67725772,81.32
2018-12-12T00:00:00Z,40.31,3486.95014412,86.5
2018-12-11T00:00:00Z,40.19,3424.58807495,85.21
2018-12-10T00:00:00Z,40.43,3502.65599577,86.64
2018-12-07T00:00:00Z,40.16,3419.93720035,85.16
2018-12-06T00:00:00Z,41.65,3521.10172384,84.54
2018-12-04T00:00:00Z,42.12,3956.89386975,93.94
2018-12-03T00:00:00Z,44.05,3894.1309069,88.4
2018-11-30T00:00:00Z,42.57,4017.26845712,94.37
2018-11-29T00:00:00Z,42.8,4278.84645524,99.97
2018-11-28T00:00:00Z,43.13,4257.42,98.71
2018-11-27T00:00:00Z,41.53,3820.72,92.0
2018-11-26T00:00:00Z,41.62,3779.13,90.8
2018-11-23T00:00:00Z,41.07,4347.11,105.85
2018-11-21T00:00:00Z,42.14,4602.17,109.21
2018-11-20T00:00:00Z,42.18,4451.87,105.54
2018-11-19T00:00:00Z,44.3,4871.49,109.97
2018-11-16T00:00:00Z,46.13,5575.55,120.87
2018-11-15T00:00:00Z,45.62,5648.03,123.81
2018-11-14T00:00:00Z,44.53,5738.35,128.86
2018-11-13T00:00:00Z,45.82,6359.49,138.79
2018-11-12T00:00:00Z,46.28,6371.27,137.67
2018-11-09T00:00:00Z,48.74,6385.62,131.01
2018-11-08T00:00:00Z,49.7,6453.72,129.85
2018-11-07T00:00:00Z,49.87,6530.14,130.94
2018-11-06T00:00:00Z,48.4,6461.01,133.49
2018-11-05T00:00:00Z,47.88,6419.66,134.08
2018-11-02T00:00:00Z,49.28,6388.44,129.64
2018-11-01T00:00:00Z,52.78,6377.78,120.84
2018-10-31T00:00:00Z,51.99,6317.61,121.52
2018-10-30T00:00:00Z,50.66,6334.27,125.03
2018-10-29T00:00:00Z,50.41,6332.63,125.62
2018-10-26T00:00:00Z,51.38,6474.75,126.02
2018-10-25T00:00:00Z,52.21,6476.29,124.04
2018-10-24T00:00:00Z,51.09,6495.84,127.15
2018-10-23T00:00:00Z,52.9,6475.74,122.41
2018-10-22T00:00:00Z,52.41,6487.16,123.78
2018-10-19T00:00:00Z,52.09,6465.41,124.12
2018-10-18T00:00:00Z,51.31,6476.71,126.23
2018-10-17T00:00:00Z,52.54,6544.43,124.56
2018-10-16T00:00:00Z,52.77,6596.11,125.0
2018-10-15T00:00:00Z,51.63,6596.54,127.77
2018-10-12T00:00:00Z,52.76,6274.58,118.93
2018-10-11T00:00:00Z,50.94,6256.24,122.82
2018-10-10T00:00:00Z,51.39,6585.53,128.15
2018-10-09T00:00:00Z,53.89,6642.64,123.26
2018-10-08T00:00:00Z,53.15,6652.23,125.16
2018-10-05T00:00:00Z,53.28,6622.48,124.3
2018-10-04T00:00:00Z,54.15,6576.69,121.45
2018-10-03T00:00:00Z,55.12,6502.59,117.97
2018-10-02T00:00:00Z,54.46,6556.1,120.38
2018-10-01T00:00:00Z,53.98,6589.62,122.08
2018-09-28T00:00:00Z,53.62,6644.13,123.91
2018-09-27T00:00:00Z,53.43,6676.75,124.96
2018-09-26T00:00:00Z,52.36,6495.0,124.05
2018-09-25T00:00:00Z,52.78,6446.47,122.14
2018-09-24T00:00:00Z,52.44,6595.41,125.77
2018-09-21T00:00:00Z,51.7,6734.95,130.27
2018-09-20T00:00:00Z,52.26,6519.67,124.75
2018-09-19T00:00:00Z,51.87,6398.54,123.36
2018-09-18T00:00:00Z,51.84,6371.3,122.9
2018-09-17T00:00:00Z,51.75,6281.2,121.38
2018-09-14T00:00:00Z,53.17,6512.71,122.49
2018-09-13T00:00:00Z,53.78,6517.31,121.18
2018-09-12T00:00:00Z,52.51,6351.8,120.96
2018-09-11T00:00:00Z,53.17,6321.2,118.89
2018-09-10T00:00:00Z,51.86,6329.7,122.05
2018-09-07T00:00:00Z,52.56,6467.07,123.04
2018-09-06T00:00:00Z,52.99,6529.17,123.22
2018-09-05T00:00:00Z,53.89,6792.83,126.05
2018-09-04T00:00:00Z,54.24,7361.66,135.72
2018-08-31T00:00:00Z,54.07,7037.58,130.16
2018-08-30T00:00:00Z,53.45,6978.23,130.56
2018-08-29T00:00:00Z,52.96,7047.16,133.07
2018-08-28T00:00:00Z,52.18,7096.28,136.0
2018-08-27T00:00:00Z,51.77,6884.64,132.99
2018-08-24T00:00:00Z,51.34,6719.96,130.89
2018-08-23T00:00:00Z,51.18,6534.88,127.68
2018-08-22T00:00:00Z,51.08,6376.71,124.84
2018-08-21T00:00:00Z,51.08,6488.76,127.03
2018-08-20T00:00:00Z,51.18,6308.53,123.26
2018-08-17T00:00:00Z,51.68,6580.63,127.33
2018-08-16T00:00:00Z,50.67,6334.73,125.02
2018-08-15T00:00:00Z,49.94,6308.52,126.32
2018-08-14T00:00:00Z,49.82,6199.71,124.44
2018-08-13T00:00:00Z,49.61,6297.57,126.94
2018-08-10T00:00:00Z,49.29,6184.71,125.48
2018-08-09T00:00:00Z,49.44,6568.23,132.85
2018-08-08T00:00:00Z,49.06,6305.8,128.53
2018-08-07T00:00:00Z,49.02,6753.12,137.76
2018-08-06T00:00:00Z,49.49,6951.8,140.47
2018-08-03T00:00:00Z,49.23,7434.39,151.01
2018-08-02T00:00:00Z,49.09,7567.15,154.15
2018-08-01T00:00:00Z,47.69,7624.91,159.88
2018-07-31T00:00:00Z,45.04,7780.44,172.75
2018-07-30T00:00:00Z,44.95,8180.48,181.99
2018-07-27T00:00:00Z,45.2,8165.009765625,180.64
2018-07-26T00:00:00Z,45.97,7951.580078125,172.97
2018-07-25T00:00:00Z,46.11,8181.3901367188,177.43
2018-07-24T00:00:00Z,45.68,8424.26953125,184.42
2018-07-23T00:00:00Z,45.35,7711.1098632813,170.04
2018-07-20T00:00:00Z,45.31,7354.1298828125,162.31
2018-07-19T00:00:00Z,45.42,7466.8598632813,164.4
2018-07-18T00:00:00Z,45.07,7370.7797851563,163.54
2018-07-17T00:00:00Z,45.32,7321.0400390625,161.54
2018-07-16T00:00:00Z,45.19,6741.75,149.19
2018-07-13T00:00:00Z,45.29,6238.0498046875,137.74
2018-07-12T00:00:00Z,45.22,6228.8100585938,137.74
2018-07-11T00:00:00Z,44.47,6394.7099609375,143.8
2018-07-10T00:00:00Z,45.06,6329.9501953125,140.48
2018-07-09T00:00:00Z,45.11,6741.75,149.45
2018-07-06T00:00:00Z,44.49,6673.5,150.0
2018-07-05T00:00:00Z,43.88,6639.1401367188,151.3
2018-07-03T00:00:00Z,43.53,6529.58984375,150.0
2018-07-02T00:00:00Z,44.31,6614.1801757813,149.27
2018-06-29T00:00:00Z,43.82,6218.2998046875,141.91
2018-06-28T00:00:00Z,43.91,5903.4399414063,134.44
2018-06-27T00:00:00Z,43.59,6157.1298828125,141.25
2018-06-26T00:00:00Z,43.65,6093.669921875,139.6
2018-06-25T00:00:00Z,43.12,6249.1801757813,144.93
2018-06-22T00:00:00Z,43.77,6083.6899414063,138.99
2018-06-21T00:00:00Z,43.9,6729.740234375,153.3
2018-06-20T00:00:00Z,44.14,6776.5498046875,153.52
2018-06-19T00:00:00Z,43.95,6769.9399414063,154.04
2018-06-18T00:00:00Z,44.67,6734.8198242188,150.77
2018-06-15T00:00:00Z,44.7,6456.580078125,144.44
2018-06-14T00:00:00Z,45.16,6675.3500976563,147.82
2018-06-13T00:00:00Z,45.14,6349.8999023438,140.67
2018-06-12T00:00:00Z,45.51,6582.3598632813,144.64
2018-06-11T00:00:00Z,45.26,6906.919921875,152.61
2018-06-08T00:00:00Z,45.37,7624.919921875,168.06
2018-06-07T00:00:00Z,45.79,7678.240234375,167.68
2018-06-06T00:00:00Z,45.91,7653.9799804688,166.72
2018-06-05T00:00:00Z,45.76,7633.759765625,166.82
2018-06-04T00:00:00Z,45.41,7736.88671875,170.38
2018-06-01T00:00:00Z,45.03,7541.4501953125,167.48
2018-05-31T00:00:00Z,44.23,7494.169921875,169.44
2018-05-30T00:00:00Z,44.38,7406.5200195313,166.89
2018-05-29T00:00:00Z,44.48,7472.58984375,168.0
2018-05-25T00:00:00Z,44.64,7480.1401367188,167.57
2018-05-24T00:00:00Z,44.53,7587.33984375,170.39
2018-05-23T00:00:00Z,44.58,7557.8198242188,169.53
2018-05-22T00:00:00Z,44.3,8041.7797851563,181.53
2018-05-21T00:00:00Z,44.41,8418.990234375,189.57
2018-05-18T00:00:00Z,44.1,8250.9697265625,187.1
2018-05-17T00:00:00Z,44.26,8094.3198242188,182.88
2018-05-16T00:00:00Z,44.54,8368.830078125,187.89
2018-05-15T00:00:00Z,44.13,8510.3798828125,192.85
2018-05-14T00:00:00Z,44.53,8716.7900390625,195.75
2018-05-11T00:00:00Z,44.64,8441.490234375,189.1
2018-05-10T00:00:00Z,44.81,9043.9404296875,201.83
2018-05-09T00:00:00Z,44.18,9325.1796875,211.07
2018-05-08T00:00:00Z,43.87,9234.8203125,210.5
2018-05-07T00:00:00Z,43.66,9373.009765625,214.68
2018-05-04T00:00:00Z,43.35,9700.759765625,223.78
2018-05-03T00:00:00Z,41.71,9743.8603515625,233.61
2018-05-02T00:00:00Z,41.63,9235.919921875,221.86
2018-05-01T00:00:00Z,39.87,9119.009765625,228.72
2018-04-30T00:00:00Z,38.97,9240.5498046875,237.12
2018-04-27T00:00:00Z,38.27,8987.0498046875,234.83
2018-04-26T00:00:00Z,38.72,9281.509765625,239.71
2018-04-25T00:00:00Z,38.59,8845.740234375,229.22
2018-04-24T00:00:00Z,38.42,9697.5,252.41
2018-04-23T00:00:00Z,38.96,8930.8798828125,229.23
2018-04-20T00:00:00Z,39.07,8845.830078125,226.41
2018-04-19T00:00:00Z,40.74,8294.3095703125,203.59
2018-04-18T00:00:00Z,41.93,8163.419921875,194.69
2018-04-17T00:00:00Z,42.03,7902.08984375,188.01
2018-04-16T00:00:00Z,41.46,8058.669921875,194.37
2018-04-13T00:00:00Z,41.2,7895.9599609375,191.65
2018-04-12T00:00:00Z,41.06,7889.25,192.14
2018-04-11T00:00:00Z,40.66,6968.3198242188,171.38
2018-04-10T00:00:00Z,40.85,6834.759765625,167.31
2018-04-09T00:00:00Z,40.1,6770.7299804688,168.85
2018-04-06T00:00:00Z,39.7,6636.3198242188,167.16
2018-04-05T00:00:00Z,40.74,6811.4702148438,167.19
2018-04-04T00:00:00Z,40.46,6853.83984375,169.4
2018-04-03T00:00:00Z,39.7,7456.1098632813,187.81
2018-04-02T00:00:00Z,39.3,7083.7998046875,180.25
2018-03-29T00:00:00Z,39.56,7165.7001953125,181.13
2018-03-28T00:00:00Z,39.25,7954.4799804688,202.66
2018-03-27T00:00:00Z,39.69,7833.0400390625,197.36
2018-03-26T00:00:00Z,40.74,8209.400390625,201.51
2018-03-23T00:00:00Z,38.89,8879.6201171875,228.33
2018-03-22T00:00:00Z,39.81,8728.4697265625,219.25
2018-03-21T00:00:00Z,40.38,8929.2802734375,221.13
2018-03-20T00:00:00Z,41.32,8913.4697265625,215.72
2018-03-19T00:00:00Z,41.33,8630.650390625,208.82
2018-03-16T00:00:00Z,41.98,8338.349609375,198.63
2018-03-15T00:00:00Z,42.12,8300.8603515625,197.08
2018-03-14T00:00:00Z,42.07,8269.8095703125,196.57
2018-03-13T00:00:00Z,42.43,9194.849609375,216.71
2018-03-12T00:00:00Z,42.85,9205.1201171875,214.82
2018-03-09T00:00:00Z,42.44,9337.5498046875,220.02
2018-03-08T00:00:00Z,41.72,9395.009765625,225.19
2018-03-07T00:00:00Z,41.27,9965.5703125,241.47
2018-03-06T00:00:00Z,41.66,10779.900390625,258.76
2018-03-05T00:00:00Z,41.69,11573.2998046875,277.6
2018-03-02T00:00:00Z,41.55,11086.400390625,266.82
2018-03-01T00:00:00Z,41.26,10951.0,265.41
2018-02-28T00:00:00Z,42,10397.900390625,247.57
2018-02-27T00:00:00Z,42.06,10725.599609375,255.01
2018-02-26T00:00:00Z,42.2,10366.7001953125,245.66
2018-02-23T00:00:00Z,41.38,10301.099609375,248.94
2018-02-22T00:00:00Z,40.67,10005.0,246.0
2018-02-21T00:00:00Z,40.34,10690.400390625,265.01
2018-02-20T00:00:00Z,40.52,11403.7001953125,281.43
2018-02-16T00:00:00Z,40.66,10233.900390625,251.69
2018-02-15T00:00:00Z,40.79,10166.400390625,249.24
2018-02-14T00:00:00Z,39.46,9494.6298828125,240.61
2018-02-13T00:00:00Z,38.75,8598.3095703125,221.89
2018-02-12T00:00:00Z,38.37,8926.5703125,232.64
2018-02-09T00:00:00Z,36.88,8736.98046875,236.9
2018-02-08T00:00:00Z,36.43,8265.58984375,226.89
2018-02-07T00:00:00Z,37.46,7621.2998046875,203.45
2018-02-06T00:00:00Z,38.28,7754.0,202.56
2018-02-05T00:00:00Z,36.75,6955.2700195313,189.26
2018-02-02T00:00:00Z,37.69,8830.75,234.3
2018-02-01T00:00:00Z,39.4,9170.5400390625,232.75
2018-01-31T00:00:00Z,39.32,10221.099609375,259.95
2018-01-30T00:00:00Z,39.21,10106.2998046875,257.75
2018-01-29T00:00:00Z,39.44,11296.400390625,286.42
2018-01-26T00:00:00Z,40.28,11171.400390625,277.34
2018-01-25T00:00:00Z,40.18,11259.400390625,280.22
2018-01-24T00:00:00Z,40.91,11359.400390625,277.67
2018-01-23T00:00:00Z,41.57,10868.400390625,261.45
2018-01-22T00:00:00Z,41.57,10931.400390625,262.96
2018-01-19T00:00:00Z,41.91,11607.400390625,276.96
2018-01-18T00:00:00Z,42.1,11474.900390625,272.56
2018-01-17T00:00:00Z,42.06,11188.599609375,266.02
2018-01-16T00:00:00Z,41.37,11490.5,277.75
2018-01-12T00:00:00Z,41.59,13980.599609375,336.15
2018-01-11T00:00:00Z,41.16,13405.7998046875,325.7
2018-01-10T00:00:00Z,40.93,14973.2998046875,365.83
2018-01-09T00:00:00Z,40.94,14595.400390625,356.51
2018-01-08T00:00:00Z,40.94,15170.099609375,370.54
2018-01-05T00:00:00Z,41.1,17429.5,424.08
2018-01-04T00:00:00Z,40.63,15599.2001953125,383.93
2018-01-03T00:00:00Z,40.44,15201.0,375.89
2018-01-02T00:00:00Z,40.45,14982.099609375,370.39
2017-12-29T00:00:00Z,39.74,14656.2001953125,368.8
2017-12-28T00:00:00Z,40.17,14606.5,363.62
2017-12-27T00:00:00Z,40.06,15838.5,395.37
2017-12-26T00:00:00Z,40.06,16099.7998046875,401.89
2017-12-22T00:00:00Z,41.1,13831.7998046875,336.54
2017-12-21T00:00:00Z,41.1,15802.900390625,384.5
2017-12-20T00:00:00Z,40.94,16624.599609375,406.07
2017-12-19T00:00:00Z,40.99,17776.69921875,433.68
2017-12-18T00:00:00Z,41.43,19114.19921875,461.36
2017-12-15T00:00:00Z,40.85,17706.900390625,433.46
2017-12-14T00:00:00Z,40.44,16564.0,409.59
2017-12-13T00:00:00Z,40.45,16408.19921875,405.64
2017-12-12T00:00:00Z,40.32,17415.400390625,431.93
2017-12-11T00:00:00Z,40.55,16936.80078125,417.68
2017-12-08T00:00:00Z,39.77,16569.400390625,416.63
2017-12-07T00:00:00Z,39.76,17899.69921875,450.19
2017-12-06T00:00:00Z,39.69,14291.5,360.08
2017-12-05T00:00:00Z,39.84,11916.7001953125,299.11
2017-12-04T00:00:00Z,39.87,11657.2001953125,292.38
2017-12-01T00:00:00Z,40.17,10975.599609375,273.23
2017-11-30T00:00:00Z,40.36,10233.599609375,253.56
2017-11-29T00:00:00Z,39.8,9888.6103515625,248.46
2017-11-28T00:00:00Z,40.64,10058.7998046875,247.51
2017-11-27T00:00:00Z,40.88,9818.349609375,240.17
2017-11-24T00:00:00Z,41.09,8253.6904296875,200.87
2017-11-22T00:00:00Z,41.09,8253.5498046875,200.87
2017-11-21T00:00:00Z,40.66,8071.259765625,198.51
2017-11-20T00:00:00Z,39.92,8200.6396484375,205.43
2017-11-17T00:00:00Z,39.96,7708.990234375,192.92
2017-11-16T00:00:00Z,40.18,7871.6899414063,195.91
2017-11-15T00:00:00Z,39.71,7315.5400390625,184.22
2017-11-14T00:00:00Z,40.24,6635.75,164.9
2017-11-13T00:00:00Z,40.85,6559.490234375,160.58
2017-11-10T00:00:00Z,41.02,6618.1401367188,161.34
2017-11-09T00:00:00Z,41.15,7143.580078125,173.6
2017-11-08T00:00:00Z,41.24,7459.6899414063,180.88
2017-11-07T00:00:00Z,40.9,7144.3798828125,174.68
2017-11-06T00:00:00Z,40.77,7022.759765625,172.25
2017-11-03T00:00:00Z,40.36,7207.759765625,178.59
2017-11-02T00:00:00Z,39.34,7078.5,179.93
2017-11-01T00:00:00Z,39.05,6767.3100585938,173.3
2017-10-31T00:00:00Z,39.55,6468.3999023438,163.55
2017-10-30T00:00:00Z,39.01,6130.5297851563,157.15
2017-10-27T00:00:00Z,38.15,5780.8999023438,151.53
2017-10-26T00:00:00Z,36.83,5904.830078125,160.33
2017-10-25T00:00:00Z,36.6,5750.7998046875,157.13
2017-10-24T00:00:00Z,36.76,5526.6401367188,150.34
2017-10-23T00:00:00Z,36.54,5930.3198242188,162.3
2017-10-20T00:00:00Z,36.56,6011.4501953125,164.43
2017-10-19T00:00:00Z,36.5,5708.5200195313,156.4
2017-10-18T00:00:00Z,37.38,5590.6899414063,149.56
2017-10-17T00:00:00Z,37.55,5605.509765625,149.28
2017-10-16T00:00:00Z,37.41,5725.58984375,153.05
2017-10-13T00:00:00Z,36.73,5647.2099609375,153.75
2017-10-12T00:00:00Z,36.5,5446.91015625,149.23
2017-10-11T00:00:00Z,36.63,4826.4799804688,131.76
2017-10-10T00:00:00Z,36.48,4781.990234375,131.09
2017-10-09T00:00:00Z,36.47,4772.0200195313,130.85
2017-10-06T00:00:00Z,36.34,4370.8100585938,120.28
2017-10-05T00:00:00Z,36.36,4328.41015625,119.04
2017-10-04T00:00:00Z,35.91,4229.3598632813,117.78
2017-10-03T00:00:00Z,36.15,4317.4799804688,119.43
2017-10-02T00:00:00Z,35.99,4409.3198242188,122.52
2017-09-29T00:00:00Z,36.06,4163.0698242188,115.45
2017-09-28T00:00:00Z,35.87,4174.7299804688,116.39
2017-09-27T00:00:00Z,36.09,4200.669921875,116.39
2017-09-26T00:00:00Z,35.83,3892.3500976563,108.63
2017-09-25T00:00:00Z,35.23,3926.0700683594,111.44
2017-09-22T00:00:00Z,35.54,3630.6999511719,102.16
2017-09-21T00:00:00Z,35.89,3631.0400390625,101.17
2017-09-20T00:00:00Z,36.52,3905.9499511719,106.95
2017-09-19T00:00:00Z,37.14,3924.9699707031,105.68
2017-09-18T00:00:00Z,37.13,4065.1999511719,109.49
2017-09-15T00:00:00Z,37.41,3637.5200195313,97.23
2017-09-14T00:00:00Z,37.04,3154.9499511719,85.18
2017-09-13T00:00:00Z,37.36,3882.5900878906,103.92
2017-09-12T00:00:00Z,37.64,4130.8100585938,109.75
2017-09-11T00:00:00Z,37.79,4161.2700195313,110.12
2017-09-08T00:00:00Z,37.12,4228.75,113.92
2017-09-07T00:00:00Z,37.73,4599.8798828125,121.92
2017-09-06T00:00:00Z,37.89,4597.1201171875,121.33
2017-09-05T00:00:00Z,37.93,4376.5297851563,115.38
2017-09-01T00:00:00Z,38.39,4892.009765625,127.43
2017-08-31T00:00:00Z,38.37,4703.3901367188,122.58
2017-08-30T00:00:00Z,38.22,4565.2998046875,119.45
2017-08-29T00:00:00Z,38.12,4579.0200195313,120.12
2017-08-28T00:00:00Z,37.78,4382.66015625,116.0
2017-08-25T00:00:00Z,37.41,4371.6000976563,116.86
2017-08-24T00:00:00Z,37.27,4334.6801757813,116.3
2017-08-23T00:00:00Z,37.43,4151.5200195313,110.91
2017-08-22T00:00:00Z,37.39,4100.5200195313,109.67
2017-08-21T00:00:00Z,36.79,4001.7399902344,108.77
2017-08-18T00:00:00Z,36.85,4160.6201171875,112.91
2017-08-17T00:00:00Z,36.94,4331.6899414063,117.26
2017-08-16T00:00:00Z,37.66,4376.6298828125,116.21
2017-08-15T00:00:00Z,37.81,4181.9301757813,110.6
2017-08-14T00:00:00Z,37.4,4325.1298828125,115.65
2017-08-11T00:00:00Z,36.85,3650.6201171875,99.07
2017-08-10T00:00:00Z,36.34,3381.2800292969,93.05
2017-08-09T00:00:00Z,37.54,3342.4699707031,89.04
2017-08-08T00:00:00Z,37.31,3419.9399414063,91.66
2017-08-07T00:00:00Z,37.01,3378.9399414063,91.3
2017-08-04T00:00:00Z,36.45,2895.8898925781,79.45
2017-08-03T00:00:00Z,36.26,2804.7299804688,77.35
2017-08-02T00:00:00Z,36.63,2710.669921875,74.0
2017-08-01T00:00:00Z,34.97,2718.2600097656,77.73
2017-07-31T00:00:00Z,34.67,2875.3400878906,82.93
2017-07-28T00:00:00Z,34.84,2809.0100097656,80.63
2017-07-27T00:00:00Z,35.09,2671.7800292969,76.14
2017-07-26T00:00:00Z,35.77,2529.4499511719,70.71
2017-07-25T00:00:00Z,35.6,2576.4799804688,72.37
2017-07-24T00:00:00Z,35.45,2754.8601074219,77.71
2017-07-21T00:00:00Z,35.02,2667.7600097656,76.18
2017-07-20T00:00:00Z,35.04,2817.6000976563,80.41
2017-07-19T00:00:00Z,35.2,2273.4299316406,64.59
2017-07-18T00:00:00Z,34.98,2318.8798828125,66.29
2017-07-17T00:00:00Z,34.86,2228.4099121094,63.92
2017-07-14T00:00:00Z,34.74,2233.3400878906,64.29
2017-07-13T00:00:00Z,34.44,2357.8999023438,68.46
2017-07-12T00:00:00Z,33.97,2398.8400878906,70.62
2017-07-11T00:00:00Z,33.92,2337.7900390625,68.92
2017-07-10T00:00:00Z,33.81,2372.5600585938,70.17
2017-07-07T00:00:00Z,33.6,2518.6599121094,74.96
2017-07-06T00:00:00Z,33.27,2608.5600585938,78.41
2017-07-05T00:00:00Z,33.58,2601.9899902344,77.49
2017-07-03T00:00:00Z,33.45,2564.0600585938,76.65
2017-06-30T00:00:00Z,33.57,2480.8400878906,73.9
2017-06-29T00:00:00Z,33.49,2539.3200683594,75.82
2017-06-28T00:00:00Z,33.99,2574.7900390625,75.75
2017-06-27T00:00:00Z,33.5,2552.4499511719,76.19
2017-06-26T00:00:00Z,33.99,2478.4499511719,72.92
2017-06-23T00:00:00Z,34.09,2744.9099121094,80.52
2017-06-22T00:00:00Z,33.94,2705.4099121094,79.71
2017-06-21T00:00:00Z,34,2689.1000976563,79.09
2017-06-20T00:00:00Z,33.8,2721.7900390625,80.53
2017-06-19T00:00:00Z,34.11,2589.6000976563,75.92
2017-06-16T00:00:00Z,33.16,2518.5600585938,75.95
2017-06-15T00:00:00Z,33.63,2464.580078125,73.29
2017-06-14T00:00:00Z,33.83,2506.3701171875,74.09
2017-06-13T00:00:00Z,34.17,2717.0200195313,79.51
2017-06-12T00:00:00Z,33.89,2659.6298828125,78.48
2017-06-09T00:00:00Z,34.72,2823.8100585938,81.33
2017-06-08T00:00:00Z,36.12,2805.6201171875,77.67
2017-06-07T00:00:00Z,36.21,2732.1599121094,75.45
2017-06-06T00:00:00Z,36,2863.1999511719,79.53
2017-06-05T00:00:00Z,35.88,2686.8100585938,74.88
2017-06-02T00:00:00Z,36.23,2488.5500488281,68.69
2017-06-01T00:00:00Z,35.7,2407.8798828125,67.45
2017-05-31T00:00:00Z,35.6,2286.4099121094,64.22
2017-05-30T00:00:00Z,35.82,2175.4699707031,60.73
2017-05-26T00:00:00Z,35.8,2202.419921875,61.52
2017-05-25T00:00:00Z,35.86,2304.9799804688,64.28
2017-05-24T00:00:00Z,35.74,2443.6398925781,68.37
2017-05-23T00:00:00Z,35.85,2320.419921875,64.73
2017-05-22T00:00:00Z,35.89,2173.3999023438,60.56
2017-05-19T00:00:00Z,35.67,1987.7099609375,55.72
2017-05-18T00:00:00Z,35.55,1888.6500244141,53.13
2017-05-17T00:00:00Z,35.02,1839.0899658203,52.52
2017-05-16T00:00:00Z,36.24,1734.4499511719,47.86
2017-05-15T00:00:00Z,36.29,1738.4300537109,47.9
2017-05-12T00:00:00Z,36.38,1724.2399902344,47.4
2017-05-11T00:00:00Z,35.88,1848.5699462891,51.52
2017-05-10T00:00:00Z,35.57,1787.1300048828,50.24
2017-05-09T00:00:00Z,35.74,1755.3599853516,49.11
2017-05-08T00:00:00Z,35.52,1723.3499755859,48.52
2017-05-05T00:00:00Z,34.58,1555.4499511719,44.98
2017-05-04T00:00:00Z,34.01,1537.6700439453,45.21
2017-05-03T00:00:00Z,34.14,1490.0899658203,43.65
2017-05-02T00:00:00Z,34.24,1452.8199462891,42.43
2017-05-01T00:00:00Z,34.02,1421.5999755859,41.79
2017-04-28T00:00:00Z,33.34,1316.4799804688,39.49
2017-04-27T00:00:00Z,33.38,1317.7299804688,39.48
2017-04-26T00:00:00Z,33.35,1281.0799560547,38.41
2017-04-25T00:00:00Z,33.55,1265.4899902344,37.72
2017-04-24T00:00:00Z,33.34,1250.1500244141,37.5
2017-04-21T00:00:00Z,33.02,1222.0500488281,37.01
2017-04-20T00:00:00Z,33.06,1229.0799560547,37.18
2017-04-19T00:00:00Z,32.65,1210.2900390625,37.07
2017-04-18T00:00:00Z,32.77,1211.6700439453,36.97
2017-04-17T00:00:00Z,32.92,1193.9100341797,36.27
2017-04-13T00:00:00Z,32.74,1169.2800292969,35.71
2017-04-12T00:00:00Z,32.91,1200.3699951172,36.47
2017-04-11T00:00:00Z,32.87,1205.0100097656,36.66
2017-04-10T00:00:00Z,33.23,1187.1300048828,35.72
2017-04-07T00:00:00Z,33.27,1176.9000244141,35.37
2017-04-06T00:00:00Z,33.35,1182.6800537109,35.46
2017-04-05T00:00:00Z,33.43,1124.7800292969,33.65
2017-04-04T00:00:00Z,33.6,1133.25,33.73
2017-04-03T00:00:00Z,33.36,1143.8100585938,34.29
2017-03-31T00:00:00Z,33.35,1071.7900390625,32.14
2017-03-30T00:00:00Z,33.41,1026.4300537109,30.72
2017-03-29T00:00:00Z,33.45,1039.9699707031,31.09
2017-03-28T00:00:00Z,33.38,1047.1500244141,31.37
2017-03-27T00:00:00Z,32.7,1045.7700195313,31.98
2017-03-24T00:00:00Z,32.64,937.5200195313,28.72
2017-03-23T00:00:00Z,32.71,1038.5899658203,31.75
2017-03-22T00:00:00Z,32.83,1049.1400146484,31.96
2017-03-21T00:00:00Z,32.46,1120.5400390625,34.52
2017-03-20T00:00:00Z,32.84,1054.2299804688,32.1
2017-03-17T00:00:00Z,32.49,1100.2299804688,33.86
2017-03-16T00:00:00Z,32.66,1187.8100585938,36.37
2017-03-15T00:00:00Z,32.6,1249.6099853516,38.33
2017-03-14T00:00:00Z,32.26,1240.0,38.44
2017-03-13T00:00:00Z,32.31,1231.9200439453,38.13
2017-03-10T00:00:00Z,32.3,1116.7199707031,34.57
2017-03-09T00:00:00Z,32.19,1188.4899902344,36.92
2017-03-08T00:00:00Z,32.26,1150.0,35.65
2017-03-07T00:00:00Z,32.38,1223.5400390625,37.79
2017-03-06T00:00:00Z,32.34,1272.8299560547,39.36
2017-03-03T00:00:00Z,32.45,1274.9899902344,39.29
2017-03-02T00:00:00Z,32.25,1251.0100097656,38.79
2017-03-01T00:00:00Z,32.45,1222.5,37.67
2017-02-28T00:00:00Z,31.8,1179.9699707031,37.11
2017-02-27T00:00:00Z,31.78,1179.9699707031,37.13
2017-02-24T00:00:00Z,31.72,1173.6800537109,37.0
2017-02-23T00:00:00Z,31.69,1166.7199707031,36.82
2017-02-22T00:00:00Z,31.83,1117.4399414063,35.11
2017-02-21T00:00:00Z,31.73,1115.3000488281,35.15
2017-02-17T00:00:00Z,31.5,1046.2099609375,33.21
2017-02-16T00:00:00Z,31.42,1027.4399414063,32.7
2017-02-15T00:00:00Z,31.45,1007.4799804688,32.03
2017-02-14T00:00:00Z,31.34,1004.549987793,32.05
2017-02-13T00:00:00Z,30.94,990.6420288086,32.02
2017-02-10T00:00:00Z,30.67,988.6740112305,32.24
2017-02-09T00:00:00Z,30.74,994.3829956055,32.35
2017-02-08T00:00:00Z,30.52,1063.0699462891,34.83
2017-02-07T00:00:00Z,30.4,1061.3499755859,34.91
2017-02-06T00:00:00Z,30.11,1038.1500244141,34.48
2017-02-03T00:00:00Z,29.83,1029.9100341797,34.53
2017-02-02T00:00:00Z,29.71,1011.799987793,34.06
2017-02-01T00:00:00Z,29.76,989.0230102539,33.23
2017-01-31T00:00:00Z,28.05,970.4030151367,34.6
2017-01-30T00:00:00Z,28.11,920.382019043,32.74
2017-01-27T00:00:00Z,28.18,919.75,32.64
2017-01-26T00:00:00Z,28.18,917.5859985352,32.56
2017-01-25T00:00:00Z,28.17,901.5419921875,32.0
2017-01-24T00:00:00Z,27.73,892.6870117188,32.19
2017-01-23T00:00:00Z,27.75,921.0120239258,33.19
2017-01-20T00:00:00Z,27.73,895.0260009766,32.28
2017-01-19T00:00:00Z,27.68,899.0729980469,32.48
2017-01-18T00:00:00Z,27.73,886.617980957,31.97
2017-01-17T00:00:00Z,27.73,907.9379882813,32.74
2017-01-13T00:00:00Z,27.51,823.9840087891,29.95
2017-01-12T00:00:00Z,27.56,804.833984375,29.2
2017-01-11T00:00:00Z,27.68,777.757019043,28.1
2017-01-10T00:00:00Z,27.53,907.6790161133,32.97
2017-01-09T00:00:00Z,27.5,902.8280029297,32.83
2017-01-06T00:00:00Z,27.25,902.2009887695,33.11
2017-01-05T00:00:00Z,26.95,1013.3800048828,37.6
2017-01-04T00:00:00Z,26.81,1154.7299804688,43.07
2017-01-03T00:00:00Z,26.84,1043.8399658203,38.89
2016-12-30T00:00:00Z,26.77,961.2379760742,35.91
2016-12-29T00:00:00Z,26.98,973.4970092773,36.08
2016-12-28T00:00:00Z,26.98,975.9210205078,36.17
2016-12-27T00:00:00Z,27.1,933.1979980469,34.44
2016-12-23T00:00:00Z,26.93,921.9840087891,34.24
2016-12-22T00:00:00Z,26.88,864.5399780273,32.16
2016-12-21T00:00:00Z,27.05,834.2810058594,30.84
2016-12-20T00:00:00Z,27.03,800.8759765625,29.63
2016-12-19T00:00:00Z,26.96,792.7139892578,29.4
2016-12-16T00:00:00Z,26.8,784.9069824219,29.29
2016-12-15T00:00:00Z,26.77,778.0880126953,29.07
2016-12-14T00:00:00Z,26.62,781.4810180664,29.36
2016-12-13T00:00:00Z,26.62,780.5560302734,29.32
2016-12-12T00:00:00Z,26.19,780.0869750977,29.79
2016-12-09T00:00:00Z,26.34,772.7940063477,29.34
2016-12-08T00:00:00Z,25.91,770.8099975586,29.75
2016-12-07T00:00:00Z,25.66,768.132019043,29.93
2016-12-06T00:00:00Z,25.41,764.2239990234,30.08
2016-12-05T00:00:00Z,25.22,758.700012207,30.08
2016-12-02T00:00:00Z,25.4,777.9439697266,30.63
2016-12-01T00:00:00Z,25.3,756.7739868164,29.91
2016-11-30T00:00:00Z,25.54,745.6909790039,29.2
2016-11-29T00:00:00Z,25.76,735.6040039063,28.56
2016-11-28T00:00:00Z,25.79,735.8129882813,28.53
2016-11-25T00:00:00Z,25.84,741.6489868164,28.7
2016-11-23T00:00:00Z,25.71,744.5939941406,28.96
2016-11-22T00:00:00Z,25.84,751.3469848633,29.08
2016-11-21T00:00:00Z,25.82,739.2479858398,28.63
2016-11-18T00:00:00Z,25.44,751.5850219727,29.54
2016-11-17T00:00:00Z,25.41,740.9769897461,29.16
2016-11-16T00:00:00Z,25.42,744.1979980469,29.28
2016-11-15T00:00:00Z,24.75,711.6190185547,28.75
2016-11-14T00:00:00Z,24.43,705.0209960938,28.86
2016-11-11T00:00:00Z,25.06,716.4110107422,28.59
2016-11-10T00:00:00Z,24.91,715.533996582,28.72
2016-11-09T00:00:00Z,25.63,723.2730102539,28.22
2016-11-08T00:00:00Z,25.67,709.8480224609,27.65
2016-11-07T00:00:00Z,25.52,703.1309814453,27.55
2016-11-04T00:00:00Z,25.15,703.2349853516,27.96
2016-11-03T00:00:00Z,25.38,688.700012207,27.14
2016-11-02T00:00:00Z,25.66,740.8289794922,28.87
2016-11-01T00:00:00Z,25.64,729.7930297852,28.46
2016-10-31T00:00:00Z,26.11,700.9719848633,26.85
2016-10-28T00:00:00Z,26.15,689.6510009766,26.37
2016-10-27T00:00:00Z,26.32,688.3129882813,26.15
2016-10-26T00:00:00Z,26.58,678.3040161133,25.52
2016-10-25T00:00:00Z,27.19,657.5880126953,24.18
2016-10-24T00:00:00Z,27.05,653.7609863281,24.17
2016-10-21T00:00:00Z,26.81,632.8280029297,23.6
2016-10-20T00:00:00Z,26.92,630.8569946289,23.43
2016-10-19T00:00:00Z,26.93,630.5200195313,23.41
2016-10-18T00:00:00Z,27.01,637.9600219727,23.62
2016-10-17T00:00:00Z,27.03,639.1929931641,23.65
2016-10-14T00:00:00Z,27.05,640.3779907227,23.67
2016-10-13T00:00:00Z,26.9,636.7860107422,23.67
2016-10-12T00:00:00Z,26.98,636.1920166016,23.58
2016-10-11T00:00:00Z,26.74,641.0720214844,23.97
2016-10-10T00:00:00Z,26.68,618.9940185547,23.2
2016-10-07T00:00:00Z,26.23,617.1209716797,23.53
2016-10-06T00:00:00Z,26.19,613.0209960938,23.41
2016-10-05T00:00:00Z,25.99,612.5109863281,23.57
2016-10-04T00:00:00Z,25.98,610.2039794922,23.49
2016-10-03T00:00:00Z,25.87,612.1329956055,23.66
2016-09-30T00:00:00Z,25.99,609.7349853516,23.46
2016-09-29T00:00:00Z,25.79,605.6929931641,23.49
2016-09-28T00:00:00Z,26.2,604.7280273438,23.08
2016-09-27T00:00:00Z,26,606.166015625,23.31
2016-09-26T00:00:00Z,25.95,608.0430297852,23.43
2016-09-23T00:00:00Z,25.92,602.8419799805,23.26
2016-09-22T00:00:00Z,26.36,596.2979736328,22.62
2016-09-21T00:00:00Z,26.11,597.1489868164,22.87
2016-09-20T00:00:00Z,26.11,608.3120117188,23.3
2016-09-19T00:00:00Z,26.12,609.2269897461,23.32
2016-09-16T00:00:00Z,26.42,606.9730224609,22.97
2016-09-15T00:00:00Z,26.57,607.1550292969,22.85
2016-09-14T00:00:00Z,25.7,610.6840209961,23.76
2016-09-13T00:00:00Z,24.82,609.241027832,24.55
2016-09-12T00:00:00Z,24.24,608.242980957,25.09
2016-09-09T00:00:00Z,23.71,622.8610229492,26.27
2016-09-08T00:00:00Z,24.26,626.3159790039,25.82
2016-09-07T00:00:00Z,24.92,614.5440063477,24.66
2016-09-06T00:00:00Z,24.76,610.4359741211,24.65
2016-09-02T00:00:00Z,24.77,575.5369873047,23.24
2016-09-01T00:00:00Z,24.54,572.3029785156,23.32
2016-08-31T00:00:00Z,24.4,575.4719848633,23.58
2016-08-30T00:00:00Z,24.37,577.5029907227,23.7
2016-08-29T00:00:00Z,24.56,574.1069946289,23.38
2016-08-26T00:00:00Z,24.59,579.6510009766,23.57
2016-08-25T00:00:00Z,24.73,577.7609863281,23.36
2016-08-24T00:00:00Z,24.84,580.1820068359,23.36
2016-08-23T00:00:00Z,25.03,583.4149780273,23.31
2016-08-22T00:00:00Z,24.95,586.7529907227,23.52
2016-08-19T00:00:00Z,25.15,575.6300048828,22.89
2016-08-18T00:00:00Z,25.08,574.3179931641,22.9
2016-08-17T00:00:00Z,25.11,573.216003418,22.83
2016-08-16T00:00:00Z,25.15,577.4390258789,22.96
2016-08-15T00:00:00Z,25.17,567.2399902344,22.54
2016-08-12T00:00:00Z,24.87,587.5590209961,23.63
2016-08-11T00:00:00Z,24.82,589.1199951172,23.74
2016-08-10T00:00:00Z,24.83,592.1030273438,23.85
2016-08-09T00:00:00Z,25.02,587.8010253906,23.49
2016-08-08T00:00:00Z,24.92,591.0540161133,23.72
2016-08-05T00:00:00Z,24.71,575.0430297852,23.27
2016-08-04T00:00:00Z,24.34,578.2890014648,23.76
2016-08-03T00:00:00Z,24.19,566.3549804688,23.41
2016-08-02T00:00:00Z,23.89,547.4650268555,22.92
2016-08-01T00:00:00Z,24.25,606.2719726563,25.0
2016-07-29T00:00:00Z,23.83,656.9920043945,27.57
2016-07-28T00:00:00Z,23.86,655.0349731445,27.45
2016-07-27T00:00:00Z,23.54,654.3519897461,27.8
2016-07-26T00:00:00Z,22.11,651.783996582,29.48
2016-07-25T00:00:00Z,22.26,654.0969848633,29.38
2016-07-22T00:00:00Z,22.56,650.6190185547,28.84
2016-07-21T00:00:00Z,22.74,665.0120239258,29.24
2016-07-20T00:00:00Z,22.86,665.6849975586,29.12
2016-07-19T00:00:00Z,22.84,672.8640136719,29.46
2016-07-18T00:00:00Z,22.83,673.1060180664,29.48
2016-07-15T00:00:00Z,22.59,663.2550048828,29.36
2016-07-14T00:00:00Z,22.59,658.0780029297,29.13
2016-07-13T00:00:00Z,22.15,654.4680175781,29.55
2016-07-12T00:00:00Z,22.28,664.5510253906,29.83
2016-07-11T00:00:00Z,22.18,647.658996582,29.2
2016-07-08T00:00:00Z,22.11,666.5230102539,30.15
2016-07-07T00:00:00Z,21.94,640.5620117188,29.2
2016-07-06T00:00:00Z,32.82,677.3309936523,20.64
2016-07-05T00:00:00Z,21.72,670.6270141602,30.88
2016-07-01T00:00:00Z,21.93,676.2960205078,30.84
2016-06-30T00:00:00Z,21.86,673.3369750977,30.8
2016-06-29T00:00:00Z,21.59,639.8900146484,29.64
2016-06-28T00:00:00Z,21.4,647.0009765625,30.23
2016-06-27T00:00:00Z,21.05,655.2750244141,31.13
2016-06-24T00:00:00Z,21.36,665.2990112305,31.15
2016-06-23T00:00:00Z,21.98,623.9769897461,28.39
2016-06-22T00:00:00Z,21.85,596.116027832,27.28
2016-06-21T00:00:00Z,21.93,666.6519775391,30.4
2016-06-20T00:00:00Z,21.75,737.2260131836,33.9
2016-06-17T00:00:00Z,21.8,748.908996582,34.35
2016-06-16T00:00:00Z,22.31,766.3079833984,34.35
2016-06-15T00:00:00Z,22.22,694.4689941406,31.25
2016-06-14T00:00:00Z,22.29,685.5590209961,30.76
2016-06-13T00:00:00Z,22.26,704.3759765625,31.64
2016-06-10T00:00:00Z,22.6,577.4699707031,25.55
2016-06-09T00:00:00Z,22.79,574.6300048828,25.21
2016-06-08T00:00:00Z,22.63,581.6450195313,25.7
2016-06-07T00:00:00Z,22.65,576.5969848633,25.46
2016-06-06T00:00:00Z,22.56,585.5369873047,25.95
2016-06-03T00:00:00Z,22.39,569.1939697266,25.42
2016-06-02T00:00:00Z,22.35,537.9719848633,24.07
2016-06-01T00:00:00Z,22.52,536.9199829102,23.84
2016-05-31T00:00:00Z,22.84,531.3859863281,23.27
2016-05-27T00:00:00Z,22.95,473.4639892578,20.63
2016-05-26T00:00:00Z,22.96,453.3840026855,19.75
2016-05-25T00:00:00Z,22.78,449.5989990234,19.74
2016-05-24T00:00:00Z,22.39,445.9809875488,19.92
2016-05-23T00:00:00Z,22.05,444.1549987793,20.14
2016-05-20T00:00:00Z,21.78,442.675994873,20.32
2016-05-19T00:00:00Z,21.54,438.7149963379,20.37
2016-05-18T00:00:00Z,21.63,454.6189880371,21.02
2016-05-17T00:00:00Z,21.38,453.782989502,21.22
2016-05-16T00:00:00Z,21.47,454.1629943848,21.15
2016-05-13T00:00:00Z,20.7,455.6700134277,22.01
2016-05-12T00:00:00Z,20.66,454.7659912109,22.01
2016-05-11T00:00:00Z,21.16,452.7279968262,21.4
2016-05-10T00:00:00Z,21.36,450.8949890137,21.11
2016-05-09T00:00:00Z,21.22,460.483001709,21.7
2016-05-06T00:00:00Z,21.2,459.6029968262,21.68
2016-05-05T00:00:00Z,21.32,447.9760131836,21.01
2016-05-04T00:00:00Z,21.41,446.7219848633,20.87
2016-05-03T00:00:00Z,21.64,450.3039855957,20.81
2016-05-02T00:00:00Z,21.29,444.6690063477,20.89
2016-04-29T00:00:00Z,21.31,455.0969848633,21.36
2016-04-28T00:00:00Z,21.56,449.0109863281,20.83
2016-04-27T00:00:00Z,22.24,444.6870117188,19.99
2016-04-26T00:00:00Z,23.72,466.0889892578,19.65
2016-04-25T00:00:00Z,23.89,461.425994873,19.31
2016-04-22T00:00:00Z,24.02,445.7369995117,18.56
2016-04-21T00:00:00Z,24.09,449.424987793,18.66
2016-04-20T00:00:00Z,24.35,441.3890075684,18.13
2016-04-19T00:00:00Z,24.3,435.5090026855,17.92
2016-04-18T00:00:00Z,24.43,428.591003418,17.54
2016-04-15T00:00:00Z,24.97,429.7130126953,17.21
2016-04-14T00:00:00Z,25.48,424.2820129395,16.65
2016-04-13T00:00:00Z,25.47,423.7340087891,16.64
2016-04-12T00:00:00Z,25.1,425.1900024414,16.94
2016-04-11T00:00:00Z,24.78,422.483001709,17.05
2016-04-08T00:00:00Z,24.7,420.3489990234,17.02
2016-04-07T00:00:00Z,24.67,422.7449951172,17.14
2016-04-06T00:00:00Z,25.22,423.4129943848,16.79
2016-04-05T00:00:00Z,24.96,424.0299987793,16.99
2016-04-04T00:00:00Z,25.26,421.4440002441,16.68
2016-04-01T00:00:00Z,25,417.9599914551,16.72
2016-03-31T00:00:00Z,24.77,416.7290039063,16.82
2016-03-30T00:00:00Z,24.9,414.8160095215,16.66
2016-03-29T00:00:00Z,24.48,416.5159912109,17.01
2016-03-28T00:00:00Z,23.91,424.2309875488,17.74
2016-03-24T00:00:00Z,24.02,416.3940124512,17.34
2016-03-23T00:00:00Z,24.12,418.0409851074,17.33
2016-03-22T00:00:00Z,24.26,418.0889892578,17.23
2016-03-21T00:00:00Z,24.07,413.3070068359,17.17
2016-03-18T00:00:00Z,24.08,409.5480041504,17.01
2016-03-17T00:00:00Z,24.05,420.6210021973,17.49
2016-03-16T00:00:00Z,24.09,417.0109863281,17.31
2016-03-15T00:00:00Z,23.77,416.8299865723,17.54
2016-03-14T00:00:00Z,23.3,416.4379882813,17.87
2016-03-11T00:00:00Z,23.24,421.6900024414,18.15
2016-03-10T00:00:00Z,23,417.1310119629,18.14
2016-03-09T00:00:00Z,22.99,414.8599853516,18.05
2016-03-08T00:00:00Z,22.97,413.9719848633,18.02
2016-03-07T00:00:00Z,23.16,414.3210144043,17.89
2016-03-04T00:00:00Z,23.42,410.9389953613,17.55
2016-03-03T00:00:00Z,23.07,421.6510009766,18.28
2016-03-02T00:00:00Z,22.9,423.9890136719,18.51
2016-03-01T00:00:00Z,22.85,435.1229858398,19.04
2016-02-29T00:00:00Z,21.98,437.6969909668,19.91
2016-02-26T00:00:00Z,22.03,432.1520080566,19.62
2016-02-25T00:00:00Z,21.99,424.5440063477,19.31
2016-02-24T00:00:00Z,21.84,424.9549865723,19.46
2016-02-23T00:00:00Z,21.52,420.7359924316,19.55
2016-02-22T00:00:00Z,22.02,437.7479858398,19.88
2016-02-19T00:00:00Z,21.83,420.7850036621,19.28
2016-02-18T00:00:00Z,21.88,422.3729858398,19.3
2016-02-17T00:00:00Z,22.3,416.3219909668,18.67
2016-02-16T00:00:00Z,21.97,407.4880065918,18.55
2016-02-12T00:00:00Z,21.36,384.2630004883,17.99
2016-02-11T00:00:00Z,21.3,379.6539916992,17.82
2016-02-10T00:00:00Z,21.43,381.6489868164,17.81
2016-02-09T00:00:00Z,21.59,376.0289916992,17.42
2016-02-08T00:00:00Z,21.6,373.4469909668,17.29
2016-02-05T00:00:00Z,21.37,386.5490112305,18.09
2016-02-04T00:00:00Z,21.96,389.5939941406,17.74
2016-02-03T00:00:00Z,21.78,369.949005127,16.99
2016-02-02T00:00:00Z,21.36,374.4479980469,17.53
2016-02-01T00:00:00Z,21.8,373.0559997559,17.11
2016-01-29T00:00:00Z,22.01,379.4739990234,17.24
2016-01-28T00:00:00Z,21.27,380.2890014648,17.88
2016-01-27T00:00:00Z,21.12,394.9719848633,18.7
2016-01-26T00:00:00Z,22.61,392.1530151367,17.34
2016-01-25T00:00:00Z,22.48,391.7260131836,17.43
2016-01-22T00:00:00Z,22.93,382.4920043945,16.68
2016-01-21T00:00:00Z,21.77,410.2619934082,18.85
2016-01-20T00:00:00Z,21.88,420.2300109863,19.21
2016-01-19T00:00:00Z,21.85,380.1489868164,17.4
2016-01-15T00:00:00Z,21.96,364.3309936523,16.59
2016-01-14T00:00:00Z,22.5,430.3059997559,19.12
2016-01-13T00:00:00Z,22.02,432.3710021973,19.64
2016-01-12T00:00:00Z,22.6,435.6900024414,19.28
2016-01-11T00:00:00Z,22.28,448.4280090332,20.13
2016-01-08T00:00:00Z,21.92,453.2300109863,20.68
2016-01-07T00:00:00Z,21.81,458.0480041504,21.0
2016-01-06T00:00:00Z,22.77,429.1050109863,18.85
2016-01-05T00:00:00Z,23.22,431.9599914551,18.6
2016-01-04T00:00:00Z,23.82,433.091003418,18.18
2015-12-31T00:00:00Z,23.8,430.566986084,18.09
2015-12-30T00:00:00Z,24.26,426.6199951172,17.59
2015-12-29T00:00:00Z,24.58,432.983001709,17.62
2015-12-28T00:00:00Z,24.15,422.2789916992,17.49
2015-12-24T00:00:00Z,24.42,454.9849853516,18.63
2015-12-23T00:00:00Z,24.56,442.4010009766,18.01
2015-12-22T00:00:00Z,24.24,436.5719909668,18.01
2015-12-21T00:00:00Z,24.27,438.6390075684,18.07
2015-12-18T00:00:00Z,23.97,463.6159973145,19.34
2015-12-17T00:00:00Z,24.64,456.0780029297,18.51
2015-12-16T00:00:00Z,25.17,454.9339904785,18.07
2015-12-15T00:00:00Z,24.98,465.3210144043,18.63
2015-12-14T00:00:00Z,25.43,444.1820068359,17.47
2015-12-11T00:00:00Z,25.59,451.9379882813,17.66
2015-12-10T00:00:00Z,26.26,415.4790039063,15.82
2015-12-09T00:00:00Z,26.14,417.5629882813,15.97
2015-12-08T00:00:00Z,26.73,415.5629882813,15.55
2015-12-07T00:00:00Z,26.74,395.5360107422,14.79
2015-12-04T00:00:00Z,26.91,363.183013916,13.5
2015-12-03T00:00:00Z,26.04,361.0459899902,13.87
2015-12-02T00:00:00Z,26.29,359.1870117188,13.66
2015-12-01T00:00:00Z,26.53,362.4880065918,13.66
2015-11-30T00:00:00Z,26.75,377.3210144043,14.11
2015-11-27T00:00:00Z,26.64,358.0419921875,13.44
2015-11-25T00:00:00Z,26.68,328.2059936523,12.3
2015-11-24T00:00:00Z,26.88,320.0459899902,11.91
2015-11-23T00:00:00Z,26.62,323.0459899902,12.14
2015-11-20T00:00:00Z,26.97,322.0220031738,11.94
2015-11-19T00:00:00Z,26.85,326.1489868164,12.15
2015-11-18T00:00:00Z,26.52,334.5899963379,12.62
2015-11-17T00:00:00Z,25.7,335.0939941406,13.04
2015-11-16T00:00:00Z,25.81,330.7510070801,12.81
2015-11-13T00:00:00Z,25.4,336.7529907227,13.26
2015-11-12T00:00:00Z,26.16,338.1520080566,12.93
2015-11-11T00:00:00Z,26.25,311.0840148926,11.85
2015-11-10T00:00:00Z,26.4,336.8190002441,12.76
2015-11-09T00:00:00Z,27.26,380.2569885254,13.95
2015-11-06T00:00:00Z,27.37,374.4700012207,13.68
2015-11-05T00:00:00Z,27.34,386.3540039063,14.13
2015-11-04T00:00:00Z,27.46,411.5629882813,14.99
2015-11-03T00:00:00Z,27.59,403.4169921875,14.62
2015-11-02T00:00:00Z,27.28,361.1889953613,13.24
2015-10-30T00:00:00Z,26.9,328.0150146484,12.19
2015-10-29T00:00:00Z,27.13,313.8550109863,11.57
2015-10-28T00:00:00Z,26.85,304.6180114746,11.35
2015-10-27T00:00:00Z,25.79,293.7879943848,11.39
2015-10-26T00:00:00Z,25.95,285.299987793,10.99
2015-10-23T00:00:00Z,26.81,276.4960021973,10.31
2015-10-22T00:00:00Z,26,274.0230102539,10.54
2015-10-21T00:00:00Z,25.61,266.2720031738,10.4
2015-10-20T00:00:00Z,25.61,269.4630126953,10.52
2015-10-19T00:00:00Z,25.15,263.4370117188,10.47
2015-10-16T00:00:00Z,25,262.8689880371,10.51
2015-10-15T00:00:00Z,25.18,254.3200073242,10.1
2015-10-14T00:00:00Z,24.81,251.9889984131,10.16
2015-10-13T00:00:00Z,25.17,249.5079956055,9.91
2015-10-12T00:00:00Z,25.12,245.3079986572,9.77
2015-10-09T00:00:00Z,25.24,243.9309997559,9.66
2015-10-08T00:00:00Z,24.65,242.3040008545,9.83
2015-10-07T00:00:00Z,24.94,242.9689941406,9.74
2015-10-06T00:00:00Z,25.06,246.06300354,9.82
2015-10-05T00:00:00Z,24.94,240.3829956055,9.64
2015-10-02T00:00:00Z,24.85,237.2929992676,9.55
2015-10-01T00:00:00Z,24.67,237.5489959717,9.63
2015-09-30T00:00:00Z,24.75,236.0599975586,9.54
2015-09-29T00:00:00Z,24.55,236.68699646,9.64
2015-09-28T00:00:00Z,25.31,239.141998291,9.45
2015-09-25T00:00:00Z,25.82,235.1439971924,9.11
2015-09-24T00:00:00Z,25.89,234.529006958,9.06
2015-09-23T00:00:00Z,25.74,230.2830047607,8.95
2015-09-22T00:00:00Z,25.53,230.6179962158,9.03
2015-09-21T00:00:00Z,25.94,227.0850067139,8.75
2015-09-18T00:00:00Z,25.54,232.9750061035,9.12
2015-09-17T00:00:00Z,25.65,229.8099975586,8.96
2015-09-16T00:00:00Z,26.21,229.091003418,8.74
2015-09-15T00:00:00Z,26.18,230.3040008545,8.8
2015-09-14T00:00:00Z,25.96,230.6439971924,8.88
2015-09-11T00:00:00Z,25.71,240.1069946289,9.34
2015-09-10T00:00:00Z,25.34,238.4770050049,9.41
2015-09-09T00:00:00Z,24.8,238.1679992676,9.6
2015-09-08T00:00:00Z,25.28,243.6069946289,9.64
2015-09-04T00:00:00Z,24.6,230.2980041504,9.36
2015-09-03T00:00:00Z,24.85,227.1829986572,9.14
2015-09-02T00:00:00Z,25.29,229.283996582,9.07
2015-09-01T00:00:00Z,24.25,228.1210021973,9.41
2015-08-31T00:00:00Z,25.38,230.0559997559,9.06
2015-08-28T00:00:00Z,25.5,231.3959960938,9.07
2015-08-27T00:00:00Z,25.42,224.7689971924,8.84
2015-08-26T00:00:00Z,24.69,225.8309936523,9.15
2015-08-25T00:00:00Z,23.35,221.6089935303,9.49
2015-08-24T00:00:00Z,23.21,210.4949951172,9.07
2015-08-21T00:00:00Z,23.81,232.5690002441,9.77
2015-08-20T00:00:00Z,25.36,235.3500061035,9.28
2015-08-19T00:00:00Z,25.89,226.6840057373,8.76
2015-08-18T00:00:00Z,26.23,211.078994751,8.05
2015-08-17T00:00:00Z,26.38,257.9760131836,9.78
2015-08-14T00:00:00Z,26.11,265.6799926758,10.18
2015-08-13T00:00:00Z,25.92,264.0799865723,10.19
2015-08-12T00:00:00Z,25.94,266.3760070801,10.27
2015-08-11T00:00:00Z,25.55,270.3859863281,10.58
2015-08-10T00:00:00Z,26.95,264.4700012207,9.81
2015-08-07T00:00:00Z,26.01,279.5849914551,10.75
2015-08-06T00:00:00Z,25.92,278.5769958496,10.75
2015-08-05T00:00:00Z,25.86,281.8819885254,10.9
2015-08-04T00:00:00Z,25.69,285.2179870605,11.1
2015-08-03T00:00:00Z,26.54,281.2269897461,10.6
2015-07-31T00:00:00Z,27.18,284.6499938965,10.47
2015-07-30T00:00:00Z,27.42,287.7219848633,10.49
2015-07-29T00:00:00Z,27.56,289.5899963379,10.51
2015-07-28T00:00:00Z,27.65,294.4270019531,10.65
2015-07-27T00:00:00Z,27.51,293.6239929199,10.67
2015-07-24T00:00:00Z,27.9,288.2780151367,10.33
2015-07-23T00:00:00Z,28.05,276.0490112305,9.84
2015-07-22T00:00:00Z,28.06,277.2219848633,9.88
2015-07-21T00:00:00Z,29.3,275.8330078125,9.41
2015-07-20T00:00:00Z,29.6,278.9809875488,9.43
2015-07-17T00:00:00Z,29.05,279.4719848633,9.62
2015-07-16T00:00:00Z,28.8,278.0889892578,9.66
2015-07-15T00:00:00Z,28.42,285.8290100098,10.06
2015-07-14T00:00:00Z,28.15,287.4639892578,10.21
2015-07-13T00:00:00Z,28.16,292.0539855957,10.37
2015-07-10T00:00:00Z,27.63,284.8940124512,10.31
2015-07-09T00:00:00Z,26.91,269.2279968262,10.0
2015-07-08T00:00:00Z,27.47,270.7850036621,9.86
2015-07-07T00:00:00Z,28.17,266.2070007324,9.45
2015-07-06T00:00:00Z,28.24,269.0299987793,9.53
2015-07-02T00:00:00Z,28.34,255.4120025635,9.01
2015-07-01T00:00:00Z,28.37,258.6210021973,9.12
2015-06-30T00:00:00Z,28.11,263.0719909668,9.36
2015-06-29T00:00:00Z,27.91,257.0639953613,9.21
2015-06-26T00:00:00Z,28.41,243.5939941406,8.57
2015-06-25T00:00:00Z,28.57,242.7989959717,8.5
2015-06-24T00:00:00Z,28.71,240.5149993896,8.38
2015-06-23T00:00:00Z,28.47,244.296005249,8.58
2015-06-22T00:00:00Z,28.6,246.9900054932,8.64
2015-06-19T00:00:00Z,28.37,244.6060028076,8.62
2015-06-18T00:00:00Z,28.66,249.0070037842,8.69
2015-06-17T00:00:00Z,28.53,249.283996582,8.74
2015-06-16T00:00:00Z,28.6,250.8950042725,8.77
2015-06-15T00:00:00Z,28.44,236.8229980469,8.33
2015-06-12T00:00:00Z,28.5,229.9819946289,8.07
2015-06-11T00:00:00Z,28.82,229.7050018311,7.97
2015-06-10T00:00:00Z,28.88,228.8029937744,7.92
2015-06-09T00:00:00Z,28.56,229.0480041504,8.02
2015-06-08T00:00:00Z,28.64,228.4889984131,7.98
2015-06-05T00:00:00Z,28.83,224.9519958496,7.8
2015-06-04T00:00:00Z,28.99,224.324005127,7.74
2015-06-03T00:00:00Z,29.16,225.8739929199,7.75
2015-06-02T00:00:00Z,29.12,225.8029937744,7.75
2015-06-01T00:00:00Z,29.25,222.925994873,7.62
2015-05-29T00:00:00Z,29.2,237.095993042,8.12
2015-05-28T00:00:00Z,29.53,237.4080047607,8.04
2015-05-27T00:00:00Z,29.59,237.2830047607,8.02
2015-05-26T00:00:00Z,29.05,237.1159973145,8.16
2015-05-22T00:00:00Z,29.7,240.3480072021,8.09
2015-05-21T00:00:00Z,29.45,235.3439941406,7.99
2015-05-20T00:00:00Z,29.15,234.0180053711,8.03
2015-05-19T00:00:00Z,29.15,231.9470062256,7.96
2015-05-18T00:00:00Z,29.18,233.1280059814,7.99
2015-05-15T00:00:00Z,28.86,237.6049957275,8.23
2015-05-14T00:00:00Z,28.9,236.9290008545,8.2
2015-05-13T00:00:00Z,28.24,236.3769989014,8.37
2015-05-12T00:00:00Z,28.21,241.1119995117,8.55
2015-05-11T00:00:00Z,28.31,242.1580047607,8.55
2015-05-08T00:00:00Z,28.6,243.8630065918,8.53
2015-05-07T00:00:00Z,28.07,237.3339996338,8.46
2015-05-06T00:00:00Z,27.9,229.7819976807,8.24
2015-05-05T00:00:00Z,28.08,236.1210021973,8.41
2015-05-04T00:00:00Z,28.72,239.0180053711,8.32
2015-05-01T00:00:00Z,28.78,232.078994751,8.06
2015-04-30T00:00:00Z,27.93,236.1450042725,8.45
2015-04-29T00:00:00Z,28.71,225.8079986572,7.87
2015-04-28T00:00:00Z,29.14,225.8549957275,7.75
2015-04-27T00:00:00Z,29.6,229.2859954834,7.75
2015-04-24T00:00:00Z,29.08,231.2680053711,7.95
2015-04-23T00:00:00Z,28.94,236.4620056152,8.17
2015-04-22T00:00:00Z,28.7,234.175994873,8.16
2015-04-21T00:00:00Z,28.32,235.2689971924,8.31
2015-04-20T00:00:00Z,28.48,224.6260070801,7.89
2015-04-17T00:00:00Z,27.84,222.8820037842,8.01
2015-04-16T00:00:00Z,28.16,228.5729980469,8.12
2015-04-15T00:00:00Z,28.29,223.8329925537,7.91
2015-04-14T00:00:00Z,28.19,219.158996582,7.77
2015-04-13T00:00:00Z,28.31,224.5870056152,7.93
2015-04-10T00:00:00Z,28.37,236.0720062256,8.32
2015-04-09T00:00:00Z,28.24,243.675994873,8.63
2015-04-08T00:00:00Z,28.03,245.0220031738,8.74
2015-04-07T00:00:00Z,28.12,253.1799926758,9.0
2015-04-06T00:00:00Z,28.42,255.4920043945,8.99
2015-04-02T00:00:00Z,27.97,253.0050048828,9.05
2015-04-01T00:00:00Z,27.73,247.2720031738,8.92
2015-03-31T00:00:00Z,27.77,244.2239990234,8.79
2015-03-30T00:00:00Z,28.2,247.5260009766,8.78
2015-03-27T00:00:00Z,27.51,247.029006958,8.98
2015-03-26T00:00:00Z,27.73,248.5319976807,8.96
2015-03-25T00:00:00Z,27.54,246.1970062256,8.94
2015-03-24T00:00:00Z,28.27,245.5950012207,8.69
2015-03-23T00:00:00Z,28.39,266.7399902344,9.4
2015-03-20T00:00:00Z,28.1,261.7489929199,9.31
2015-03-19T00:00:00Z,28.45,260.9280090332,9.17
2015-03-18T00:00:00Z,28.67,256.2990112305,8.94
2015-03-17T00:00:00Z,28.35,285.5050048828,10.07
2015-03-16T00:00:00Z,27.89,290.5929870605,10.42
2015-03-13T00:00:00Z,27.58,285.3370056152,10.35
2015-03-12T00:00:00Z,27.77,294.3540039063,10.6
2015-03-11T00:00:00Z,27.28,296.3789978027,10.86
2015-03-10T00:00:00Z,27.79,291.7600097656,10.5
2015-03-09T00:00:00Z,28.37,289.6069946289,10.21
2015-03-06T00:00:00Z,28.25,272.7229919434,9.65
2015-03-05T00:00:00Z,28.21,276.1780090332,9.79
2015-03-04T00:00:00Z,28.69,273.092010498,9.52
2015-03-03T00:00:00Z,28.87,281.7019958496,9.76
2015-03-02T00:00:00Z,28.81,275.6700134277,9.57
2015-02-27T00:00:00Z,28.67,253.8280029297,8.85
2015-02-26T00:00:00Z,29.11,236.425994873,8.12
2015-02-25T00:00:00Z,28.74,237.4700012207,8.26
2015-02-24T00:00:00Z,29.5,238.7350006104,8.09
2015-02-23T00:00:00Z,29.68,238.891998291,8.05
2015-02-20T00:00:00Z,28.9,243.779006958,8.44
2015-02-19T00:00:00Z,28.67,240.2830047607,8.38
2015-02-18T00:00:00Z,28.73,236.3260040283,8.23
2015-02-17T00:00:00Z,28.53,243.6100006104,8.54
2015-02-13T00:00:00Z,28.36,235.4270019531,8.3
2015-02-12T00:00:00Z,28.22,221.7640075684,7.86
2015-02-11T00:00:00Z,27.87,219.1849975586,7.86
2015-02-10T00:00:00Z,27.23,219.8390045166,8.07
2015-02-09T00:00:00Z,26.72,220.1100006104,8.24
2015-02-06T00:00:00Z,26.54,222.2660064697,8.37
2015-02-05T00:00:00Z,26.77,217.1109924316,8.11
2015-02-04T00:00:00Z,26.58,226.8529968262,8.53
2015-02-03T00:00:00Z,26.38,227.2680053711,8.62
2015-02-02T00:00:00Z,26.37,238.2290039063,9.03
2015-01-30T00:00:00Z,26.04,226.4250030518,8.7
2015-01-29T00:00:00Z,26.43,233.5130004883,8.84
2015-01-28T00:00:00Z,25.63,233.9149932861,9.13
2015-01-27T00:00:00Z,24.26,263.4750061035,10.86
2015-01-26T00:00:00Z,25.14,273.4729919434,10.88
2015-01-23T00:00:00Z,25.12,232.8789978027,9.27
2015-01-22T00:00:00Z,24.99,233.4060058594,9.34
2015-01-21T00:00:00Z,24.35,226.8970031738,9.32
2015-01-20T00:00:00Z,24.17,211.3150024414,8.74
2015-01-16T00:00:00Z,23.56,208.0970001221,8.83
2015-01-15T00:00:00Z,23.75,209.8439941406,8.84
2015-01-14T00:00:00Z,24.41,178.1029968262,7.3
2015-01-13T00:00:00Z,24.5,225.8609924316,9.22
2015-01-12T00:00:00Z,24.29,267.7959899902,11.02
2015-01-09T00:00:00Z,24.9,290.407989502,11.66
2015-01-08T00:00:00Z,24.87,283.3489990234,11.39
2015-01-07T00:00:00Z,23.95,294.3370056152,12.29
2015-01-06T00:00:00Z,23.62,286.1889953613,12.12
2015-01-05T00:00:00Z,23.62,274.4739990234,11.62
2015-01-02T00:00:00Z,24.3,315.0320129395,12.96
