Datetime,BTC.D,USDT.D
2026-09-04,59.8634,6.7276
2026-09-03,59.5756,7.0357
2026-09-02,59.6186,7.0315
2026-09-01,59.7082,6.9409
2026-08-31,59.6967,7.0193
2026-08-30,59.5129,6.9469
2026-08-29,59.561,6.9877
2026-08-28,59.7101,6.7922
2026-08-27,59.5586,6.8794
2026-08-26,59.8131,6.9517
2026-08-25,59.5987,6.8873
2026-08-24,59.1695,6.9457
2026-08-23,59.2835,7.017
2026-08-22,59.4697,6.9251
2026-08-21,59.2811,7.4032
2026-08-20,58.8085,7.7393
2026-08-19,58.9047,8.3012
2026-08-18,58.803,8.3106
2026-08-17,58.3911,8.4723
2026-08-16,58.423,8.4505
2026-08-15,58.3664,8.4491
2026-08-14,58.4552,8.4044
2026-08-13,58.5199,8.4143
2026-08-12,58.4654,8.3907
2026-08-11,58.7087,8.3808
2026-08-10,58.9086,8.2909
2026-08-09,58.859,8.2791
2026-08-08,59.0299,8.3092
2026-08-07,58.832,8.3648
2026-08-06,58.837,8.3211
2026-08-05,58.7589,8.3804
2026-08-04,58.5446,8.4275
2026-08-03,58.4967,8.4162
2026-08-02,58.5326,8.5188
2026-08-01,58.405,8.4924
2026-07-31,58.8041,8.3043
2026-07-30,58.6576,8.3953
2026-07-29,58.5583,8.3924
2026-07-28,58.6387,8.429
2026-07-27,58.6687,8.2296
2026-07-26,58.6907,8.3696
2026-07-25,58.729,8.4041
2026-07-24,58.9473,8.3129
2026-07-23,58.9378,8.1811
2026-07-22,59.0128,8.1409
2026-07-21,58.7049,8.259
2026-07-20,58.6991,8.3279
2026-07-19,58.7837,8.3257
2026-07-18,58.516,8.4054
2026-07-17,58.4248,8.4066
2026-07-16,58.358,8.2771
2026-07-15,58.504,8.2663
2026-07-14,58.1836,8.5806
2026-07-13,58.4112,8.4124
2026-07-12,58.4779,8.4189
2026-07-11,58.4887,8.3767
2026-07-10,58.4364,8.4947
2026-07-09,58.1037,8.5757
2026-07-08,58.2362,8.4525
2026-07-07,58.2153,8.3574
2026-07-06,58.0507,8.3884
2026-07-05,57.9143,8.4316
2026-07-04,57.8341,8.4918
2026-07-03,57.9463,8.6531
2026-07-02,57.9257,8.8666
2026-07-01,57.6599,9.0572
2026-06-30,57.8966,8.8702
2026-06-29,58.0148,8.9988
2026-06-28,58.1403,8.9695
2026-06-27,58.0008,8.9527
2026-06-26,58.0728,9.0256
2026-06-25,58.1805,8.8547
2026-06-24,58.4409,8.6587
2026-06-23,58.5006,8.4945
2026-06-22,58.3109,8.564
2026-06-21,58.4439,8.4517
2026-06-20,58.336,8.5352
2026-06-19,58.0882,8.5844
2026-06-18,58.2482,8.4034
2026-06-17,58.4218,8.2801
2026-06-16,58.5397,8.2127
2026-06-15,58.7646,8.3184
2026-06-14,58.6627,8.4725
2026-06-13,58.5673,8.5786
2026-06-12,58.4698,8.5667
2026-06-11,58.2979,8.8368
2026-06-10,58.0509,8.7741
2026-06-09,58.1216,8.5892
2026-06-08,58.2393,8.5839
2026-06-07,58.2034,8.926
2026-06-06,58.1748,8.9126
2026-06-05,57.9126,8.4861
2026-06-04,57.3313,8.3794
2026-06-03,58.0881,8.1594
2026-06-02,58.6363,7.7072
2026-06-01,59.2305,7.5571
2026-05-31,59.298,7.5571
2026-05-30,59.476,7.6295
2026-05-29,59.6052,7.6394
2026-05-28,59.7148,7.5806
2026-05-27,59.8726,7.461
2026-05-26,60.0261,7.3426
2026-05-25,60.0834,7.3806
2026-05-24,59.9206,7.3929
2026-05-23,59.8595,7.5048
2026-05-22,59.9798,7.3213
2026-05-21,60.1647,7.3534
2026-05-20,60.2126,7.4288
2026-05-19,60.114,7.3984
2026-05-18,60.2516,7.3717
2026-05-17,60.1942,7.2992
2026-05-16,60.1658,7.21
2026-05-15,60.2425,7.0426
2026-05-14,59.998,7.1708
2026-05-13,60.1625,7.083
2026-05-12,60.1544,6.9733
2026-05-11,60.1625,6.9372
2026-05-10,60.1535,7.0638
2026-05-09,60.0308,7.0905
2026-05-08,60.3362,7.1412
2026-05-07,60.4407,7.0289
2026-05-06,60.5409,7.0843
2026-05-05,60.5702,7.1845
2026-05-04,60.3608,7.2756
2026-05-03,60.4187,7.2706
2026-05-02,60.3784,7.311
2026-05-01,60.0353,7.4516
2026-04-30,59.8359,7.4819
2026-04-29,59.8556,7.4295
2026-04-28,60.0384,7.3557
2026-04-27,60.0425,7.2368
2026-04-26,59.9978,7.3205
2026-04-25,59.9157,7.318
2026-04-24,60.0894,7.2548
2026-04-23,59.9697,7.239
2026-04-22,59.6048,7.3611
2026-04-21,59.5635,7.3947
2026-04-20,59.2437,7.537
2026-04-19,59.3544,7.3436
2026-04-18,59.1738,7.1687
2026-04-17,58.8656,7.2991
2026-04-16,59.1553,7.3494
2026-04-15,59.1771,7.3951
2026-04-14,59.0885,7.3468
2026-04-13,58.8005,7.6847
2026-04-12,59.0471,7.4637
2026-04-11,59.1501,7.4755
2026-04-10,58.9868,7.5694
2026-04-09,58.8573,7.6144
2026-04-08,58.7047,7.5074
2026-04-07,58.5454,7.8222
2026-04-06,58.4894,7.8015
2026-04-05,58.0873,7.9428
2026-04-04,58.084,7.9848
2026-04-03,58.1008,7.9934
2026-04-02,58.0117,7.8407
2026-04-01,58.1975,7.8493
2026-03-31,58.003,8.001
2026-03-30,57.8964,8.0773
2026-03-29,57.9106,8.0345
2026-03-28,57.9639,8.0396
2026-03-27,58.3307,7.8057
2026-03-26,58.4225,7.5414
2026-03-25,58.349,7.6166
2026-03-24,58.4511,7.5891
2026-03-23,58.0662,7.8792
2026-03-22,58.1525,7.78
2026-03-21,58.362,7.6193
2026-03-20,58.2034,7.6637
2026-03-19,58.3076,7.5332
2026-03-18,58.4988,7.2831
2026-03-17,58.5796,7.2023
2026-03-16,58.826,7.4363
2026-03-15,58.7661,7.5941
2026-03-14,58.7378,7.6166
2026-03-13,58.6906,7.6585
2026-03-12,58.7023,7.6913
2026-03-11,58.776,7.7288
2026-03-10,58.544,7.8683
2026-03-09,58.1218,8.1004
2026-03-08,58.3604,7.9766
2026-03-07,58.5263,7.896
2026-03-06,58.8972,7.6387
2026-03-05,59.1958,7.4821
2026-03-04,58.5303,7.8728
2026-03-03,58.4597,7.8066
2026-03-02,57.9156,8.0919
2026-03-01,58.1458,7.9716
2026-02-28,57.9767,8.0833
2026-02-27,57.9748,7.8916
2026-02-26,57.9181,7.825
2026-02-25,57.8675,8.2952
2026-02-24,58.0576,8.251
2026-02-23,58.4373,7.9349
2026-02-22,58.2659,7.8715
2026-02-21,58.2733,7.8723
2026-02-20,58.2124,7.9866
2026-02-19,57.9903,8.0196
2026-02-18,57.9461,7.8897
2026-02-17,58.2925,7.7797
2026-02-16,58.4728,7.8121
2026-02-15,58.0978,7.6532
2026-02-14,58.4235,7.7977
2026-02-13,58.1676,8.0798
2026-02-12,58.5552,8.042
2026-02-11,58.7084,7.8594
2026-02-10,58.6644,7.7097
2026-02-09,58.7483,7.7094
2026-02-08,58.3231,7.7673
2026-02-07,58.7204,7.6874
2026-02-06,57.9165,8.5289
2026-02-05,58.868,7.4541
2026-02-04,59.0594,7.2251
2026-02-03,59.3776,6.9883
2026-02-02,59.353,7.1492
2026-02-01,59.0654,6.9675
2026-01-31,59.1663,6.5313
2026-01-30,58.7564,6.4596
2026-01-29,58.9858,6.1562
2026-01-28,58.9068,6.1579
2026-01-27,59.0879,6.2435
2026-01-26,59.2585,6.3863
2026-01-25,59.1336,6.1947
2026-01-24,59.2154,6.1785
2026-01-23,59.2235,6.1844
2026-01-22,59.0726,6.1773
2026-01-21,59.1367,6.2603
2026-01-20,59.0704,5.9671
2026-01-19,58.9582,5.8874
2026-01-18,58.9283,5.7948
2026-01-17,59.0675,5.7838
2026-01-16,59.0676,5.782
2026-01-15,58.9718,5.6912
2026-01-14,58.6414,5.754
2026-01-13,58.6883,6.0211
2026-01-12,58.4756,6.0228
2026-01-11,58.4788,6.0536
2026-01-10,58.5158,6.0492
2026-01-09,58.5242,6.0165
2026-01-08,58.3237,5.979
2026-01-07,58.229,5.8159
2026-01-06,58.4391,5.8284
2026-01-05,58.5183,5.9912
2026-01-04,58.5689,6.054
2026-01-03,58.5264,6.0946
2026-01-02,58.9757,6.2237
2026-01-01,58.9858,6.3096
2025-12-31,59.0733,6.2521
2025-12-30,58.9435,6.3284
2025-12-29,58.9301,6.2737
2025-12-28,58.9539,6.2775
2025-12-27,59.1404,6.3346
2025-12-26,59.3462,6.3633
2025-12-25,59.1383,6.3144
2025-12-24,59.0224,6.3168
2025-12-23,59.0177,6.2394
2025-12-22,59.0295,6.2339
2025-12-21,58.976,6.2451
2025-12-20,58.9865,6.2606
2025-12-19,59.2564,6.4799
2025-12-18,59.1378,6.4115
2025-12-17,58.7923,6.2497
2025-12-16,58.464,6.3142
2025-12-15,58.4691,6.1884
2025-12-14,58.5981,6.0557
2025-12-13,58.7909,6.0752
2025-12-12,58.8375,5.9311
2025-12-11,58.47,5.9246
2025-12-10,58.4563,5.8787
2025-12-09,58.5777,6.0221
2025-12-08,58.8308,6.06
2025-12-07,58.5287,6.1052
2025-12-06,58.6388,6.106
2025-12-05,58.7347,5.93
2025-12-04,58.6235,5.8325
2025-12-03,58.9377,5.9944
2025-12-02,58.7584,6.3191
2025-12-01,58.7201,6.0254
2025-11-30,58.7277,5.9911
2025-11-29,58.5733,5.9651
2025-11-28,58.5707,5.9349
2025-11-27,58.2653,5.9546
2025-11-26,57.8378,6.1252
2025-11-25,58.1036,6.088
2025-11-24,58.6059,6.2444
2025-11-23,58.3639,6.3747
2025-11-22,58.4373,6.3508
2025-11-21,58.2184,6.2188
2025-11-20,58.611,5.92
2025-11-19,58.3588,5.7979
2025-11-18,58.7592,5.8886
2025-11-17,58.8049,5.7601
2025-11-16,58.7952,5.6744
2025-11-15,58.8293,5.7402
2025-11-14,59.4296,5.4924
2025-11-13,59.24,5.3662
2025-11-12,59.491,5.3161
2025-11-11,59.2666,5.1452
2025-11-10,59.2195,5.2011
2025-11-09,59.2883,5.3311
2025-11-08,59.2964,5.2773
2025-11-07,59.9145,5.4395
2025-11-06,59.907,5.3024
2025-11-05,60.1201,5.4439
2025-11-04,60.1276,5.1886
2025-11-03,59.2448,4.9246
2025-11-02,59.2036,4.9462
2025-11-01,59.2483,4.9725
2025-10-31,59.2555,5.0312
2025-10-30,58.8832,4.9194
2025-10-29,59.3306,4.8315
2025-10-28,59.0789,4.7567
2025-10-27,58.9506,4.7264
2025-10-26,59.086,4.8556
2025-10-25,59.1298,4.8821
2025-10-24,59.268,4.9319
2025-10-23,59.2247,5.0366
2025-10-22,59.0672,4.9825
2025-10-21,58.9732,4.8738
2025-10-20,58.8992,4.9497
2025-10-19,58.7614,5.0016
2025-10-18,58.9681,5.0491
2025-10-17,58.8603,4.9562
2025-10-16,58.8506,4.83
2025-10-15,58.5948,4.7016
2025-10-14,58.3302,4.5836
2025-10-13,58.8017,4.6175
2025-10-12,59.8352,4.8723
2025-10-11,60.1327,4.7875
2025-10-10,58.5943,4.3256
2025-10-09,58.2586,4.2345
2025-10-08,58.225,4.2892
2025-10-07,58.1387,4.1601
2025-10-06,58.5459,4.2219
2025-10-05,58.4075,4.2396
2025-10-04,58.0396,4.2073
2025-10-03,57.9579,4.2477
2025-10-02,58.313,4.3344
2025-10-01,58.2793,4.4947
2025-09-30,58.0413,4.4515
2025-09-29,57.7738,4.5078
2025-09-28,57.771,4.6029
2025-09-27,57.754,4.5944
2025-09-26,58.3411,4.6632
2025-09-25,57.8942,4.4457
2025-09-24,57.719,4.4784
2025-09-23,57.7248,4.4429
2025-09-22,57.1508,4.2944
2025-09-21,57.0694,4.2646
2025-09-20,57.2351,4.2705
2025-09-19,56.9472,4.1894
2025-09-18,56.9077,4.2027
2025-09-17,57.5188,4.2263
2025-09-16,57.3892,4.2622
2025-09-15,57.0097,4.2283
2025-09-14,56.7359,4.181
2025-09-13,56.8154,4.1749
2025-09-12,57.4948,4.2396
2025-09-11,57.5844,4.2969
2025-09-10,57.3952,4.3727
2025-09-09,57.5593,4.3611
2025-09-08,57.7037,4.4046
2025-09-07,57.8583,4.4504
2025-09-06,57.8475,4.4288
2025-09-05,58.0284,4.4362
2025-09-04,57.6162,4.3611
2025-09-03,57.8243,4.3934
2025-09-02,57.8286,4.4686
2025-09-01,57.3442,4.4681
2025-08-31,57.3714,4.4422
2025-08-30,57.3532,4.4539
2025-08-29,57.5132,4.2991
2025-08-28,57.5426,4.3501
2025-08-27,57.4464,4.319
2025-08-26,58.0185,4.4258
2025-08-25,57.1651,4.2303
2025-08-24,57.4676,4.1798
2025-08-23,57.5895,4.134
2025-08-22,58.7533,4.3827
2025-08-21,58.5738,4.2985
2025-08-20,59.3228,4.4077
2025-08-19,58.9897,4.2531
2025-08-18,58.631,4.1827
2025-08-17,58.8529,4.1893
2025-08-16,58.9661,4.1908
2025-08-15,58.8495,4.1394
2025-08-14,58.8472,3.9641
2025-08-13,58.9044,4.0647
2025-08-12,59.9163,4.1754
2025-08-11,59.6591,4.1335
2025-08-10,59.0473,4.1859
2025-08-09,59.7298,4.224
2025-08-08,60.2129,4.2245
2025-08-07,60.886,4.3604
2025-08-06,61.0555,4.403
2025-08-05,60.6389,4.3368
2025-08-04,61.3709,4.4217
2025-08-03,61.728,4.5141
2025-08-02,61.2459,4.4482
2025-08-01,60.9352,4.3315
2025-07-31,60.7898,4.2445
2025-07-30,60.6566,4.2299
2025-07-29,60.6019,4.2216
2025-07-28,60.1961,4.1394
2025-07-27,60.5204,4.2124
2025-07-26,60.5837,4.2257
2025-07-25,61.006,4.2267
2025-07-24,61.0286,4.2072
2025-07-23,60.0532,4.0915
2025-07-22,59.6801,4.1489
2025-07-21,59.9782,4.1669
2025-07-20,60.7821,4.1944
2025-07-19,61.0259,4.2022
2025-07-18,61.3959,4.1738
2025-07-17,62.1934,4.2378
2025-07-16,62.8844,4.3102
2025-07-15,63.6484,4.2777
2025-07-14,63.7605,4.3023
2025-07-13,63.8392,4.3594
2025-07-12,63.7757,4.3479
2025-07-11,63.8418,4.4062
2025-07-10,63.9403,4.5939
2025-07-09,64.2632,4.7128
2025-07-08,64.4749,4.7529
2025-07-07,64.486,4.7083
2025-07-06,64.6551,4.7601
2025-07-05,64.6629,4.7659
2025-07-04,64.4485,4.6759
2025-07-03,64.4382,4.7049
2025-07-02,64.6941,4.8601
2025-07-01,64.3824,4.7667
2025-06-30,64.5198,4.7181
2025-06-29,64.7124,4.774
2025-06-28,64.9492,4.7971
2025-06-27,65.1177,4.8102
2025-06-26,64.9175,4.7725
2025-06-25,64.4476,4.7911
2025-06-24,64.5104,4.8169
2025-06-23,64.9398,5.0595
2025-06-22,64.7368,4.9794
2025-06-21,64.3162,4.8878
2025-06-20,63.9933,4.7945
2025-06-19,64.019,4.7813
2025-06-18,63.9744,4.7897
2025-06-17,64.0365,4.693
2025-06-16,63.8318,4.73
2025-06-15,64.0106,4.7449
2025-06-14,63.8481,4.702
2025-06-13,63.4355,4.6815
2025-06-12,63.2249,4.54
2025-06-11,63.1665,4.468
2025-06-10,63.7291,4.503
2025-06-09,63.6821,4.688
2025-06-08,63.7146,4.6943
2025-06-07,63.825,4.7549
2025-06-06,63.6527,4.866
2025-06-05,63.2642,4.6827
2025-06-04,63.2486,4.644
2025-06-03,63.3375,4.6238
2025-06-02,63.5764,4.6442
2025-06-01,63.4887,4.6756
2025-05-31,63.4427,4.6991
2025-05-30,62.7573,4.5757
2025-05-29,62.7853,4.4833
2025-05-28,62.929,4.4427
2025-05-27,63.4069,4.4558
2025-05-26,63.2434,4.46
2025-05-25,63.1047,4.4954
2025-05-24,63.1658,4.5148
2025-05-23,63.0212,4.3224
2025-05-22,63.3104,4.4168
2025-05-21,63.1336,4.5163
2025-05-20,62.9163,4.5468
2025-05-19,62.8405,4.4987
2025-05-18,62.6841,4.6246
2025-05-17,62.3721,4.581
2025-05-16,62.3222,4.5599
2025-05-15,61.5572,4.5068
2025-05-14,61.127,4.4422
2025-05-13,61.5968,4.531
2025-05-12,62.1463,4.5099
2025-05-11,61.7123,4.4471
2025-05-10,62.6355,4.5872
2025-05-09,63.5161,4.6351
2025-05-08,64.383,4.9944
2025-05-07,64.3098,4.9971
2025-05-06,63.849,5.0665
2025-05-05,63.8009,5.0831
2025-05-04,63.8639,5.0021
2025-05-03,63.8073,4.9415
2025-05-02,63.7525,4.9554
2025-05-01,63.5229,5.0479
2025-04-30,63.4611,5.0293
2025-04-29,63.4169,4.9774
2025-04-28,63.3001,5.0246
2025-04-27,63.3053,4.9681
2025-04-26,63.539,4.9741
2025-04-25,63.4587,4.9925
2025-04-24,63.4725,4.9935
2025-04-23,63.634,5.0049
2025-04-22,63.5284,5.3193
2025-04-21,62.9429,5.3996
2025-04-20,62.7918,5.377
2025-04-19,62.9509,5.4282
2025-04-18,63.1502,5.4139
2025-04-17,63.0587,5.4608
2025-04-16,62.9578,5.4743
2025-04-15,62.8196,5.4028
2025-04-14,62.6569,5.4414
2025-04-13,62.4635,5.3238
2025-04-12,62.8249,5.4745
2025-04-11,62.3548,5.6928
2025-04-10,62.3915,5.4896
2025-04-09,62.5291,5.9557
2025-04-08,62.7009,5.7516
2025-04-07,62.5001,5.7984
2025-04-06,61.9717,5.3891
2025-04-05,61.9603,5.3653
2025-04-04,61.9644,5.4121
2025-04-03,61.9144,5.448
2025-04-02,61.6421,5.2529
2025-04-01,61.4073,5.4006
2025-03-31,61.3103,5.4061
2025-03-30,61.2697,5.3863
2025-03-29,61.0687,5.2579
2025-03-28,60.8118,5.0667
2025-03-27,60.8286,5.086
2025-03-26,60.5263,5.0243
2025-03-25,60.6446,5.0267
2025-03-24,60.8461,5.1251
2025-03-23,60.4789,5.2245
2025-03-22,60.6251,5.2196
2025-03-21,60.4843,5.1952
2025-03-20,60.6417,5.047
2025-03-19,60.5108,5.2899
2025-03-18,60.737,5.2251
2025-03-17,60.8226,5.3266
2025-03-16,60.6177,5.1973
2025-03-15,60.9407,5.2481
2025-03-14,60.7605,5.4146
2025-03-13,61.2047,5.2816
2025-03-12,61.3372,5.3402
2025-03-11,60.9068,5.5883
2025-03-10,60.3851,5.3922
2025-03-09,60.3264,5.0393
2025-03-08,60.4212,5.0144
2025-03-07,60.6268,4.8483
2025-03-06,60.6374,4.8117
2025-03-05,60.316,4.9707
2025-03-04,60.5092,5.0496
2025-03-03,59.4301,4.5283
2025-03-02,60.2114,5.0268
2025-03-01,59.8498,5.0952
2025-02-28,59.7488,5.0657
2025-02-27,59.5722,5.085
2025-02-26,60.0417,4.864
2025-02-25,60.9141,4.7798
2025-02-24,59.8519,4.4586
2025-02-23,59.9388,4.448
2025-02-22,60.3624,4.4975
2025-02-21,60.2324,4.3833
2025-02-20,60.118,4.4493
2025-02-19,60.3199,4.5105
2025-02-18,59.6711,4.454
2025-02-17,59.7272,4.4418
2025-02-16,59.8564,4.3878
2025-02-15,59.6132,4.375
2025-02-14,59.9444,4.4409
2025-02-13,59.9812,4.3882
2025-02-12,60.2812,4.5049
2025-02-11,60.593,4.4465
2025-02-10,60.6678,4.4931
2025-02-09,60.5815,4.4846
2025-02-08,60.9825,4.5085
2025-02-07,60.9692,4.501
2025-02-06,60.3696,4.4478
2025-02-05,60.3659,4.3808
2025-02-04,60.0624,4.1939
2025-02-03,59.7831,4.3261
2025-02-02,58.5817,4.1033
2025-02-01,57.7038,3.9629
2025-01-31,58.1759,3.9057
2025-01-30,58.7658,3.9845
2025-01-29,58.4987,4.0609
2025-01-28,57.9842,3.9935
2025-01-27,57.9022,3.9662
2025-01-26,57.7389,3.877
2025-01-25,57.8867,3.8773
2025-01-24,57.4712,3.8773
2025-01-23,57.4414,3.8808
2025-01-22,57.7211,3.8032
2025-01-21,57.3344,3.9225
2025-01-20,57.3799,3.9579
2025-01-19,56.8622,3.7939
2025-01-18,56.4296,3.7713
2025-01-17,56.4343,3.9227
2025-01-16,56.3235,3.8904
2025-01-15,57.074,4.0992
2025-01-14,57.252,4.1951
2025-01-13,56.7167,4.1589
2025-01-12,56.4512,4.1381
2025-01-11,56.8241,4.1617
2025-01-10,56.7404,4.2558
2025-01-09,56.6258,4.1363
2025-01-08,56.7933,4.0696
2025-01-07,56.3399,3.8244
2025-01-06,55.6628,3.928
2025-01-05,55.5045,3.9187
2025-01-04,55.5999,3.9266
2025-01-03,56.3374,4.0282
2025-01-02,56.3047,4.1295
2025-01-01,56.7671,4.2188
2024-12-31,56.4801,4.2439
2024-12-30,56.6932,4.2296
2024-12-29,56.4627,4.1517
2024-12-28,56.7789,4.2306
2024-12-27,57.15,4.2013
2024-12-26,57.0358,4.041
2024-12-25,56.7261,4.0496
2024-12-24,56.3265,4.1899
2024-12-23,57.4899,4.263
2024-12-22,57.7511,4.1914
2024-12-21,57.0626,4.1211
2024-12-20,57.626,4.1775
2024-12-19,56.9999,4.0224
2024-12-18,56.7497,3.7807
2024-12-17,56.4109,3.7637
2024-12-16,55.8634,3.7883
2024-12-15,55.6411,3.8869
2024-12-14,55.1509,3.841
2024-12-13,55.0304,3.8772
2024-12-12,55.4727,3.855
2024-12-11,55.6448,4.0382
2024-12-10,55.6324,3.9965
2024-12-09,53.9544,3.7212
2024-12-08,54.1553,3.7681
2024-12-07,53.9221,3.7366
2024-12-06,54.2491,3.8523
2024-12-05,54.4297,3.7835
2024-12-04,54.1544,3.8572
2024-12-03,54.7365,3.8861
2024-12-02,55.5257,3.8749
2024-12-01,55.9609,3.928
2024-11-30,56.7302,3.9304
2024-11-29,56.9642,4.011
2024-11-28,56.9557,3.9881
2024-11-27,57.3579,4.1799
2024-11-26,57.3123,4.1147
2024-11-25,58.0154,3.9462
2024-11-24,58.0248,3.9419
2024-11-23,59.0591,3.9504
2024-11-22,59.6425,3.999
2024-11-21,60.0869,4.1927
2024-11-20,59.2093,4.2042
2024-11-19,58.3852,4.2142
2024-11-18,58.99,4.2731
2024-11-17,58.9781,4.2225
2024-11-16,59.8262,4.2438
2024-11-15,59.7018,4.399
2024-11-14,59.9668,4.2382
2024-11-13,59.1519,4.2785
2024-11-12,58.7924,4.1936
2024-11-11,58.4617,4.573
2024-11-10,57.6367,4.6999
2024-11-09,58.5569,4.7604
2024-11-08,59.9458,4.8983
2024-11-07,59.3914,4.8532
2024-11-06,59.3953,5.2741
2024-11-05,59.4298,5.3803
2024-11-04,59.3318,5.2791
2024-11-03,59.0963,5.1961
2024-11-02,58.9304,5.1672
2024-11-01,59.0453,5.1211
2024-10-31,58.85,4.9519
2024-10-30,58.874,4.9259
2024-10-29,58.4768,5.0864
2024-10-28,58.1475,5.2024
2024-10-27,58.1199,5.271
2024-10-26,58.3698,5.3262
2024-10-25,57.7814,5.1527
2024-10-24,57.5139,5.2457
2024-10-23,57.3079,5.171
2024-10-22,57.0998,5.153
2024-10-21,57.198,5.0372
2024-10-20,57.5791,5.1168
2024-10-19,57.7025,5.122
2024-10-18,57.7655,5.2024
2024-10-17,57.6043,5.1712
2024-10-16,57.4001,5.1946
2024-10-15,56.8389,5.2197
2024-10-14,56.6712,5.4688
2024-10-13,56.6981,5.44
2024-10-12,56.7188,5.5027
2024-10-11,56.4506,5.6752
2024-10-10,56.6185,5.6621
2024-10-09,56.7049,5.5288
2024-10-08,56.7962,5.5284
2024-10-07,56.828,5.4785
2024-10-06,56.8935,5.5496
2024-10-05,56.8438,5.5448
2024-10-04,56.9929,5.679
2024-10-03,56.7689,5.6662
2024-10-02,56.2534,5.5953
2024-10-01,56.1202,5.3609
2024-09-30,56.2292,5.182
2024-09-29,56.3107,5.1672
2024-09-28,56.1325,5.1573
2024-09-27,56.3878,5.2277
2024-09-26,56.2726,5.384
2024-09-25,56.2591,5.285
2024-09-24,56.2265,5.3603
2024-09-23,56.7862,5.3864
2024-09-22,56.3715,5.3659
2024-09-21,56.7851,5.4182
2024-09-20,57.1765,5.4728
2024-09-19,57.3762,5.5989
2024-09-18,57.1998,5.7067
2024-09-17,56.7041,5.8588
2024-09-16,56.8071,5.7698
2024-09-15,56.5118,5.6569
2024-09-14,56.5869,5.6103
2024-09-13,56.1404,5.7959
2024-09-12,56.1928,5.8783
2024-09-11,56.0596,5.8314
2024-09-10,56.0264,5.8872
2024-09-09,55.7323,6.0867
2024-09-08,55.7568,6.167
2024-09-07,56.0539,6.2204
2024-09-06,56.1746,5.9863
2024-09-05,56.4743,5.8282
2024-09-04,56.4435,5.8749
2024-09-03,56.2907,5.6946
2024-09-02,56.3349,5.878
2024-09-01,56.2327,5.7037
2024-08-31,56.1117,5.6771
2024-08-30,56.2013,5.6612
2024-08-29,55.9813,5.6729
2024-08-28,56.309,5.6591
2024-08-27,56.3937,5.3596
2024-08-26,56.2779,5.2255
2024-08-25,55.9653,5.2044
2024-08-24,56.0515,5.216
2024-08-23,55.6849,5.4975
2024-08-22,56.142,5.465
2024-08-21,55.6939,5.6123
2024-08-20,55.8055,5.5731
2024-08-19,55.7955,5.6621
2024-08-18,56.169,5.5966
2024-08-17,56.1999,5.6483
2024-08-16,55.7072,5.7192
2024-08-15,55.653,5.591
2024-08-14,56.1623,5.4575
2024-08-13,55.6955,5.5169
2024-08-12,56.4457,5.6421
2024-08-11,56.5002,5.4325
2024-08-10,56.6073,5.4401
2024-08-09,56.4288,5.3396
2024-08-08,56.0134,5.9287
2024-08-07,55.9473,5.8098
2024-08-06,55.8642,6.0117
2024-08-05,55.924,5.5812
2024-08-04,55.6989,5.325
2024-08-03,55.3128,5.2241
2024-08-02,55.334,4.9127
2024-08-01,54.828,4.9204
2024-07-31,55.0068,4.8194
2024-07-30,55.0149,4.776
2024-07-29,55.5999,4.7245
2024-07-28,55.4316,4.738
2024-07-27,55.3616,4.728
2024-07-26,55.3367,4.8794
2024-07-25,54.4777,4.8335
2024-07-24,54.1912,4.7672
2024-07-23,54.6667,4.6869
2024-07-22,54.2109,4.6031
2024-07-21,54.1664,4.6623
2024-07-20,54.1749,4.6898
2024-07-19,53.8012,4.8512
2024-07-18,53.8769,4.8421
2024-07-17,53.9952,4.7706
2024-07-16,53.7916,4.7632
2024-07-15,53.6361,5.0558
2024-07-14,53.4629,5.1635
2024-07-13,53.2807,5.2535
2024-07-12,53.4103,5.3077
2024-07-11,53.4371,5.2731
2024-07-10,53.7796,5.2797
2024-07-09,53.5826,5.3814
2024-07-08,53.921,5.4972
2024-07-07,53.6949,5.2455
2024-07-06,54.0287,5.427
2024-07-05,53.8598,5.3817
2024-07-04,53.4547,5.0644
2024-07-03,53.2311,4.8947
2024-07-02,53.6054,4.8687
2024-07-01,53.5727,4.8827
2024-06-30,53.3678,5.0107
2024-06-29,53.1088,5.0345
2024-06-28,53.0357,4.9236
2024-06-27,53.262,5.0108
2024-06-26,53.4598,4.9504
2024-06-25,53.2762,5.0595
2024-06-24,54.1414,4.9065
2024-06-23,54.0702,4.8157
2024-06-22,53.9532,4.8136
2024-06-21,54.2113,4.7798
2024-06-20,54.1107,4.7591
2024-06-19,54.5436,4.7811
2024-06-18,54.5919,4.686
2024-06-17,53.7876,4.6067
2024-06-16,53.9242,4.6497
2024-06-15,54.2257,4.6884
2024-06-14,54.3245,4.6446
2024-06-13,54.0922,4.5237
2024-06-12,54.4304,4.6138
2024-06-11,54.2512,4.4537
2024-06-10,53.8448,4.4113
2024-06-09,53.9207,4.439
2024-06-08,53.6546,4.4147
2024-06-07,53.151,4.2844
2024-06-06,53.0347,4.2549
2024-06-05,53.1495,4.2934
2024-06-04,53.1059,4.3968
2024-06-03,52.8211,4.4387
2024-06-02,52.6545,4.4238
2024-06-01,52.7744,4.4461
2024-05-31,53.0807,4.4118
2024-05-30,52.684,4.4295
2024-05-29,52.4616,4.3631
2024-05-28,52.6364,4.3093
2024-05-27,52.7643,4.376
2024-05-26,53.0431,4.3496
2024-05-25,53.0021,4.393
2024-05-24,52.6568,4.3998
2024-05-23,52.9744,4.3471
2024-05-22,53.0587,4.2884
2024-05-21,53.8069,4.2671
2024-05-20,54.5158,4.6566
2024-05-19,54.2811,4.588
2024-05-18,54.4198,4.5875
2024-05-17,54.5516,4.7234
2024-05-16,54.5738,4.6489
2024-05-15,54.0329,4.9505
2024-05-14,53.9647,4.8338
2024-05-13,53.4662,4.8988
2024-05-12,53.2143,4.9237
2024-05-11,53.2022,4.9245
2024-05-10,53.3589,4.7626
2024-05-09,53.2602,4.9007
2024-05-08,53.4683,4.8304
2024-05-07,53.3457,4.7566
2024-05-06,53.3944,4.6972
2024-05-05,53.5227,4.7164
2024-05-04,53.2774,4.7668
2024-05-03,52.6565,5.0113
2024-05-02,52.4211,5.0588
2024-05-01,53.4133,4.9523
2024-04-30,53.424,4.7005
2024-04-29,52.9245,4.7098
2024-04-28,52.9818,4.6904
2024-04-27,53.508,4.7113
2024-04-26,53.4126,4.6486
2024-04-25,53.3767,4.6595
2024-04-24,53.4884,4.518
2024-04-23,53.7411,4.5006
2024-04-22,53.6288,4.6133
2024-04-21,53.5058,4.5892
2024-04-20,54.1493,4.7174
2024-04-19,54.0763,4.7259
2024-04-18,53.911,4.8727
2024-04-17,54.2952,4.6996
2024-04-16,53.9905,4.6908
2024-04-15,54.2351,4.5345
2024-04-14,54.8254,4.7024
2024-04-13,54.0436,4.4007
2024-04-12,52.8876,4.1191
2024-04-11,52.8461,4.0802
2024-04-10,52.5234,4.1382
2024-04-09,52.397,3.9815
2024-04-08,52.574,4.1226
2024-04-07,52.8315,4.1673
2024-04-06,52.8568,4.2311
2024-04-05,52.8032,4.1704
2024-04-04,52.2787,4.2724
2024-04-03,52.1493,4.2809
2024-04-02,52.2946,4.0171
2024-04-01,51.9186,3.8835
2024-03-31,52.0752,3.9745
2024-03-30,51.9992,3.9516
2024-03-29,52.2776,3.9205
2024-03-28,52.2671,3.9909
2024-03-27,52.0332,3.9389
2024-03-26,52.0805,3.9433
2024-03-25,51.8834,4.0826
2024-03-24,51.5451,4.2545
2024-03-23,51.6022,4.273
2024-03-22,51.6225,4.1623
2024-03-21,52.2743,4.0632
2024-03-20,52.2039,4.4462
2024-03-19,52.2326,4.0747
2024-03-18,51.8085,3.9888
2024-03-17,51.6973,4.1618
2024-03-16,51.7269,3.909
2024-03-15,51.7209,3.7972
2024-03-14,51.9266,3.7172
2024-03-13,51.9789,3.7994
2024-03-12,52.0166,3.7572
2024-03-11,51.9393,3.9076
2024-03-10,51.6677,3.9059
2024-03-09,51.9208,3.924
2024-03-08,51.7033,3.9746
2024-03-07,52.0284,4.038
2024-03-06,52.6052,4.2165
2024-03-05,53.3657,3.9806
2024-03-04,52.1961,4.1994
2024-03-03,51.9502,4.2416
2024-03-02,52.6698,4.2587
2024-03-01,53.1198,4.3689
2024-02-29,53.6109,4.3096
2024-02-28,52.1897,4.587
2024-02-27,51.3553,4.7181
2024-02-26,50.7777,4.9089
2024-02-25,51.1706,4.955
2024-02-24,51.3108,5.0425
2024-02-23,51.3789,4.9924
2024-02-22,51.6278,4.9616
2024-02-21,51.5117,4.908
2024-02-20,51.386,4.9418
2024-02-19,51.9554,4.9614
2024-02-18,52.2804,5.0359
2024-02-17,52.42,4.9912
2024-02-16,52.2246,4.984
2024-02-15,52.5338,5.0138
2024-02-14,52.4409,5.2052
2024-02-13,52.4016,5.1689
2024-02-12,52.465,5.3418
2024-02-11,52.1993,5.3698
2024-02-10,52.0161,5.418
2024-02-09,51.6457,5.5959
2024-02-08,51.2508,5.6717
2024-02-07,51.0551,5.8088
2024-02-06,51.1363,5.873
2024-02-05,51.1573,5.8858
2024-02-04,51.2095,5.8349
2024-02-03,51.198,5.8073
2024-02-02,51.3476,5.8387
2024-02-01,51.2768,5.8989
2024-01-31,50.9274,5.8074
2024-01-30,51.0465,5.7695
2024-01-29,50.9403,5.925
2024-01-28,50.8987,5.9023
2024-01-27,50.8585,5.9356
2024-01-26,50.4185,6.156
2024-01-25,50.3104,6.1158
2024-01-24,50.3555,6.1489
2024-01-23,49.78,6.127
2024-01-22,49.8443,5.8292
2024-01-21,49.7462,5.7962
2024-01-20,49.7512,5.7983
2024-01-19,49.603,5.8252
2024-01-18,49.7612,5.6429
2024-01-17,49.7445,5.5889
2024-01-16,49.7643,5.6755
2024-01-15,49.7217,5.7728
2024-01-14,49.691,5.6233
2024-01-13,50.1176,5.6742
2024-01-12,51.2,5.3417
2024-01-11,51.664,5.3446
2024-01-10,52.9863,5.5286
2024-01-09,53.2095,5.4382
2024-01-08,52.6463,5.7378
2024-01-07,52.1815,5.6669
2024-01-06,51.7916,5.5832
2024-01-05,51.4041,5.5208
2024-01-04,51.2703,5.6588
2024-01-03,51.142,5.3618
2024-01-02,50.5456,5.3748
2024-01-01,50.2434,5.5644
2023-12-31,50.0225,5.5525
2023-12-30,49.9243,5.5463
2023-12-29,49.9761,5.4806
2023-12-28,50.0837,5.384
2023-12-27,50.331,5.5267
2023-12-26,50.6382,5.4188
2023-12-25,50.8396,5.5109
2023-12-24,51.0832,5.4417
2023-12-23,51.3933,5.4367
2023-12-22,51.831,5.4956
2023-12-21,52.5687,5.5972
2023-12-20,52.2187,5.7374
2023-12-19,52.1696,5.6807
2023-12-18,51.6233,5.7927
2023-12-17,51.6779,5.6757
2023-12-16,51.8605,5.7351
2023-12-15,51.8103,5.5821
2023-12-14,52.1714,5.6372
2023-12-13,51.8981,5.7969
2023-12-12,51.89,5.8227
2023-12-11,52.2445,5.518
2023-12-10,52.5407,5.553
2023-12-09,52.6925,5.509
2023-12-08,52.8398,5.6329
2023-12-07,53.9191,5.6793
2023-12-06,53.8383,5.6218
2023-12-05,52.9809,5.8009
2023-12-04,52.1913,5.9929
2023-12-03,51.9898,6.038
2023-12-02,52.1291,6.1688
2023-12-01,51.8418,6.2845
2023-11-30,52.0983,6.2827
2023-11-29,51.9648,6.2629
2023-11-28,51.6473,6.3123
2023-11-27,51.3557,6.2318
2023-11-26,51.3514,6.1682
2023-11-25,51.5287,6.1905
2023-11-24,51.4812,6.2442
2023-11-23,51.5806,6.2223
2023-11-22,51.7786,6.5205
2023-11-21,51.6755,6.2028
2023-11-20,51.4451,6.1789
2023-11-19,51.4196,6.3028
2023-11-18,51.4016,6.2891
2023-11-17,51.1618,6.3306
2023-11-16,51.4041,6.0648
2023-11-15,50.9045,6.3935
2023-11-14,51.153,6.2495
2023-11-13,51.1702,6.1447
2023-11-12,51.286,6.1349
2023-11-11,51.382,6.1059
2023-11-10,51.2729,6.1832
2023-11-09,51.7341,6.411
2023-11-08,51.8445,6.4511
2023-11-07,51.3431,6.4448
2023-11-06,51.8582,6.4937
2023-11-05,52.356,6.5337
2023-11-04,52.4597,6.5978
2023-11-03,52.8441,6.5917
2023-11-02,52.8894,6.4894
2023-11-01,52.8041,6.6192
2023-10-31,52.7601,6.6397
2023-10-30,53.0568,6.6656
2023-10-29,53.0076,6.7414
2023-10-28,52.9916,6.7703
2023-10-27,52.9391,6.7096
2023-10-26,53.3053,6.684
2023-10-25,53.0373,6.763
2023-10-24,52.5076,6.8586
2023-10-23,51.143,7.3627
2023-10-22,51.4203,7.4178
2023-10-21,51.6474,7.5051
2023-10-20,51.2516,7.6859
2023-10-19,51.0912,7.759
2023-10-18,51.044,7.719
2023-10-17,50.7984,7.6435
2023-10-16,50.0314,7.8948
2023-10-15,49.8339,7.9418
2023-10-14,49.9193,7.9542
2023-10-13,49.9867,7.9976
2023-10-12,49.8275,7.9371
2023-10-11,50.191,7.8439
2023-10-10,50.2774,7.8021
2023-10-09,49.9415,7.6534
2023-10-08,49.9148,7.6377
2023-10-07,49.7804,7.6217
2023-10-06,49.6719,7.7509
2023-10-05,49.708,7.6472
2023-10-04,49.2992,7.6845
2023-10-03,49.3464,7.6648
2023-10-02,49.1235,7.5029
2023-10-01,48.8356,7.7373
2023-09-30,48.8385,7.7521
2023-09-29,49.0688,7.7549
2023-09-28,48.9863,7.9366
2023-09-27,48.8935,7.9624
2023-09-26,48.9578,7.9476
2023-09-25,49.0422,7.9738
2023-09-24,49.1253,7.89
2023-09-23,49.1232,7.8898
2023-09-22,49.2154,7.9085
2023-09-21,49.3078,7.7583
2023-09-20,49.2221,7.7202
2023-09-19,49.0436,7.8205
2023-09-18,49.0559,7.8866
2023-09-17,48.8503,7.8414
2023-09-16,48.9193,7.839
2023-09-15,49.1329,7.8924
2023-09-14,49.0705,7.9744
2023-09-13,48.9142,8.0691
2023-09-12,48.6729,8.2436
2023-09-11,48.5997,8.0169
2023-09-10,48.3396,7.9538
2023-09-09,48.3306,7.9485
2023-09-08,48.5181,7.8757
2023-09-07,48.1895,7.9707
2023-09-06,48.231,7.9668
2023-09-05,48.2974,7.9668
2023-09-04,48.4188,7.938
2023-09-03,48.3222,7.9517
2023-09-02,48.3273,7.9725
2023-09-01,48.2708,7.9216
2023-08-31,48.9094,7.6235
2023-08-30,48.9507,7.5113
2023-08-29,48.2721,7.8666
2023-08-28,48.2337,7.8636
2023-08-27,48.286,7.8974
2023-08-26,48.2675,7.8833
2023-08-25,48.3078,7.8557
2023-08-24,48.317,7.7781
2023-08-23,48.4504,7.9189
2023-08-22,48.2552,7.8611
2023-08-21,48.0018,7.8049
2023-08-20,48.0801,7.8498
2023-08-19,48.2274,7.8928
2023-08-18,48.7247,7.7985
2023-08-17,49.0962,7.3007
2023-08-16,48.977,7.1699
2023-08-15,48.7437,7.0838
2023-08-14,48.7327,7.1184
2023-08-13,48.7316,7.0918
2023-08-12,48.7655,7.1068
2023-08-11,48.7606,7.1051
2023-08-10,48.7921,7.0828
2023-08-09,48.9599,7.0641
2023-08-08,48.8165,7.1903
2023-08-07,48.6806,7.2105
2023-08-06,48.6233,7.2069
2023-08-05,48.7389,7.2217
2023-08-04,48.7186,7.199
2023-08-03,48.4727,7.1677
2023-08-02,48.5207,7.0462
2023-08-01,48.3305,7.129
2023-07-31,48.175,7.0951
2023-07-30,48.0886,7.0632
2023-07-29,48.1282,7.0783
2023-07-28,48.2133,7.1169
2023-07-27,48.2497,7.0875
2023-07-26,48.3285,7.1301
2023-07-25,48.4062,7.1534
2023-07-24,48.6031,6.9663
2023-07-23,48.5744,7.0328
2023-07-22,48.3431,6.9682
2023-07-21,48.2681,6.9819
2023-07-20,48.3641,6.9675
2023-07-19,48.4026,6.9849
2023-07-18,48.5272,6.935
2023-07-17,48.5755,6.9172
2023-07-16,48.4596,6.8858
2023-07-15,48.4927,6.8782
2023-07-14,48.6498,6.646
2023-07-13,49.9392,7.0617
2023-07-12,49.9998,7.0125
2023-07-11,49.8642,7.0365
2023-07-10,49.8855,7.097
2023-07-09,49.8927,7.0704
2023-07-08,49.9427,7.0657
2023-07-07,49.8569,7.1569
2023-07-06,49.7532,7.0016
2023-07-05,49.6144,6.9218
2023-07-04,49.6532,6.8426
2023-07-03,49.4296,6.9302
2023-07-02,49.5147,6.9494
2023-07-01,49.5523,6.9802
2023-06-30,50.3527,7.0998
2023-06-29,50.3919,7.1892
2023-06-28,50.1377,7.0103
2023-06-27,50.0678,7.0962
2023-06-26,49.8396,7.0144
2023-06-25,50.1346,7.0393
2023-06-24,50.0612,6.9922
2023-06-23,49.8427,7.146
2023-06-22,49.7216,7.1077
2023-06-21,49.1545,7.4512
2023-06-20,48.3985,7.7441
2023-06-19,48.0784,7.8471
2023-06-18,48.1134,7.806
2023-06-17,48.1489,7.871
2023-06-16,47.8836,8.0564
2023-06-15,47.548,8.1427
2023-06-14,47.6222,7.9034
2023-06-13,47.7089,7.9215
2023-06-12,47.6645,7.9022
2023-06-11,47.5877,7.914
2023-06-10,46.7098,7.5807
2023-06-09,46.5727,7.5481
2023-06-08,46.5452,7.5866
2023-06-07,46.5688,7.3394
2023-06-06,45.8095,7.6349
2023-06-05,45.9319,7.2643
2023-06-04,45.9179,7.2745
2023-06-03,45.9476,7.2323
2023-06-02,46.0125,7.3584
2023-06-01,46.2386,7.2868
2023-05-31,46.4001,7.185
2023-05-30,46.5511,7.1971
2023-05-29,46.6919,7.1311
2023-05-28,46.2549,7.3812
2023-05-27,46.2343,7.4177
2023-05-26,46.23,7.4839
2023-05-25,46.1032,7.5022
2023-05-24,46.3554,7.2942
2023-05-23,46.3114,7.3858
2023-05-22,46.3625,7.4197
2023-05-21,46.4295,7.3262
2023-05-20,46.2865,7.3649
2023-05-19,46.3071,7.3823
2023-05-18,46.5906,7.2705
2023-05-17,46.4366,7.3432
2023-05-16,46.4194,7.3002
2023-05-15,46.3312,7.3533
2023-05-14,46.309,7.3886
2023-05-13,46.2251,7.3689
2023-05-12,46.8095,7.4093
2023-05-11,46.8119,7.2329
2023-05-10,46.9142,7.231
2023-05-09,46.9594,7.2196
2023-05-08,46.9789,7.0219
2023-05-07,47.1537,6.93
2023-05-06,46.8861,6.7349
2023-05-05,47.1072,6.9223
2023-05-04,46.9852,6.8586
2023-05-03,46.9668,6.9312
2023-05-02,46.6667,7.0262
2023-05-01,47.1431,6.8114
2023-04-30,46.9253,6.7747
2023-04-29,47.126,6.7787
2023-04-28,47.1286,6.7435
2023-04-27,46.5967,6.9103
2023-04-26,46.3176,6.8946
2023-04-25,45.9359,7.0286
2023-04-24,45.8694,6.9964
2023-04-23,45.8612,6.934
2023-04-22,45.7792,7.0554
2023-04-21,45.8332,6.8152
2023-04-20,46.1818,6.7255
2023-04-19,45.8989,6.3343
2023-04-18,45.5048,6.4781
2023-04-17,45.777,6.3243
2023-04-16,46.1019,6.3633
2023-04-15,46.2391,6.3408
2023-04-14,46.7895,6.4282
2023-04-13,47.0829,6.5733
2023-04-12,47.3691,6.533
2023-04-11,46.8487,6.5806
2023-04-10,46.1912,6.783
2023-04-09,45.9793,6.8375
2023-04-08,45.8153,6.8124
2023-04-07,45.8227,6.7775
2023-04-06,45.6171,6.7077
2023-04-05,45.8786,6.742
2023-04-04,45.9907,6.844
2023-04-03,46.4408,6.8073
2023-04-02,46.394,6.7296
2023-04-01,46.3692,6.717
2023-03-31,46.206,6.7932
2023-03-30,46.3796,6.7349
2023-03-29,45.8374,6.9124
2023-03-28,46.2872,7.006
2023-03-27,46.3824,6.7975
2023-03-26,46.2965,6.9002
2023-03-25,46.149,6.8716
2023-03-24,46.1724,6.6338
2023-03-23,46.0846,6.8305
2023-03-22,46.0186,6.574
2023-03-21,46.5431,6.7057
2023-03-20,46.086,6.5372
2023-03-19,45.4814,6.6689
2023-03-18,45.4509,6.5037
2023-03-17,44.4637,6.9169
2023-03-16,44.2288,7.0206
2023-03-15,43.7508,6.7868
2023-03-14,43.4954,6.852
2023-03-13,42.2199,7.2091
2023-03-12,41.8573,7.6514
2023-03-11,41.4604,7.719
2023-03-10,41.6565,7.6618
2023-03-09,42.1855,7.2506
2023-03-08,42.1713,7.0612
2023-03-07,42.2739,6.9879
2023-03-06,42.2682,6.975
2023-03-05,42.2007,6.9799
2023-03-04,41.9986,6.9341
2023-03-03,42.3506,6.6515
2023-03-02,42.2208,6.5741
2023-03-01,42.2972,6.7183
2023-02-28,42.3058,6.6074
2023-02-27,42.1796,6.5711
2023-02-26,42.2582,6.6875
2023-02-25,42.115,6.6521
2023-02-24,42.2368,6.4575
2023-02-23,42.4234,6.4154
2023-02-22,42.5731,6.3668
2023-02-21,42.4505,6.2416
2023-02-20,42.3148,6.3431
2023-02-19,42.559,6.2937
2023-02-18,42.5333,6.303
2023-02-17,42.4618,6.5373
2023-02-16,42.4809,6.3286
2023-02-15,41.6122,6.7521
2023-02-14,41.7827,6.879
2023-02-13,41.4542,6.8006
2023-02-12,41.3144,6.7223
2023-02-11,41.3931,6.7734
2023-02-10,41.4578,6.7279
2023-02-09,41.2435,6.3615
2023-02-08,41.2588,6.2724
2023-02-07,41.5745,6.4568
2023-02-06,41.5292,6.3908
2023-02-05,41.5142,6.2815
2023-02-04,41.6621,6.2686
2023-02-03,42.0986,6.3239
2023-02-02,42.3712,6.2932
2023-02-01,42.3839,6.4496
2023-01-31,42.4111,6.5335
2023-01-30,42.3846,6.2687
2023-01-29,42.3268,6.4481
2023-01-28,42.156,6.3946
2023-01-27,42.2981,6.4152
2023-01-26,42.3958,6.3931
2023-01-25,42.6018,6.5446
2023-01-24,42.1255,6.3742
2023-01-23,42.1001,6.4239
2023-01-22,42.3274,6.4366
2023-01-21,41.9249,6.3981
2023-01-20,41.4206,6.7919
2023-01-19,41.4624,6.9235
2023-01-18,41.2734,6.7317
2023-01-17,41.1842,6.7101
2023-01-16,40.931,6.7585
2023-01-15,41.0143,6.7381
2023-01-14,40.8228,7.0626
2023-01-13,40.0929,7.3152
2023-01-12,39.2424,7.5301
2023-01-11,39.1532,7.7225
2023-01-10,39.0412,7.8131
2023-01-09,39.3052,7.913
2023-01-08,39.5986,8.0369
2023-01-07,39.5699,8.0323
2023-01-06,39.6606,8.106
2023-01-04,39.8378,8.219
2023-01-03,39.86,8.2194
2023-01-02,40.0759,8.2957
2023-01-01,40.0387,8.327
2022-12-31,40.1343,8.3192
2022-12-30,40.1219,8.2978
2022-12-29,40.0558,8.3294
2022-12-28,39.8465,8.2049
2022-12-27,39.9556,8.1292
2022-12-26,40.0077,8.1777
2022-12-25,39.9522,8.1641
2022-12-24,39.8692,8.1703
2022-12-23,39.9192,8.1632
2022-12-22,39.9686,8.1779
2022-12-21,39.9268,8.1258
2022-12-20,39.9156,8.3519
2022-12-19,39.7907,8.1666
2022-12-18,39.8589,8.1555
2022-12-17,39.9993,8.2497
2022-12-16,39.4531,7.794
2022-12-15,39.5347,7.6061
2022-12-14,39.3345,7.5749
2022-12-13,38.863,7.7276
2022-12-12,38.6809,7.7359
2022-12-11,38.5621,7.6987
2022-12-10,38.6043,7.7034
2022-12-09,38.549,7.6463
2022-12-08,38.5101,7.8115
2022-12-07,38.3287,7.663
2022-12-06,38.2714,7.6971
2022-12-05,38.292,7.6258
2022-12-04,38.3474,7.7308
2022-12-03,38.1124,7.596
2022-12-02,38.2028,7.6625
2022-12-01,38.137,7.5541
2022-11-30,37.9182,7.8406
2022-11-29,38.0054,7.9685
2022-11-28,37.8829,7.8337
2022-11-27,37.8866,7.8237
2022-11-26,38.102,7.8402
2022-11-25,38.1633,7.8137
2022-11-24,38.3252,7.8549
2022-11-23,38.5765,8.1228
2022-11-22,38.4812,8.3244
2022-11-21,38.7897,8.1422
2022-11-20,38.4325,7.8758
2022-11-19,38.4659,7.9015
2022-11-18,38.6188,7.9467
2022-11-17,38.4188,7.9234
2022-11-16,38.3151,7.8109
2022-11-15,38.1265,7.9065
2022-11-14,38.0725,8.0327
2022-11-13,38.1696,7.8483
2022-11-12,37.9084,7.748
2022-11-11,38.1572,7.6151
2022-11-10,38.3947,8.5509
2022-11-09,38.6995,7.4398
2022-11-08,38.6194,6.7341
2022-11-07,39.0128,6.7489
2022-11-06,38.6493,6.5724
2022-11-05,38.4576,6.5814
2022-11-04,38.7373,6.9353
2022-11-03,38.9298,6.9854
2022-11-02,38.6958,6.8328
2022-11-01,38.717,6.8317
2022-10-31,38.9838,6.8181
2022-10-30,39.0078,6.748
2022-10-29,39.4107,6.877
2022-10-28,39.5836,6.9975
2022-10-27,39.7428,6.8472
2022-10-26,39.7347,7.0617
2022-10-25,39.8701,7.3591
2022-10-24,39.8578,7.2724
2022-10-23,39.9065,7.4166
2022-10-22,39.9842,7.4439
2022-10-21,40.0231,7.4967
2022-10-20,39.9865,7.4555
2022-10-19,39.8486,7.3544
2022-10-18,40.0525,7.3102
2022-10-17,40.0769,7.3853
2022-10-16,39.9951,7.5034
2022-10-15,40.0311,7.4449
2022-10-14,40.2641,7.4119
2022-10-13,39.8627,7.4231
2022-10-12,39.8162,7.4542
2022-10-11,39.6992,7.3968
2022-10-10,39.5092,7.2444
2022-10-09,39.6318,7.2767
2022-10-08,39.5896,7.2197
2022-10-07,40.0011,7.1385
2022-10-06,40.1095,7.0789
2022-10-05,40.2305,7.0327
2022-10-04,39.8506,7.2128
2022-10-03,39.6262,7.3838
2022-10-02,39.5669,7.2639
2022-10-01,39.5509,7.2169
2022-09-30,39.5968,7.1734
2022-09-29,39.5424,7.2179
2022-09-28,39.2315,7.2814
2022-09-27,39.2326,7.2386
2022-09-26,39.0093,7.3584
2022-09-25,38.9289,7.2912
2022-09-24,39.1467,7.1948
2022-09-23,39.4196,7.2016
2022-09-22,39.4536,7.5466
2022-09-21,39.2755,7.3731
2022-09-20,39.6524,7.1947
2022-09-19,40.0182,7.3077
2022-09-18,39.3998,6.9411
2022-09-17,39.4569,7.0747
2022-09-16,39.3035,7.0725
2022-09-15,38.7572,6.7881
2022-09-14,39.1245,6.8714
2022-09-13,40.1574,6.3585
2022-09-12,39.2788,6.3863
2022-09-11,39.068,6.3736
2022-09-10,39.1108,6.4652
2022-09-09,37.6546,6.8794
2022-09-08,37.8991,6.9326
2022-09-07,38.1191,7.1406
2022-09-06,38.4261,6.8433
2022-09-05,38.8259,6.8551
2022-09-04,38.8841,6.9196
2022-09-03,38.9889,6.8907
2022-09-02,39.0746,6.8523
2022-09-01,39.2565,6.9108
2022-08-31,39.1399,6.9784
2022-08-30,39.3915,6.8506
2022-08-29,39.7072,7.1461
2022-08-28,39.6226,6.98
2022-08-27,39.8135,6.9379
2022-08-26,39.6113,6.4756
2022-08-25,39.7106,6.5537
2022-08-24,39.7518,6.5205
2022-08-23,39.9431,6.5911
2022-08-22,40.0316,6.5652
2022-08-21,40.1632,6.702
2022-08-20,39.6876,6.7125
2022-08-19,40.1951,6.1122
2022-08-18,40.0477,6.0556
2022-08-17,40.0174,5.9119
2022-08-16,40.1383,5.8671
2022-08-15,40.0127,5.8023
2022-08-14,39.8846,5.745
2022-08-13,39.9787,5.751
2022-08-12,40.0835,5.8597
2022-08-11,40.152,5.8585
2022-08-10,40.4396,6.0862
2022-08-09,40.4696,5.9115
2022-08-08,40.3736,6.0578
2022-08-07,40.3353,6.1081
2022-08-06,40.4017,6.0314
2022-08-05,40.7079,6.254
2022-08-04,41.0537,6.2461
2022-08-03,41.2411,6.2377
2022-08-02,41.3834,6.1619
2022-08-01,41.1967,6.1191
2022-07-31,41.3647,6.0534
2022-07-30,41.3935,6.0121
2022-07-29,41.6027,6.0232
2022-07-28,41.5412,6.2451
2022-07-27,41.5787,6.7481
2022-07-26,41.7031,6.7305
2022-07-25,41.5157,6.3307
2022-07-24,41.6834,6.3967
2022-07-23,42.0438,6.3823
2022-07-22,42.0842,6.2634
2022-07-21,42.7167,6.3393
2022-07-20,42.2897,6.2337
2022-07-19,41.3531,6.3441
2022-07-18,41.6174,6.9063
2022-07-17,41.8671,6.8131
2022-07-16,42.5083,7.0366
2022-07-15,42.4781,7.124
2022-07-14,42.8439,7.3154
2022-07-13,42.7148,7.6304
2022-07-12,42.8833,7.4151
2022-07-11,42.913,7.1066
2022-07-10,43.0712,6.8927
2022-07-09,43.3738,6.9002
2022-07-08,43.0949,6.8846
2022-07-07,42.4769,7.1471
2022-07-06,42.5774,7.2916
2022-07-05,42.3624,7.2432
2022-07-04,42.1532,7.5567
2022-07-03,42.174,7.5969
2022-07-02,42.3618,7.6337
2022-07-01,42.7439,7.5108
2022-06-30,42.7807,7.4182
2022-06-29,42.5861,7.335
2022-06-28,42.3442,7.148
2022-06-27,42.5996,7.0934
2022-06-26,42.4985,6.9241
2022-06-25,42.4017,6.998
2022-06-24,43.267,7.1936
2022-06-23,43.1704,7.5752
2022-06-22,43.2466,7.3247
2022-06-21,43.3419,7.4393
2022-06-20,43.4868,7.5366
2022-06-19,43.1871,8.1512
2022-06-18,43.7969,7.7348
2022-06-17,44.1221,7.884
2022-06-16,44.4301,7.2212
2022-06-15,44.8693,7.4594
2022-06-14,45.376,7.4919
2022-06-13,47.1652,6.5851
2022-06-12,47.473,6.2869
2022-06-11,46.7029,6.0676
2022-06-10,46.3917,5.8554
2022-06-09,46.4924,5.8487
2022-06-08,47.0657,5.7432
2022-06-07,46.8338,5.676
2022-06-06,46.1904,5.8726
2022-06-05,46.1115,5.8779
2022-06-04,46.2449,5.9212
2022-06-03,46.1783,5.7647
2022-06-02,46.0094,5.8729
2022-06-01,46.2762,5.5362
2022-05-31,46.0102,5.5161
2022-05-30,45.8227,5.9191
2022-05-29,45.7336,5.9938
2022-05-28,46.0219,6.1259
2022-05-27,45.8416,5.9801
2022-05-26,44.7126,5.7828
2022-05-25,44.5116,5.7492
2022-05-24,44.2864,5.8391
2022-05-23,44.6067,5.6552
2022-05-22,44.5083,5.8449
2022-05-21,44.5702,5.9326
2022-05-20,44.9443,5.7949
2022-05-19,44.6101,6.1043
2022-05-18,44.2063,5.7416
2022-05-17,44.5311,5.925
2022-05-16,44.4585,5.736
2022-05-15,44.4245,6.0578
2022-05-14,44.2486,6.3017
2022-05-12,43.731,6.5004
2022-05-11,41.7182,5.8731
2022-05-10,41.7559,6.0215
2022-05-09,41.4185,5.3115
2022-05-08,41.6968,5.1304
2022-05-07,41.4295,5.0217
2022-05-06,41.505,4.9581
2022-05-05,41.8892,4.6108
2022-05-04,42.077,4.8709
2022-05-03,42.213,4.7881
2022-05-02,42.1501,4.7886
2022-05-01,42.3766,4.9113
2022-04-30,41.8469,4.738
2022-04-29,41.6226,4.5751
2022-04-28,41.4644,4.6191
2022-04-27,41.2418,4.7295
2022-04-26,41.2223,4.4543
2022-04-25,41.064,4.5476
2022-04-24,40.8825,4.5261
2022-04-23,40.8326,4.4912
2022-04-22,41.2172,4.4422
2022-04-21,41.1053,4.3363
2022-04-20,40.9796,4.3065
2022-04-19,41.0268,4.3795
2022-04-18,40.9073,4.4852
2022-04-17,40.7707,4.3894
2022-04-16,40.923,4.39
2022-04-15,40.8099,4.444
2022-04-14,40.9671,4.3268
2022-04-13,40.9035,4.4304
2022-04-12,41.1216,4.52
2022-04-11,40.9791,4.2173
2022-04-10,40.9331,4.1546
2022-04-09,41.0878,4.2182
2022-04-08,41.0586,4.0959
2022-04-07,41.4613,4.1635
2022-04-06,41.0054,3.9049
2022-04-05,41.017,3.815
2022-04-04,40.7369,3.798
2022-04-03,40.9215,3.8586
2022-04-02,41.1035,3.8354
2022-04-01,41.5615,3.9355
2022-03-31,41.738,3.8196
2022-03-30,42.0961,3.8147
2022-03-29,42.3733,3.8621
2022-03-28,42.2824,3.8719
2022-03-27,42.0125,4.0413
2022-03-26,42.3023,4.0769
2022-03-25,41.8434,4.0618
2022-03-24,41.7377,4.1464
2022-03-23,41.9801,4.217
2022-03-22,41.713,4.3209
2022-03-21,42.1553,4.3419
2022-03-20,42.146,4.2409
2022-03-19,42.2608,4.2902
2022-03-18,42.4504,4.3945
2022-03-17,42.7761,4.4037
2022-03-16,42.6697,4.5914
2022-03-15,42.9104,4.5748
2022-03-14,42.3333,4.7284
2022-03-13,42.5209,4.6178
2022-03-12,42.5084,4.6235
2022-03-11,42.5966,4.5541
2022-03-10,43.2686,4.3437
2022-03-09,42.3671,4.6047
2022-03-08,42.3966,4.6888
2022-03-07,42.3183,4.6293
2022-03-06,42.1674,4.4966
2022-03-05,42.4689,4.5564
2022-03-04,42.9973,4.2536
2022-03-03,43.1965,4.1296
2022-03-02,43.2792,4.0956
2022-03-01,42.9267,4.1718
2022-02-28,41.834,4.6567
2022-02-27,41.6992,4.4732
2022-02-26,41.8718,4.4771
2022-02-25,42.4983,4.6473
2022-02-24,41.8424,4.7032
2022-02-23,42.096,4.6091
2022-02-22,42.03,4.7422
2022-02-21,41.9233,4.5668
2022-02-20,41.9095,4.3611
2022-02-19,41.8544,4.359
2022-02-18,41.721,4.2868
2022-02-17,42.0084,3.9733
2022-02-16,42.0733,3.9224
2022-02-15,42.496,4.1365
2022-02-14,42.5012,4.1786
2022-02-13,42.2879,4.1436
2022-02-12,42.4322,4.1353
2022-02-11,41.8997,3.9726
2022-02-10,41.3526,3.8433
2022-02-09,41.7715,3.9052
2022-02-08,41.3888,3.8824
2022-02-07,41.5127,4.035
2022-02-06,41.4431,4.1171
2022-02-05,41.812,4.1506
2022-02-04,41.0077,4.5332
2022-02-03,41.026,4.5704
2022-02-02,41.223,4.3812
2022-02-01,41.6495,4.4666
2022-01-31,41.8779,4.5519
2022-01-30,41.7428,4.5125
2022-01-29,41.9267,4.5776
2022-01-28,42.0597,4.6737
2022-01-27,41.598,4.6596
2022-01-26,41.6385,4.6521
2022-01-25,42.0438,4.7435
2022-01-24,40.9939,4.6784
2022-01-23,41.394,4.8807
2022-01-22,40.7876,4.5998
2022-01-21,40.415,4.109
2022-01-20,40.2492,3.9894
2022-01-19,40.0397,3.9108
2022-01-18,39.6399,3.8834
2022-01-17,39.2906,3.7731
2022-01-16,39.4873,3.7944
2022-01-15,39.6271,3.8056
2022-01-14,39.9045,3.8821
2022-01-13,39.8542,3.7545
2022-01-12,40.2759,3.8982
2022-01-11,40.8623,4.0466
2022-01-10,40.2969,3.9766
2022-01-09,40.616,4.0321
2022-01-08,40.0048,3.9752
2022-01-07,39.4849,3.7859
2022-01-06,39.4781,3.758
2022-01-05,39.3336,3.5476
2022-01-04,39.5255,3.5165
2022-01-03,39.6628,3.4686
2022-01-02,40.0386,3.4731
2022-01-01,40.0513,3.5748
2021-12-31,40.2889,3.5285
2021-12-30,40.3838,3.5955
2021-12-29,40.1962,3.4935
2021-12-28,40.2457,3.2822
2021-12-27,40.1894,3.2601
2021-12-26,40.2176,3.2801
2021-12-25,40.8062,3.303
2021-12-24,40.3586,3.2537
2021-12-23,40.4206,3.3988
2021-12-22,40.7138,3.3943
2021-12-21,40.401,3.5047
2021-12-20,40.2981,3.5167
2021-12-19,40.1496,3.4742
2021-12-18,40.3564,3.5406
2021-12-17,40.8143,3.4617
2021-12-16,41.0045,3.3843
2021-12-15,41.6117,3.4766
2021-12-14,41.5126,3.5974
2021-12-13,41.0782,3.3061
2021-12-12,41.0081,3.3508
2021-12-11,40.9057,3.4892
2021-12-10,40.0664,3.3869
2021-12-09,39.8482,3.1645
2021-12-08,40.6219,3.2168
2021-12-07,40.4173,3.1913
2021-12-06,40.672,3.2866
2021-12-05,40.1492,3.2298
2021-12-04,41.0364,3.0275
2021-12-03,40.9904,2.8562
2021-12-02,41.1268,2.8282
2021-12-01,41.0543,2.826
2021-11-30,41.7463,2.8136
2021-11-29,42.1869,2.8439
2021-11-28,41.7714,2.9561
2021-11-27,41.7303,2.9979
2021-11-26,41.6918,2.723
2021-11-25,42.0099,2.8208
2021-11-24,41.6311,2.7772
2021-11-23,41.9984,2.8647
2021-11-22,42.229,2.7746
2021-11-21,42.3182,2.7406
2021-11-20,42.2236,2.8124
2021-11-19,43.3808,2.9587
2021-11-18,43.2047,2.7953
2021-11-17,43.4186,2.8272
2021-11-16,43.0779,2.6644
2021-11-15,43.5049,2.5846
2021-11-14,43.0427,2.6109
2021-11-13,43.1118,2.6224
2021-11-12,43.1067,2.602
2021-11-11,43.6364,2.6429
2021-11-10,43.5851,2.5322
2021-11-09,43.5675,2.5073
2021-11-08,42.8079,2.6034
2021-11-07,42.5245,2.6566
2021-11-06,42.5846,2.6716
2021-11-05,42.7861,2.653
2021-11-04,43.0763,2.5976
2021-11-03,43.5434,2.5994
2021-11-02,43.5669,2.6929
2021-11-01,44.0615,2.6999
2021-10-31,44.4419,2.678
2021-10-30,44.1327,2.6428
2021-10-29,44.2193,2.7154
2021-10-28,45.0048,2.8575
2021-10-27,44.4022,2.7305
2021-10-26,45.3557,2.6663
2021-10-25,45.5769,2.769
2021-10-24,45.2218,2.7218
2021-10-23,47.0936,2.8621
2021-10-22,46.1176,2.7297
2021-10-21,47.0358,2.6218
2021-10-20,47.7166,2.7271
2021-10-19,47.2121,2.7921
2021-10-18,46.7335,2.7822
2021-10-17,46.4117,2.7912
2021-10-16,46.6372,2.7699
2021-10-15,45.2147,2.8831
2021-10-14,45.7693,2.9151
2021-10-13,45.8838,2.9899
2021-10-12,46.3619,2.9408
2021-10-11,45.5488,3.0317
2021-10-10,44.6122,2.9527
2021-10-09,44.508,2.9967
2021-10-08,44.3573,2.9887
2021-10-07,45.1693,2.954
2021-10-06,43.4847,3.0515
2021-10-05,43.0553,3.167
2021-10-04,42.3423,3.1805
2021-10-03,42.3955,3.2235
2021-10-02,43.0217,3.2437
2021-10-01,42.747,3.5447
2021-09-30,42.43,3.7147
2021-09-29,42.6425,3.7783
2021-09-28,42.549,3.6696
2021-09-27,42.4036,3.5766
2021-09-26,42.3521,3.6122
2021-09-25,42.1967,3.59
2021-09-24,41.9757,3.4088
2021-09-23,41.8424,3.4998
2021-09-22,42.8497,3.8275
2021-09-21,42.8362,3.6241
2021-09-20,42.3241,3.253
2021-09-19,42.208,3.175
2021-09-18,42.1748,3.2345
2021-09-17,41.4972,3.1527
2021-09-16,41.3071,3.1137
2021-09-15,41.6072,3.2056
2021-09-14,41.2538,3.3362
2021-09-13,40.839,3.2233
2021-09-12,41.1558,3.3106
2021-09-11,41.4509,3.3493
2021-09-10,41.2805,3.2183
2021-09-09,41.4216,3.2465
2021-09-08,42.2686,3.2525
2021-09-07,41.8268,2.8582
2021-09-06,41.5298,2.8806
2021-09-05,41.3648,2.9582
2021-09-04,41.3877,2.9458
2021-09-03,41.7002,2.9919
2021-09-02,41.5744,2.9947
2021-09-01,42.3663,3.151
2021-08-31,43.1792,3.2023
2021-08-30,43.7601,3.1228
2021-08-29,43.7106,3.1134
2021-08-28,43.6152,3.0961
2021-08-27,44.1451,3.2786
2021-08-26,43.9075,3.1234
2021-08-25,43.8161,3.1993
2021-08-24,43.3802,3.0398
2021-08-23,44.0459,3.0934
2021-08-22,44.1375,3.1166
2021-08-21,44.0293,3.0701
2021-08-20,43.5597,3.1962
2021-08-19,43.8868,3.3518
2021-08-18,44.2341,3.372
2021-08-17,43.8888,3.2444
2021-08-16,43.7686,3.1511
2021-08-15,44.2688,3.1719
2021-08-14,44.7894,3.1513
2021-08-13,44.9232,3.3897
2021-08-12,45.0171,3.3046
2021-08-11,45.8055,3.3532
2021-08-10,46.6252,3.3554
2021-08-09,46.347,3.5171
2021-08-08,45.6989,3.3993
2021-08-07,46.3415,3.5792
2021-08-06,45.7286,3.6998
2021-08-05,45.6193,3.7932
2021-08-04,45.8815,3.9676
2021-08-03,45.9907,3.8737
2021-08-02,46.7104,3.8582
2021-08-01,47.5896,3.7847
2021-07-31,48.4894,3.7867
2021-07-30,47.8309,3.9389
2021-07-29,48.3594,3.985
2021-07-28,48.2187,4.0223
2021-07-27,47.4942,4.1979
2021-07-26,46.5584,4.3346
2021-07-25,45.8902,4.4104
2021-07-24,45.9133,4.5062
2021-07-23,45.7523,4.6713
2021-07-22,46.1027,4.7336
2021-07-21,46.4055,5.1414
2021-07-20,46.4633,4.976
2021-07-19,46.1019,4.7898
2021-07-18,46.9857,4.9248
2021-07-17,46.1523,4.8603
2021-07-16,45.7394,4.7515
2021-07-15,45.7574,4.6123
2021-07-14,45.8803,4.6412
2021-07-13,45.4005,4.5403
2021-07-12,45.4364,4.3974
2021-07-11,45.2282,4.4777
2021-07-10,45.1092,4.4293
2021-07-09,44.8654,4.536
2021-07-08,44.0697,4.3235
2021-07-07,44.3434,4.3084
2021-07-06,44.8845,4.4267
2021-07-05,45.0946,4.2515
2021-07-04,45.3256,4.3503
2021-07-03,45.3615,4.4589
2021-07-02,45.4476,4.5087
2021-07-01,45.4903,4.323
2021-06-30,46.2959,4.2967
2021-06-29,46.2802,4.4754
2021-06-28,47.0475,4.5219
2021-06-27,46.6459,4.8228
2021-06-26,46.3339,4.8915
2021-06-25,46.6353,4.4844
2021-06-24,46.649,4.6237
2021-06-23,47.5107,4.8803
2021-06-22,46.4365,4.9069
2021-06-21,44.7603,4.1984
2021-06-20,45.1011,4.2416
2021-06-19,44.8044,4.1784
2021-06-18,45.0277,3.9509
2021-06-17,45.2909,3.9481
2021-06-16,45.5713,3.7909
2021-06-15,45.216,3.7439
2021-06-14,44.9064,3.8396
2021-06-13,43.8802,4.1216
2021-06-12,45.0222,4.0283
2021-06-11,43.5877,3.9565
2021-06-10,42.8766,3.8268
2021-06-09,41.1667,4.0973
2021-06-08,41.0136,4.0656
2021-06-07,41.0008,3.8017
2021-06-06,41.2765,3.8527
2021-06-05,41.6159,3.7354
2021-06-04,41.5235,3.5052
2021-06-03,41.5796,3.6525
2021-06-02,41.9713,3.7753
2021-06-01,42.1135,3.7152
2021-05-31,43.2404,3.9849
2021-05-30,43.6175,4.1357
2021-05-29,43.0715,3.9512
2021-05-28,42.561,3.6151
2021-05-27,42.0176,3.4851
2021-05-26,43.2494,3.6548
2021-05-25,43.5643,3.6251
2021-05-24,45.907,4.2175
2021-05-23,45.2667,3.8282
2021-05-22,43.6864,3.695
2021-05-21,42.5661,3.2791
2021-05-20,43.7153,3.6912
2021-05-19,39.2584,2.8566
2021-05-18,40.2289,2.8901
2021-05-17,40.0596,2.6904
2021-05-16,40.2005,2.6771
2021-05-15,39.9721,2.4936
2021-05-14,41.5677,2.5827
2021-05-13,42.1965,2.5942
2021-05-12,42.3958,2.2729
2021-05-11,44.3493,2.3973
2021-05-10,44.3289,2.2794
2021-05-09,44.6338,2.2547
2021-05-08,45.0737,2.3099
2021-05-07,44.4769,2.2933
2021-05-06,44.9585,2.2539
2021-05-05,45.7342,2.4437
2021-05-04,46.258,2.2762
2021-05-03,47.8168,2.3512
2021-05-02,48.1702,2.3065
2021-05-01,49.0324,2.3371
2021-04-30,48.2182,2.4642
2021-04-29,48.9268,2.4295
2021-04-28,49.2961,2.4257
2021-04-27,50.0009,2.4907
2021-04-26,50.2333,2.7451
2021-04-25,51.2053,2.7316
2021-04-24,50.3437,2.6195
2021-04-23,50.4688,2.5811
2021-04-22,50.4943,2.4706
2021-04-21,50.9968,2.372
2021-04-20,51.699,2.4166
2021-04-19,51.2376,2.3532
2021-04-18,51.6228,2.1747
2021-04-17,51.451,2.1181
2021-04-16,52.3264,2.0793
2021-04-15,53.0721,2.0993
2021-04-14,54.0325,2.0977
2021-04-13,53.794,2.1942
2021-04-12,54.2631,2.1804
2021-04-11,54.6103,2.1871
2021-04-10,54.9262,2.2355
2021-04-09,55.0741,2.2157
2021-04-08,55.7265,2.3153
2021-04-07,54.8009,2.1836
2021-04-06,55.7368,2.1791
2021-04-05,56.2923,2.1975
2021-04-04,57.159,2.262
2021-04-03,56.9111,2.1728
2021-04-02,57.9703,2.2074
2021-04-01,58.5257,2.2194
2021-03-31,59.0175,2.2218
2021-03-30,59.0507,2.2515
2021-03-29,59.424,2.3208
2021-03-28,59.5427,2.3063
2021-03-27,59.3271,2.3262
2021-03-26,59.4432,2.4759
2021-03-25,60.274,2.4501
2021-03-24,59.8703,2.3364
2021-03-23,59.8264,2.3359
2021-03-22,60.2432,2.2227
2021-03-21,60.5572,2.1938
2021-03-20,60.4699,2.1825
2021-03-19,60.9504,2.2092
2021-03-18,60.9259,2.1632
2021-03-17,60.7882,2.2323
2021-03-16,61.0555,2.2644
2021-03-15,61.9431,2.1454
2021-03-14,62.059,2.0714
2021-03-13,61.8837,2.1916
2021-03-12,61.5417,2.1481
2021-03-11,61.1765,2.1864
2021-03-10,59.9459,2.1764
2021-03-09,60.0369,2.2765
2021-03-08,60.3591,2.3228
2021-03-07,60.0835,2.4158
2021-03-06,60.7347,2.4325
2021-03-05,60.6724,2.4402
2021-03-04,61.0884,2.35
2021-03-03,60.9434,2.4373
2021-03-02,61.0605,2.3665
2021-03-01,60.9004,2.5817
2021-02-28,60.6459,2.4927
2021-02-27,61.2638,2.5008
2021-02-26,61.6063,2.4474
2021-02-25,61.2704,2.3081
2021-02-24,61.8556,2.3666
2021-02-23,61.3438,2.0983
2021-02-22,61.4551,1.9738
2021-02-21,61.5163,2.0165
2021-02-20,60.9757,2.0
2021-02-19,60.654,2.1273
2021-02-18,61.8264,2.1271
2021-02-17,61.5149,2.2189
2021-02-16,61.0149,2.2354
2021-02-15,60.9341,2.174
2021-02-14,59.5947,2.1758
2021-02-13,60.1672,2.1403
2021-02-12,61.6307,2.1419
2021-02-11,61.0014,2.2191
2021-02-10,62.5384,2.1589
2021-02-09,63.3904,2.1633
2021-02-08,61.1644,2.4319
2021-02-07,61.1832,2.383
2021-02-06,60.2552,2.3905
2021-02-05,61.3403,2.4787
2021-02-04,61.57,2.4244
2021-02-03,62.045,2.5439
2021-02-02,61.994,2.6597
2021-02-01,62.2892,2.6772
2021-01-31,62.6685,2.5778
2021-01-30,63.2399,2.5787
2021-01-29,63.3916,2.6227
2021-01-28,62.8927,2.8326
2021-01-27,62.9842,2.6195
2021-01-26,63.1847,2.641
2021-01-25,62.3748,2.6039
2021-01-24,63.706,2.6736
2021-01-23,64.5717,2.6289
2021-01-22,64.8111,2.8124
2021-01-21,64.5811,2.4225
2021-01-20,65.1071,2.3955
2021-01-19,66.2562,2.3912
2021-01-18,66.1606,2.4363
2021-01-17,66.53,2.4133
2021-01-16,68.0186,2.4199
2021-01-15,68.831,2.2873
2021-01-14,68.905,2.3952
2021-01-13,68.5632,2.6128
2021-01-12,69.1322,2.5004
2021-01-11,68.1367,2.2762
2021-01-10,68.8379,2.1828
2021-01-09,70.3697,2.1945
2021-01-08,69.6016,2.2118
2021-01-07,68.5012,2.2881
2021-01-06,68.7089,2.4439
2021-01-05,68.3439,2.543
2021-01-04,69.5703,2.4784
2021-01-03,71.798,2.5676
2021-01-02,70.6696,2.7506
2021-01-01,70.4528,2.7646
2020-12-31,70.425,2.7694
2020-12-30,69.4398,2.8641
2020-12-29,69.1401,2.8684
2020-12-28,69.4167,2.9533
2020-12-27,70.0526,2.9563
2020-12-26,68.6839,3.0961
2020-12-25,68.1597,3.1811
2020-12-24,69.2394,3.2891
2020-12-23,67.033,3.104
2020-12-22,66.3766,3.189
2020-12-21,65.9392,3.0644
2020-12-20,65.8869,3.0015
2020-12-19,65.4007,3.0596
2020-12-18,65.5085,3.0922
2020-12-17,64.1733,3.2236
2020-12-16,63.6627,3.4944
2020-12-15,63.4374,3.5118
2020-12-14,63.2269,3.5187
2020-12-13,63.4622,3.5956
2020-12-12,63.0548,3.7165
2020-12-11,62.7518,3.6564
2020-12-10,62.5568,3.5869
2020-12-09,62.8883,3.6462
2020-12-08,62.6287,3.4604
2020-12-07,62.5654,3.4251
2020-12-06,62.5375,3.4518
2020-12-05,62.9614,3.5451
2020-12-04,62.2831,3.3735
2020-12-03,62.3792,3.4071
2020-12-02,62.4886,3.4651
2020-12-01,62.4505,3.3055
2020-11-30,61.918,3.5299
2020-11-29,61.9218,3.6055
2020-11-28,62.1696,3.7348
2020-11-27,62.4431,3.7253
2020-11-26,62.1665,3.3697
2020-11-25,61.4507,3.2533
2020-11-24,61.4529,3.3659
2020-11-23,63.7842,3.4693
2020-11-22,63.866,3.4075
2020-11-21,65.9898,3.506
2020-11-20,66.1407,3.6566
2020-11-19,66.1432,3.6372
2020-11-18,65.7098,3.6252
2020-11-17,65.29,3.788
2020-11-16,64.9335,3.9238
2020-11-15,64.6717,3.8615
2020-11-14,64.6868,3.7864
2020-11-13,65.3298,3.8132
2020-11-12,64.3935,3.8786
2020-11-11,64.0134,3.9384
2020-11-10,64.4062,3.9312
2020-11-09,64.3205,3.8665
2020-11-08,64.158,4.0005
2020-11-07,64.4549,3.8126
2020-11-06,65.9389,3.8761
2020-11-05,64.4165,4.1477
2020-11-04,64.3727,4.1803
2020-11-03,63.6662,4.2375
2020-11-02,63.2843,4.1501
2020-11-01,63.6621,4.1466
2020-10-31,63.4478,4.1889
2020-10-30,62.9539,4.1807
2020-10-29,62.3436,4.1828
2020-10-28,62.295,4.0515
2020-10-27,61.6061,4.1672
2020-10-26,61.1,4.1331
2020-10-25,61.0169,4.0869
2020-10-24,60.9574,4.1255
2020-10-23,60.8464,4.0923
2020-10-22,61.3409,4.1573
2020-10-21,60.5288,4.3995
2020-10-20,59.4954,4.3736
2020-10-19,58.8907,4.4117
2020-10-18,58.9983,4.4531
2020-10-17,59.0335,4.4544
2020-10-16,58.7123,4.3599
2020-10-15,58.6674,4.3781
2020-10-14,58.4469,4.359
2020-10-13,58.5069,4.311
2020-10-12,58.4338,4.3666
2020-10-11,58.4273,4.3966
2020-10-10,58.5205,4.4853
2020-10-09,58.9279,4.5705
2020-10-08,58.8731,4.67
2020-10-07,58.9511,4.6959
2020-10-06,58.4263,4.5735
2020-10-05,58.254,4.604
2020-10-04,58.3396,4.6587
2020-10-03,58.427,4.6472
2020-10-02,58.0297,4.5922
2020-10-01,57.9912,4.5078
2020-09-30,58.1376,4.4889
2020-09-29,58.1388,4.5414
2020-09-28,58.2177,4.4839
2020-09-27,58.1757,4.5049
2020-09-26,58.2777,4.5173
2020-09-25,58.8523,4.5281
2020-09-24,59.2733,4.7841
2020-09-23,58.728,4.5828
2020-09-22,58.9081,4.6371
2020-09-21,58.2788,4.3737
2020-09-20,57.8943,4.2806
2020-09-19,57.7011,4.3148
2020-09-18,57.6275,4.3007
2020-09-17,58.3034,4.3402
2020-09-16,57.8962,4.3553
2020-09-15,56.9591,4.3018
2020-09-14,56.6702,4.4048
2020-09-13,56.0781,4.2826
2020-09-12,56.6818,4.3176
2020-09-11,56.7896,4.3389
2020-09-10,57.3134,4.3903
2020-09-09,57.8769,4.4627
2020-09-08,57.7817,4.3264
2020-09-07,57.4773,4.3238
2020-09-06,58.4959,4.4195
2020-09-05,56.7373,4.1299
2020-09-04,56.5458,4.0277
2020-09-03,56.0866,3.4007
2020-09-02,56.5229,3.0931
2020-09-01,57.1796,3.0213
2020-08-31,57.8802,2.8678
2020-08-30,58.423,2.761
2020-08-29,58.9599,2.7734
2020-08-28,59.336,2.8436
2020-08-27,59.0225,2.7911
2020-08-26,59.2271,2.8323
2020-08-25,58.8479,2.7132
2020-08-24,59.2354,2.7577
2020-08-23,59.1269,2.7477
2020-08-22,59.6121,2.7931
2020-08-21,58.8368,2.6851
2020-08-20,59.3795,2.7387
2020-08-19,59.0068,2.6678
2020-08-18,59.0938,2.6082
2020-08-17,58.3722,2.6572
2020-08-16,58.7265,2.6841
2020-08-15,58.707,2.7063
2020-08-14,58.9955,2.7133
2020-08-13,59.7278,2.8015
2020-08-12,60.294,2.8758
2020-08-11,60.2664,2.7552
2020-08-10,60.3636,2.8081
2020-08-09,60.558,2.7988
2020-08-08,61.1393,2.8642
2020-08-07,60.9511,2.813
2020-08-06,61.0019,2.8186
2020-08-05,60.2936,2.9224
2020-08-04,60.4838,2.9221
2020-08-03,61.0044,3.0012
2020-08-02,61.5078,2.8373
2020-08-01,62.2885,2.9791
2020-07-31,62.3547,3.0444
2020-07-30,62.839,3.077
2020-07-29,62.5121,3.1054
2020-07-28,63.0999,3.0965
2020-07-27,60.9377,3.3348
2020-07-26,60.509,3.3886
2020-07-25,61.3495,3.4848
2020-07-24,61.4269,3.4252
2020-07-23,61.7285,3.4179
2020-07-22,62.2143,3.4491
2020-07-21,62.3267,3.4889
2020-07-20,62.0082,3.4027
2020-07-19,62.1405,3.3773
2020-07-18,62.3679,3.3919
2020-07-17,62.3728,3.3999
2020-07-16,62.1933,3.3658
2020-07-15,62.3378,3.3562
2020-07-14,62.5319,3.3677
2020-07-13,62.3843,3.3404
2020-07-12,62.4895,3.3668
2020-07-11,62.8263,3.3706
2020-07-10,62.6314,3.3689
2020-07-09,62.7688,3.3176
2020-07-08,63.3439,3.4121
2020-07-07,63.58,3.4023
2020-07-06,64.1911,3.531
2020-07-05,64.2307,3.5186
2020-07-04,64.4854,3.5416
2020-07-03,64.4048,3.522
2020-07-02,64.6054,3.4913
2020-07-01,64.7972,3.5282
2020-06-30,64.7074,3.5163
2020-06-29,64.8973,3.5464
2020-06-28,64.9597,3.5793
2020-06-27,64.4938,3.5081
2020-06-26,64.5483,3.4775
2020-06-25,64.5056,3.4593
2020-06-24,64.6293,3.35
2020-06-23,64.8125,3.3533
2020-06-22,64.7461,3.4795
2020-06-21,64.8134,3.4588
2020-06-20,64.8664,3.4935
2020-06-19,64.954,3.4532
2020-06-18,64.9889,3.4297
2020-06-17,65.1751,3.4218
2020-06-16,65.2329,3.4553
2020-06-15,64.9232,3.4636
2020-06-14,64.7181,3.4195
2020-06-13,64.8098,3.4216
2020-06-12,65.0664,3.5036
2020-06-11,64.7861,3.284
2020-06-10,64.8101,3.309
2020-06-09,64.8166,3.3062
2020-06-08,64.8078,3.3126
2020-06-07,64.6942,3.3472
2020-06-06,64.7035,3.3265
2020-06-05,64.969,3.2601
2020-06-04,64.7742,3.2787
2020-06-03,64.9626,3.3092
2020-06-02,65.8572,3.1236
2020-06-01,65.4246,3.3077
2020-05-31,65.2249,3.2185
2020-05-30,65.8267,3.3412
2020-05-29,66.0504,3.3181
2020-05-28,65.9059,3.4387
2020-05-27,65.5225,3.5574
2020-05-26,65.4796,3.5276
2020-05-25,65.6724,3.593
2020-05-24,66.0264,3.4382
2020-05-23,65.9754,3.4359
2020-05-22,66.4426,3.5019
2020-05-21,66.6972,3.3485
2020-05-20,0,3.3516
2020-05-19,0,3.3022
2020-05-18,0,3.2158
2020-05-17,66.4892,3.3525
2020-05-16,66.2322,3.3895
2020-05-15,67.7409,3.3174
2020-05-14,67.599,3.4794
2020-05-13,67.0516,3.4693
2020-05-12,66.9088,3.3879
2020-05-11,67.111,3.1588
2020-05-10,67.0774,2.7348
2020-05-09,67.5105,2.5354
2020-05-08,67.9003,2.3692
2020-05-07,66.9874,2.52
2020-05-06,66.2141,2.5597
2020-05-05,65.8989,2.5723
2020-05-04,65.7388,2.5721
2020-05-03,65.4414,2.5423
2020-05-02,65.3807,2.5809
2020-05-01,65.4798,2.6378
2020-04-30,64.958,2.5797
2020-04-29,63.6155,2.8458
2020-04-28,63.952,2.8651
2020-04-27,63.7704,2.8862
2020-04-26,63.5712,2.9275
2020-04-25,63.9016,2.9514
2020-04-24,64.0512,3.0007
2020-04-23,63.4761,3.108
2020-04-22,63.5343,3.2258
2020-04-21,63.6469,3.2314
2020-04-20,63.6524,3.0986
2020-04-19,63.3454,3.0473
2020-04-18,63.8731,3.1379
2020-04-17,63.94,3.1373
2020-04-16,64.0468,3.3741
2020-04-15,64.1724,3.2628
2020-04-14,64.2034,3.253
2020-04-13,64.149,3.203
2020-04-12,64.13,3.2441
2020-04-11,64.1851,3.2388
2020-04-10,63.9765,3.0395
2020-04-09,63.9607,3.0269
2020-04-08,64.5072,3.1169
2020-04-07,64.4748,3.0569
2020-04-06,65.1669,3.3071
2020-04-05,65.211,3.2552
2020-04-04,65.0947,3.3044
2020-04-03,65.447,3.2799
2020-04-02,65.4098,3.3404
2020-04-01,65.0457,3.2867
2020-03-31,65.7528,3.1762
2020-03-30,64.409,3.2282
2020-03-29,64.8982,2.9363
2020-03-28,65.3557,2.722
2020-03-27,65.6494,2.4689
2020-03-26,65.9627,2.4986
2020-03-25,65.9854,2.4887
2020-03-24,63.9917,2.5088
2020-03-23,64.7551,2.8353
2020-03-22,64.9257,2.6593
2020-03-21,65.0284,2.6724
2020-03-20,64.706,2.6435
2020-03-19,63.6878,3.0694
2020-03-18,63.8515,3.105
2020-03-17,64.2795,3.2522
2020-03-16,63.7472,3.0354
2020-03-15,63.5218,3.1217
2020-03-14,63.426,2.8934
2020-03-13,64.3322,3.2596
2020-03-12,64.6118,2.0833
2020-03-11,64.0479,2.0735
2020-03-10,63.7093,2.0558
2020-03-09,64.008,2.0277
2020-03-08,63.4863,1.8237
2020-03-07,63.2332,1.771
2020-03-06,63.9298,1.7934
2020-03-05,63.7059,1.8461
2020-03-04,63.7851,1.8408
2020-03-03,63.6857,1.8178
2020-03-02,64.0846,1.8985
2020-03-01,64.0496,1.8892
2020-02-29,63.8706,1.8708
2020-02-28,63.9496,1.8491
2020-02-27,64.4957,1.8606
2020-02-26,63.6613,1.7366
2020-02-25,62.9358,1.6629
2020-02-24,62.5778,1.6087
2020-02-23,62.8667,1.6596
2020-02-22,62.7238,1.6523
2020-02-21,62.9577,1.6723
2020-02-20,62.8671,1.6669
2020-02-19,62.3883,1.568
2020-02-18,62.236,1.639
2020-02-17,62.8024,1.6123
2020-02-16,61.9628,1.5952
2020-02-15,60.9996,1.5057
2020-02-14,61.6874,1.5385
2020-02-13,62.0509,1.5308
2020-02-12,63.169,1.5758
2020-02-11,63.246,1.6344
2020-02-10,63.6231,1.599
2020-02-09,63.7816,1.6479
2020-02-08,63.9356,1.6628
2020-02-07,64.1799,1.6809
2020-02-06,64.3859,1.706
2020-02-05,64.7499,1.7995
2020-02-04,65.1192,1.7892
2020-02-03,65.4761,1.79
2020-02-02,0,1.7945
2020-02-01,66.162,1.8083
2020-01-31,65.9566,1.7746
2020-01-30,66.444,1.8247
2020-01-29,66.496,1.8122
2020-01-28,65.9908,1.8935
2020-01-27,65.8236,1.9556
2020-01-26,66.1857,2.0247
2020-01-25,66.1028,1.9999
2020-01-24,65.9755,2.0068
2020-01-23,65.6642,1.9338
2020-01-22,65.7571,1.9231
2020-01-21,65.948,1.948
2020-01-20,66.275,1.9443
2020-01-19,66.3028,1.8995
2020-01-18,65.9473,1.8948
2020-01-17,66.1773,1.9394
2020-01-16,66.2298,1.9209
2020-01-15,66.0767,1.9218
2020-01-14,68.0319,2.1359
2020-01-13,67.9123,2.1194
2020-01-12,68.0386,2.1667
2020-01-11,68.3113,2.1329
2020-01-10,68.5321,2.2209
2020-01-09,68.8697,2.1756
2020-01-08,68.825,2.1067
2020-01-07,67.5872,2.1329
2020-01-06,67.9849,2.209
2020-01-05,68.1272,2.1678
2020-01-04,68.1903,2.1468
2020-01-03,68.1546,2.2136
2020-01-02,68.191,2.1489
2020-01-01,68.3033,2.1577
2019-12-31,68.218,2.1301
2019-12-30,68.283,2.0948
2019-12-29,68.4864,2.1372
2019-12-28,68.6586,2.1464
2019-12-27,68.7354,2.1659
2019-12-26,68.8484,2.1553
2019-12-25,68.697,2.1401
2019-12-24,68.8311,2.1361
2019-12-23,68.8395,2.0844
2019-12-22,68.358,2.1691
2019-12-21,68.2831,2.157
2019-12-20,0,2.1581
2019-12-19,68.123,2.1301
2019-12-18,67.6245,2.3301
2019-12-17,66.8686,2.199
2019-12-16,66.454,2.1149
2019-12-15,66.4343,2.1281
2019-12-14,66.5715,2.088
2019-12-13,66.6152,2.0954
2019-12-12,66.6956,2.0984
2019-12-11,66.6531,2.0894
2019-12-10,66.6468,2.0572
2019-12-09,66.7025,2.0109
2019-12-08,66.9174,2.0196
2019-12-07,66.9795,2.0217
2019-12-06,66.8251,2.0455
2019-12-05,66.718,2.1017
2019-12-04,66.5944,2.0739
2019-12-03,66.5035,2.0691
2019-12-02,66.4317,2.0396
2019-12-01,66.6811,2.0096
2019-11-30,66.7543,1.9626
2019-11-29,66.5205,2.033
2019-11-28,66.5864,2.0155
2019-11-27,66.2179,2.0966
2019-11-26,66.4465,2.1199
2019-11-25,66.2671,2.1488
2019-11-24,66.0105,2.0321
2019-11-23,66.4044,2.0719
2019-11-22,66.1326,1.9686
2019-11-21,65.8194,1.8688
2019-11-20,66.0156,1.8314
2019-11-19,65.9052,1.8078
2019-11-18,65.8364,1.749
2019-11-17,65.8986,1.7568
2019-11-16,65.9261,1.7694
2019-11-15,65.8812,1.7239
2019-11-14,65.9535,1.705
2019-11-13,66.0596,1.7073
2019-11-12,66.0131,1.7173
2019-11-11,66.3647,1.6696
2019-11-10,66.2467,1.7136
2019-11-09,66.4918,1.7209
2019-11-08,66.8391,1.6464
2019-11-07,66.5967,1.6252
2019-11-06,66.8712,1.6353
2019-11-05,67.3358,1.6356
2019-11-04,67.3738,1.6694
2019-11-03,67.4718,1.6504
2019-11-02,67.5077,1.6672
2019-11-01,67.4083,1.6784
2019-10-31,67.322,1.6742
2019-10-30,67.3948,1.6372
2019-10-29,67.6869,1.6759
2019-10-28,68.309,1.6334
2019-10-27,68.2292,1.69
2019-10-26,66.7039,1.7597
2019-10-25,65.6108,2.0061
2019-10-24,65.9934,2.0107
2019-10-23,66.2833,1.8807
2019-10-22,66.3505,1.8481
2019-10-21,66.5255,1.8534
2019-10-20,66.2022,1.8985
2019-10-19,66.1245,1.9028
2019-10-18,66.0081,1.8698
2019-10-17,66.3712,1.8949
2019-10-16,66.289,1.8554
2019-10-15,66.2377,1.815
2019-10-14,66.7058,1.8405
2019-10-13,66.9523,1.8426
2019-10-12,66.8548,1.8407
2019-10-11,66.9718,1.7874
2019-10-10,66.57,1.7764
2019-10-09,66.4449,1.8517
2019-10-08,66.6302,1.8531
2019-10-07,66.9239,1.9239
2019-10-06,67.1595,1.8906
2019-10-05,67.256,1.8839
2019-10-04,67.6169,1.8827
2019-10-03,67.6547,1.8482
2019-10-02,67.7789,1.8686
2019-10-01,67.3821,1.8706
2019-09-30,67.8265,1.93
2019-09-29,67.8008,1.895
2019-09-28,67.782,1.8961
2019-09-27,67.9976,1.9331
2019-09-26,68.4365,1.8606
2019-09-25,69.238,1.8518
2019-09-24,68.3432,1.6151
2019-09-23,68.105,1.5533
2019-09-22,67.5295,1.5458
2019-09-21,67.6188,1.5249
2019-09-20,67.4923,1.5086
2019-09-19,67.3915,1.5161
2019-09-18,68.256,1.5317
2019-09-17,69.2898,1.5486
2019-09-16,69.6598,1.548
2019-09-15,69.7677,1.5471
2019-09-14,70.2257,1.5567
2019-09-13,70.3724,1.5479
2019-09-12,69.9603,1.5722
2019-09-11,69.5698,1.5737
2019-09-10,69.7982,1.5446
2019-09-09,69.8979,1.527
2019-09-08,70.366,1.5222
2019-09-07,70.8229,1.552
2019-09-06,70.9114,1.5168
2019-09-05,70.7445,1.5091
2019-09-04,70.4632,1.4954
2019-09-03,70.0878,1.5211
2019-09-02,69.3322,1.5958
2019-09-01,69.0718,1.6086
2019-08-31,69.1197,1.6114
2019-08-30,68.9582,1.6208
2019-08-29,69.2308,1.5858
2019-08-28,68.8549,1.5112
2019-08-27,69.0231,1.4923
2019-08-26,68.67,1.5251
2019-08-25,68.4331,1.5209
2019-08-24,68.6601,1.4926
2019-08-23,68.4617,1.5369
2019-08-22,68.8309,1.5417
2019-08-21,69.3326,1.4595
2019-08-20,69.0671,1.4336
2019-08-19,68.3391,1.4985
2019-08-18,68.8887,1.5269
2019-08-17,69.1397,1.5145
2019-08-16,68.561,1.5081
2019-08-15,68.2875,1.5331
2019-08-14,67.9995,1.4148
2019-08-13,68.6968,1.3654
2019-08-12,68.5997,1.3479
2019-08-11,68.9394,1.3755
2019-08-10,69.8532,1.3325
2019-08-09,69.1412,1.3099
2019-08-08,68.931,1.3055
2019-08-07,68.0297,1.3485
2019-08-06,67.859,1.3057
2019-08-05,66.859,1.3866
2019-08-04,66.5204,1.3961
2019-08-03,66.1678,1.4266
2019-08-02,65.7389,1.4295
2019-08-01,64.9462,1.457
2019-07-31,64.4667,1.5163
2019-07-30,64.4104,1.5253
2019-07-29,64.381,1.5198
2019-07-28,64.4309,1.5307
2019-07-27,64.2625,1.4689
2019-07-26,64.5736,1.4682
2019-07-25,64.3791,1.4808
2019-07-24,64.9342,1.4844
2019-07-23,65.2504,1.4223
2019-07-22,65.1834,1.3824
2019-07-21,65.3469,1.3648
2019-07-20,65.6809,1.4009
2019-07-19,65.8425,1.3843
2019-07-18,65.4843,1.5139
2019-07-17,66.2181,1.5576
2019-07-16,66.5764,1.3573
2019-07-15,65.5052,1.4115
2019-07-14,65.119,1.2558
2019-07-13,65.2994,1.2072
2019-07-12,65.1974,1.2493
2019-07-11,64.8897,1.1563
2019-07-10,64.2738,1.0969
2019-07-09,63.4433,1.0979
2019-07-08,62.1129,1.1445
2019-07-07,62.2906,1.1674
2019-07-06,62.1502,1.1719
2019-07-05,62.5024,1.1579
2019-07-04,63.0818,1.0845
2019-07-03,61.4759,1.1605
2019-07-02,60.5866,1.1698
2019-07-01,61.4614,1.1579
2019-06-30,61.8305,1.0504
2019-06-29,63.2399,1.0333
2019-06-28,62.063,1.1204
2019-06-27,62.7436,0.978
2019-06-26,60.5647,1.0347
2019-06-25,59.2981,1.0782
2019-06-24,59.0875,1.0896
2019-06-23,58.5121,1.0939
2019-06-22,58.4381,1.1457
2019-06-21,57.7861,1.2119
2019-06-20,57.0359,1.2277
2019-06-19,57.2168,1.257
2019-06-18,57.2012,1.2225
2019-06-17,56.84,1.2489
2019-06-16,56.6436,1.2577
2019-06-15,56.5626,1.2666
2019-06-14,55.4897,1.3013
2019-06-13,55.2267,1.297
2019-06-12,55.3653,1.3269
2019-06-11,55.5158,1.3069
2019-06-10,55.8257,1.3643
2019-06-09,55.5298,1.3015
2019-06-08,55.4148,1.2783
2019-06-07,55.2219,1.2984
2019-06-06,55.5519,1.3005
2019-06-05,55.5923,1.3109
2019-06-04,56.0771,1.2404
2019-06-03,56.0321,1.1531
2019-06-02,56.0775,1.1699
2019-06-01,55.7258,1.1565
2019-05-31,56.2263,1.195
2019-05-30,55.8932,1.1383
2019-05-29,56.3914,1.137
2019-05-28,56.7167,1.131
2019-05-27,57.4221,1.1526
2019-05-26,56.8367,1.2262
2019-05-25,56.8392,1.2299
2019-05-24,56.9999,1.2371
2019-05-23,56.7327,1.25
2019-05-22,56.4882,1.1826
2019-05-21,56.9875,1.173
2019-05-20,56.9384,1.1279
2019-05-19,56.3242,1.2392
2019-05-18,56.0244,1.2163
2019-05-17,56.2399,1.1334
2019-05-16,56.7599,1.1023
2019-05-15,58.7689,1.1641
2019-05-14,60.3537,1.2227
2019-05-13,58.8046,1.3314
2019-05-12,58.6938,1.2842
2019-05-11,58.1866,1.4359
2019-05-10,57.896,1.4731
2019-05-09,56.6059,1.4854
2019-05-08,56.1965,1.5121
2019-05-07,55.3372,1.512
2019-05-06,55.8164,1.517
2019-05-05,55.7729,1.5087
2019-05-04,55.0601,1.5074
2019-05-03,54.7038,1.5739
2019-05-02,54.3823,1.5966
2019-05-01,54.0396,1.6065
2019-04-30,54.9875,1.673
2019-04-29,54.5956,1.6562
2019-04-28,54.3572,1.6614
2019-04-27,54.5427,1.6688
2019-04-26,54.5531,1.6986
2019-04-25,54.442,1.6226
2019-04-24,53.8994,1.5515
2019-04-23,52.8294,1.5387
2019-04-22,52.7008,1.5336
2019-04-21,52.1083,1.4818
2019-04-20,51.8749,1.4565
2019-04-19,51.8522,1.4309
2019-04-18,52.1682,1.4381
2019-04-17,52.1722,1.429
2019-04-16,51.9926,1.4598
2019-04-15,51.7953,1.4093
2019-04-14,52.018,1.424
2019-04-13,51.9761,1.4105
2019-04-12,51.9299,1.3843
2019-04-11,51.2918,1.2648
2019-04-10,51.0723,1.2595
2019-04-09,50.9184,1.204
2019-04-08,50.4279,1.1801
2019-04-07,50.4805,1.1811
2019-04-06,50.3161,1.1781
2019-04-05,51.0058,1.2159
2019-04-04,50.9811,1.1979
2019-04-03,50.6666,1.2118
2019-04-02,50.055,1.3994
2019-04-01,50.0918,1.4133
2019-03-31,50.2275,1.4151
2019-03-30,50.2112,1.416
2019-03-29,50.2316,1.427
2019-03-28,50.1997,1.4208
2019-03-27,50.646,1.4684
2019-03-26,50.6332,1.473
2019-03-25,50.5159,1.4506
2019-03-24,50.473,1.4466
2019-03-23,50.748,1.4601
2019-03-22,50.9858,1.466
2019-03-21,50.755,1.4406
2019-03-20,50.7958,1.4476
2019-03-19,50.7965,1.4589
2019-03-18,50.7538,1.4563
2019-03-17,50.6067,1.4434
2019-03-16,50.7144,1.4746
2019-03-15,51.0775,1.4968
2019-03-14,51.1934,1.5059
2019-03-13,51.2533,1.5038
2019-03-12,51.6764,1.5188
2019-03-11,51.5469,1.4949
2019-03-10,51.5754,1.49
2019-03-09,51.8014,1.5231
2019-03-08,51.517,1.5065
2019-03-07,51.5738,1.5153
2019-03-06,51.6605,1.5237
2019-03-05,52.3536,1.6041
2019-03-04,52.1475,1.5658
2019-03-03,52.0311,1.5588
2019-03-02,51.9192,1.5616
2019-03-01,52.0609,1.567
2019-02-28,52.1313,1.5718
2019-02-27,51.9538,1.5631
2019-02-26,51.8763,1.5527
2019-02-25,52.4586,1.6002
2019-02-24,51.5635,1.4449
2019-02-23,51.8711,1.5051
2019-02-22,51.9712,1.5241
2019-02-21,51.5372,1.4917
2019-02-20,51.9759,1.5232
2019-02-19,51.88,1.5323
2019-02-18,52.2199,1.6415
2019-02-17,52.6844,1.6741
2019-02-16,52.6395,1.6816
2019-02-15,52.8233,1.6871
2019-02-14,52.6829,1.6768
2019-02-13,52.6422,1.6658
2019-02-12,52.8468,1.6779
2019-02-11,52.6001,1.6453
2019-02-10,52.8781,1.6632
2019-02-09,52.98,1.6662
2019-02-08,53.4596,1.8139
2019-02-07,53.5921,1.8103
2019-02-06,53.4353,1.7759
2019-02-05,53.3418,1.7823
2019-02-04,53.3961,1.7801
2019-02-03,53.2061,1.7513
2019-02-02,53.3872,1.7754
2019-02-01,53.3231,1.7879
2019-01-31,52.8666,1.7622
2019-01-30,53.4061,1.8023
2019-01-29,53.456,1.7917
2019-01-28,52.8509,1.7151
2019-01-27,52.4988,1.6947
2019-01-26,52.4618,1.6965
2019-01-25,52.4043,1.6916
2019-01-24,52.348,1.7014
2019-01-23,52.3125,1.6911
2019-01-22,52.3889,1.7088
2019-01-21,52.4486,1.6995
2019-01-20,52.4426,1.6431
2019-01-19,52.4574,1.6772
2019-01-18,52.325,1.6514
2019-01-17,52.3208,1.6532
2019-01-16,52.5775,1.6606
2019-01-15,52.2464,1.608
2019-01-14,52.9776,1.6875
2019-01-13,52.3875,1.6125
2019-01-12,52.425,1.5943
2019-01-11,52.3592,1.5909
2019-01-10,51.4167,1.4164
2019-01-09,51.6874,1.4186
2019-01-08,51.807,1.4167
2019-01-07,51.5299,1.3855
2019-01-06,50.9827,1.4539
2019-01-05,51.1779,1.4501
2019-01-04,51.3142,1.4581
2019-01-03,50.9787,1.4087
2019-01-02,51.5953,1.4526
2019-01-01,52.0264,1.5012
2018-12-31,51.6535,1.4456
2018-12-30,51.6336,1.4633
2018-12-29,51.7348,1.4265
2018-12-28,52.8054,1.5689
2018-12-27,51.6761,1.4566
2018-12-26,51.6511,1.4707
2018-12-25,51.3553,1.3692
2018-12-24,51.9144,1.4127
2018-12-23,53.0817,1.4377
2018-12-22,53.1372,1.4853
2018-12-21,53.5854,1.4131
2018-12-20,54.0911,1.5763
2018-12-19,53.8299,1.5785
2018-12-18,54.3034,1.6596
2018-12-17,54.9245,1.8231
2018-12-16,55.2374,1.8368
2018-12-15,55.2382,1.8264
2018-12-14,54.8,1.7689
2018-12-13,55.0034,1.6857
2018-12-12,55.0712,1.7204
2018-12-11,55.0178,1.6813
2018-12-10,54.8849,1.624
2018-12-09,54.7472,1.6845
2018-12-08,54.4512,1.7005
2018-12-07,54.9232,1.6704
2018-12-06,54.2351,1.5429
2018-12-05,53.8846,1.4531
2018-12-04,53.6674,1.4739
2018-12-03,53.6508,1.3802
2018-12-02,53.7671,1.3652
2018-12-01,53.5552,1.4136
2018-11-30,53.9731,1.3313
2018-11-29,53.3293,1.3162
2018-11-28,53.0685,1.4567
2018-11-27,52.9466,1.4691
2018-11-26,53.9659,1.3987
2018-11-25,53.5068,1.4291
2018-11-24,53.9433,1.2809
2018-11-23,53.4826,1.2611
2018-11-22,53.194,1.1813
2018-11-21,53.4212,1.2201
2018-11-20,52.4157,1.0946
2018-11-19,52.5474,0.9418
2018-11-18,52.6857,0.9467
2018-11-17,52.9404,0.9402
2018-11-16,52.6285,0.9158
2018-11-15,52.9157,0.8985
2018-11-14,52.618,0.8
2018-11-13,52.2686,0.7987
2018-11-12,52.3062,0.8012
2018-11-11,52.1861,0.8058
2018-11-10,52.3819,0.8191
2018-11-09,52.3076,0.8174
2018-11-08,51.6411,0.8037
2018-11-07,51.1074,0.8019
2018-11-06,52.377,0.8261
2018-11-05,52.5805,0.8383
2018-11-04,53.3799,0.8507
2018-11-03,53.4457,0.8487
2018-11-02,53.8415,0.856
2018-11-01,53.8983,0.8769
2018-10-31,54.0238,0.8881
2018-10-30,54.1283,0.9017
2018-10-29,53.6486,0.8838
2018-10-28,53.7615,0.8984
2018-10-27,53.6815,0.9088
2018-10-26,53.6849,0.9219
2018-10-25,53.6269,0.93
2018-10-24,53.5842,0.9413
2018-10-23,53.6378,0.9546
2018-10-22,53.6699,0.9644
2018-10-21,53.6512,0.9748
2018-10-20,53.7936,1.0176
2018-10-19,53.9179,1.0529
2018-10-18,53.6699,1.073
2018-10-17,53.7817,1.1025
2018-10-16,54.0861,1.1421
2018-10-15,54.5031,1.2446
2018-10-14,53.9441,1.2499
2018-10-13,54.1469,1.274
2018-10-12,55.0243,1.3204
2018-10-11,52.4465,1.2082
2018-10-10,52.3535,1.2122
2018-10-09,52.0578,1.2188
2018-10-08,52.2887,1.2433
2018-10-07,52.3583,1.2562
2018-10-06,52.0027,1.2509
2018-10-05,52.0904,1.2715
2018-10-04,51.998,1.2936
2018-10-03,51.9463,1.2906
2018-10-02,51.3209,1.2671
2018-10-01,51.2856,1.2607
2018-09-30,51.4146,1.2664
2018-09-29,52.0976,1.2754
2018-09-28,51.7138,1.2588
2018-09-27,52.4337,1.312
2018-09-26,52.4429,1.3204
2018-09-25,52.7589,1.2976
2018-09-24,51.2614,1.2414
2018-09-23,51.7175,1.25
2018-09-22,51.3729,1.2377
2018-09-21,53.1202,1.3228
2018-09-20,55.3146,1.4001
2018-09-19,55.3409,1.4046
2018-09-18,56.4001,1.45
2018-09-17,55.3586,1.3701
2018-09-16,55.4923,1.3666
2018-09-15,56.0169,1.3832
2018-09-14,55.7866,1.3753
2018-09-13,57.0583,1.4414
2018-09-12,56.7733,1.4417
2018-09-11,55.8329,1.4136
2018-09-10,55.6573,1.415
2018-09-09,55.5767,1.4298
2018-09-08,54.8862,1.3625
2018-09-07,54.3528,1.3374
2018-09-06,55.3472,1.3185
2018-09-05,53.1826,1.1645
2018-09-04,52.9815,1.1778
2018-09-03,52.7537,1.1721
2018-09-02,52.3571,1.179
2018-09-01,53.1557,1.223
2018-08-31,53.2186,1.2382
2018-08-30,52.968,1.2215
2018-08-29,52.6119,1.2063
2018-08-28,52.9536,1.2509
2018-08-27,53.6051,1.3018
2018-08-26,53.5191,1.2929
2018-08-25,53.3958,1.298
2018-08-24,53.2555,1.3295
2018-08-23,53.2934,1.3696
2018-08-22,52.752,1.3333
2018-08-21,52.8794,1.3422
2018-08-20,51.5879,1.2375
2018-08-19,52.0113,1.2304
2018-08-18,50.685,1.1389
2018-08-17,53.2118,1.2078
2018-08-16,53.5266,1.19
2018-08-15,53.5267,1.2042
2018-08-14,53.0503,1.1812
2018-08-13,51.0634,1.1276
2018-08-12,50.8645,1.1338
2018-08-11,49.465,1.1203
2018-08-10,49.0182,1.0453
2018-08-09,48.9538,1.0901
2018-08-08,48.1821,1.0048
2018-08-07,47.4911,0.9622
2018-08-06,47.3072,0.9461
2018-08-05,47.6251,0.9587
2018-08-04,48.1154,0.9173
2018-08-03,48.6978,0.9171
2018-08-02,48.041,0.9
2018-08-01,48.0585,0.8885
2018-07-31,47.9949,0.8461
2018-07-30,47.4172,0.8353
2018-07-29,47.3327,0.8389
2018-07-28,47.1885,0.8464
2018-07-27,46.9252,0.8713
2018-07-26,46.9771,0.8544
2018-07-25,47.5286,0.8498
2018-07-24,46.6926,0.9132
2018-07-23,45.3774,0.9303
2018-07-22,45.2109,0.9328
2018-07-21,45.6574,0.9567
2018-07-20,44.4619,0.9235
2018-07-19,43.7215,0.9252
2018-07-18,42.9951,0.9237
2018-07-17,42.3483,0.994
2018-07-16,42.6996,1.0559
2018-07-15,43.111,1.0735
2018-07-14,43.0594,1.0697
2018-07-13,43.3686,1.0727
2018-07-12,43.1474,1.0335
2018-07-11,43.3051,1.0413
2018-07-10,42.9395,0.9763
2018-07-09,42.2686,0.9621
2018-07-08,42.2211,0.9556
2018-07-07,42.3727,0.9926
2018-07-06,42.1278,0.9976
2018-07-05,41.7674,1.0012
2018-07-04,42.1125,1.0163
2018-07-03,41.8386,1.0019
2018-07-02,42.4798,1.0509
2018-07-01,42.5997,1.048
2018-06-30,42.9093,1.0883
2018-06-29,42.6479,1.1388
2018-06-28,42.3698,1.0789
2018-06-27,42.7167,1.0942
2018-06-26,41.8151,1.0367
2018-06-25,41.9769,1.0489
2018-06-24,40.9838,1.0199
2018-06-23,40.8721,1.0241
2018-06-22,40.2478,0.9121
2018-06-21,40.0821,0.9033
2018-06-20,39.7539,0.8978
2018-06-19,40.1022,0.9101
2018-06-18,39.9965,0.9407
2018-06-17,39.9593,0.9354
2018-06-16,39.8784,0.9407
2018-06-15,39.4184,0.8938
2018-06-14,39.9496,0.9471
2018-06-13,39.8056,0.9016
2018-06-12,39.0165,0.8388
2018-06-11,39.1448,0.8493
2018-06-10,38.1853,0.7504
2018-06-09,38.1475,0.7359
2018-06-08,37.9934,0.7273
2018-06-07,37.854,0.7272
2018-06-06,37.6392,0.7248
2018-06-05,37.8766,0.7409
2018-06-04,37.5133,0.713
2018-06-03,37.9239,0.7293
2018-06-02,38.536,0.7506
2018-06-01,38.6445,0.7564
2018-05-31,39.0309,0.7738
2018-05-30,38.9538,0.7659
2018-05-29,39.9492,0.8233
2018-05-28,38.5407,0.7685
2018-05-27,38.1864,0.7627
2018-05-26,38.4769,0.7561
2018-05-25,38.0584,0.7378
2018-05-24,39.083,0.7611
2018-05-23,38.2563,0.7011
2018-05-22,37.5557,0.6571
2018-05-21,37.1637,0.6426
2018-05-20,37.364,0.6679
2018-05-19,37.3318,0.6668
2018-05-18,37.5885,0.6852
2018-05-17,37.0111,0.639
2018-05-16,37.1485,0.6182
2018-05-15,36.6572,0.5834
2018-05-14,36.4571,0.5672
2018-05-13,37.1801,0.5788
2018-05-12,37.4765,0.5753
2018-05-11,36.849,0.5268
2018-05-10,36.5328,0.5063
2018-05-09,35.7827,0.5008
2018-05-08,36.2337,0.4979
2018-05-07,36.0304,0.4809
2018-05-06,35.8573,0.4683
2018-05-05,36.2195,0.4883
2018-05-04,36.1519,0.4959
2018-05-03,36.1988,0.5299
2018-05-02,36.575,0.5519
2018-05-01,37.1825,0.561
2018-04-30,36.5235,0.5494
2018-04-29,37.0615,0.5574
2018-04-28,37.7159,0.5879
2018-04-27,37.8725,0.563
2018-04-26,38.7026,0.5975
2018-04-25,37.8316,0.529
2018-04-24,37.7355,0.5678
2018-04-23,38.5505,0.5895
2018-04-22,39.3021,0.5925
2018-04-21,38.4348,0.5846
2018-04-20,39.0923,0.6352
2018-04-19,40.355,0.6662
2018-04-18,41.6125,0.7058
2018-04-17,41.8476,0.6982
2018-04-16,42.0303,0.6785
2018-04-15,42.569,0.7158
2018-04-14,42.5752,0.7268
2018-04-13,42.6572,0.7254
2018-04-12,42.8031,0.8263
2018-04-11,43.8169,0.8604
2018-04-10,44.2631,0.876
2018-04-09,44.8555,0.857
2018-04-08,45.1555,0.8789
2018-04-07,45.046,0.9158
2018-04-06,44.8708,0.888
2018-04-05,45.098,0.8879
2018-04-04,44.7894,0.8096
2018-04-03,45.5006,0.8631
2018-04-02,45.4861,0.8949
2018-04-01,44.9861,0.8647
2018-03-31,44.6871,0.8723
2018-03-30,45.7185,0.8583
2018-03-29,44.9833,0.7595
2018-03-28,44.8099,0.7707
2018-03-27,44.4603,0.7313
2018-03-26,43.7631,0.695
2018-03-25,44.2219,0.6934
2018-03-24,44.3415,0.6674
2018-03-23,44.0053,0.6695
2018-03-22,43.7713,0.6456
2018-03-21,43.7507,0.6402
2018-03-20,43.4911,0.6545
2018-03-19,44.359,0.6839
2018-03-18,43.4009,0.7101
2018-03-17,42.67,0.6642
2018-03-16,42.5058,0.6638
2018-03-15,42.2038,0.6639
2018-03-14,41.8494,0.5943
2018-03-13,41.7259,0.5973
2018-03-12,41.7714,0.5709
2018-03-11,41.3328,0.6133
2018-03-10,41.354,0.577
2018-03-09,42.0036,0.5847
2018-03-08,41.715,0.5492
2018-03-07,41.6564,0.5049
2018-03-06,41.9117,0.4774
2018-03-05,41.4238,0.4707
2018-03-04,41.9344,0.4781
2018-03-03,41.0424,0.4848
2018-03-02,40.3872,0.4826
2018-03-01,39.862,0.5037
2018-02-28,39.4519,0.4852
2018-02-27,38.8948,0.4926
2018-02-26,37.9425,0.5173
2018-02-25,38.3578,0.517
2018-02-24,38.5919,0.4961
2018-02-23,39.1377,0.5217
2018-02-22,39.2598,0.4875
2018-02-21,39.4643,0.4592
2018-02-20,37.6869,0.4438
2018-02-19,36.9925,0.4634
2018-02-18,36.5253,0.4338
2018-02-17,35.4699,0.4589
2018-02-16,35.753,0.4659
2018-02-15,34.7631,0.484
2018-02-14,34.8345,0.5351
2018-02-13,34.8616,0.516
2018-02-12,34.3019,0.5568
2018-02-11,34.398,0.5277
2018-02-10,34.4259,0.5211
2018-02-09,35.3158,0.5627
2018-02-08,35.8885,0.6184
2018-02-07,35.2176,0.5968
2018-02-06,35.9426,0.6689
2018-02-05,35.2568,0.5587
2018-02-04,34.5598,0.495
2018-02-03,34.986,0.521
2018-02-02,33.8744,0.4898
2018-02-01,33.3298,0.4316
2018-01-31,33.8436,0.4451
2018-01-30,33.3645,0.3934
2018-01-29,33.2403,0.3595
2018-01-28,34.3667,0.3623
2018-01-27,34.5137,0.3545
2018-01-26,34.4206,0.3322
2018-01-25,34.4268,0.3088
2018-01-24,34.734,0.3067
2018-01-23,34.6793,0.3059
2018-01-22,34.7362,0.2891
2018-01-21,34.3684,0.2589
2018-01-20,34.0816,0.2847
2018-01-19,34.1125,0.2914
2018-01-18,34.7576,0.3039
2018-01-17,35.8278,0.3017
2018-01-16,34.0529,0.2328
2018-01-15,32.8133,0.2215
2018-01-14,32.441,0.206
2018-01-13,32.6588,0.2098
2018-01-12,33.9247,0.2218
2018-01-11,34.2265,0.2009
2018-01-10,33.4559,0.2013
2018-01-09,34.3037,0.199
2018-01-08,33.3855,0.1776
2018-01-07,36.0939,0.1803
2018-01-06,37.5344,0.1881
2018-01-05,34.3842,0.1929
2018-01-04,34.6683,0.1956
2018-01-03,37.3185,0.2131
2018-01-02,37.1291,0.2313
2018-01-01,38.6221,0.2305
2017-12-31,38.6465,0.2504
2017-12-30,39.9953,0.2235
2017-12-29,43.0908,0.2362
2017-12-28,44.2982,0.2208
2017-12-27,44.9038,0.2155
2017-12-26,42.31,0.2294
2017-12-25,43.4573,0.2316
2017-12-24,43.2335,0.2189
2017-12-23,44.3598,0.2331
2017-12-22,43.4428,0.1985
2017-12-21,44.9442,0.1945
2017-12-20,48.2394,0.1938
2017-12-19,51.7883,0.1915
2017-12-18,54.5052,0.1954
2017-12-17,56.2777,0.1915
2017-12-16,55.3383,0.1996
2017-12-15,53.0196,0.1975
2017-12-14,55.9058,0.2035
2017-12-13,58.4693,0.1918
2017-12-12,61.8943,0.2049
2017-12-11,62.8035,0.2223
2017-12-10,60.8698,0.2136
2017-12-09,62.5152,0.196
2017-12-08,66.5202,0.1884
2017-12-07,60.8244,0.209
2017-12-06,55.7903,0.227
2017-12-05,55.5921,0.2285
2017-12-04,56.0029,0.2352
2017-12-03,56.2978,0.2389
2017-12-02,56.1494,0.238
2017-12-01,55.8601,0.2522
2017-11-30,56.1292,0.2557
2017-11-29,53.6289,0.2352
2017-11-28,53.7401,0.2368
2017-11-27,52.9777,0.2399
2017-11-26,52.183,0.246
2017-11-25,51.9578,0.2554
2017-11-24,52.9812,0.2659
2017-11-23,55.1717,0.2716
2017-11-22,56.2583,0.2822
2017-11-21,56.1198,0.2772
2017-11-20,56.4826,0.2848
2017-11-19,55.4708,0.2896
2017-11-18,56.3078,0.2908
2017-11-17,58.2143,0.2888
2017-11-16,55.3365,0.2884
2017-11-15,52.8404,0.2976
2017-11-14,53.1855,0.2965
2017-11-13,51.2302,0.3087
2017-11-12,52.3456,0.2906
2017-11-11,56.0334,0.289
2017-11-10,57.9951,0.2693
2017-11-09,59.9582,0.2616
2017-11-08,60.3816,0.2677
2017-11-07,60.4326,0.2654
2017-11-06,61.8989,0.2527
2017-11-05,61.8451,0.2474
2017-11-04,60.7992,0.2461
2017-11-03,61.3276,0.2457
2017-11-02,60.4863,0.2479
2017-11-01,58.7412,0.2478
2017-10-31,57.2528,0.2523
2017-10-30,57.2836,0.2519
2017-10-29,56.694,0.2635
2017-10-28,56.8004,0.261
2017-10-27,57.4263,0.2575
2017-10-26,56.5468,0.2589
2017-10-25,55.5963,0.2648
2017-10-24,58.6028,0.2598
2017-10-23,58.1209,0.2546
2017-10-22,58.0151,0.2528
2017-10-21,57.5366,0.2524
2017-10-20,55.8799,0.2575
2017-10-19,55.078,0.2595
2017-10-18,54.645,0.2565
2017-10-17,54.6579,0.2504
2017-10-16,54.4449,0.2518
2017-10-15,54.8946,0.2475
2017-10-14,54.1876,0.2526
2017-10-13,54.8797,0.2642
2017-10-12,51.6312,0.2811
2017-10-11,51.8846,0.2848
2017-10-10,52.3948,0.2883
2017-10-09,50.3079,0.2864
2017-10-08,49.063,0.2909
2017-10-07,48.9471,0.2943
2017-10-06,49.1678,0.2987
2017-10-05,49.0753,0.3048
2017-10-04,49.318,0.3
2017-10-03,49.2366,0.2935
2017-10-02,48.9939,0.2929
2017-10-01,48.715,0.294
2017-09-30,48.5681,0.3044
2017-09-29,47.9873,0.2994
2017-09-28,47.7594,0.2952
2017-09-27,47.6649,0.3166
2017-09-26,47.6757,0.3127
2017-09-25,47.5112,0.3348
2017-09-24,47.7791,0.3287
2017-09-23,48.1483,0.3487
2017-09-22,48.596,0.3544
2017-09-21,48.0527,0.3281
2017-09-20,47.8699,0.3277
2017-09-19,48.0609,0.3134
2017-09-18,48.1147,0.3527
2017-09-17,48.3762,0.3498
2017-09-16,48.4207,0.3439
2017-09-15,48.6256,0.393
2017-09-14,47.1331,0.3083
2017-09-13,47.4898,0.2884
2017-09-12,47.2552,0.2816
2017-09-11,47.4156,0.2828
2017-09-10,47.4682,0.2731
2017-09-09,47.1306,0.2683
2017-09-08,46.5749,0.241
2017-09-07,46.6339,0.2372
2017-09-06,47.3814,0.2474
2017-09-05,48.0104,0.2539
2017-09-04,45.9943,0.2191
2017-09-03,46.0012,0.2145
2017-09-02,45.3035,0.1931
2017-09-01,44.977,0.1974
2017-08-31,45.1266,0.2018
2017-08-30,45.8112,0.2016
2017-08-29,45.0799,0.2039
2017-08-28,45.5684,0.2037
2017-08-27,45.8077,0.2038
2017-08-26,46.5408,0.2058
2017-08-25,46.6851,0.2083
2017-08-24,45.4357,0.2123
2017-08-23,45.6109,0.2157
2017-08-22,45.911,0.222
2017-08-21,46.6504,0.2205
2017-08-20,47.3624,0.2186
2017-08-19,47.9148,0.224
2017-08-18,49.7405,0.2225
2017-08-17,50.6794,0.2237
2017-08-16,50.6171,0.2333
2017-08-15,50.7181,0.227
2017-08-14,49.4122,0.2353
2017-08-13,47.6923,0.238
2017-08-12,46.1462,0.2447
2017-08-11,45.4462,0.2607
2017-08-10,45.4409,0.2632
2017-08-09,45.5767,0.2579
2017-08-08,46.8682,0.2693
2017-08-07,47.2306,0.2849
2017-08-06,47.7053,0.284
2017-08-05,47.0404,0.315
2017-08-04,45.4069,0.3141
2017-08-03,44.5105,0.3192
2017-08-02,45.0147,0.3204
2017-08-01,51.3459,0.3468
2017-07-31,51.0544,0.358
2017-07-30,49.6588,0.3528
2017-07-29,51.403,0.3539
2017-07-28,49.0103,0.3533
2017-07-27,47.8138,0.3641
2017-07-26,48.1014,0.361
2017-07-25,47.4101,0.3329
2017-07-24,47.2276,0.3348
2017-07-23,47.3702,0.3271
2017-07-22,47.9109,0.3483
2017-07-21,48.8824,0.3299
2017-07-20,46.4664,0.3872
2017-07-19,44.5044,0.3577
2017-07-18,46.3778,0.3827
2017-07-17,47.3712,0.4458
2017-07-16,46.7162,0.4208
2017-07-15,46.0818,0.3585
2017-07-14,45.9751,0.3263
2017-07-13,44.6143,0.3
2017-07-12,47.8312,0.3191
2017-07-11,46.8018,0.2935
2017-07-10,44.2444,0.2524
2017-07-09,43.8113,0.2419
2017-07-08,44.0405,0.2454
2017-07-07,42.3668,0.2254
2017-07-06,42.344,0.2227
2017-07-05,42.0717,0.219
2017-07-04,41.6552,0.2177
2017-07-03,41.4008,0.2095
2017-07-02,41.7983,0.2041
2017-07-01,40.9425,0.1831
2017-06-30,40.7161,0.1668
2017-06-29,39.5808,0.1489
2017-06-28,41.2177,0.1439
2017-06-27,41.4516,0.1483
2017-06-26,40.344,0.1374
2017-06-25,39.1718,0.132
2017-06-24,39.3046,0.1254
2017-06-23,40.0364,0.1286
2017-06-22,39.8493,0.1282
2017-06-21,38.8138,0.1227
2017-06-20,37.5556,0.1228
2017-06-19,37.8403,0.1244
2017-06-18,38.6865,0.1207
2017-06-17,38.3563,0.125
2017-06-16,38.697,0.127
2017-06-15,38.5917,0.1237
2017-06-14,38.7432,0.1138
2017-06-13,39.8757,0.1181
2017-06-12,43.013,0.1152
2017-06-11,43.7488,0.1171
2017-06-10,44.3667,0.123
2017-06-09,45.2627,0.1259
2017-06-08,45.3355,0.1267
2017-06-07,45.9454,0.1185
2017-06-06,45.183,0.1209
2017-06-05,44.2182,0.1231
2017-06-04,45.9158,0.1224
2017-06-03,45.5077,0.1202
2017-06-02,44.7577,0.1226
2017-06-01,45.6507,0.1313
2017-05-31,45.6291,0.1372
2017-05-30,47.7202,0.139
2017-05-29,48.7075,0.1481
2017-05-28,48.9581,0.1564
2017-05-27,48.9521,0.1361
2017-05-26,49.1713,0.1198
2017-05-25,47.1571,0.1002
2017-05-24,45.9356,0.0939
2017-05-23,46.5953,0.0912
2017-05-22,45.1491,0.0847
2017-05-21,47.566,0.0878
2017-05-20,47.6623,0.0911
2017-05-19,48.1079,0.0956
2017-05-18,47.8804,0.0987
2017-05-17,48.3792,0.1045
2017-05-16,51.0156,0.1086
2017-05-15,53.5315,0.1098
2017-05-14,53.7714,0.1107
2017-05-13,53.457,0.1151
2017-05-12,56.0218,0.1126
2017-05-11,55.0575,0.1147
2017-05-10,55.7521,0.1178
2017-05-09,53.217,0.1138
2017-05-08,53.737,0.1233
2017-05-07,55.6361,0.1282
2017-05-06,56.5889,0.1315
2017-05-05,57.3268,0.1337
2017-05-04,60.5744,0.1451
2017-05-03,61.448,0.1506
2017-05-02,60.9198,0.1524
2017-05-01,59.5149,0.1566
2017-04-30,61.0147,0.1634
2017-04-29,61.7741,0.1656
2017-04-28,64.266,0.1719
2017-04-27,65.8515,0.1792
2017-04-26,66.5484,0.1814
2017-04-25,66.5039,0.1816
2017-04-24,66.5469,0.1859
2017-04-23,67.0163,0.1819
2017-04-22,67.072,0.1814
2017-04-21,67.4805,0.1798
2017-04-20,67.2774,0.1802
2017-04-19,66.5618,0.1764
2017-04-18,66.9859,0.1785
2017-04-17,66.8196,0.1778
2017-04-16,66.5772,0.177
2017-04-15,67.3392,0.1824
2017-04-14,66.779,0.1828
2017-04-13,68.2627,0.1846
2017-04-12,69.5358,0.19
2017-04-11,69.3501,0.1948
2017-04-10,69.3617,0.1974
2017-04-09,68.5608,0.1969
2017-04-08,69.3587,0.1999
2017-04-07,69.469,0.1991
2017-04-06,67.369,0.2022
2017-04-05,67.99,0.2026
2017-04-04,68.9019,0.2033
2017-04-03,64.6635,0.1982
2017-04-02,67.1413,0.2101
2017-04-01,67.242,0.2122
2017-03-31,66.7849,0.22
2017-03-30,67.6674,0.2196
2017-03-29,68.4768,0.2215
2017-03-28,69.1214,0.2171
2017-03-27,67.0619,0.2193
2017-03-26,67.4452,0.213
2017-03-25,65.7176,0.2087
2017-03-24,70.2637,0.1943
2017-03-23,71.1711,0.1877
2017-03-22,72.501,0.1792
2017-03-21,71.3578,0.1873
2017-03-20,70.6144,0.1886
2017-03-19,72.6994,0.2062
2017-03-18,71.7983,0.1809
2017-03-17,73.4475,0.1725
2017-03-16,77.4256,0.1651
2017-03-15,79.6403,0.1648
2017-03-14,79.9307,0.1598
2017-03-13,81.6471,0.1578
2017-03-12,82.0886,0.1576
2017-03-11,82.995,0.1603
2017-03-10,84.2427,0.1455
2017-03-09,84.567,0.1434
2017-03-08,84.1879,0.1272
2017-03-07,84.3868,0.1157
2017-03-06,84.5905,0.1097
2017-03-05,84.844,0.1042
2017-03-04,84.6078,0.102
2017-03-03,84.7357,0.1044
2017-03-02,85.2268,0.1072
2017-03-01,85.6203,0.1118
2017-02-28,85.8798,0.1121
2017-02-27,86.0575,0.114
2017-02-26,86.3043,0.1163
2017-02-25,86.6993,0.1142
2017-02-24,86.5649,0.1138
2017-02-23,86.3953,0.1193
2017-02-22,86.3884,0.1195
2017-02-21,86.0338,0.123
2017-02-20,85.3965,0.1256
2017-02-19,85.4665,0.125
2017-02-18,85.382,0.1256
2017-02-17,85.0605,0.1279
2017-02-16,84.7288,0.1298
2017-02-15,84.756,0.13
2017-02-14,85.5136,0.1331
2017-02-13,85.4376,0.1321
2017-02-12,85.4689,0.1315
2017-02-11,85.4328,0.1334
2017-02-10,85.5732,0.1328
2017-02-09,85.803,0.1245
2017-02-08,85.6949,0.1246
2017-02-07,85.542,0.1271
2017-02-06,85.5334,0.1285
2017-02-05,85.657,0.1269
2017-02-04,85.715,0.1285
2017-02-03,85.694,0.131
2017-02-02,85.5551,0.1247
2017-02-01,85.4193,0.1179
2017-01-31,84.9664,0.1141
2017-01-30,85.0664,0.1048
2017-01-29,85.1483,0.0951
2017-01-28,85.2727,0.0859
2017-01-27,85.1999,0.086
2017-01-26,85.2081,0.0876
2017-01-25,85.0544,0.0884
2017-01-24,85.1018,0.0867
2017-01-23,85.3848,0.0856
2017-01-22,85.1798,0.0857
2017-01-21,85.1006,0.0882
2017-01-20,85.1959,0.088
2017-01-19,85.3019,0.0891
2017-01-18,85.4873,0.0873
2017-01-17,84.9734,0.0949
2017-01-16,84.7956,0.0958
2017-01-15,84.8115,0.0963
2017-01-14,85.0318,0.0957
2017-01-13,84.7249,0.0979
2017-01-12,84.6161,0.1014
2017-01-11,85.326,0.0873
2017-01-10,85.5709,0.0881
2017-01-09,85.7632,0.0824
2017-01-08,85.9575,0.0782
2017-01-07,85.7054,0.0733
2017-01-06,86.5412,0.0616
2017-01-05,86.9902,0.0504
2017-01-04,87.1329,0.0516
2017-01-03,87.5888,0.0504
2017-01-02,87.6238,0.0489
2017-01-01,87.3457,0.0477
2016-12-31,87.2375,0.0449
2016-12-30,87.4089,0.0417
2016-12-29,88.0351,0.0391
2016-12-28,87.9191,0.0407
2016-12-27,87.5798,0.0417
2016-12-26,87.5978,0.0423
2016-12-25,87.5726,0.0421
2016-12-24,87.8753,0.0412
2016-12-23,87.3073,0.0437
2016-12-22,86.7918,0.045
2016-12-21,86.5444,0.0468
2016-12-20,86.4053,0.0472
2016-12-19,86.3352,0.0473
2016-12-18,86.4763,0.0474
2016-12-17,86.2597,0.0476
2016-12-16,86.2589,0.048
2016-12-15,86.1152,0.0478
2016-12-14,86.05,0.0478
2016-12-13,86.0489,0.0478
2016-12-12,86.114,0.0485
2016-12-11,86.2633,0.0483
2016-12-10,85.9195,0.0482
2016-12-09,86.0597,0.0485
2016-12-08,86.0215,0.0486
2016-12-07,86.3811,0.049
2016-12-06,86.9396,0.0497
2016-12-05,86.6794,0.0486
2016-12-04,86.2878,0.0485
2016-12-03,86.4971,0.0482
2016-12-02,85.7514,0.0491
2016-12-01,85.4889,0.0497
2016-11-30,85.597,0.0505
2016-11-29,85.2206,0.0502
2016-11-28,85.0007,0.0504
2016-11-27,84.8833,0.0501
2016-11-26,84.9834,0.0498
2016-11-25,85.0612,0.0499
2016-11-24,84.7682,0.0495
2016-11-23,84.7631,0.049
2016-11-22,84.7305,0.0498
2016-11-21,84.6703,0.0503
2016-11-20,84.8547,0.049
2016-11-19,84.9474,0.0491
2016-11-18,84.4708,0.0496
2016-11-17,84.4179,0.0493
2016-11-16,83.5759,0.0511
2016-11-15,83.5408,0.0515
2016-11-14,83.4266,0.0517
2016-11-13,83.5932,0.0516
2016-11-12,83.6585,0.0508
2016-11-11,83.5657,0.0508
2016-11-10,83.6795,0.0504
2016-11-09,83.2566,0.0511
2016-11-08,83.1313,0.0515
2016-11-07,83.1998,0.051
2016-11-06,82.9111,0.0513
2016-11-05,83.1209,0.0515
2016-11-04,83.187,0.0526
2016-11-03,84.0364,0.0493
2016-11-02,83.9062,0.0501
2016-11-01,83.1748,0.0517
2016-10-31,82.9466,0.0514
2016-10-30,83.8903,0.0512
2016-10-29,82.7749,0.0523
2016-10-28,82.2018,0.0521
2016-10-27,81.7844,0.0526
2016-10-26,81.3817,0.054
2016-10-25,80.9861,0.054
2016-10-24,80.9374,0.0537
2016-10-23,80.9527,0.0537
2016-10-22,80.3334,0.0554
2016-10-21,80.3743,0.0556
2016-10-20,80.5142,0.0557
2016-10-19,80.3692,0.055
2016-10-18,80.7758,0.0551
2016-10-17,80.8896,0.055
2016-10-16,80.9004,0.0553
2016-10-15,80.7345,0.055
2016-10-14,80.7098,0.0553
2016-10-13,80.8186,0.0555
2016-10-12,80.8911,0.0551
2016-10-11,80.3575,0.0567
2016-10-10,80.0888,0.0567
2016-10-09,80.1315,0.0565
2016-10-08,79.8398,0.0565
2016-10-07,79.4637,0.0567
2016-10-06,79.2691,0.0566
2016-10-05,79.5862,0.057
2016-10-04,79.4251,0.0567
2016-10-03,79.532,0.0569
2016-10-02,79.6982,0.0568
2016-10-01,79.1394,0.0567
2016-09-30,79.0179,0.0571
2016-09-29,78.8858,0.057
2016-09-28,79.1594,0.0571
2016-09-27,79.4056,0.0571
2016-09-26,78.8756,0.0574
2016-09-25,79.1967,0.0575
2016-09-24,79.0542,0.0574
2016-09-23,79.088,0.0581
2016-09-22,78.8736,0.0578
2016-09-21,78.4533,0.0569
2016-09-20,79.2968,0.057
2016-09-19,79.6676,0.0572
2016-09-18,79.4352,0.0574
2016-09-17,79.5364,0.0574
2016-09-16,79.5918,0.0574
2016-09-15,80.0223,0.0574
2016-09-14,79.9716,0.0575
2016-09-13,79.9788,0.0576
2016-09-12,80.2426,0.0579
2016-09-11,80.024,0.0563
2016-09-10,80.437,0.0566
2016-09-09,80.5841,0.0564
2016-09-08,80.2394,0.0572
2016-09-07,80.043,0.0575
2016-09-06,79.7543,0.0577
2016-09-05,79.9004,0.0575
2016-09-04,79.9479,0.0586
2016-09-03,79.1319,0.0603
2016-09-02,79.3804,0.0608
2016-09-01,79.5692,0.0607
2016-08-31,79.7618,0.0606
2016-08-30,79.707,0.0609
2016-08-29,80.0753,0.0612
2016-08-28,80.1804,0.0618
2016-08-27,80.2446,0.0608
2016-08-26,80.1827,0.0609
2016-08-25,80.2066,0.0607
2016-08-24,80.1759,0.0604
2016-08-23,80.0286,0.0599
2016-08-22,79.9353,0.0604
2016-08-21,79.8005,0.0602
2016-08-20,79.8656,0.0609
2016-08-19,79.8785,0.0611
2016-08-18,79.8821,0.0608
2016-08-17,79.8438,0.06
2016-08-16,79.529,0.0605
2016-08-15,79.6043,0.0598
2016-08-14,79.7366,0.058
2016-08-13,79.8232,0.0575
2016-08-12,80.0636,0.0579
2016-08-11,79.9135,0.0578
2016-08-10,79.4446,0.0583
2016-08-09,79.9253,0.0587
2016-08-08,80.169,0.0591
2016-08-07,79.7286,0.0597
2016-08-06,79.5095,0.0608
2016-08-05,79.9066,0.0608
2016-08-04,80.0988,0.0622
2016-08-03,80.5293,0.0646
2016-08-02,80.5155,0.0585
2016-08-01,80.5676,0.0568
2016-07-31,80.8971,0.0544
2016-07-30,80.9035,0.0542
2016-07-29,80.5723,0.0542
2016-07-28,80.5895,0.0542
2016-07-27,80.5512,0.0545
2016-07-26,80.0839,0.0539
2016-07-25,80.5297,0.0537
2016-07-24,79.6424,0.0536
2016-07-23,78.8531,0.0534
2016-07-22,80.2934,0.0532
2016-07-21,80.3033,0.0532
2016-07-20,80.8133,0.053
2016-07-19,82.097,0.0538
2016-07-18,81.7189,0.053
2016-07-17,81.0961,0.054
2016-07-16,80.9786,0.0538
2016-07-15,80.9625,0.0542
2016-07-14,81.2916,0.0549
2016-07-13,82.4036,0.0534
2016-07-12,83.0389,0.0538
2016-07-11,83.0499,0.0525
2016-07-10,83.1689,0.051
2016-07-09,83.2889,0.0486
2016-07-08,83.7849,0.0494
2016-07-07,83.9065,0.0468
2016-07-06,83.8048,0.0473
2016-07-05,83.2911,0.0461
2016-07-04,83.0203,0.0477
2016-07-03,83.5622,0.0449
2016-07-02,83.0133,0.0464
2016-07-01,82.8235,0.0466
2016-06-30,82.1806,0.0486
2016-06-29,82.5102,0.0485
2016-06-28,81.8947,0.0472
2016-06-27,81.6954,0.0492
2016-06-26,82.184,0.0468
2016-06-25,82.1748,0.0468
2016-06-24,81.8617,0.0496
2016-06-23,81.6561,0.0518
2016-06-22,82.7953,0.0472
2016-06-21,84.5044,0.0436
2016-06-20,84.7814,0.0421
2016-06-19,85.4902,0.0429
2016-06-18,82.9694,0.0421
2016-06-17,80.3139,0.0397
2016-06-16,80.176,0.0437
2016-06-15,79.6942,0.0442
2016-06-14,81.1204,0.0438
2016-06-13,81.5166,0.0423
2016-06-12,81.133,0.0421
2016-06-11,80.5959,0.0396
2016-06-10,80.2368,0.0352
2016-06-09,80.4386,0.0305
2016-06-08,80.3862,0.0263
2016-06-07,80.8738,0.0261
2016-06-06,80.5718,0.0265
2016-06-05,80.6835,0.0266
2016-06-04,80.5351,0.0267
2016-06-03,79.8662,0.0281
2016-06-02,79.6446,0.0281
2016-06-01,79.5353,0.0267
2016-05-31,80.4967,0.0253
2016-05-30,80.677,0.024
2016-05-29,81.9172,0.0228
2016-05-28,80.9347,0.0232
2016-05-27,79.5061,0.0219
2016-05-26,79.4821,0.0221
2016-05-25,79.3209,0.0223
2016-05-24,78.8486,0.0222
2016-05-23,77.9587,0.0222
2016-05-22,78.2498,0.0221
2016-05-21,78.5164,0.0222
2016-05-20,77.6425,0.0223
2016-05-19,79.1274,0.0219
2016-05-18,80.1245,0.0222
2016-05-17,80.8208,0.0224
2016-05-16,81.8562,0.0225
2016-05-15,81.5597,0.0225
2016-05-14,81.4057,0.0225
2016-05-13,81.7491,0.0226
2016-05-12,81.7091,0.0227
2016-05-11,82.1139,0.0229
2016-05-10,82.3723,0.0225
2016-05-09,82.1516,0.0225
2016-05-08,82.1956,0.0225
2016-05-07,82.242,0.0225
2016-05-06,81.6943,0.0229
2016-05-05,81.9759,0.0231
2016-05-04,82.1426,0.023
2016-05-03,81.3444,0.023
2016-05-02,82.5175,0.022
2016-05-01,82.5064,0.0212
2016-04-30,83.7067,0.0202
2016-04-29,83.8258,0.0195
2016-04-28,83.234,0.0185
2016-04-27,83.9994,0.0169
2016-04-26,83.6608,0.017
2016-04-25,83.1132,0.017
2016-04-24,82.6802,0.0172
2016-04-23,83.0501,0.0175
2016-04-22,82.7433,0.0173
2016-04-21,82.2811,0.0175
2016-04-20,81.9884,0.0177
2016-04-19,81.5011,0.0179
2016-04-18,81.5462,0.0179
2016-04-17,82.2373,0.018
2016-04-16,82.5883,0.0181
2016-04-15,82.3112,0.0182
2016-04-14,82.7902,0.0184
2016-04-13,83.2977,0.0184
2016-04-12,82.251,0.0183
2016-04-11,81.9562,0.0183
2016-04-10,81.3827,0.0183
2016-04-09,80.7266,0.0181
2016-04-08,80.4532,0.0179
2016-04-07,79.7055,0.0177
2016-04-06,79.9168,0.0178
2016-04-05,79.1181,0.0177
2016-04-04,78.7772,0.0176
2016-04-03,78.9177,0.0177
2016-04-02,78.909,0.0178
2016-04-01,79.0188,0.0179
2016-03-31,78.5886,0.0179
2016-03-30,78.7193,0.0178
2016-03-29,78.9231,0.0176
2016-03-28,79.8734,0.0177
2016-03-27,79.0147,0.0179
2016-03-26,79.1395,0.0179
2016-03-25,78.7896,0.0179
2016-03-24,78.018,0.0176
2016-03-23,79.0856,0.0179
2016-03-22,78.56,0.018
2016-03-21,79.8963,0.0183
2016-03-20,79.529,0.0183
2016-03-19,79.0768,0.0183
2016-03-18,79.2972,0.0179
2016-03-17,78.1268,0.0177
2016-03-16,77.7438,0.0177
2016-03-15,77.7266,0.0177
2016-03-14,76.4155,0.0175
2016-03-13,76.8916,0.0177
2016-03-12,79.0796,0.0178
2016-03-11,79.1279,0.018
2016-03-10,78.7007,0.018
2016-03-09,80.3708,0.0184
2016-03-08,80.7549,0.0185
2016-03-07,79.2052,0.0184
2016-03-06,79.2562,0.0188
2016-03-05,80.1981,0.0185
2016-03-04,81.493,0.0184
2016-03-03,82.3854,0.0185
2016-03-02,83.3718,0.0182
2016-03-01,84.4796,0.0183
2016-02-29,84.2106,0.0185
2016-02-28,84.2356,0.0185
2016-02-27,84.6437,0.0186
2016-02-26,84.3755,0.0189
2016-02-25,84.2308,0.0189
2016-02-24,84.7151,0.0192
2016-02-23,84.9977,0.0185
2016-02-22,85.8808,0.0186
2016-02-21,86.0785,0.0187
2016-02-20,85.4196,0.0193
2016-02-19,85.8914,0.0194
2016-02-18,86.206,0.0197
2016-02-17,85.2714,0.02
2016-02-16,84.1217,0.02
2016-02-15,84.3353,0.0198
2016-02-14,84.0898,0.0204
2016-02-13,83.688,0.0208
2016-02-12,83.6097,0.021
2016-02-11,85.093,0.0213
2016-02-10,85.4907,0.0217
2016-02-09,86.1675,0.0221
2016-02-08,86.3002,0.0219
2016-02-07,86.8762,0.0221
2016-02-06,87.4062,0.0216
2016-02-05,87.6475,0.0216
2016-02-04,87.404,0.0226
2016-02-03,87.7052,0.0224
2016-02-02,87.94,0.0226
2016-02-01,87.8247,0.0228
2016-01-31,87.777,0.0222
2016-01-30,87.4555,0.0221
2016-01-29,87.5791,0.0221
2016-01-28,87.4549,0.0212
2016-01-27,88.574,0.0217
2016-01-26,89.0505,0.0218
2016-01-25,89.6178,0.0214
2016-01-24,89.6855,0.0222
2016-01-23,89.9958,0.0226
2016-01-22,90.3852,0.0212
2016-01-21,90.5216,0.0207
2016-01-20,90.2944,0.0229
2016-01-19,90.2884,0.0224
2016-01-18,90.3035,0.0228
2016-01-17,90.6164,0.0225
2016-01-16,90.2942,0.0238
2016-01-15,90.9427,0.0203
2016-01-14,90.9434,0.0203
2016-01-13,90.9971,0.0202
2016-01-12,91.41,0.0196
2016-01-11,91.4761,0.0196
2016-01-10,91.4401,0.0197
2016-01-09,91.5863,0.0184
2016-01-08,91.6847,0.0171
2016-01-07,91.3112,0.017
2016-01-06,91.3434,0.0157
2016-01-05,91.3361,0.0145
2016-01-04,91.2552,0.0134
2016-01-03,91.3098,0.0133
2016-01-02,91.3457,0.0133
2016-01-01,91.2983,0.0134
2015-12-31,91.1913,0.0136
2015-12-30,91.3355,0.0134
2015-12-29,91.1471,0.0137
2015-12-28,91.2203,0.0137
2015-12-27,91.2341,0.0139
2015-12-26,91.5155,0.0127
2015-12-25,91.7459,0.0128
2015-12-24,91.6158,0.0131
2015-12-23,91.5418,0.0133
2015-12-22,91.449,0.0133
2015-12-21,91.5345,0.0131
2015-12-20,91.6443,0.0126
2015-12-19,91.6046,0.0126
2015-12-18,91.3388,0.0127
2015-12-17,91.3044,0.0128
2015-12-16,91.3485,0.0125
2015-12-15,90.7813,0.013
2015-12-14,90.0916,0.0132
2015-12-13,90.1797,0.0133
2015-12-12,90.4647,0.0127
2015-12-11,90.0318,0.0138
2015-12-10,90.0687,0.0137
2015-12-09,90.7041,0.0139
2015-12-08,91.0109,0.0147
2015-12-07,91.1175,0.0149
2015-12-06,91.0213,0.0149
2015-12-05,90.9492,0.0159
2015-12-04,91.205,0.0147
2015-12-03,91.2526,0.0134
2015-12-02,91.2328,0.0119
2015-12-01,91.3085,0.01
2015-11-30,91.1202,0.0088
2015-11-29,90.9491,0.0077
2015-11-28,90.9947,0.0077
2015-11-27,90.8003,0.0078
2015-11-26,90.4547,0.0084
2015-11-25,90.4899,0.0086
2015-11-24,90.4555,0.0085
2015-11-23,90.4481,0.0085
2015-11-22,90.4862,0.0084
2015-11-21,90.446,0.0085
2015-11-20,90.482,0.0084
2015-11-19,90.5536,0.0082
2015-11-18,90.5553,0.0082
2015-11-17,90.5514,0.0083
2015-11-16,90.4818,0.0086
2015-11-15,90.6112,0.0083
2015-11-14,90.5515,0.0082
2015-11-13,90.4955,0.0081
2015-11-12,90.5162,0.0088
2015-11-11,90.7343,0.0081
2015-11-10,91.1301,0.0073
2015-11-09,90.8479,0.0074
2015-11-08,90.9329,0.0072
2015-11-07,90.8614,0.0074
2015-11-06,90.937,0.0071
2015-11-05,90.8933,0.0068
2015-11-04,90.1134,0.0068
2015-11-03,89.5088,0.0076
2015-11-02,88.8376,0.0083
2015-11-01,89.0134,0.0086
2015-10-31,88.8237,0.0083
2015-10-30,88.592,0.0086
2015-10-29,89.3168,0.009
2015-10-28,89.2533,0.0093
2015-10-27,89.2685,0.0096
2015-10-26,89.4244,0.0096
2015-10-25,89.3194,0.0097
2015-10-24,89.1879,0.0099
2015-10-23,88.9791,0.01
2015-10-22,88.9777,0.0102
2015-10-21,89.0639,0.0101
2015-10-20,88.5804,0.0103
2015-10-19,88.5156,0.0104
2015-10-18,88.5265,0.01
2015-10-17,88.0761,0.0103
2015-10-16,87.7365,0.0106
2015-10-15,87.6419,0.0107
2015-10-14,87.358,0.0107
2015-10-13,87.0663,0.0109
2015-10-12,87.2254,0.0108
2015-10-11,87.2768,0.0109
2015-10-10,87.2527,0.011
2015-10-09,87.2403,0.0111
2015-10-08,86.981,0.011
2015-10-07,86.9958,0.0109
2015-10-06,87.2285,0.0112
2015-10-05,86.8775,0.0112
2015-10-04,86.5878,0.0112
2015-10-03,86.3611,0.0112
2015-10-02,86.5705,0.0112
2015-10-01,86.3798,0.0113
2015-09-30,86.5062,0.0113
2015-09-29,86.0597,0.0111
2015-09-28,85.6082,0.0113
2015-09-27,85.5565,0.0113
2015-09-26,85.5678,0.0112
2015-09-25,85.3468,0.0112
2015-09-24,85.1107,0.0114
2015-09-23,84.7965,0.0113
2015-09-22,84.5407,0.0115
2015-09-21,84.3822,0.0113
2015-09-20,84.6141,0.0113
2015-09-19,84.5815,0.0112
2015-09-18,84.5967,0.0114
2015-09-17,84.6486,0.0114
2015-09-16,84.4054,0.0113
2015-09-15,84.7625,0.0114
2015-09-14,83.9368,0.0113
2015-09-13,84.1941,0.0111
2015-09-12,84.1529,0.0109
2015-09-11,84.3003,0.0109
2015-09-10,84.2607,0.0109
2015-09-09,84.256,0.0107
2015-09-08,83.9733,0.0108
2015-09-07,83.9166,0.0108
2015-09-06,83.7488,0.011
2015-09-05,84.2687,0.0113
2015-09-04,84.1567,0.0115
2015-09-03,83.8367,0.0113
2015-09-02,83.5777,0.0114
2015-09-01,83.5973,0.0113
2015-08-31,83.4689,0.0113
2015-08-30,83.8964,0.0113
2015-08-29,84.177,0.0113
2015-08-28,83.942,0.0116
2015-08-27,83.9315,0.0115
2015-08-26,84.084,0.0118
2015-08-25,83.0731,0.0123
2015-08-24,83.3122,0.0114
2015-08-23,83.1653,0.0112
2015-08-22,83.0106,0.0111
2015-08-21,83.0038,0.011
2015-08-20,83.1587,0.0114
2015-08-19,83.5251,0.0115
2015-08-18,83.7576,0.0101
2015-08-17,83.5916,0.0101
2015-08-16,83.5452,0.0099
2015-08-15,83.5285,0.0098
2015-08-14,83.6964,0.0099
2015-08-13,84.2699,0.0099
2015-08-12,84.3163,0.0097
2015-08-11,84.5176,0.01
2015-08-10,84.5616,0.0099
2015-08-09,84.623,0.0101
2015-08-08,82.9267,0.0093
2015-08-07,86.022,0.0096
2015-08-06,85.7684,0.0095
2015-08-05,85.8267,0.0094
2015-08-04,85.8478,0.0095
2015-08-03,85.8948,0.0095
2015-08-02,85.8252,0.0096
2015-08-01,85.3977,0.0094
2015-07-31,85.518,0.0093
2015-07-30,85.3625,0.0092
2015-07-29,85.3839,0.0091
2015-07-28,85.551,0.0091
2015-07-27,85.7425,0.0092
2015-07-26,85.764,0.0093
2015-07-25,85.8868,0.0093
2015-07-24,86.2755,0.0098
2015-07-23,86.2351,0.0097
2015-07-22,86.1669,0.0098
2015-07-21,86.0155,0.0097
2015-07-20,85.9072,0.0098
2015-07-19,85.7463,0.0098
2015-07-18,86.1019,0.0097
2015-07-17,86.1543,0.0097
2015-07-16,85.6246,0.0094
2015-07-15,85.1855,0.0093
2015-07-14,85.2999,0.0092
2015-07-13,85.4668,0.0086
2015-07-12,85.574,0.0092
2015-07-11,85.0255,0.0094
2015-07-10,81.961,0.0096
2015-07-09,82.8417,0.0096
2015-07-08,83.367,0.0099
2015-07-07,83.2741,0.0097
2015-07-06,83.5701,0.0097
2015-07-05,83.3068,0.0101
2015-07-04,82.9415,0.0102
2015-07-03,82.9747,0.0102
2015-07-02,83.1384,0.0101
2015-07-01,83.0987,0.0099
2015-06-30,82.687,0.0101
2015-06-29,83.1461,0.0105
2015-06-28,83.3118,0.0105
2015-06-27,83.2903,0.0108
2015-06-26,83.3875,0.0108
2015-06-25,83.4738,0.011
2015-06-24,83.5654,0.0108
2015-06-23,83.4926,0.0107
2015-06-22,83.6552,0.0108
2015-06-21,83.1846,0.0107
2015-06-20,83.1847,0.0107
2015-06-19,83.7224,0.0106
2015-06-18,84.4618,0.0107
2015-06-17,84.6983,0.0107
2015-06-16,85.6841,0.0114
2015-06-15,85.9146,0.0116
2015-06-14,86.106,0.0117
2015-06-13,86.246,0.0119
2015-06-12,86.1441,0.0119
2015-06-11,86.1311,0.0119
2015-06-10,86.1254,0.0119
2015-06-09,86.141,0.0119
2015-06-08,85.9558,0.0122
2015-06-07,85.9676,0.0121
2015-06-06,85.9289,0.0121
2015-06-05,86.1319,0.0122
2015-06-04,86.1102,0.0121
2015-06-03,86.0817,0.0121
2015-06-02,86.5104,0.0123
2015-06-01,86.1687,0.0119
2015-05-31,85.9655,0.0117
2015-05-30,85.4116,0.0114
2015-05-29,86.3134,0.0116
2015-05-28,87.1328,0.0117
2015-05-27,87.4226,0.0117
2015-05-26,87.3828,0.0117
2015-05-25,87.5812,0.0116
2015-05-24,87.6322,0.0117
2015-05-23,87.7586,0.0116
2015-05-22,88.1121,0.0119
2015-05-21,88.1196,0.012
2015-05-20,88.2387,0.0112
2015-05-19,89.0756,0.0104
2015-05-18,88.7994,0.0093
2015-05-17,88.5622,0.0084
2015-05-16,88.5051,0.0075
2015-05-15,88.5919,0.0066
2015-05-14,88.4672,0.0067
2015-05-13,88.3815,0.0065
2015-05-12,88.4504,0.0065
2015-05-11,88.4261,0.0065
2015-05-10,88.2852,0.0065
2015-05-09,88.3334,0.0064
2015-05-08,88.1425,0.0066
2015-05-07,87.7281,0.0068
2015-05-06,87.8959,0.0066
2015-05-05,87.8306,0.0066
2015-05-04,87.8449,0.0065
2015-05-03,87.6585,0.0067
2015-05-02,87.5709,0.0067
2015-05-01,87.5968,0.0066
2015-04-30,87.4562,0.0069
2015-04-29,87.6194,0.0069
2015-04-28,87.5333,0.0068
2015-04-27,87.2604,0.0071
2015-04-26,86.9597,0.0069
2015-04-25,87.2491,0.0067
2015-04-24,87.3964,0.0066
2015-04-23,87.3824,0.0067
2015-04-22,87.5091,0.0066
2015-04-21,87.1717,0.0069
2015-04-20,87.1311,0.007
2015-04-19,87.044,0.007
2015-04-18,86.9175,0.007
2015-04-17,87.1243,0.0068
2015-04-16,87.1042,0.007
2015-04-15,86.7416,0.0071
2015-04-14,86.948,0.0069
2015-04-13,86.9669,0.0066
2015-04-12,87.2138,0.0066
2015-04-11,86.9448,0.0066
2015-04-10,86.8897,0.0064
2015-04-09,86.4949,0.0063
2015-04-08,86.8973,0.0062
2015-04-07,87.1897,0.0061
2015-04-06,87.3528,0.006
2015-04-05,87.0088,0.0062
2015-04-04,86.9496,0.0061
2015-04-03,87.5212,0.0062
2015-04-02,87.5086,0.0064
2015-04-01,87.4547,0.0064
2015-03-31,87.0415,0.0063
2015-03-30,86.7014,0.0064
2015-03-29,86.736,0.0062
2015-03-28,86.5617,0.0063
2015-03-27,86.7453,0.0063
2015-03-26,86.3961,0.0063
2015-03-25,86.0886,0.0063
2015-03-24,86.2569,0.0058
2015-03-23,86.339,0.0058
2015-03-22,86.1119,0.006
2015-03-21,86.0763,0.0059
2015-03-20,86.0674,0.0059
2015-03-19,85.8814,0.0061
2015-03-18,86.5796,0.0055
2015-03-17,86.6718,0.0054
2015-03-16,86.6289,0.0055
2015-03-15,86.3039,0.0055
2015-03-14,86.7545,0.0055
2015-03-13,87.0666,0.0053
2015-03-12,87.191,0.0053
2015-03-11,87.1164,0.0054
2015-03-10,86.692,0.0054
2015-03-09,86.7517,0.0058
2015-03-08,86.3264,0.0058
2015-03-07,85.9811,0.006
2015-03-06,85.7138,0.006
2015-03-05,86.4844,0.0062
2015-03-04,86.5682,0.0061
2015-03-03,85.0093,0.0062
2015-03-02,84.4319,0.0066
2015-03-01,83.7224,0.0068
2015-02-28,83.4142,0.0069
2015-02-27,82.7072,0.0075
2015-02-26,82.6624,0.0075
2015-02-25,82.7975,0.0076
2015-02-24,82.9171,
2015-02-23,83.0963,
2015-02-22,83.2885,
2015-02-21,83.1138,
2015-02-20,82.7457,
2015-02-19,82.5367,
2015-02-18,82.6677,
2015-02-17,82.3911,
2015-02-16,82.3908,
2015-02-15,82.6055,
2015-02-14,81.7663,
2015-02-13,81.4509,
2015-02-12,81.4463,
2015-02-11,81.6027,
2015-02-10,81.3925,
2015-02-09,81.2804,
2015-02-08,81.4279,
2015-02-07,80.7326,
2015-02-06,81.1693,
2015-02-05,82.4294,
2015-02-04,82.6905,
2015-02-03,82.6761,
2015-02-02,81.6829,
2015-02-01,80.937,
2015-01-31,81.3593,
2015-01-30,81.5125,
2015-01-29,81.3049,
2015-01-28,82.0895,
2015-01-27,82.3722,
2015-01-26,80.8437,
2015-01-25,80.7348,
2015-01-24,80.1769,
2015-01-23,80.0186,
2015-01-22,79.9237,
2015-01-21,79.3392,
2015-01-20,79.529,
2015-01-19,79.5132,
2015-01-18,78.7478,
2015-01-17,78.4906,
2015-01-16,78.6343,
2015-01-15,78.2659,
2015-01-14,80.0696,
2015-01-13,80.506,
2015-01-12,80.4224,
2015-01-11,80.5267,
2015-01-10,79.8412,
2015-01-09,79.6844,
2015-01-08,80.1185,
2015-01-07,79.7746,
2015-01-06,79.397,
2015-01-05,79.8485,
2015-01-04,79.0052,
2015-01-03,78.7009,
2015-01-02,78.2925,
2015-01-01,78.1602,
2014-12-31,77.4679,
2014-12-30,77.4855,
2014-12-29,77.9199,
2014-12-28,78.1661,
2014-12-27,78.0606,
2014-12-26,78.2968,
2014-12-25,78.6894,
2014-12-24,78.8307,
2014-12-23,77.4483,
2014-12-22,78.1357,
2014-12-21,78.4989,
2014-12-20,79.2342,
2014-12-19,76.9631,
2014-12-18,78.2963,
2014-12-17,79.8828,
2014-12-16,83.7002,
2014-12-15,84.2769,
2014-12-14,84.201,
2014-12-13,84.6426,
2014-12-12,84.6452,
2014-12-11,84.7499,
2014-12-10,85.3695,
2014-12-09,86.223,
2014-12-08,85.792,
2014-12-07,86.019,
2014-12-06,86.3872,
2014-12-05,86.4079,
2014-12-04,86.4789,
2014-12-03,86.8458,
2014-12-02,87.0781,
2014-12-01,87.7103,
2014-11-30,86.3343,
2014-11-29,85.9611,
2014-11-28,86.1874,
2014-11-27,87.7799,
2014-11-26,88.4447,
2014-11-25,89.0127,
2014-11-24,88.7617,
2014-11-23,89.3679,
2014-11-22,89.8329,
2014-11-21,90.3016,
2014-11-20,90.7257,
2014-11-19,90.8978,
2014-11-18,91.0001,
2014-11-17,90.9963,
2014-11-16,90.9304,
2014-11-15,91.1072,
2014-11-14,91.295,
2014-11-13,91.2649,
2014-11-12,90.8566,
2014-11-11,90.7813,
2014-11-10,90.6906,
2014-11-09,90.4684,
2014-11-08,90.6443,
2014-11-07,90.7049,
2014-11-06,90.4438,
2014-11-05,90.4794,
2014-11-04,90.4461,
2014-11-03,90.5462,
2014-11-02,90.631,
2014-11-01,90.5067,
2014-10-31,90.561,
2014-10-30,90.354,
2014-10-29,90.4704,
2014-10-28,90.3083,
2014-10-27,90.6066,
2014-10-26,90.4537,
2014-10-25,90.3449,
2014-10-24,90.3521,
2014-10-23,90.5374,
2014-10-22,90.4811,
2014-10-21,90.5552,
2014-10-20,90.5847,
2014-10-19,90.4939,
2014-10-18,90.4343,
2014-10-17,90.5008,
2014-10-16,90.5935,
2014-10-15,90.5952,
2014-10-14,90.5421,
2014-10-13,90.3236,
2014-10-12,90.1037,
2014-10-11,89.711,
2014-10-10,89.936,
2014-10-09,89.7255,
2014-10-08,89.3956,
2014-10-07,89.3195,
2014-10-06,89.3257,
2014-10-05,89.2578,
2014-10-04,89.6792,
2014-10-03,89.9153,
2014-10-02,89.9655,
2014-10-01,90.0393,
2014-09-30,89.9801,
2014-09-29,89.6932,
2014-09-28,90.1634,
2014-09-27,90.1453,
2014-09-26,90.4607,
2014-09-25,90.5533,
2014-09-24,90.7275,
2014-09-23,90.4658,
2014-09-22,90.5816,
2014-09-21,90.531,
2014-09-20,90.3796,
2014-09-19,90.3314,
2014-09-18,90.7366,
2014-09-17,91.0123,
2014-09-16,91.234,
2014-09-15,91.0493,
2014-09-14,91.2366,
2014-09-13,91.3182,
2014-09-12,91.3528,
2014-09-11,91.4393,
2014-09-10,91.6758,
2014-09-09,91.6547,
2014-09-08,91.83,
2014-09-07,91.8764,
2014-09-06,91.9511,
2014-09-05,92.103,
2014-09-04,92.1491,
2014-09-03,92.4015,
2014-09-02,92.2369,
2014-09-01,92.2141,
2014-08-31,92.2587,
2014-08-30,92.3733,
2014-08-29,92.2697,
2014-08-28,91.983,
2014-08-27,92.019,
2014-08-26,93.1889,
2014-08-25,93.5901,
2014-08-24,93.9274,
2014-08-23,93.7348,
2014-08-22,93.7306,
2014-08-21,93.9164,
2014-08-20,94.249,
2014-08-19,94.8432,
2014-08-18,94.5932,
2014-08-17,94.4828,
2014-08-16,94.2348,
2014-08-15,94.2615,
2014-08-14,94.5545,
2014-08-13,94.4209,
2014-08-12,94.2462,
2014-08-11,93.9386,
2014-08-10,93.8371,
2014-08-09,93.7296,
2014-08-08,93.6573,
2014-08-07,93.5972,
2014-08-06,93.5791,
2014-08-05,93.5131,
2014-08-04,93.3224,
2014-08-03,93.293,
2014-08-02,93.2956,
2014-08-01,93.3096,
2014-07-31,93.4196,
2014-07-30,93.3711,
2014-07-29,93.4229,
2014-07-28,93.3788,
2014-07-27,93.4018,
2014-07-26,93.3784,
2014-07-25,93.3517,
2014-07-24,93.162,
2014-07-23,93.1181,
2014-07-22,93.0161,
2014-07-21,93.305,
2014-07-20,93.3021,
2014-07-19,93.1723,
2014-07-18,93.2169,
2014-07-17,93.4941,
2014-07-16,93.458,
2014-07-15,93.4094,
2014-07-14,93.3938,
2014-07-13,93.4848,
2014-07-12,93.668,
2014-07-11,93.6989,
2014-07-10,93.7209,
2014-07-09,93.7417,
2014-07-08,93.7702,
2014-07-07,93.9657,
2014-07-06,93.8658,
2014-07-05,93.7421,
2014-07-04,93.5589,
2014-07-03,93.6805,
2014-07-02,93.5765,
2014-07-01,93.2169,
2014-06-30,92.8652,
2014-06-29,92.7346,
2014-06-28,92.6119,
2014-06-27,92.4839,
2014-06-26,92.4192,
2014-06-25,92.2903,
2014-06-24,92.2384,
2014-06-23,92.2603,
2014-06-22,92.1559,
2014-06-21,92.1743,
2014-06-20,91.9812,
2014-06-19,92.1714,
2014-06-18,92.2422,
2014-06-17,92.1141,
2014-06-16,91.9291,
2014-06-15,91.9749,
2014-06-14,91.9448,
2014-06-13,92.0322,
2014-06-12,92.093,
2014-06-11,92.2312,
2014-06-10,92.324,
2014-06-09,92.4298,
2014-06-08,92.4278,
2014-06-07,92.3332,
2014-06-06,92.3414,
2014-06-05,92.294,
2014-06-04,92.3183,
2014-06-03,92.3147,
2014-06-02,92.1582,
2014-06-01,92.2021,
2014-05-31,92.0246,
2014-05-30,91.6862,
2014-05-29,91.7827,
2014-05-28,91.5544,
2014-05-27,91.5257,
2014-05-26,91.2112,
2014-05-25,90.976,
2014-05-24,90.9742,
2014-05-23,91.3153,
2014-05-22,90.8161,
2014-05-21,90.7442,
2014-05-20,90.4421,
2014-05-19,90.3862,
2014-05-18,90.3957,
2014-05-17,90.3251,
2014-05-16,90.2859,
2014-05-15,90.3248,
2014-05-14,90.4651,
2014-05-13,90.4654,
2014-05-12,90.495,
2014-05-11,90.4491,
2014-05-10,90.3228,
2014-05-09,90.4655,
2014-05-08,90.4738,
2014-05-07,90.5106,
2014-05-06,90.7654,
2014-05-05,90.7069,
2014-05-04,90.7293,
2014-05-03,90.7048,
2014-05-02,90.5419,
2014-05-01,90.4171,
2014-04-30,90.6407,
2014-04-29,90.6797,
2014-04-28,91.093,
2014-04-27,90.7773,
2014-04-26,90.8264,
2014-04-25,89.9425,
2014-04-24,89.9915,
2014-04-23,89.9825,
2014-04-22,89.8082,
2014-04-21,89.822,
2014-04-20,89.6351,
2014-04-19,89.8946,
2014-04-18,90.0912,
2014-04-17,90.0745,
2014-04-16,90.0314,
2014-04-15,90.4496,
2014-04-14,90.5954,
2014-04-13,90.5242,
2014-04-12,90.2711,
2014-04-11,91.0107,
2014-04-10,90.3713,
2014-04-09,90.3014,
2014-04-08,90.2158,
2014-04-07,90.1373,
2014-04-06,90.2518,
2014-04-05,90.1962,
2014-04-04,90.3162,
2014-04-03,90.0814,
2014-04-02,89.5438,
2014-04-01,89.4186,
2014-03-31,89.3455,
2014-03-30,89.2323,
2014-03-29,89.4905,
2014-03-28,89.5168,
2014-03-27,88.4651,
2014-03-26,88.8761,
2014-03-25,87.6554,
2014-03-24,87.1972,
2014-03-23,86.8709,
2014-03-22,87.965,
2014-03-21,88.0164,
2014-03-20,87.8902,
2014-03-19,86.9038,
2014-03-18,88.4878,
2014-03-17,87.9054,
2014-03-16,87.7172,
2014-03-15,87.5056,
2014-03-14,87.2815,
2014-03-13,86.8765,
2014-03-12,86.9586,
2014-03-11,86.7678,
2014-03-10,87.1671,
2014-03-09,86.9214,
2014-03-08,87.6916,
2014-03-07,87.0475,
2014-03-06,86.0193,
2014-03-05,83.662,
2014-03-04,84.5728,
2014-03-03,87.0663,
2014-03-02,87.6995,
2014-03-01,87.1441,
2014-02-28,87.4377,
2014-02-27,89.1169,
2014-02-26,88.8644,
2014-02-25,88.3771,
2014-02-24,88.7644,
2014-02-23,88.8557,
2014-02-22,88.9594,
2014-02-21,88.645,
2014-02-20,88.6727,
2014-02-19,88.7642,
2014-02-18,77.3645,
2014-02-17,88.7791,
2014-02-16,88.8038,
2014-02-15,89.0445,
2014-02-14,88.9188,
2014-02-13,88.8495,
2014-02-12,88.8216,
2014-02-11,89.202,
2014-02-10,89.0596,
2014-02-09,89.1973,
2014-02-08,89.3334,
2014-02-07,89.5901,
2014-02-06,89.5313,
2014-02-05,89.4494,
2014-02-04,89.2779,
2014-02-03,89.0466,
2014-02-02,89.1497,
2014-02-01,89.2172,
2014-01-31,89.4328,
2014-01-30,89.4473,
2014-01-29,89.4313,
2014-01-28,89.4392,
2014-01-27,89.1483,
2014-01-26,88.9975,
2014-01-25,89.4426,
2014-01-24,89.2276,
2014-01-23,89.1001,
2014-01-22,88.7,
2014-01-21,89.0147,
2014-01-20,89.1607,
2014-01-19,89.2595,
2014-01-18,89.4809,
2014-01-17,89.4629,
2014-01-16,89.342,
2014-01-15,89.4696,
2014-01-14,89.6112,
2014-01-13,89.3148,
2014-01-12,89.2643,
2014-01-11,89.2616,
2014-01-10,89.2643,
2014-01-09,89.1749,
2014-01-08,89.3615,
2014-01-07,88.6379,
2014-01-06,88.791,
2014-01-05,88.1162,
2014-01-04,87.8253,
2014-01-03,87.1947,
2014-01-02,87.491,
2014-01-01,87.6262,
2013-12-31,87.5899,
2013-12-30,87.6484,
2013-12-29,87.8459,
2013-12-28,87.666,
2013-12-27,87.6954,
2013-12-26,88.2038,
2013-12-25,89.4917,
2013-12-24,90.2471,
2013-12-23,90.0097,
2013-12-22,90.0173,
2013-12-21,90.0687,
2013-12-20,90.1701,
2013-12-19,90.9764,
2013-12-18,90.0601,
2013-12-17,89.2939,
2013-12-16,88.7604,
2013-12-15,88.7721,
2013-12-14,88.4539,
2013-12-13,88.2553,
2013-12-12,88.2432,
2013-12-11,87.8733,
2013-12-10,88.2251,
2013-12-09,88.6447,
2013-12-08,88.8415,
2013-12-07,88.2094,
2013-12-06,87.8406,
2013-12-05,87.4594,
2013-12-04,88.0936,
2013-12-03,88.4743,
2013-12-02,87.2858,
2013-12-01,88.5713,
2013-11-30,90.0648,
2013-11-29,88.8409,
2013-11-28,90.116,
2013-11-27,92.5688,
2013-11-26,94.482,
2013-11-25,95.4811,
2013-11-24,95.8472,
2013-11-23,95.9638,
2013-11-22,96.0024,
2013-11-21,96.1783,
2013-11-20,96.1127,
2013-11-19,96.1309,
2013-11-18,96.6265,
2013-11-17,96.1777,
2013-11-16,96.1074,
2013-11-15,96.0988,
2013-11-14,95.9165,
2013-11-13,95.6604,
2013-11-12,95.5865,
2013-11-11,95.4563,
2013-11-10,95.511,
2013-11-09,94.8597,
2013-11-08,94.7406,
2013-11-07,95.0427,
2013-11-06,95.1819,
2013-11-05,94.9442,
2013-11-04,94.6969,
2013-11-03,94.7368,
2013-11-02,95.1234,
2013-11-01,95.2758,
2013-10-31,95.3312,
2013-10-30,95.4712,
2013-10-29,95.3739,
2013-10-28,95.1125,
2013-10-27,94.8336,
2013-10-26,94.9056,
2013-10-25,94.437,
2013-10-24,95.2888,
2013-10-23,95.5106,
2013-10-22,95.1629,
2013-10-21,94.7832,
2013-10-20,94.6147,
2013-10-19,93.7603,
2013-10-18,93.1923,
2013-10-17,93.4479,
2013-10-16,93.2494,
2013-10-15,92.6188,
2013-10-14,92.3525,
2013-10-13,91.82,
2013-10-12,91.9151,
2013-10-11,91.5586,
2013-10-10,91.7609,
2013-10-09,91.5238,
2013-10-08,91.5417,
2013-10-07,91.373,
2013-10-06,91.3585,
2013-10-05,91.334,
2013-10-04,91.581,
2013-10-03,91.7967,
2013-10-02,91.2034,
2013-10-01,91.0618,
2013-09-30,90.68,
2013-09-29,90.1305,
2013-09-28,89.6462,
2013-09-27,90.1776,
2013-09-26,91.1021,
2013-09-25,90.9162,
2013-09-24,91.0372,
2013-09-23,90.9602,
2013-09-22,91.2004,
2013-09-21,91.0428,
2013-09-20,90.6861,
2013-09-19,90.9023,
2013-09-18,91.375,
2013-09-17,92.4297,
2013-09-16,92.6237,
2013-09-15,92.6915,
2013-09-14,92.7733,
2013-09-13,92.7278,
2013-09-12,92.7939,
2013-09-11,92.6824,
2013-09-10,92.4437,
2013-09-09,92.1561,
2013-09-08,92.3267,
2013-09-07,92.2188,
2013-09-06,92.5758,
2013-09-05,92.5751,
2013-09-04,93.3259,
2013-09-03,93.4091,
2013-09-02,93.3906,
2013-09-01,93.2512,
2013-08-31,92.9685,
2013-08-30,92.6731,
2013-08-29,92.619,
2013-08-28,92.4966,
2013-08-27,92.1393,
2013-08-26,92.3786,
2013-08-25,92.3843,
2013-08-24,92.4451,
2013-08-23,92.5605,
2013-08-22,92.2818,
2013-08-21,92.0456,
2013-08-20,92.1921,
2013-08-19,91.7773,
2013-08-18,91.707,
2013-08-17,92.8355,
2013-08-16,92.9881,
2013-08-15,92.7341,
2013-08-14,92.2729,
2013-08-13,92.2073,
2013-08-12,92.0704,
2013-08-11,92.2312,
2013-08-10,92.0289,
2013-08-09,92.0383,
2013-08-08,92.0604,
2013-08-07,91.8892,
2013-08-06,91.428,
2013-08-05,90.9503,
2013-08-04,94.183,
2013-08-03,94.4049,
2013-08-02,94.3726,
2013-08-01,94.5277,
2013-07-31,94.4024,
2013-07-30,94.1784,
2013-07-29,94.1109,
2013-07-28,93.9641,
2013-07-27,94.0444,
2013-07-26,93.9459,
2013-07-25,93.9125,
2013-07-24,94.0915,
2013-07-23,93.8697,
2013-07-22,93.84,
2013-07-21,93.8157,
2013-07-20,93.8505,
2013-07-19,93.8333,
2013-07-18,93.9424,
2013-07-17,93.966,
2013-07-16,94.2201,
2013-07-15,94.1144,
2013-07-14,94.3478,
2013-07-13,94.3057,
2013-07-12,94.2228,
2013-07-11,93.9584,
2013-07-10,93.6715,
2013-07-09,93.6571,
2013-07-08,93.4569,
2013-07-07,93.3813,
2013-07-06,93.4153,
2013-07-05,93.6998,
2013-07-04,93.7838,
2013-07-03,94.2017,
2013-07-02,93.9795,
2013-07-01,94.3866,
2013-06-30,94.6005,
2013-06-29,94.6573,
2013-06-28,94.5885,
2013-06-27,94.8785,
2013-06-26,94.9549,
2013-06-25,94.8328,
2013-06-24,94.6937,
2013-06-23,95.0529,
2013-06-22,95.1716,
2013-06-21,95.9264,
2013-06-20,95.8523,
2013-06-19,95.9287,
2013-06-18,95.7799,
2013-06-17,95.9147,
2013-06-16,95.9758,
2013-06-15,95.909,
2013-06-14,95.821,
2013-06-13,95.7903,
2013-06-12,95.7856,
2013-06-11,95.564,
2013-06-10,95.4778,
2013-06-09,95.5603,
2013-06-08,95.6198,
2013-06-07,95.624,
2013-06-06,95.5824,
2013-06-05,95.5681,
2013-06-04,95.7515,
2013-06-03,95.7567,
2013-06-02,95.8299,
2013-06-01,95.6794,
2013-05-31,95.6685,
2013-05-30,95.5571,
2013-05-29,95.4023,
2013-05-28,95.4272,
2013-05-27,95.3898,
2013-05-26,95.4477,
2013-05-25,95.362,
2013-05-24,95.1727,
2013-05-23,95.129,
2013-05-22,95.1327,
2013-05-21,95.0092,
2013-05-20,94.9247,
2013-05-19,94.9963,
2013-05-18,95.1281,
2013-05-17,95.3061,
2013-05-16,95.0698,
2013-05-15,95.0813,
2013-05-14,94.7398,
2013-05-13,94.6565,
2013-05-12,94.53,
2013-05-11,94.3601,
2013-05-10,94.17,
2013-05-09,94.1743,
2013-05-08,94.3697,
2013-05-07,94.3851,
2013-05-06,94.0777,
2013-05-05,93.9531,
2013-05-04,93.8787,
2013-05-03,94.1598,
2013-05-02,94.0775,
2013-05-01,94.3595,
2013-04-30,94.3854,
2013-04-29,94.1977,
