Datetime,MVRV Ratio
2026-09-03T00:00:00Z,1.52922593
2026-09-02T00:00:00Z,1.45188121
2026-09-01T00:00:00Z,1.45803289
2026-08-31T00:00:00Z,1.47901459
2026-08-30T00:00:00Z,1.47571997
2026-08-29T00:00:00Z,1.4744529
2026-08-28T00:00:00Z,1.46413858
2026-08-27T00:00:00Z,1.51306557
2026-08-26T00:00:00Z,1.48809123
2026-08-25T00:00:00Z,1.481087
2026-08-24T00:00:00Z,1.48972532
2026-08-23T00:00:00Z,1.46740532
2026-08-22T00:00:00Z,1.45581682
2026-08-21T00:00:00Z,1.48271239
2026-08-20T00:00:00Z,1.38574839
2026-08-19T00:00:00Z,1.31251176
2026-08-18T00:00:00Z,1.22822428
2026-08-17T00:00:00Z,1.22339277
2026-08-16T00:00:00Z,1.19351447
2026-08-15T00:00:00Z,1.19636619
2026-08-14T00:00:00Z,1.1951116
2026-08-13T00:00:00Z,1.2019378
2026-08-12T00:00:00Z,1.20199401
2026-08-11T00:00:00Z,1.20555839
2026-08-10T00:00:00Z,1.21194628
2026-08-09T00:00:00Z,1.22927057
2026-08-08T00:00:00Z,1.23046736
2026-08-07T00:00:00Z,1.22970691
2026-08-06T00:00:00Z,1.21781701
2026-08-05T00:00:00Z,1.22496467
2026-08-04T00:00:00Z,1.21398225
2026-08-03T00:00:00Z,1.20205117
2026-08-02T00:00:00Z,1.20183728
2026-08-01T00:00:00Z,1.18827268
2026-07-31T00:00:00Z,1.18837439
2026-07-30T00:00:00Z,1.22375232
2026-07-29T00:00:00Z,1.2083906
2026-07-28T00:00:00Z,1.20737205
2026-07-27T00:00:00Z,1.20709891
2026-07-26T00:00:00Z,1.23484888
2026-07-25T00:00:00Z,1.21541174
2026-07-24T00:00:00Z,1.21211216
2026-07-23T00:00:00Z,1.23041533
2026-07-22T00:00:00Z,1.24736381
2026-07-21T00:00:00Z,1.25703433
2026-07-20T00:00:00Z,1.23170884
2026-07-19T00:00:00Z,1.22339582
2026-07-18T00:00:00Z,1.22524029
2026-07-17T00:00:00Z,1.20949063
2026-07-16T00:00:00Z,1.20549587
2026-07-15T00:00:00Z,1.22369847
2026-07-14T00:00:00Z,1.22621705
2026-07-13T00:00:00Z,1.17660804
2026-07-12T00:00:00Z,1.20245293
2026-07-11T00:00:00Z,1.20291958
2026-07-10T00:00:00Z,1.20923206
2026-07-09T00:00:00Z,1.19055101
2026-07-08T00:00:00Z,1.17161038
2026-07-07T00:00:00Z,1.19270651
2026-07-06T00:00:00Z,1.20598404
2026-07-05T00:00:00Z,1.1978501
2026-07-04T00:00:00Z,1.18924836
2026-07-03T00:00:00Z,1.17827679
2026-07-02T00:00:00Z,1.15856675
2026-07-01T00:00:00Z,1.13013496
2026-06-30T00:00:00Z,1.10249253
2026-06-29T00:00:00Z,1.13183999
2026-06-28T00:00:00Z,1.11750475
2026-06-27T00:00:00Z,1.12590952
2026-06-26T00:00:00Z,1.12648962
2026-06-25T00:00:00Z,1.12086073
2026-06-24T00:00:00Z,1.1413188
2026-06-23T00:00:00Z,1.1727907
2026-06-22T00:00:00Z,1.19708572
2026-06-21T00:00:00Z,1.18348308
2026-06-20T00:00:00Z,1.20284545
2026-06-19T00:00:00Z,1.18975591
2026-06-18T00:00:00Z,1.1777298
2026-06-17T00:00:00Z,1.20539273
2026-06-16T00:00:00Z,1.22653866
2026-06-15T00:00:00Z,1.240085
2026-06-14T00:00:00Z,1.22585035
2026-06-13T00:00:00Z,1.20379495
2026-06-12T00:00:00Z,1.18772878
2026-06-11T00:00:00Z,1.18758184
2026-06-10T00:00:00Z,1.1476898
2026-06-09T00:00:00Z,1.15289032
2026-06-08T00:00:00Z,1.17696005
2026-06-07T00:00:00Z,1.1805254
2026-06-06T00:00:00Z,1.1350863
2026-06-05T00:00:00Z,1.13264695
2026-06-04T00:00:00Z,1.17981407
2026-06-03T00:00:00Z,1.24022386
2026-06-02T00:00:00Z,1.23763416
2026-06-01T00:00:00Z,1.32150437
2026-05-31T00:00:00Z,1.36064688
2026-05-30T00:00:00Z,1.3653061
2026-05-29T00:00:00Z,1.35802312
2026-05-28T00:00:00Z,1.3578155
2026-05-27T00:00:00Z,1.37087481
2026-05-26T00:00:00Z,1.40030605
2026-05-25T00:00:00Z,1.42630374
2026-05-24T00:00:00Z,1.42168383
2026-05-23T00:00:00Z,1.41502609
2026-05-22T00:00:00Z,1.39270937
2026-05-21T00:00:00Z,1.43046559
2026-05-20T00:00:00Z,1.42712584
2026-05-19T00:00:00Z,1.41505475
2026-05-18T00:00:00Z,1.41802463
2026-05-17T00:00:00Z,1.43307156
2026-05-16T00:00:00Z,1.4409715
2026-05-15T00:00:00Z,1.45731114
2026-05-14T00:00:00Z,1.49335268
2026-05-13T00:00:00Z,1.46045661
2026-05-12T00:00:00Z,1.48264
2026-05-11T00:00:00Z,1.50470895
2026-05-10T00:00:00Z,1.51713603
2026-05-09T00:00:00Z,1.48706531
2026-05-08T00:00:00Z,1.47777535
2026-05-07T00:00:00Z,1.47546241
2026-05-06T00:00:00Z,1.50001651
2026-05-05T00:00:00Z,1.49289614
2026-05-04T00:00:00Z,1.47235786
2026-05-03T00:00:00Z,1.4512158
2026-05-02T00:00:00Z,1.45343679
2026-05-01T00:00:00Z,1.44339137
2026-04-30T00:00:00Z,1.41048454
2026-04-29T00:00:00Z,1.40154802
2026-04-28T00:00:00Z,1.4098244
2026-04-27T00:00:00Z,1.42751537
2026-04-26T00:00:00Z,1.44935279
2026-04-25T00:00:00Z,1.43457493
2026-04-24T00:00:00Z,1.43109849
2026-04-23T00:00:00Z,1.44417537
2026-04-22T00:00:00Z,1.44332774
2026-04-21T00:00:00Z,1.4086553
2026-04-20T00:00:00Z,1.40001038
2026-04-19T00:00:00Z,1.36363347
2026-04-18T00:00:00Z,1.39700565
2026-04-17T00:00:00Z,1.42254124
2026-04-16T00:00:00Z,1.38555466
2026-04-15T00:00:00Z,1.37863303
2026-04-14T00:00:00Z,1.36930491
2026-04-13T00:00:00Z,1.37646196
2026-04-12T00:00:00Z,1.30616772
2026-04-11T00:00:00Z,1.34896713
2026-04-10T00:00:00Z,1.34545915
2026-04-09T00:00:00Z,1.32586151
2026-04-08T00:00:00Z,1.3135869
2026-04-07T00:00:00Z,1.32952147
2026-04-06T00:00:00Z,1.27180939
2026-04-05T00:00:00Z,1.27434172
2026-04-04T00:00:00Z,1.24337183
2026-04-03T00:00:00Z,1.23696276
2026-04-02T00:00:00Z,1.23612572
2026-04-01T00:00:00Z,1.25811434
2026-03-31T00:00:00Z,1.25873346
2026-03-30T00:00:00Z,1.23124355
2026-03-29T00:00:00Z,1.21578742
2026-03-28T00:00:00Z,1.22348517
2026-03-27T00:00:00Z,1.21984476
2026-03-26T00:00:00Z,1.26694262
2026-03-25T00:00:00Z,1.31176519
2026-03-24T00:00:00Z,1.2985705
2026-03-23T00:00:00Z,1.30448793
2026-03-22T00:00:00Z,1.25095247
2026-03-21T00:00:00Z,1.29067584
2026-03-20T00:00:00Z,1.29743673
2026-03-19T00:00:00Z,1.28552329
2026-03-18T00:00:00Z,1.31136593
2026-03-17T00:00:00Z,1.35922461
2026-03-16T00:00:00Z,1.37122933
2026-03-15T00:00:00Z,1.33789811
2026-03-14T00:00:00Z,1.30818002
2026-03-13T00:00:00Z,1.30433316
2026-03-12T00:00:00Z,1.29712527
2026-03-11T00:00:00Z,1.29057237
2026-03-10T00:00:00Z,1.28255117
2026-03-09T00:00:00Z,1.25541474
2026-03-08T00:00:00Z,1.21101125
2026-03-07T00:00:00Z,1.23507283
2026-03-06T00:00:00Z,1.25165033
2026-03-05T00:00:00Z,1.2999161
2026-03-04T00:00:00Z,1.32750283
2026-03-03T00:00:00Z,1.25530019
2026-03-02T00:00:00Z,1.26088321
2026-03-01T00:00:00Z,1.20590366
2026-02-28T00:00:00Z,1.2255892
2026-02-27T00:00:00Z,1.2076182
2026-02-26T00:00:00Z,1.23426626
2026-02-25T00:00:00Z,1.24441397
2026-02-24T00:00:00Z,1.17292195
2026-02-23T00:00:00Z,1.18127231
2026-02-22T00:00:00Z,1.23589842
2026-02-21T00:00:00Z,1.24326245
2026-02-20T00:00:00Z,1.24148186
2026-02-19T00:00:00Z,1.22245017
2026-02-18T00:00:00Z,1.21243562
2026-02-17T00:00:00Z,1.23106545
2026-02-16T00:00:00Z,1.25589205
2026-02-15T00:00:00Z,1.24956306
2026-02-14T00:00:00Z,1.27071067
2026-02-13T00:00:00Z,1.25391736
2026-02-12T00:00:00Z,1.20593709
2026-02-11T00:00:00Z,1.21857154
2026-02-10T00:00:00Z,1.24936191
2026-02-09T00:00:00Z,1.27431463
2026-02-08T00:00:00Z,1.27386525
2026-02-07T00:00:00Z,1.25529482
2026-02-06T00:00:00Z,1.27871061
2026-02-05T00:00:00Z,1.1608019
2026-02-04T00:00:00Z,1.3156058
2026-02-03T00:00:00Z,1.35924507
2026-02-02T00:00:00Z,1.41414218
2026-02-01T00:00:00Z,1.38458528
2026-01-31T00:00:00Z,1.40973592
2026-01-30T00:00:00Z,1.5061074
2026-01-29T00:00:00Z,1.51345863
2026-01-28T00:00:00Z,1.59503627
2026-01-27T00:00:00Z,1.59688499
2026-01-26T00:00:00Z,1.58229053
2026-01-25T00:00:00Z,1.54459292
2026-01-24T00:00:00Z,1.59562924
2026-01-23T00:00:00Z,1.59967778
2026-01-22T00:00:00Z,1.59243951
2026-01-21T00:00:00Z,1.58995238
2026-01-20T00:00:00Z,1.56985974
2026-01-19T00:00:00Z,1.64477042
2026-01-18T00:00:00Z,1.67812349
2026-01-17T00:00:00Z,1.69013081
2026-01-16T00:00:00Z,1.69654475
2026-01-15T00:00:00Z,1.70103432
2026-01-14T00:00:00Z,1.72608365
2026-01-13T00:00:00Z,1.69388721
2026-01-12T00:00:00Z,1.62456768
2026-01-11T00:00:00Z,1.62001416
2026-01-10T00:00:00Z,1.61113857
2026-01-09T00:00:00Z,1.61391481
2026-01-08T00:00:00Z,1.62142936
2026-01-07T00:00:00Z,1.62554407
2026-01-06T00:00:00Z,1.6665337
2026-01-05T00:00:00Z,1.67299862
2026-01-04T00:00:00Z,1.62823568
2026-01-03T00:00:00Z,1.61461526
2026-01-02T00:00:00Z,1.60203128
2026-01-01T00:00:00Z,1.58254956
2025-12-31T00:00:00Z,1.56111458
2025-12-30T00:00:00Z,1.5760279
2025-12-29T00:00:00Z,1.55248227
2025-12-28T00:00:00Z,1.56454696
2025-12-27T00:00:00Z,1.56333523
2025-12-26T00:00:00Z,1.55421764
2025-12-25T00:00:00Z,1.55136535
2025-12-24T00:00:00Z,1.55888171
2025-12-23T00:00:00Z,1.5543726
2025-12-22T00:00:00Z,1.57281173
2025-12-21T00:00:00Z,1.57377663
2025-12-20T00:00:00Z,1.57158568
2025-12-19T00:00:00Z,1.56751859
2025-12-18T00:00:00Z,1.51643489
2025-12-17T00:00:00Z,1.52973712
2025-12-16T00:00:00Z,1.55749913
2025-12-15T00:00:00Z,1.53401459
2025-12-14T00:00:00Z,1.56474123
2025-12-13T00:00:00Z,1.60075475
2025-12-12T00:00:00Z,1.60172007
2025-12-11T00:00:00Z,1.63923425
2025-12-10T00:00:00Z,1.63173877
2025-12-09T00:00:00Z,1.6472367
2025-12-08T00:00:00Z,1.60927577
2025-12-07T00:00:00Z,1.59986649
2025-12-06T00:00:00Z,1.58008687
2025-12-05T00:00:00Z,1.5856682
2025-12-04T00:00:00Z,1.63414703
2025-12-03T00:00:00Z,1.6608442
2025-12-02T00:00:00Z,1.61989717
2025-12-01T00:00:00Z,1.53083258
2025-11-30T00:00:00Z,1.6022792
2025-11-29T00:00:00Z,1.60832902
2025-11-28T00:00:00Z,1.61115978
2025-11-27T00:00:00Z,1.61760424
2025-11-26T00:00:00Z,1.60121328
2025-11-25T00:00:00Z,1.5502975
2025-11-24T00:00:00Z,1.56516101
2025-11-23T00:00:00Z,1.53961952
2025-11-22T00:00:00Z,1.51198367
2025-11-21T00:00:00Z,1.52313702
2025-11-20T00:00:00Z,1.54527028
2025-11-19T00:00:00Z,1.63207095
2025-11-18T00:00:00Z,1.65453796
2025-11-17T00:00:00Z,1.64296133
2025-11-16T00:00:00Z,1.6803957
2025-11-15T00:00:00Z,1.70296567
2025-11-14T00:00:00Z,1.67854272
2025-11-13T00:00:00Z,1.78662613
2025-11-12T00:00:00Z,1.80544409
2025-11-11T00:00:00Z,1.83219009
2025-11-10T00:00:00Z,1.89128347
2025-11-09T00:00:00Z,1.86290042
2025-11-08T00:00:00Z,1.82530582
2025-11-07T00:00:00Z,1.84367155
2025-11-06T00:00:00Z,1.81049381
2025-11-05T00:00:00Z,1.85658552
2025-11-04T00:00:00Z,1.8093858
2025-11-03T00:00:00Z,1.90253838
2025-11-02T00:00:00Z,1.97649321
2025-11-01T00:00:00Z,1.96684344
2025-10-31T00:00:00Z,1.96028323
2025-10-30T00:00:00Z,1.93806706
2025-10-29T00:00:00Z,1.97061586
2025-10-28T00:00:00Z,2.02827422
2025-10-27T00:00:00Z,2.05197418
2025-10-26T00:00:00Z,2.06223274
2025-10-25T00:00:00Z,2.01048376
2025-10-24T00:00:00Z,1.99949529
2025-10-23T00:00:00Z,1.98441653
2025-10-22T00:00:00Z,1.94470734
2025-10-21T00:00:00Z,1.96019315
2025-10-20T00:00:00Z,1.99903166
2025-10-19T00:00:00Z,1.96459157
2025-10-18T00:00:00Z,1.93802522
2025-10-17T00:00:00Z,1.92570464
2025-10-16T00:00:00Z,1.95833933
2025-10-15T00:00:00Z,2.00486661
2025-10-14T00:00:00Z,2.06024936
2025-10-13T00:00:00Z,2.09442133
2025-10-12T00:00:00Z,2.09400241
2025-10-11T00:00:00Z,2.01673172
2025-10-10T00:00:00Z,2.06427154
2025-10-09T00:00:00Z,2.21174371
2025-10-08T00:00:00Z,2.24975283
2025-10-07T00:00:00Z,2.2218656
2025-10-06T00:00:00Z,2.28773543
2025-10-05T00:00:00Z,2.26802082
2025-10-04T00:00:00Z,2.25023248
2025-10-03T00:00:00Z,2.24967481
2025-10-02T00:00:00Z,2.2244614
2025-10-01T00:00:00Z,2.18495371
2025-09-30T00:00:00Z,2.11457822
2025-09-29T00:00:00Z,2.12196403
2025-09-28T00:00:00Z,2.08525668
2025-09-27T00:00:00Z,2.03759004
2025-09-26T00:00:00Z,2.03778569
2025-09-25T00:00:00Z,2.02891876
2025-09-24T00:00:00Z,2.10974143
2025-09-23T00:00:00Z,2.08756308
2025-09-22T00:00:00Z,2.1022158
2025-09-21T00:00:00Z,2.15113517
2025-09-20T00:00:00Z,2.15953756
2025-09-19T00:00:00Z,2.15919218
2025-09-18T00:00:00Z,2.19093407
2025-09-17T00:00:00Z,2.17995791
2025-09-16T00:00:00Z,2.18713407
2025-09-15T00:00:00Z,2.16579528
2025-09-14T00:00:00Z,2.16624011
2025-09-13T00:00:00Z,2.17844091
2025-09-12T00:00:00Z,2.18357833
2025-09-11T00:00:00Z,2.17311576
2025-09-10T00:00:00Z,2.14589518
2025-09-09T00:00:00Z,2.10251384
2025-09-08T00:00:00Z,2.11410006
2025-09-07T00:00:00Z,2.09801817
2025-09-06T00:00:00Z,2.0804682
2025-09-05T00:00:00Z,2.08959664
2025-09-04T00:00:00Z,2.09584231
2025-09-03T00:00:00Z,2.11527022
2025-09-02T00:00:00Z,2.10606815
2025-09-01T00:00:00Z,2.07133651
2025-08-31T00:00:00Z,2.0506393
2025-08-30T00:00:00Z,2.06275135
2025-08-29T00:00:00Z,2.05740251
2025-08-28T00:00:00Z,2.14449412
2025-08-27T00:00:00Z,2.12098807
2025-08-26T00:00:00Z,2.13356129
2025-08-25T00:00:00Z,2.10398004
2025-08-24T00:00:00Z,2.16689951
2025-08-23T00:00:00Z,2.20467816
2025-08-22T00:00:00Z,2.23409148
2025-08-21T00:00:00Z,2.15186642
2025-08-20T00:00:00Z,2.1876401
2025-08-19T00:00:00Z,2.16600879
2025-08-18T00:00:00Z,2.22865149
2025-08-17T00:00:00Z,2.25122541
2025-08-16T00:00:00Z,2.25332295
2025-08-15T00:00:00Z,2.25625561
2025-08-14T00:00:00Z,2.28105951
2025-08-13T00:00:00Z,2.37895243
2025-08-12T00:00:00Z,2.32050801
2025-08-11T00:00:00Z,2.29513883
2025-08-10T00:00:00Z,2.30985649
2025-08-09T00:00:00Z,2.25637923
2025-08-08T00:00:00Z,2.26192231
2025-08-07T00:00:00Z,2.27745998
2025-08-06T00:00:00Z,2.2342761
2025-08-05T00:00:00Z,2.21877344
2025-08-04T00:00:00Z,2.23879064
2025-08-03T00:00:00Z,2.22277219
2025-08-02T00:00:00Z,2.19477279
2025-08-01T00:00:00Z,2.20761026
2025-07-31T00:00:00Z,2.25410645
2025-07-30T00:00:00Z,2.29273744
2025-07-29T00:00:00Z,2.30054921
2025-07-28T00:00:00Z,2.30835459
2025-07-27T00:00:00Z,2.33948584
2025-07-26T00:00:00Z,2.31086863
2025-07-25T00:00:00Z,2.30234358
2025-07-24T00:00:00Z,2.32474563
2025-07-23T00:00:00Z,2.33472544
2025-07-22T00:00:00Z,2.36633781
2025-07-21T00:00:00Z,2.32146092
2025-07-20T00:00:00Z,2.32161095
2025-07-19T00:00:00Z,2.33596655
2025-07-18T00:00:00Z,2.34048572
2025-07-17T00:00:00Z,2.37584887
2025-07-16T00:00:00Z,2.36843034
2025-07-15T00:00:00Z,2.36209794
2025-07-14T00:00:00Z,2.41166452
2025-07-13T00:00:00Z,2.39809518
2025-07-12T00:00:00Z,2.37449313
2025-07-11T00:00:00Z,2.37970017
2025-07-10T00:00:00Z,2.35809189
2025-07-09T00:00:00Z,2.26886889
2025-07-08T00:00:00Z,2.22399128
2025-07-07T00:00:00Z,2.21376221
2025-07-06T00:00:00Z,2.23757633
2025-07-05T00:00:00Z,2.21719497
2025-07-04T00:00:00Z,2.21471915
2025-07-03T00:00:00Z,2.26734322
2025-07-02T00:00:00Z,2.25485049
2025-07-01T00:00:00Z,2.18901054
2025-06-30T00:00:00Z,2.22465194
2025-06-29T00:00:00Z,2.25572832
2025-06-28T00:00:00Z,2.23511063
2025-06-27T00:00:00Z,2.22863219
2025-06-26T00:00:00Z,2.23273438
2025-06-25T00:00:00Z,2.2434532
2025-06-24T00:00:00Z,2.2223533
2025-06-23T00:00:00Z,2.21463188
2025-06-22T00:00:00Z,2.11854595
2025-06-21T00:00:00Z,2.14852382
2025-06-20T00:00:00Z,2.17113244
2025-06-19T00:00:00Z,2.20174882
2025-06-18T00:00:00Z,2.20346522
2025-06-17T00:00:00Z,2.20520925
2025-06-16T00:00:00Z,2.25020939
2025-06-15T00:00:00Z,2.22843192
2025-06-14T00:00:00Z,2.22676479
2025-06-13T00:00:00Z,2.2405661
2025-06-12T00:00:00Z,2.24302253
2025-06-11T00:00:00Z,2.29992382
2025-06-10T00:00:00Z,2.33655983
2025-06-09T00:00:00Z,2.33601598
2025-06-08T00:00:00Z,2.24575903
2025-06-07T00:00:00Z,2.24425564
2025-06-06T00:00:00Z,2.21896885
2025-06-05T00:00:00Z,2.16226401
2025-06-04T00:00:00Z,2.22913343
2025-06-03T00:00:00Z,2.24806889
2025-06-02T00:00:00Z,2.26252871
2025-06-01T00:00:00Z,2.2631191
2025-05-31T00:00:00Z,2.24331866
2025-05-30T00:00:00Z,2.23010514
2025-05-29T00:00:00Z,2.26602972
2025-05-28T00:00:00Z,2.31656234
2025-05-27T00:00:00Z,2.34573806
2025-05-26T00:00:00Z,2.36198725
2025-05-25T00:00:00Z,2.3570818
2025-05-24T00:00:00Z,2.33382731
2025-05-23T00:00:00Z,2.32392284
2025-05-22T00:00:00Z,2.41645934
2025-05-21T00:00:00Z,2.38528088
2025-05-20T00:00:00Z,2.33101226
2025-05-19T00:00:00Z,2.30936555
2025-05-18T00:00:00Z,2.3283083
2025-05-17T00:00:00Z,2.26419152
2025-05-16T00:00:00Z,2.27070857
2025-05-15T00:00:00Z,2.27989691
2025-05-14T00:00:00Z,2.28132542
2025-05-13T00:00:00Z,2.29661713
2025-05-12T00:00:00Z,2.2742642
2025-05-11T00:00:00Z,2.30480467
2025-05-10T00:00:00Z,2.31442825
2025-05-09T00:00:00Z,2.2837099
2025-05-08T00:00:00Z,2.29238589
2025-05-07T00:00:00Z,2.16166943
2025-05-06T00:00:00Z,2.15580154
2025-05-05T00:00:00Z,2.11723719
2025-05-04T00:00:00Z,2.11358892
2025-05-03T00:00:00Z,2.14688004
2025-05-02T00:00:00Z,2.16842732
2025-05-01T00:00:00Z,2.15992889
2025-04-30T00:00:00Z,2.11578332
2025-04-29T00:00:00Z,2.11124918
2025-04-28T00:00:00Z,2.14040992
2025-04-27T00:00:00Z,2.11465296
2025-04-26T00:00:00Z,2.13593163
2025-04-25T00:00:00Z,2.13651832
2025-04-24T00:00:00Z,2.12610626
2025-04-23T00:00:00Z,2.12564828
2025-04-22T00:00:00Z,2.12951394
2025-04-21T00:00:00Z,1.99219028
2025-04-20T00:00:00Z,1.94189271
2025-04-19T00:00:00Z,1.94065893
2025-04-18T00:00:00Z,1.92683361
2025-04-17T00:00:00Z,1.93723391
2025-04-16T00:00:00Z,1.91403489
2025-04-15T00:00:00Z,1.90625029
2025-04-14T00:00:00Z,1.92362637
2025-04-13T00:00:00Z,1.90738773
2025-04-12T00:00:00Z,1.94297517
2025-04-11T00:00:00Z,1.90364675
2025-04-10T00:00:00Z,1.81452337
2025-04-09T00:00:00Z,1.8843244
2025-04-08T00:00:00Z,1.74094829
2025-04-07T00:00:00Z,1.81822989
2025-04-06T00:00:00Z,1.79352272
2025-04-05T00:00:00Z,1.9022348
2025-04-04T00:00:00Z,1.91355928
2025-04-03T00:00:00Z,1.89767088
2025-04-02T00:00:00Z,1.88619956
2025-04-01T00:00:00Z,1.94779492
2025-03-31T00:00:00Z,1.88452907
2025-03-30T00:00:00Z,1.88164587
2025-03-29T00:00:00Z,1.88911539
2025-03-28T00:00:00Z,1.92862705
2025-03-27T00:00:00Z,1.99547305
2025-03-26T00:00:00Z,1.98854169
2025-03-25T00:00:00Z,2.00348762
2025-03-24T00:00:00Z,2.00396968
2025-03-23T00:00:00Z,1.96333858
2025-03-22T00:00:00Z,1.92167388
2025-03-21T00:00:00Z,1.92682974
2025-03-20T00:00:00Z,1.93269485
2025-03-19T00:00:00Z,1.99234581
2025-03-18T00:00:00Z,1.8974543
2025-03-17T00:00:00Z,1.92432685
2025-03-16T00:00:00Z,1.89564306
2025-03-15T00:00:00Z,1.93671601
2025-03-14T00:00:00Z,1.92926202
2025-03-13T00:00:00Z,1.8622206
2025-03-12T00:00:00Z,1.92133736
2025-03-11T00:00:00Z,1.90429019
2025-03-10T00:00:00Z,1.80397118
2025-03-09T00:00:00Z,1.85462236
2025-03-08T00:00:00Z,1.98068796
2025-03-07T00:00:00Z,1.99304319
2025-03-06T00:00:00Z,2.0676639
2025-03-05T00:00:00Z,2.0873357
2025-03-04T00:00:00Z,2.00875903
2025-03-03T00:00:00Z,1.98983027
2025-03-02T00:00:00Z,2.16481597
2025-03-01T00:00:00Z,1.98362696
2025-02-28T00:00:00Z,1.9468031
2025-02-27T00:00:00Z,1.94871162
2025-02-26T00:00:00Z,1.9340745
2025-02-25T00:00:00Z,2.04146333
2025-02-24T00:00:00Z,2.10983318
2025-02-23T00:00:00Z,2.20790285
2025-02-22T00:00:00Z,2.22397806
2025-02-21T00:00:00Z,2.21475689
2025-02-20T00:00:00Z,2.26606712
2025-02-19T00:00:00Z,2.22885288
2025-02-18T00:00:00Z,2.20446467
2025-02-17T00:00:00Z,2.21075018
2025-02-16T00:00:00Z,2.21798428
2025-02-15T00:00:00Z,2.25303714
2025-02-14T00:00:00Z,2.25231274
2025-02-13T00:00:00Z,2.23315825
2025-02-12T00:00:00Z,2.25826357
2025-02-11T00:00:00Z,2.21426327
2025-02-10T00:00:00Z,2.25514263
2025-02-09T00:00:00Z,2.23190469
2025-02-08T00:00:00Z,2.23776494
2025-02-07T00:00:00Z,2.2366301
2025-02-06T00:00:00Z,2.24281576
2025-02-05T00:00:00Z,2.24725776
2025-02-04T00:00:00Z,2.2739521
2025-02-03T00:00:00Z,2.36825545
2025-02-02T00:00:00Z,2.27481269
2025-02-01T00:00:00Z,2.35187405
2025-01-31T00:00:00Z,2.39091995
2025-01-30T00:00:00Z,2.45086032
2025-01-29T00:00:00Z,2.42903952
2025-01-28T00:00:00Z,2.37601352
2025-01-27T00:00:00Z,2.39344304
2025-01-26T00:00:00Z,2.41342983
2025-01-25T00:00:00Z,2.46285302
2025-01-24T00:00:00Z,2.46288312
2025-01-23T00:00:00Z,2.45171464
2025-01-22T00:00:00Z,2.46289782
2025-01-21T00:00:00Z,2.52169262
2025-01-20T00:00:00Z,2.42738
2025-01-19T00:00:00Z,2.41342558
2025-01-18T00:00:00Z,2.49867291
2025-01-17T00:00:00Z,2.49368833
2025-01-16T00:00:00Z,2.3971506
2025-01-15T00:00:00Z,2.41255339
2025-01-14T00:00:00Z,2.32820854
2025-01-13T00:00:00Z,2.27918754
2025-01-12T00:00:00Z,2.27998691
2025-01-11T00:00:00Z,2.28626499
2025-01-10T00:00:00Z,2.28961659
2025-01-09T00:00:00Z,2.23439422
2025-01-08T00:00:00Z,2.29676746
2025-01-07T00:00:00Z,2.34313162
2025-01-06T00:00:00Z,2.47800373
2025-01-05T00:00:00Z,2.39055275
2025-01-04T00:00:00Z,2.38675381
2025-01-03T00:00:00Z,2.38592886
2025-01-02T00:00:00Z,2.35724359
2025-01-01T00:00:00Z,2.30247619
2024-12-31T00:00:00Z,2.281998
2024-12-30T00:00:00Z,2.26773768
2024-12-29T00:00:00Z,2.29972517
2024-12-28T00:00:00Z,2.3397739
2024-12-27T00:00:00Z,2.31803112
2024-12-26T00:00:00Z,2.35708231
2024-12-25T00:00:00Z,2.44498052
2024-12-24T00:00:00Z,2.43154489
2024-12-23T00:00:00Z,2.34411003
2024-12-22T00:00:00Z,2.37291352
2024-12-21T00:00:00Z,2.42294201
2024-12-20T00:00:00Z,2.43931578
2024-12-19T00:00:00Z,2.4410915
2024-12-18T00:00:00Z,2.52934703
2024-12-17T00:00:00Z,2.68054233
2024-12-16T00:00:00Z,2.69720315
2024-12-15T00:00:00Z,2.67365841
2024-12-14T00:00:00Z,2.59691271
2024-12-13T00:00:00Z,2.60044387
2024-12-12T00:00:00Z,2.5703923
2024-12-11T00:00:00Z,2.60873125
2024-12-10T00:00:00Z,2.49880818
2024-12-09T00:00:00Z,2.52653962
2024-12-08T00:00:00Z,2.64426833
2024-12-07T00:00:00Z,2.61596056
2024-12-06T00:00:00Z,2.61820733
2024-12-05T00:00:00Z,2.55950655
2024-12-04T00:00:00Z,2.63780535
2024-12-03T00:00:00Z,2.57276185
2024-12-02T00:00:00Z,2.57081975
2024-12-01T00:00:00Z,2.62336503
2024-11-30T00:00:00Z,2.60546938
2024-11-29T00:00:00Z,2.63494063
2024-11-28T00:00:00Z,2.59406032
2024-11-27T00:00:00Z,2.60974135
2024-11-26T00:00:00Z,2.50929298
2024-11-25T00:00:00Z,2.54589159
2024-11-24T00:00:00Z,2.68268374
2024-11-23T00:00:00Z,2.68378135
2024-11-22T00:00:00Z,2.7284422
2024-11-21T00:00:00Z,2.73734508
2024-11-20T00:00:00Z,2.65863049
2024-11-19T00:00:00Z,2.61832147
2024-11-18T00:00:00Z,2.58806171
2024-11-17T00:00:00Z,2.57729742
2024-11-16T00:00:00Z,2.60211532
2024-11-15T00:00:00Z,2.61658154
2024-11-14T00:00:00Z,2.524447
2024-11-13T00:00:00Z,2.6335385
2024-11-12T00:00:00Z,2.59125826
2024-11-11T00:00:00Z,2.61509591
2024-11-10T00:00:00Z,2.3918049
2024-11-09T00:00:00Z,2.28650543
2024-11-08T00:00:00Z,2.28364436
2024-11-07T00:00:00Z,2.27500912
2024-11-06T00:00:00Z,2.26648689
2024-11-05T00:00:00Z,2.09022904
2024-11-04T00:00:00Z,2.04963914
2024-11-03T00:00:00Z,2.07639591
2024-11-02T00:00:00Z,2.0916355
2024-11-01T00:00:00Z,2.10012855
2024-10-31T00:00:00Z,2.12520895
2024-10-30T00:00:00Z,2.19708603
2024-10-29T00:00:00Z,2.20429402
2024-10-28T00:00:00Z,2.1271914
2024-10-27T00:00:00Z,2.06996979
2024-10-26T00:00:00Z,2.04279433
2024-10-25T00:00:00Z,2.02229119
2024-10-24T00:00:00Z,2.07865034
2024-10-23T00:00:00Z,2.03376728
2024-10-22T00:00:00Z,2.05889558
2024-10-21T00:00:00Z,2.05966016
2024-10-20T00:00:00Z,2.11141944
2024-10-19T00:00:00Z,2.09922993
2024-10-18T00:00:00Z,2.10325559
2024-10-17T00:00:00Z,2.07201155
2024-10-16T00:00:00Z,2.08629978
2024-10-15T00:00:00Z,2.06749166
2024-10-14T00:00:00Z,2.04314774
2024-10-13T00:00:00Z,1.94612035
2024-10-12T00:00:00Z,1.95636177
2024-10-11T00:00:00Z,1.93292107
2024-10-10T00:00:00Z,1.87021877
2024-10-09T00:00:00Z,1.88229561
2024-10-08T00:00:00Z,1.93024685
2024-10-07T00:00:00Z,1.95112374
2024-10-06T00:00:00Z,1.96854333
2024-10-05T00:00:00Z,1.94627448
2024-10-04T00:00:00Z,1.94566834
2024-10-03T00:00:00Z,1.90606754
2024-10-02T00:00:00Z,1.90277587
2024-10-01T00:00:00Z,1.91071818
2024-09-30T00:00:00Z,1.98506369
2024-09-29T00:00:00Z,2.05790943
2024-09-28T00:00:00Z,2.06671346
2024-09-27T00:00:00Z,2.06480501
2024-09-26T00:00:00Z,2.0412902
2024-09-25T00:00:00Z,1.98725783
2024-09-24T00:00:00Z,2.02717023
2024-09-23T00:00:00Z,1.99640555
2024-09-22T00:00:00Z,2.00574052
2024-09-21T00:00:00Z,2.00102909
2024-09-20T00:00:00Z,1.99670312
2024-09-19T00:00:00Z,1.9941302
2024-09-18T00:00:00Z,1.94385509
2024-09-17T00:00:00Z,1.91074616
2024-09-16T00:00:00Z,1.84645312
2024-09-15T00:00:00Z,1.87793131
2024-09-14T00:00:00Z,1.90421872
2024-09-13T00:00:00Z,1.92184315
2024-09-12T00:00:00Z,1.84789651
2024-09-11T00:00:00Z,1.82344003
2024-09-10T00:00:00Z,1.83147711
2024-09-09T00:00:00Z,1.81719518
2024-09-08T00:00:00Z,1.74315852
2024-09-07T00:00:00Z,1.72100698
2024-09-06T00:00:00Z,1.71525821
2024-09-05T00:00:00Z,1.78551164
2024-09-04T00:00:00Z,1.84078702
2024-09-03T00:00:00Z,1.83082774
2024-09-02T00:00:00Z,1.87968158
2024-09-01T00:00:00Z,1.82010723
2024-08-31T00:00:00Z,1.87259955
2024-08-30T00:00:00Z,1.87807757
2024-08-29T00:00:00Z,1.88542729
2024-08-28T00:00:00Z,1.87797801
2024-08-27T00:00:00Z,1.89216037
2024-08-26T00:00:00Z,1.99877873
2024-08-25T00:00:00Z,2.04286549
2024-08-24T00:00:00Z,2.03459889
2024-08-23T00:00:00Z,2.03587798
2024-08-22T00:00:00Z,1.92410414
2024-08-21T00:00:00Z,1.94796655
2024-08-20T00:00:00Z,1.88236068
2024-08-19T00:00:00Z,1.89407712
2024-08-18T00:00:00Z,1.87375674
2024-08-17T00:00:00Z,1.89634491
2024-08-16T00:00:00Z,1.8798224
2024-08-15T00:00:00Z,1.83568555
2024-08-14T00:00:00Z,1.87197185
2024-08-13T00:00:00Z,1.92910787
2024-08-12T00:00:00Z,1.89427956
2024-08-11T00:00:00Z,1.87753967
2024-08-10T00:00:00Z,1.94027164
2024-08-09T00:00:00Z,1.93867932
2024-08-08T00:00:00Z,1.97197405
2024-08-07T00:00:00Z,1.76077721
2024-08-06T00:00:00Z,1.79249673
2024-08-05T00:00:00Z,1.74353967
2024-08-04T00:00:00Z,1.8513099
2024-08-03T00:00:00Z,1.92595792
2024-08-02T00:00:00Z,1.96038461
2024-08-01T00:00:00Z,2.08247175
2024-07-31T00:00:00Z,2.0628585
2024-07-30T00:00:00Z,2.11164722
2024-07-29T00:00:00Z,2.13296223
2024-07-28T00:00:00Z,2.17959522
2024-07-27T00:00:00Z,2.17819062
2024-07-26T00:00:00Z,2.17221994
2024-07-25T00:00:00Z,2.10762065
2024-07-24T00:00:00Z,2.0949984
2024-07-23T00:00:00Z,2.114361
2024-07-22T00:00:00Z,2.17275653
2024-07-21T00:00:00Z,2.18657324
2024-07-20T00:00:00Z,2.16472128
2024-07-19T00:00:00Z,2.15159727
2024-07-18T00:00:00Z,2.06701388
2024-07-17T00:00:00Z,2.07388969
2024-07-16T00:00:00Z,2.1094264
2024-07-15T00:00:00Z,2.09887453
2024-07-14T00:00:00Z,1.9732569
2024-07-13T00:00:00Z,1.92325968
2024-07-12T00:00:00Z,1.88221048
2024-07-11T00:00:00Z,1.86436103
2024-07-10T00:00:00Z,1.87920073
2024-07-09T00:00:00Z,1.88797902
2024-07-08T00:00:00Z,1.84624309
2024-07-07T00:00:00Z,1.81738843
2024-07-06T00:00:00Z,1.89445608
2024-07-05T00:00:00Z,1.84387663
2024-07-04T00:00:00Z,1.85741043
2024-07-03T00:00:00Z,1.96110876
2024-07-02T00:00:00Z,2.02133342
2024-07-01T00:00:00Z,2.04773314
2024-06-30T00:00:00Z,2.04516879
2024-06-29T00:00:00Z,1.9875584
2024-06-28T00:00:00Z,1.96859785
2024-06-27T00:00:00Z,2.01123559
2024-06-26T00:00:00Z,1.98680426
2024-06-25T00:00:00Z,2.01816908
2024-06-24T00:00:00Z,1.96965303
2024-06-23T00:00:00Z,2.06324881
2024-06-22T00:00:00Z,2.09844252
2024-06-21T00:00:00Z,2.09870367
2024-06-20T00:00:00Z,2.12521786
2024-06-19T00:00:00Z,2.1270514
2024-06-18T00:00:00Z,2.13635337
2024-06-17T00:00:00Z,2.17942415
2024-06-16T00:00:00Z,2.18684542
2024-06-15T00:00:00Z,2.17232657
2024-06-14T00:00:00Z,2.16761958
2024-06-13T00:00:00Z,2.19250696
2024-06-12T00:00:00Z,2.24108323
2024-06-11T00:00:00Z,2.21291698
2024-06-10T00:00:00Z,2.2896979
2024-06-09T00:00:00Z,2.29579576
2024-06-08T00:00:00Z,2.28556445
2024-06-07T00:00:00Z,2.28736035
2024-06-06T00:00:00Z,2.33917204
2024-06-05T00:00:00Z,2.35442622
2024-06-04T00:00:00Z,2.3418409
2024-06-03T00:00:00Z,2.28617862
2024-06-02T00:00:00Z,2.25766935
2024-06-01T00:00:00Z,2.25561999
2024-05-31T00:00:00Z,2.24391939
2024-05-30T00:00:00Z,2.27882095
2024-05-29T00:00:00Z,2.25622287
2024-05-28T00:00:00Z,2.2844705
2024-05-27T00:00:00Z,2.35565306
2024-05-26T00:00:00Z,2.32953629
2024-05-25T00:00:00Z,2.35596418
2024-05-24T00:00:00Z,2.33643761
2024-05-23T00:00:00Z,2.31547021
2024-05-22T00:00:00Z,2.358886
2024-05-21T00:00:00Z,2.39614087
2024-05-20T00:00:00Z,2.4457957
2024-05-19T00:00:00Z,2.27271116
2024-05-18T00:00:00Z,2.29932967
2024-05-17T00:00:00Z,2.29848121
2024-05-16T00:00:00Z,2.2454835
2024-05-15T00:00:00Z,2.28141714
2024-05-14T00:00:00Z,2.12722483
2024-05-13T00:00:00Z,2.17281475
2024-05-12T00:00:00Z,2.12370493
2024-05-11T00:00:00Z,2.10315487
2024-05-10T00:00:00Z,2.10745961
2024-05-09T00:00:00Z,2.18290208
2024-05-08T00:00:00Z,2.11884277
2024-05-07T00:00:00Z,2.16062697
2024-05-06T00:00:00Z,2.19028687
2024-05-05T00:00:00Z,2.22240507
2024-05-04T00:00:00Z,2.21220303
2024-05-03T00:00:00Z,2.1943438
2024-05-02T00:00:00Z,2.05506148
2024-05-01T00:00:00Z,2.02775265
2024-04-30T00:00:00Z,2.10819975
2024-04-29T00:00:00Z,2.21461097
2024-04-28T00:00:00Z,2.18431778
2024-04-27T00:00:00Z,2.20566624
2024-04-26T00:00:00Z,2.2189979
2024-04-25T00:00:00Z,2.24643721
2024-04-24T00:00:00Z,2.23762398
2024-04-23T00:00:00Z,2.32252465
2024-04-22T00:00:00Z,2.33817253
2024-04-21T00:00:00Z,2.2751377
2024-04-20T00:00:00Z,2.27422545
2024-04-19T00:00:00Z,2.23627033
2024-04-18T00:00:00Z,2.22671902
2024-04-17T00:00:00Z,2.15410602
2024-04-16T00:00:00Z,2.24002726
2024-04-15T00:00:00Z,2.22700796
2024-04-14T00:00:00Z,2.31249361
2024-04-13T00:00:00Z,2.26737677
2024-04-12T00:00:00Z,2.36423963
2024-04-11T00:00:00Z,2.46779947
2024-04-10T00:00:00Z,2.48775178
2024-04-09T00:00:00Z,2.44011851
2024-04-08T00:00:00Z,2.52993947
2024-04-07T00:00:00Z,2.4596428
2024-04-06T00:00:00Z,2.44417806
2024-04-05T00:00:00Z,2.40594018
2024-04-04T00:00:00Z,2.43186711
2024-04-03T00:00:00Z,2.35020457
2024-04-02T00:00:00Z,2.32917224
2024-04-01T00:00:00Z,2.49218085
2024-03-31T00:00:00Z,2.55493008
2024-03-30T00:00:00Z,2.5009431
2024-03-29T00:00:00Z,2.50966461
2024-03-28T00:00:00Z,2.54445174
2024-03-27T00:00:00Z,2.50965295
2024-03-26T00:00:00Z,2.53297598
2024-03-25T00:00:00Z,2.53440247
2024-03-24T00:00:00Z,2.46515726
2024-03-23T00:00:00Z,2.35565939
2024-03-22T00:00:00Z,2.35371838
2024-03-21T00:00:00Z,2.43019545
2024-03-20T00:00:00Z,2.5261852
2024-03-19T00:00:00Z,2.3171278
2024-03-18T00:00:00Z,2.52247368
2024-03-17T00:00:00Z,2.55367461
2024-03-16T00:00:00Z,2.44292968
2024-03-15T00:00:00Z,2.59877619
2024-03-14T00:00:00Z,2.67728825
2024-03-13T00:00:00Z,2.75310734
2024-03-12T00:00:00Z,2.74200719
2024-03-11T00:00:00Z,2.78149116
2024-03-10T00:00:00Z,2.68311016
2024-03-09T00:00:00Z,2.66753764
2024-03-08T00:00:00Z,2.66776129
2024-03-07T00:00:00Z,2.62991542
2024-03-06T00:00:00Z,2.61791706
2024-03-05T00:00:00Z,2.58044161
2024-03-04T00:00:00Z,2.77018008
2024-03-03T00:00:00Z,2.57080365
2024-03-02T00:00:00Z,2.53963594
2024-03-01T00:00:00Z,2.55533877
2024-02-29T00:00:00Z,2.53310646
2024-02-28T00:00:00Z,2.59092368
2024-02-27T00:00:00Z,2.39849863
2024-02-26T00:00:00Z,2.30221994
2024-02-25T00:00:00Z,2.19257974
2024-02-24T00:00:00Z,2.18632808
2024-02-23T00:00:00Z,2.15278222
2024-02-22T00:00:00Z,2.18102641
2024-02-21T00:00:00Z,2.19755537
2024-02-20T00:00:00Z,2.2302102
2024-02-19T00:00:00Z,2.21074123
2024-02-18T00:00:00Z,2.23222261
2024-02-17T00:00:00Z,2.21487488
2024-02-16T00:00:00Z,2.2365436
2024-02-15T00:00:00Z,2.23109832
2024-02-14T00:00:00Z,2.22969881
2024-02-13T00:00:00Z,2.15375844
2024-02-12T00:00:00Z,2.16881063
2024-02-11T00:00:00Z,2.09358962
2024-02-10T00:00:00Z,2.07753468
2024-02-09T00:00:00Z,2.05106582
2024-02-08T00:00:00Z,1.97529928
2024-02-07T00:00:00Z,1.93416046
2024-02-06T00:00:00Z,1.88450368
2024-02-05T00:00:00Z,1.86939319
2024-02-04T00:00:00Z,1.86497379
2024-02-03T00:00:00Z,1.88331902
2024-02-02T00:00:00Z,1.89127736
2024-02-01T00:00:00Z,1.88759468
2024-01-31T00:00:00Z,1.87028122
2024-01-30T00:00:00Z,1.88673959
2024-01-29T00:00:00Z,1.89909013
2024-01-28T00:00:00Z,1.85284913
2024-01-27T00:00:00Z,1.85812779
2024-01-26T00:00:00Z,1.84585546
2024-01-25T00:00:00Z,1.7631912
2024-01-24T00:00:00Z,1.77117685
2024-01-23T00:00:00Z,1.76395198
2024-01-22T00:00:00Z,1.75068416
2024-01-21T00:00:00Z,1.84020283
2024-01-20T00:00:00Z,1.84505504
2024-01-19T00:00:00Z,1.84482109
2024-01-18T00:00:00Z,1.82939253
2024-01-17T00:00:00Z,1.89884078
2024-01-16T00:00:00Z,1.91919
2024-01-15T00:00:00Z,1.90165622
2024-01-14T00:00:00Z,1.87379391
2024-01-13T00:00:00Z,1.91264104
2024-01-12T00:00:00Z,1.91005963
2024-01-11T00:00:00Z,2.07333589
2024-01-10T00:00:00Z,2.08606695
2024-01-09T00:00:00Z,2.06464717
2024-01-08T00:00:00Z,2.10740576
2024-01-07T00:00:00Z,1.97641904
2024-01-06T00:00:00Z,1.97529959
2024-01-05T00:00:00Z,1.98458469
2024-01-04T00:00:00Z,1.98985648
2024-01-03T00:00:00Z,1.94662822
2024-01-02T00:00:00Z,2.04236402
2024-01-01T00:00:00Z,2.00870495
2023-12-31T00:00:00Z,1.92623293
2023-12-30T00:00:00Z,1.92566489
2023-12-29T00:00:00Z,1.91592218
2023-12-28T00:00:00Z,1.94718414
2023-12-27T00:00:00Z,1.98313466
2023-12-26T00:00:00Z,1.95022137
2023-12-25T00:00:00Z,2.00364835
2023-12-24T00:00:00Z,1.97838142
2023-12-23T00:00:00Z,2.01372024
2023-12-22T00:00:00Z,2.02655983
2023-12-21T00:00:00Z,2.02188062
2023-12-20T00:00:00Z,2.01408967
2023-12-19T00:00:00Z,1.95480597
2023-12-18T00:00:00Z,1.97364203
2023-12-17T00:00:00Z,1.91728353
2023-12-16T00:00:00Z,1.95964668
2023-12-15T00:00:00Z,1.94548564
2023-12-14T00:00:00Z,2.00598893
2023-12-13T00:00:00Z,1.99677653
2023-12-12T00:00:00Z,1.93301759
2023-12-11T00:00:00Z,1.92306769
2023-12-10T00:00:00Z,2.04394786
2023-12-09T00:00:00Z,2.04219256
2023-12-08T00:00:00Z,2.06589672
2023-12-07T00:00:00Z,2.02936285
2023-12-06T00:00:00Z,2.05184895
2023-12-05T00:00:00Z,2.07046447
2023-12-04T00:00:00Z,1.97481319
2023-12-03T00:00:00Z,1.89099075
2023-12-02T00:00:00Z,1.8677701
2023-12-01T00:00:00Z,1.8326387
2023-11-30T00:00:00Z,1.78934862
2023-11-29T00:00:00Z,1.79555659
2023-11-28T00:00:00Z,1.79854115
2023-11-27T00:00:00Z,1.76486723
2023-11-26T00:00:00Z,1.78360393
2023-11-25T00:00:00Z,1.79747616
2023-11-24T00:00:00Z,1.79462483
2023-11-23T00:00:00Z,1.77758142
2023-11-22T00:00:00Z,1.78533737
2023-11-21T00:00:00Z,1.70807026
2023-11-20T00:00:00Z,1.78985291
2023-11-19T00:00:00Z,1.79212727
2023-11-18T00:00:00Z,1.74885236
2023-11-17T00:00:00Z,1.74845686
2023-11-16T00:00:00Z,1.73437685
2023-11-15T00:00:00Z,1.81032616
2023-11-14T00:00:00Z,1.70430178
2023-11-13T00:00:00Z,1.75465141
2023-11-12T00:00:00Z,1.77882549
2023-11-11T00:00:00Z,1.77391232
2023-11-10T00:00:00Z,1.79328766
2023-11-09T00:00:00Z,1.76615967
2023-11-08T00:00:00Z,1.72645361
2023-11-07T00:00:00Z,1.7090631
2023-11-06T00:00:00Z,1.69196043
2023-11-05T00:00:00Z,1.6972777
2023-11-04T00:00:00Z,1.69593152
2023-11-03T00:00:00Z,1.67962395
2023-11-02T00:00:00Z,1.69127598
2023-11-01T00:00:00Z,1.71774711
2023-10-31T00:00:00Z,1.68244066
2023-10-30T00:00:00Z,1.6757171
2023-10-29T00:00:00Z,1.67898796
2023-10-28T00:00:00Z,1.65868219
2023-10-27T00:00:00Z,1.65130078
2023-10-26T00:00:00Z,1.66476245
2023-10-25T00:00:00Z,1.6835744
2023-10-24T00:00:00Z,1.65305911
2023-10-23T00:00:00Z,1.61427017
2023-10-22T00:00:00Z,1.4737841
2023-10-21T00:00:00Z,1.47027005
2023-10-20T00:00:00Z,1.45903563
2023-10-19T00:00:00Z,1.4100688
2023-10-18T00:00:00Z,1.39249015
2023-10-17T00:00:00Z,1.39738686
2023-10-16T00:00:00Z,1.40267953
2023-10-15T00:00:00Z,1.33624652
2023-10-14T00:00:00Z,1.32230963
2023-10-13T00:00:00Z,1.3223707
2023-10-12T00:00:00Z,1.31755089
2023-10-11T00:00:00Z,1.32334283
2023-10-10T00:00:00Z,1.3485157
2023-10-09T00:00:00Z,1.35858627
2023-10-08T00:00:00Z,1.37528663
2023-10-07T00:00:00Z,1.37702691
2023-10-06T00:00:00Z,1.37685941
2023-10-05T00:00:00Z,1.35228954
2023-10-04T00:00:00Z,1.36910941
2023-10-03T00:00:00Z,1.35252499
2023-10-02T00:00:00Z,1.35906321
2023-10-01T00:00:00Z,1.37982118
2023-09-30T00:00:00Z,1.33047372
2023-09-29T00:00:00Z,1.3280059
2023-09-28T00:00:00Z,1.33388881
2023-09-27T00:00:00Z,1.29784829
2023-09-26T00:00:00Z,1.29186592
2023-09-25T00:00:00Z,1.29781592
2023-09-24T00:00:00Z,1.29562666
2023-09-23T00:00:00Z,1.31072969
2023-09-22T00:00:00Z,1.31092963
2023-09-21T00:00:00Z,1.31020306
2023-09-20T00:00:00Z,1.3392026
2023-09-19T00:00:00Z,1.34192215
2023-09-18T00:00:00Z,1.31978282
2023-09-17T00:00:00Z,1.30883674
2023-09-16T00:00:00Z,1.31104689
2023-09-15T00:00:00Z,1.31425582
2023-09-14T00:00:00Z,1.30937319
2023-09-13T00:00:00Z,1.29548427
2023-09-12T00:00:00Z,1.27705684
2023-09-11T00:00:00Z,1.24200536
2023-09-10T00:00:00Z,1.27606573
2023-09-09T00:00:00Z,1.27904923
2023-09-08T00:00:00Z,1.27927201
2023-09-07T00:00:00Z,1.29625899
2023-09-06T00:00:00Z,1.27297654
2023-09-05T00:00:00Z,1.27386913
2023-09-04T00:00:00Z,1.27445385
2023-09-03T00:00:00Z,1.28185217
2023-09-02T00:00:00Z,1.27628915
2023-09-01T00:00:00Z,1.27392699
2023-08-31T00:00:00Z,1.27949944
2023-08-30T00:00:00Z,1.34619688
2023-08-29T00:00:00Z,1.36354018
2023-08-28T00:00:00Z,1.28691418
2023-08-27T00:00:00Z,1.28551275
2023-08-26T00:00:00Z,1.28202393
2023-08-25T00:00:00Z,1.28289423
2023-08-24T00:00:00Z,1.28647666
2023-08-23T00:00:00Z,1.30124036
2023-08-22T00:00:00Z,1.28269836
2023-08-21T00:00:00Z,1.28557959
2023-08-20T00:00:00Z,1.28697644
2023-08-19T00:00:00Z,1.28311125
2023-08-18T00:00:00Z,1.28131213
2023-08-17T00:00:00Z,1.30995886
2023-08-16T00:00:00Z,1.41039959
2023-08-15T00:00:00Z,1.43384122
2023-08-14T00:00:00Z,1.44585293
2023-08-13T00:00:00Z,1.43966363
2023-08-12T00:00:00Z,1.44560839
2023-08-11T00:00:00Z,1.44569953
2023-08-10T00:00:00Z,1.44698499
2023-08-09T00:00:00Z,1.45482456
2023-08-08T00:00:00Z,1.46352515
2023-08-07T00:00:00Z,1.4359174
2023-08-06T00:00:00Z,1.42999866
2023-08-05T00:00:00Z,1.4292413
2023-08-04T00:00:00Z,1.42817348
2023-08-03T00:00:00Z,1.43623398
2023-08-02T00:00:00Z,1.43327553
2023-08-01T00:00:00Z,1.45884921
2023-07-31T00:00:00Z,1.43649793
2023-07-30T00:00:00Z,1.44072123
2023-07-29T00:00:00Z,1.44345848
2023-07-28T00:00:00Z,1.4413849
2023-07-27T00:00:00Z,1.43289015
2023-07-26T00:00:00Z,1.43671136
2023-07-25T00:00:00Z,1.43164861
2023-07-24T00:00:00Z,1.42939507
2023-07-23T00:00:00Z,1.47267695
2023-07-22T00:00:00Z,1.45674959
2023-07-21T00:00:00Z,1.46469758
2023-07-20T00:00:00Z,1.45932651
2023-07-19T00:00:00Z,1.46612787
2023-07-18T00:00:00Z,1.46274075
2023-07-17T00:00:00Z,1.47862258
2023-07-16T00:00:00Z,1.48238256
2023-07-15T00:00:00Z,1.48451809
2023-07-14T00:00:00Z,1.48560548
2023-07-13T00:00:00Z,1.54249426
2023-07-12T00:00:00Z,1.49051862
2023-07-11T00:00:00Z,1.50210936
2023-07-10T00:00:00Z,1.49287572
2023-07-09T00:00:00Z,1.48101948
2023-07-08T00:00:00Z,1.48444067
2023-07-07T00:00:00Z,1.490207
2023-07-06T00:00:00Z,1.47195023
2023-07-05T00:00:00Z,1.49723226
2023-07-04T00:00:00Z,1.51025409
2023-07-03T00:00:00Z,1.5282641
2023-07-02T00:00:00Z,1.50508567
2023-07-01T00:00:00Z,1.50365511
2023-06-30T00:00:00Z,1.50072503
2023-06-29T00:00:00Z,1.50032211
2023-06-28T00:00:00Z,1.48273308
2023-06-27T00:00:00Z,1.51298033
2023-06-26T00:00:00Z,1.49420788
2023-06-25T00:00:00Z,1.5046045
2023-06-24T00:00:00Z,1.50730532
2023-06-23T00:00:00Z,1.51193581
2023-06-22T00:00:00Z,1.48249243
2023-06-21T00:00:00Z,1.48553541
2023-06-20T00:00:00Z,1.40623086
2023-06-19T00:00:00Z,1.32942177
2023-06-18T00:00:00Z,1.30516898
2023-06-17T00:00:00Z,1.31257508
2023-06-16T00:00:00Z,1.30473628
2023-06-15T00:00:00Z,1.26698397
2023-06-14T00:00:00Z,1.24543327
2023-06-13T00:00:00Z,1.28352536
2023-06-12T00:00:00Z,1.28434022
2023-06-11T00:00:00Z,1.28575912
2023-06-10T00:00:00Z,1.28371463
2023-06-09T00:00:00Z,1.31215455
2023-06-08T00:00:00Z,1.31311338
2023-06-07T00:00:00Z,1.30671264
2023-06-06T00:00:00Z,1.34726358
2023-06-05T00:00:00Z,1.27583536
2023-06-04T00:00:00Z,1.34370039
2023-06-03T00:00:00Z,1.34162746
2023-06-02T00:00:00Z,1.34973947
2023-06-01T00:00:00Z,1.32823488
2023-05-31T00:00:00Z,1.3501079
2023-05-30T00:00:00Z,1.37331935
2023-05-29T00:00:00Z,1.37534512
2023-05-28T00:00:00Z,1.39323275
2023-05-27T00:00:00Z,1.3326668
2023-05-26T00:00:00Z,1.32502833
2023-05-25T00:00:00Z,1.31354297
2023-05-24T00:00:00Z,1.30794412
2023-05-23T00:00:00Z,1.35184397
2023-05-22T00:00:00Z,1.3331819
2023-05-21T00:00:00Z,1.33150878
2023-05-20T00:00:00Z,1.34768758
2023-05-19T00:00:00Z,1.33673996
2023-05-18T00:00:00Z,1.33347929
2023-05-17T00:00:00Z,1.36230376
2023-05-16T00:00:00Z,1.34391009
2023-05-15T00:00:00Z,1.35652265
2023-05-14T00:00:00Z,1.34045323
2023-05-13T00:00:00Z,1.33400445
2023-05-12T00:00:00Z,1.33426975
2023-05-11T00:00:00Z,1.34347667
2023-05-10T00:00:00Z,1.374051
2023-05-09T00:00:00Z,1.37370248
2023-05-08T00:00:00Z,1.37813967
2023-05-07T00:00:00Z,1.41787824
2023-05-06T00:00:00Z,1.44323911
2023-05-05T00:00:00Z,1.47619012
2023-05-04T00:00:00Z,1.44393057
2023-05-03T00:00:00Z,1.45072817
2023-05-02T00:00:00Z,1.43647258
2023-05-01T00:00:00Z,1.40719548
2023-04-30T00:00:00Z,1.46670999
2023-04-29T00:00:00Z,1.46494552
2023-04-28T00:00:00Z,1.47005965
2023-04-27T00:00:00Z,1.47944834
2023-04-26T00:00:00Z,1.42721559
2023-04-25T00:00:00Z,1.42244428
2023-04-24T00:00:00Z,1.38305041
2023-04-23T00:00:00Z,1.38650032
2023-04-22T00:00:00Z,1.39886174
2023-04-21T00:00:00Z,1.37201878
2023-04-20T00:00:00Z,1.41958115
2023-04-19T00:00:00Z,1.44863038
2023-04-18T00:00:00Z,1.52563102
2023-04-17T00:00:00Z,1.48410098
2023-04-16T00:00:00Z,1.52479506
2023-04-15T00:00:00Z,1.52560874
2023-04-14T00:00:00Z,1.53428493
2023-04-13T00:00:00Z,1.53148196
2023-04-12T00:00:00Z,1.50812805
2023-04-11T00:00:00Z,1.52481588
2023-04-10T00:00:00Z,1.49742588
2023-04-09T00:00:00Z,1.43322498
2023-04-08T00:00:00Z,1.41358187
2023-04-07T00:00:00Z,1.41254925
2023-04-06T00:00:00Z,1.41876376
2023-04-05T00:00:00Z,1.4259196
2023-04-04T00:00:00Z,1.42482031
2023-04-03T00:00:00Z,1.40769461
2023-04-02T00:00:00Z,1.42924323
2023-04-01T00:00:00Z,1.44257173
2023-03-31T00:00:00Z,1.44374171
2023-03-30T00:00:00Z,1.42262915
2023-03-29T00:00:00Z,1.41726538
2023-03-28T00:00:00Z,1.36518883
2023-03-27T00:00:00Z,1.35796153
2023-03-26T00:00:00Z,1.40314466
2023-03-25T00:00:00Z,1.3784308
2023-03-24T00:00:00Z,1.3751515
2023-03-23T00:00:00Z,1.42098857
2023-03-22T00:00:00Z,1.37050212
2023-03-21T00:00:00Z,1.41503756
2023-03-20T00:00:00Z,1.39609441
2023-03-19T00:00:00Z,1.41640448
2023-03-18T00:00:00Z,1.35419454
2023-03-17T00:00:00Z,1.38005836
2023-03-16T00:00:00Z,1.26417532
2023-03-15T00:00:00Z,1.23019048
2023-03-14T00:00:00Z,1.24668841
2023-03-13T00:00:00Z,1.22170301
2023-03-12T00:00:00Z,1.10760728
2023-03-11T00:00:00Z,1.04164969
2023-03-10T00:00:00Z,1.02376538
2023-03-09T00:00:00Z,1.03080065
2023-03-08T00:00:00Z,1.09877891
2023-03-07T00:00:00Z,1.1245489
2023-03-06T00:00:00Z,1.130883
2023-03-05T00:00:00Z,1.13072661
2023-03-04T00:00:00Z,1.12681305
2023-03-03T00:00:00Z,1.12720548
2023-03-02T00:00:00Z,1.1830238
2023-03-01T00:00:00Z,1.19175147
2023-02-28T00:00:00Z,1.16580401
2023-02-27T00:00:00Z,1.18284065
2023-02-26T00:00:00Z,1.18495438
2023-02-25T00:00:00Z,1.16679947
2023-02-24T00:00:00Z,1.16678639
2023-02-23T00:00:00Z,1.20310255
2023-02-22T00:00:00Z,1.21895098
2023-02-21T00:00:00Z,1.22975568
2023-02-20T00:00:00Z,1.24897927
2023-02-19T00:00:00Z,1.22544726
2023-02-18T00:00:00Z,1.24086691
2023-02-17T00:00:00Z,1.23769528
2023-02-16T00:00:00Z,1.18694891
2023-02-15T00:00:00Z,1.22731885
2023-02-14T00:00:00Z,1.12208497
2023-02-13T00:00:00Z,1.09958848
2023-02-12T00:00:00Z,1.09798497
2023-02-11T00:00:00Z,1.10138481
2023-02-10T00:00:00Z,1.09192194
2023-02-09T00:00:00Z,1.09949344
2023-02-08T00:00:00Z,1.15604699
2023-02-07T00:00:00Z,1.17343362
2023-02-06T00:00:00Z,1.14545448
2023-02-05T00:00:00Z,1.15692927
2023-02-04T00:00:00Z,1.17610585
2023-02-03T00:00:00Z,1.18339935
2023-02-02T00:00:00Z,1.18475269
2023-02-01T00:00:00Z,1.19763246
2023-01-31T00:00:00Z,1.16817032
2023-01-30T00:00:00Z,1.15267003
2023-01-29T00:00:00Z,1.20258503
2023-01-28T00:00:00Z,1.16367059
2023-01-27T00:00:00Z,1.16735136
2023-01-26T00:00:00Z,1.16387467
2023-01-25T00:00:00Z,1.16675156
2023-01-24T00:00:00Z,1.14419336
2023-01-23T00:00:00Z,1.15946172
2023-01-22T00:00:00Z,1.14804787
2023-01-21T00:00:00Z,1.15399326
2023-01-20T00:00:00Z,1.14931582
2023-01-19T00:00:00Z,1.0680484
2023-01-18T00:00:00Z,1.04723832
2023-01-17T00:00:00Z,1.07317902
2023-01-16T00:00:00Z,1.07274706
2023-01-15T00:00:00Z,1.05886115
2023-01-14T00:00:00Z,1.06397937
2023-01-13T00:00:00Z,1.00761494
2023-01-12T00:00:00Z,0.95758514
2023-01-11T00:00:00Z,0.90916863
2023-01-10T00:00:00Z,0.8848232
2023-01-09T00:00:00Z,0.87210042
2023-01-08T00:00:00Z,0.86513198
2023-01-07T00:00:00Z,0.85957513
2023-01-06T00:00:00Z,0.85973442
2023-01-05T00:00:00Z,0.85301679
2023-01-04T00:00:00Z,0.8540431
2023-01-03T00:00:00Z,0.84425216
2023-01-02T00:00:00Z,0.84389796
2023-01-01T00:00:00Z,0.84059912
2022-12-31T00:00:00Z,0.83582118
2022-12-30T00:00:00Z,0.83851065
2022-12-29T00:00:00Z,0.83956101
2022-12-28T00:00:00Z,0.83432792
2022-12-27T00:00:00Z,0.84131909
2022-12-26T00:00:00Z,0.85150259
2022-12-25T00:00:00Z,0.84692459
2022-12-24T00:00:00Z,0.84672801
2022-12-23T00:00:00Z,0.84374595
2022-12-22T00:00:00Z,0.84548826
2022-12-21T00:00:00Z,0.84432745
2022-12-20T00:00:00Z,0.84830394
2022-12-19T00:00:00Z,0.82459336
2022-12-18T00:00:00Z,0.83895262
2022-12-17T00:00:00Z,0.84094742
2022-12-16T00:00:00Z,0.83344862
2022-12-15T00:00:00Z,0.8687078
2022-12-14T00:00:00Z,0.8909713
2022-12-13T00:00:00Z,0.88854138
2022-12-12T00:00:00Z,0.85980674
2022-12-11T00:00:00Z,0.85398398
2022-12-10T00:00:00Z,0.85495231
2022-12-09T00:00:00Z,0.85669109
2022-12-08T00:00:00Z,0.86063238
2022-12-07T00:00:00Z,0.83976341
2022-12-06T00:00:00Z,0.85242938
2022-12-05T00:00:00Z,0.84515762
2022-12-04T00:00:00Z,0.85134658
2022-12-03T00:00:00Z,0.83880836
2022-12-02T00:00:00Z,0.8472484
2022-12-01T00:00:00Z,0.84143259
2022-11-30T00:00:00Z,0.85150742
2022-11-29T00:00:00Z,0.81441091
2022-11-28T00:00:00Z,0.80340621
2022-11-27T00:00:00Z,0.81335934
2022-11-26T00:00:00Z,0.81397128
2022-11-25T00:00:00Z,0.81610948
2022-11-24T00:00:00Z,0.82041671
2022-11-23T00:00:00Z,0.82030481
2022-11-22T00:00:00Z,0.79917745
2022-11-21T00:00:00Z,0.77821134
2022-11-20T00:00:00Z,0.80103864
2022-11-19T00:00:00Z,0.82213646
2022-11-18T00:00:00Z,0.82134651
2022-11-17T00:00:00Z,0.81216335
2022-11-16T00:00:00Z,0.80748383
2022-11-15T00:00:00Z,0.81518406
2022-11-14T00:00:00Z,0.80370507
2022-11-13T00:00:00Z,0.78601365
2022-11-12T00:00:00Z,0.80793391
2022-11-11T00:00:00Z,0.82174707
2022-11-10T00:00:00Z,0.84042837
2022-11-09T00:00:00Z,0.76021424
2022-11-08T00:00:00Z,0.88215687
2022-11-07T00:00:00Z,0.97864054
2022-11-06T00:00:00Z,0.99252755
2022-11-05T00:00:00Z,1.00923635
2022-11-04T00:00:00Z,1.00253751
2022-11-03T00:00:00Z,0.95880075
2022-11-02T00:00:00Z,0.95641733
2022-11-01T00:00:00Z,0.97135854
2022-10-31T00:00:00Z,0.97146527
2022-10-30T00:00:00Z,0.97813565
2022-10-29T00:00:00Z,0.98624247
2022-10-28T00:00:00Z,0.97592796
2022-10-27T00:00:00Z,0.96154889
2022-10-26T00:00:00Z,0.98506836
2022-10-25T00:00:00Z,0.9522867
2022-10-24T00:00:00Z,0.91698815
2022-10-23T00:00:00Z,0.92725126
2022-10-22T00:00:00Z,0.91045672
2022-10-21T00:00:00Z,0.90817534
2022-10-20T00:00:00Z,0.90045667
2022-10-19T00:00:00Z,0.90553534
2022-10-18T00:00:00Z,0.91564252
2022-10-17T00:00:00Z,0.92562738
2022-10-16T00:00:00Z,0.91168271
2022-10-15T00:00:00Z,0.9017195
2022-10-14T00:00:00Z,0.90711271
2022-10-13T00:00:00Z,0.91630465
2022-10-12T00:00:00Z,0.90536658
2022-10-11T00:00:00Z,0.8994835
2022-10-10T00:00:00Z,0.90289387
2022-10-09T00:00:00Z,0.91485845
2022-10-08T00:00:00Z,0.91594304
2022-10-07T00:00:00Z,0.92150964
2022-10-06T00:00:00Z,0.93979404
2022-10-05T00:00:00Z,0.94961753
2022-10-04T00:00:00Z,0.95778694
2022-10-03T00:00:00Z,0.92399804
2022-10-02T00:00:00Z,0.8980661
2022-10-01T00:00:00Z,0.90902887
2022-09-30T00:00:00Z,0.9155792
2022-09-29T00:00:00Z,0.92189253
2022-09-28T00:00:00Z,0.91467525
2022-09-27T00:00:00Z,0.8978072
2022-09-26T00:00:00Z,0.90096079
2022-09-25T00:00:00Z,0.88298239
2022-09-24T00:00:00Z,0.88857023
2022-09-23T00:00:00Z,0.90520513
2022-09-22T00:00:00Z,0.91057491
2022-09-21T00:00:00Z,0.86771858
2022-09-20T00:00:00Z,0.88604105
2022-09-19T00:00:00Z,0.91492502
2022-09-18T00:00:00Z,0.90784109
2022-09-17T00:00:00Z,0.94088549
2022-09-16T00:00:00Z,0.92489805
2022-09-15T00:00:00Z,0.92176751
2022-09-14T00:00:00Z,0.94568385
2022-09-13T00:00:00Z,0.94054714
2022-09-12T00:00:00Z,1.03949274
2022-09-11T00:00:00Z,1.01349624
2022-09-10T00:00:00Z,1.00825538
2022-09-09T00:00:00Z,0.99243278
2022-09-08T00:00:00Z,0.89851962
2022-09-07T00:00:00Z,0.89661033
2022-09-06T00:00:00Z,0.8752858
2022-09-05T00:00:00Z,0.9200797
2022-09-04T00:00:00Z,0.92825662
2022-09-03T00:00:00Z,0.92047877
2022-09-02T00:00:00Z,0.92625483
2022-09-01T00:00:00Z,0.93259951
2022-08-31T00:00:00Z,0.92807683
2022-08-30T00:00:00Z,0.91757632
2022-08-29T00:00:00Z,0.93785375
2022-08-28T00:00:00Z,0.90409457
2022-08-27T00:00:00Z,0.92717263
2022-08-26T00:00:00Z,0.93156287
2022-08-25T00:00:00Z,0.99785653
2022-08-24T00:00:00Z,0.98661861
2022-08-23T00:00:00Z,0.99383858
2022-08-22T00:00:00Z,0.98801804
2022-08-21T00:00:00Z,0.99378883
2022-08-20T00:00:00Z,0.97475772
2022-08-19T00:00:00Z,0.96021935
2022-08-18T00:00:00Z,1.06829896
2022-08-17T00:00:00Z,1.07184276
2022-08-16T00:00:00Z,1.09780051
2022-08-15T00:00:00Z,1.11103443
2022-08-14T00:00:00Z,1.11808887
2022-08-13T00:00:00Z,1.12251126
2022-08-12T00:00:00Z,1.12192259
2022-08-11T00:00:00Z,1.0988881
2022-08-10T00:00:00Z,1.09834088
2022-08-09T00:00:00Z,1.06450752
2022-08-08T00:00:00Z,1.09337185
2022-08-07T00:00:00Z,1.06145035
2022-08-06T00:00:00Z,1.05440623
2022-08-05T00:00:00Z,1.06572039
2022-08-04T00:00:00Z,1.04046412
2022-08-03T00:00:00Z,1.04739436
2022-08-02T00:00:00Z,1.05778577
2022-08-01T00:00:00Z,1.07207442
2022-07-31T00:00:00Z,1.07237085
2022-07-30T00:00:00Z,1.08389463
2022-07-29T00:00:00Z,1.08908638
2022-07-28T00:00:00Z,1.09301
2022-07-27T00:00:00Z,1.05253483
2022-07-26T00:00:00Z,0.97594049
2022-07-25T00:00:00Z,0.9904734
2022-07-24T00:00:00Z,1.03567121
2022-07-23T00:00:00Z,1.02797189
2022-07-22T00:00:00Z,1.03865698
2022-07-21T00:00:00Z,1.0574682
2022-07-20T00:00:00Z,1.05883171
2022-07-19T00:00:00Z,1.06628847
2022-07-18T00:00:00Z,1.01097527
2022-07-17T00:00:00Z,0.94637242
2022-07-16T00:00:00Z,0.96567061
2022-07-15T00:00:00Z,0.94872508
2022-07-14T00:00:00Z,0.93420683
2022-07-13T00:00:00Z,0.91422281
2022-07-12T00:00:00Z,0.87882731
2022-07-11T00:00:00Z,0.90544002
2022-07-10T00:00:00Z,0.94144837
2022-07-09T00:00:00Z,0.97428792
2022-07-08T00:00:00Z,0.98573021
2022-07-07T00:00:00Z,0.97604154
2022-07-06T00:00:00Z,0.9264434
2022-07-05T00:00:00Z,0.90708726
2022-07-04T00:00:00Z,0.91013533
2022-07-03T00:00:00Z,0.86707707
2022-07-02T00:00:00Z,0.86374581
2022-07-01T00:00:00Z,0.87103449
2022-06-30T00:00:00Z,0.8677413
2022-06-29T00:00:00Z,0.89568155
2022-06-28T00:00:00Z,0.90693002
2022-06-27T00:00:00Z,0.92370721
2022-06-26T00:00:00Z,0.93514097
2022-06-25T00:00:00Z,0.9567389
2022-06-24T00:00:00Z,0.94431787
2022-06-23T00:00:00Z,0.93700396
2022-06-22T00:00:00Z,0.88760216
2022-06-21T00:00:00Z,0.91446546
2022-06-20T00:00:00Z,0.91468488
2022-06-19T00:00:00Z,0.90812843
2022-06-18T00:00:00Z,0.83824589
2022-06-17T00:00:00Z,0.90204492
2022-06-16T00:00:00Z,0.89316951
2022-06-15T00:00:00Z,0.9830041
2022-06-14T00:00:00Z,0.96601058
2022-06-13T00:00:00Z,0.96760747
2022-06-12T00:00:00Z,1.1512531
2022-06-11T00:00:00Z,1.20948707
2022-06-10T00:00:00Z,1.23957794
2022-06-09T00:00:00Z,1.2812794
2022-06-08T00:00:00Z,1.28524065
2022-06-07T00:00:00Z,1.32245906
2022-06-06T00:00:00Z,1.32998092
2022-06-05T00:00:00Z,1.26808771
2022-06-04T00:00:00Z,1.26281974
2022-06-03T00:00:00Z,1.25794364
2022-06-02T00:00:00Z,1.28869804
2022-06-01T00:00:00Z,1.25808423
2022-05-31T00:00:00Z,1.34081678
2022-05-30T00:00:00Z,1.33788241
2022-05-29T00:00:00Z,1.24283498
2022-05-28T00:00:00Z,1.22815138
2022-05-27T00:00:00Z,1.20722687
2022-05-26T00:00:00Z,1.23228335
2022-05-25T00:00:00Z,1.24287142
2022-05-24T00:00:00Z,1.24858062
2022-05-23T00:00:00Z,1.22335699
2022-05-22T00:00:00Z,1.2720229
2022-05-21T00:00:00Z,1.23696627
2022-05-20T00:00:00Z,1.22727924
2022-05-19T00:00:00Z,1.27492916
2022-05-18T00:00:00Z,1.20716937
2022-05-17T00:00:00Z,1.27342617
2022-05-16T00:00:00Z,1.24984709
2022-05-15T00:00:00Z,1.3090425
2022-05-14T00:00:00Z,1.25635285
2022-05-13T00:00:00Z,1.22362019
2022-05-12T00:00:00Z,1.21288584
2022-05-11T00:00:00Z,1.20990539
2022-05-10T00:00:00Z,1.28407966
2022-05-09T00:00:00Z,1.2491036
2022-05-08T00:00:00Z,1.40085136
2022-05-07T00:00:00Z,1.45614964
2022-05-06T00:00:00Z,1.47676386
2022-05-05T00:00:00Z,1.49811366
2022-05-04T00:00:00Z,1.62288233
2022-05-03T00:00:00Z,1.54428927
2022-05-02T00:00:00Z,1.57464825
2022-05-01T00:00:00Z,1.56770772
2022-04-30T00:00:00Z,1.53662237
2022-04-29T00:00:00Z,1.57677157
2022-04-28T00:00:00Z,1.6204394
2022-04-27T00:00:00Z,1.5991846
2022-04-26T00:00:00Z,1.55366242
2022-04-25T00:00:00Z,1.64678261
2022-04-24T00:00:00Z,1.60516949
2022-04-23T00:00:00Z,1.61848119
2022-04-22T00:00:00Z,1.61574839
2022-04-21T00:00:00Z,1.64540765
2022-04-20T00:00:00Z,1.68651054
2022-04-19T00:00:00Z,1.69050361
2022-04-18T00:00:00Z,1.66188427
2022-04-17T00:00:00Z,1.61780166
2022-04-16T00:00:00Z,1.64568996
2022-04-15T00:00:00Z,1.65248201
2022-04-14T00:00:00Z,1.62535113
2022-04-13T00:00:00Z,1.67741052
2022-04-12T00:00:00Z,1.63467589
2022-04-11T00:00:00Z,1.61441288
2022-04-10T00:00:00Z,1.7249915
2022-04-09T00:00:00Z,1.73906668
2022-04-08T00:00:00Z,1.72371941
2022-04-07T00:00:00Z,1.76935796
2022-04-06T00:00:00Z,1.76411578
2022-04-05T00:00:00Z,1.85287227
2022-04-04T00:00:00Z,1.89788677
2022-04-03T00:00:00Z,1.89040906
2022-04-02T00:00:00Z,1.86856218
2022-04-01T00:00:00Z,1.88492948
2022-03-31T00:00:00Z,1.85144156
2022-03-30T00:00:00Z,1.9209901
2022-03-29T00:00:00Z,1.9372889
2022-03-28T00:00:00Z,1.92139821
2022-03-27T00:00:00Z,1.92207449
2022-03-26T00:00:00Z,1.82820948
2022-03-25T00:00:00Z,1.82213233
2022-03-24T00:00:00Z,1.81359373
2022-03-23T00:00:00Z,1.77357658
2022-03-22T00:00:00Z,1.75050949
2022-03-21T00:00:00Z,1.6989937
2022-03-20T00:00:00Z,1.70749027
2022-03-19T00:00:00Z,1.74620639
2022-03-18T00:00:00Z,1.72924228
2022-03-17T00:00:00Z,1.69621167
2022-03-16T00:00:00Z,1.7021499
2022-03-15T00:00:00Z,1.63190963
2022-03-14T00:00:00Z,1.64407594
2022-03-13T00:00:00Z,1.56651376
2022-03-12T00:00:00Z,1.61035775
2022-03-11T00:00:00Z,1.60521426
2022-03-10T00:00:00Z,1.63644353
2022-03-09T00:00:00Z,1.73797543
2022-03-08T00:00:00Z,1.60491793
2022-03-07T00:00:00Z,1.57305402
2022-03-06T00:00:00Z,1.5896074
2022-03-05T00:00:00Z,1.63170538
2022-03-04T00:00:00Z,1.62105475
2022-03-03T00:00:00Z,1.75823889
2022-03-02T00:00:00Z,1.81896994
2022-03-01T00:00:00Z,1.83923828
2022-02-28T00:00:00Z,1.79110458
2022-02-27T00:00:00Z,1.56761151
2022-02-26T00:00:00Z,1.62324982
2022-02-25T00:00:00Z,1.63111281
2022-02-24T00:00:00Z,1.59329925
2022-02-23T00:00:00Z,1.5492817
2022-02-22T00:00:00Z,1.59201697
2022-02-21T00:00:00Z,1.54386635
2022-02-20T00:00:00Z,1.60524099
2022-02-19T00:00:00Z,1.661366
2022-02-18T00:00:00Z,1.6572128
2022-02-17T00:00:00Z,1.67900706
2022-02-16T00:00:00Z,1.8268535
2022-02-15T00:00:00Z,1.83562353
2022-02-14T00:00:00Z,1.7673539
2022-02-13T00:00:00Z,1.75011968
2022-02-12T00:00:00Z,1.74617356
2022-02-11T00:00:00Z,1.75706615
2022-02-10T00:00:00Z,1.80557749
2022-02-09T00:00:00Z,1.83766107
2022-02-08T00:00:00Z,1.83239832
2022-02-07T00:00:00Z,1.82142709
2022-02-06T00:00:00Z,1.76632146
2022-02-05T00:00:00Z,1.72507209
2022-02-04T00:00:00Z,1.73758543
2022-02-03T00:00:00Z,1.54455654
2022-02-02T00:00:00Z,1.54119661
2022-02-01T00:00:00Z,1.61504564
2022-01-31T00:00:00Z,1.61420296
2022-01-30T00:00:00Z,1.5886052
2022-01-29T00:00:00Z,1.59689796
2022-01-28T00:00:00Z,1.57792807
2022-01-27T00:00:00Z,1.55067407
2022-01-26T00:00:00Z,1.53429139
2022-01-25T00:00:00Z,1.54053347
2022-01-24T00:00:00Z,1.52803968
2022-01-23T00:00:00Z,1.5169766
2022-01-22T00:00:00Z,1.45602912
2022-01-21T00:00:00Z,1.51493458
2022-01-20T00:00:00Z,1.67496546
2022-01-19T00:00:00Z,1.72048882
2022-01-18T00:00:00Z,1.74521398
2022-01-17T00:00:00Z,1.73856618
2022-01-16T00:00:00Z,1.77230354
2022-01-15T00:00:00Z,1.77413201
2022-01-14T00:00:00Z,1.77193553
2022-01-13T00:00:00Z,1.74884286
2022-01-12T00:00:00Z,1.80726391
2022-01-11T00:00:00Z,1.75888901
2022-01-10T00:00:00Z,1.72123549
2022-01-09T00:00:00Z,1.72093113
2022-01-08T00:00:00Z,1.72116529
2022-01-07T00:00:00Z,1.70414177
2022-01-06T00:00:00Z,1.7681584
2022-01-05T00:00:00Z,1.78094452
2022-01-04T00:00:00Z,1.87443244
2022-01-03T00:00:00Z,1.8989603
2022-01-02T00:00:00Z,1.93430758
2022-01-01T00:00:00Z,1.9427118
2021-12-31T00:00:00Z,1.88881986
2021-12-30T00:00:00Z,1.92788198
2021-12-29T00:00:00Z,1.89803622
2021-12-28T00:00:00Z,1.94419046
2021-12-27T00:00:00Z,2.07051825
2021-12-26T00:00:00Z,2.07513555
2021-12-25T00:00:00Z,2.06859234
2021-12-24T00:00:00Z,2.07020408
2021-12-23T00:00:00Z,2.07345087
2021-12-22T00:00:00Z,1.99065243
2021-12-21T00:00:00Z,2.00542738
2021-12-20T00:00:00Z,1.92257938
2021-12-19T00:00:00Z,1.91288131
2021-12-18T00:00:00Z,1.91861239
2021-12-17T00:00:00Z,1.89871423
2021-12-16T00:00:00Z,1.94821212
2021-12-15T00:00:00Z,1.99632468
2021-12-14T00:00:00Z,1.97360934
2021-12-13T00:00:00Z,1.91386639
2021-12-12T00:00:00Z,2.04648535
2021-12-11T00:00:00Z,2.01970624
2021-12-10T00:00:00Z,1.9230717
2021-12-09T00:00:00Z,1.95908134
2021-12-08T00:00:00Z,2.06302966
2021-12-07T00:00:00Z,2.06921357
2021-12-06T00:00:00Z,2.06805164
2021-12-05T00:00:00Z,2.01874767
2021-12-04T00:00:00Z,2.01271519
2021-12-03T00:00:00Z,2.18363348
2021-12-02T00:00:00Z,2.29821274
2021-12-01T00:00:00Z,2.32884388
2021-11-30T00:00:00Z,2.33487157
2021-11-29T00:00:00Z,2.36008219
2021-11-28T00:00:00Z,2.33824821
2021-11-27T00:00:00Z,2.24115842
2021-11-26T00:00:00Z,2.19839701
2021-11-25T00:00:00Z,2.40492552
2021-11-24T00:00:00Z,2.35086177
2021-11-23T00:00:00Z,2.37160459
2021-11-22T00:00:00Z,2.32288622
2021-11-21T00:00:00Z,2.4138847
2021-11-20T00:00:00Z,2.45590426
2021-11-19T00:00:00Z,2.39140672
2021-11-18T00:00:00Z,2.33959223
2021-11-17T00:00:00Z,2.46712859
2021-11-16T00:00:00Z,2.49012512
2021-11-15T00:00:00Z,2.63299498
2021-11-14T00:00:00Z,2.70795339
2021-11-13T00:00:00Z,2.66935717
2021-11-12T00:00:00Z,2.65275976
2021-11-11T00:00:00Z,2.71993056
2021-11-10T00:00:00Z,2.72788275
2021-11-09T00:00:00Z,2.83315506
2021-11-08T00:00:00Z,2.85800928
2021-11-07T00:00:00Z,2.69769317
2021-11-06T00:00:00Z,2.62207552
2021-11-05T00:00:00Z,2.60672274
2021-11-04T00:00:00Z,2.63025212
2021-11-03T00:00:00Z,2.69515114
2021-11-02T00:00:00Z,2.71871099
2021-11-01T00:00:00Z,2.6395969
2021-10-31T00:00:00Z,2.67001366
2021-10-30T00:00:00Z,2.69074693
2021-10-29T00:00:00Z,2.7070443
2021-10-28T00:00:00Z,2.64873257
2021-10-27T00:00:00Z,2.56497541
2021-10-26T00:00:00Z,2.64225976
2021-10-25T00:00:00Z,2.76930209
2021-10-24T00:00:00Z,2.68508702
2021-10-23T00:00:00Z,2.70711838
2021-10-22T00:00:00Z,2.6836159
2021-10-21T00:00:00Z,2.75240261
2021-10-20T00:00:00Z,2.93370019
2021-10-19T00:00:00Z,2.87335818
2021-10-18T00:00:00Z,2.79608042
2021-10-17T00:00:00Z,2.78717646
2021-10-16T00:00:00Z,2.76227796
2021-10-15T00:00:00Z,2.79231618
2021-10-14T00:00:00Z,2.61673636
2021-10-13T00:00:00Z,2.62770358
2021-10-12T00:00:00Z,2.57278862
2021-10-11T00:00:00Z,2.64260848
2021-10-10T00:00:00Z,2.51742796
2021-10-09T00:00:00Z,2.54087709
2021-10-08T00:00:00Z,2.49463775
2021-10-07T00:00:00Z,2.49301375
2021-10-06T00:00:00Z,2.58498239
2021-10-05T00:00:00Z,2.42069622
2021-10-04T00:00:00Z,2.3216174
2021-10-03T00:00:00Z,2.27131785
2021-10-02T00:00:00Z,2.26272906
2021-10-01T00:00:00Z,2.27079182
2021-09-30T00:00:00Z,2.07094407
2021-09-29T00:00:00Z,1.97002287
2021-09-28T00:00:00Z,1.94419261
2021-09-27T00:00:00Z,2.00416971
2021-09-26T00:00:00Z,2.04823465
2021-09-25T00:00:00Z,2.03912141
2021-09-24T00:00:00Z,2.04378668
2021-09-23T00:00:00Z,2.12828882
2021-09-22T00:00:00Z,2.07623232
2021-09-21T00:00:00Z,1.94426257
2021-09-20T00:00:00Z,2.04489056
2021-09-19T00:00:00Z,2.24531559
2021-09-18T00:00:00Z,2.29209397
2021-09-17T00:00:00Z,2.25311756
2021-09-16T00:00:00Z,2.27722014
2021-09-15T00:00:00Z,2.29640676
2021-09-14T00:00:00Z,2.25126726
2021-09-13T00:00:00Z,2.15276552
2021-09-12T00:00:00Z,2.20962943
2021-09-11T00:00:00Z,2.16009654
2021-09-10T00:00:00Z,2.12659011
2021-09-09T00:00:00Z,2.22175485
2021-09-08T00:00:00Z,2.22215028
2021-09-07T00:00:00Z,2.24462369
2021-09-06T00:00:00Z,2.52632646
2021-09-05T00:00:00Z,2.48818632
2021-09-04T00:00:00Z,2.4005836
2021-09-03T00:00:00Z,2.40738136
2021-09-02T00:00:00Z,2.38015693
2021-09-01T00:00:00Z,2.35745908
2021-08-31T00:00:00Z,2.27924381
2021-08-30T00:00:00Z,2.27511474
2021-08-29T00:00:00Z,2.37068312
2021-08-28T00:00:00Z,2.37090905
2021-08-27T00:00:00Z,2.38219181
2021-08-26T00:00:00Z,2.29923727
2021-08-25T00:00:00Z,2.3836923
2021-08-24T00:00:00Z,2.33043084
2021-08-23T00:00:00Z,2.42597326
2021-08-22T00:00:00Z,2.41877323
2021-08-21T00:00:00Z,2.40500095
2021-08-20T00:00:00Z,2.42541191
2021-08-19T00:00:00Z,2.29695302
2021-08-18T00:00:00Z,2.2178406
2021-08-17T00:00:00Z,2.207529
2021-08-16T00:00:00Z,2.27429741
2021-08-15T00:00:00Z,2.33047658
2021-08-14T00:00:00Z,2.33389734
2021-08-13T00:00:00Z,2.37430078
2021-08-12T00:00:00Z,2.21085589
2021-08-11T00:00:00Z,2.27335852
2021-08-10T00:00:00Z,2.26564552
2021-08-09T00:00:00Z,2.30444432
2021-08-08T00:00:00Z,2.19269135
2021-08-07T00:00:00Z,2.23972984
2021-08-06T00:00:00Z,2.14891456
2021-08-05T00:00:00Z,2.0549525
2021-08-04T00:00:00Z,1.99939812
2021-08-03T00:00:00Z,1.92726371
2021-08-02T00:00:00Z,1.97197687
2021-08-01T00:00:00Z,2.0092226
2021-07-31T00:00:00Z,2.10047796
2021-07-30T00:00:00Z,2.12548994
2021-07-29T00:00:00Z,2.01642392
2021-07-28T00:00:00Z,2.03997456
2021-07-27T00:00:00Z,2.00965082
2021-07-26T00:00:00Z,1.92565707
2021-07-25T00:00:00Z,1.82696601
2021-07-24T00:00:00Z,1.77850646
2021-07-23T00:00:00Z,1.74336103
2021-07-22T00:00:00Z,1.67517298
2021-07-21T00:00:00Z,1.66347517
2021-07-20T00:00:00Z,1.54785148
2021-07-19T00:00:00Z,1.59701684
2021-07-18T00:00:00Z,1.64489782
2021-07-17T00:00:00Z,1.63246859
2021-07-16T00:00:00Z,1.62944632
2021-07-15T00:00:00Z,1.65170249
2021-07-14T00:00:00Z,1.70124682
2021-07-13T00:00:00Z,1.6931363
2021-07-12T00:00:00Z,1.71549211
2021-07-11T00:00:00Z,1.77466207
2021-07-10T00:00:00Z,1.73513217
2021-07-09T00:00:00Z,1.75437487
2021-07-08T00:00:00Z,1.69934707
2021-07-07T00:00:00Z,1.74968806
2021-07-06T00:00:00Z,1.76763621
2021-07-05T00:00:00Z,1.74298789
2021-07-04T00:00:00Z,1.83137065
2021-07-03T00:00:00Z,1.79410423
2021-07-02T00:00:00Z,1.74864897
2021-07-01T00:00:00Z,1.73003884
2021-06-30T00:00:00Z,1.79781294
2021-06-29T00:00:00Z,1.84817346
2021-06-28T00:00:00Z,1.77514397
2021-06-27T00:00:00Z,1.763959
2021-06-26T00:00:00Z,1.66478581
2021-06-25T00:00:00Z,1.62486781
2021-06-24T00:00:00Z,1.7640507
2021-06-23T00:00:00Z,1.71858558
2021-06-22T00:00:00Z,1.64573694
2021-06-21T00:00:00Z,1.62344517
2021-06-20T00:00:00Z,1.81225497
2021-06-19T00:00:00Z,1.80635479
2021-06-18T00:00:00Z,1.80075389
2021-06-17T00:00:00Z,1.93240072
2021-06-16T00:00:00Z,1.94282066
2021-06-15T00:00:00Z,2.03824582
2021-06-14T00:00:00Z,2.04972391
2021-06-13T00:00:00Z,1.98369791
2021-06-12T00:00:00Z,1.80564332
2021-06-11T00:00:00Z,1.89474252
2021-06-10T00:00:00Z,1.8699707
2021-06-09T00:00:00Z,1.90452075
2021-06-08T00:00:00Z,1.70345781
2021-06-07T00:00:00Z,1.70148983
2021-06-06T00:00:00Z,1.81553635
2021-06-05T00:00:00Z,1.80000562
2021-06-04T00:00:00Z,1.86595817
2021-06-03T00:00:00Z,1.98313292
2021-06-02T00:00:00Z,1.90722167
2021-06-01T00:00:00Z,1.85735869
2021-05-31T00:00:00Z,1.88958414
2021-05-30T00:00:00Z,1.804716
2021-05-29T00:00:00Z,1.75204726
2021-05-28T00:00:00Z,1.80294504
2021-05-27T00:00:00Z,1.95296769
2021-05-26T00:00:00Z,1.98114899
2021-05-25T00:00:00Z,1.93030557
2021-05-24T00:00:00Z,1.95056581
2021-05-23T00:00:00Z,1.75065729
2021-05-22T00:00:00Z,1.89133757
2021-05-21T00:00:00Z,1.86375397
2021-05-20T00:00:00Z,2.03393476
2021-05-19T00:00:00Z,1.9174404
2021-05-18T00:00:00Z,2.12098854
2021-05-17T00:00:00Z,2.17588344
2021-05-16T00:00:00Z,2.30381507
2021-05-15T00:00:00Z,2.32318464
2021-05-14T00:00:00Z,2.48049787
2021-05-13T00:00:00Z,2.46154499
2021-05-12T00:00:00Z,2.48356663
2021-05-11T00:00:00Z,2.81676873
2021-05-10T00:00:00Z,2.78408523
2021-05-09T00:00:00Z,2.90671042
2021-05-08T00:00:00Z,2.93873126
2021-05-07T00:00:00Z,2.87531029
2021-05-06T00:00:00Z,2.84995015
2021-05-05T00:00:00Z,2.90698106
2021-05-04T00:00:00Z,2.70625679
2021-05-03T00:00:00Z,2.9155681
2021-05-02T00:00:00Z,2.89131164
2021-05-01T00:00:00Z,2.95827421
2021-04-30T00:00:00Z,2.96505425
2021-04-29T00:00:00Z,2.75806838
2021-04-28T00:00:00Z,2.83015814
2021-04-27T00:00:00Z,2.84843293
2021-04-26T00:00:00Z,2.80625912
2021-04-25T00:00:00Z,2.55442341
2021-04-24T00:00:00Z,2.61151553
2021-04-23T00:00:00Z,2.67415083
2021-04-22T00:00:00Z,2.71632231
2021-04-21T00:00:00Z,2.83162755
2021-04-20T00:00:00Z,2.96175692
2021-04-19T00:00:00Z,2.92870954
2021-04-18T00:00:00Z,2.96701205
2021-04-17T00:00:00Z,3.19946221
2021-04-16T00:00:00Z,3.28116766
2021-04-15T00:00:00Z,3.3796056
2021-04-14T00:00:00Z,3.37593974
2021-04-13T00:00:00Z,3.44209586
2021-04-12T00:00:00Z,3.27743079
2021-04-11T00:00:00Z,3.29689924
2021-04-10T00:00:00Z,3.29509729
2021-04-09T00:00:00Z,3.21781863
2021-04-08T00:00:00Z,3.21339871
2021-04-07T00:00:00Z,3.11439201
2021-04-06T00:00:00Z,3.2364064
2021-04-05T00:00:00Z,3.35120289
2021-04-04T00:00:00Z,3.30803337
2021-04-03T00:00:00Z,3.25560603
2021-04-02T00:00:00Z,3.36389113
2021-04-01T00:00:00Z,3.36265679
2021-03-31T00:00:00Z,3.37941366
2021-03-30T00:00:00Z,3.40104856
2021-03-29T00:00:00Z,3.35842076
2021-03-28T00:00:00Z,3.25669769
2021-03-27T00:00:00Z,3.26999814
2021-03-26T00:00:00Z,3.23655414
2021-03-25T00:00:00Z,3.03404497
2021-03-24T00:00:00Z,3.09960045
2021-03-23T00:00:00Z,3.24868279
2021-03-22T00:00:00Z,3.26886107
2021-03-21T00:00:00Z,3.45925296
2021-03-20T00:00:00Z,3.4992014
2021-03-19T00:00:00Z,3.50999698
2021-03-18T00:00:00Z,3.51593244
2021-03-17T00:00:00Z,3.57387882
2021-03-16T00:00:00Z,3.4514324
2021-03-15T00:00:00Z,3.43768445
2021-03-14T00:00:00Z,3.68204436
2021-03-13T00:00:00Z,3.8104797
2021-03-12T00:00:00Z,3.59150979
2021-03-11T00:00:00Z,3.65942596
2021-03-10T00:00:00Z,3.59011969
2021-03-09T00:00:00Z,3.51019092
2021-03-08T00:00:00Z,3.37750583
2021-03-07T00:00:00Z,3.32396138
2021-03-06T00:00:00Z,3.18515082
2021-03-05T00:00:00Z,3.1889907
2021-03-04T00:00:00Z,3.17224738
2021-03-03T00:00:00Z,3.31138403
2021-03-02T00:00:00Z,3.19393696
2021-03-01T00:00:00Z,3.28454996
2021-02-28T00:00:00Z,2.99807168
2021-02-27T00:00:00Z,3.0805382
2021-02-26T00:00:00Z,3.09099137
2021-02-25T00:00:00Z,3.15560284
2021-02-24T00:00:00Z,3.35630181
2021-02-23T00:00:00Z,3.32699601
2021-02-22T00:00:00Z,3.67926807
2021-02-21T00:00:00Z,3.98026656
2021-02-20T00:00:00Z,3.91439019
2021-02-19T00:00:00Z,3.95810088
2021-02-18T00:00:00Z,3.73242259
2021-02-17T00:00:00Z,3.81762866
2021-02-16T00:00:00Z,3.63338867
2021-02-15T00:00:00Z,3.57150229
2021-02-14T00:00:00Z,3.69654677
2021-02-13T00:00:00Z,3.56012367
2021-02-12T00:00:00Z,3.61179358
2021-02-11T00:00:00Z,3.66641991
2021-02-10T00:00:00Z,3.4857056
2021-02-09T00:00:00Z,3.63705275
2021-02-08T00:00:00Z,3.70690548
2021-02-07T00:00:00Z,3.15230355
2021-02-06T00:00:00Z,3.19679559
2021-02-05T00:00:00Z,3.10099214
2021-02-04T00:00:00Z,3.04792951
2021-02-03T00:00:00Z,3.12511045
2021-02-02T00:00:00Z,2.96464898
2021-02-01T00:00:00Z,2.81678823
2021-01-31T00:00:00Z,2.78502247
2021-01-30T00:00:00Z,2.89122771
2021-01-29T00:00:00Z,2.89845931
2021-01-28T00:00:00Z,2.84653204
2021-01-27T00:00:00Z,2.60412977
2021-01-26T00:00:00Z,2.80082002
2021-01-25T00:00:00Z,2.79677009
2021-01-24T00:00:00Z,2.78515815
2021-01-23T00:00:00Z,2.77039223
2021-01-22T00:00:00Z,2.84470179
2021-01-21T00:00:00Z,2.69368774
2021-01-20T00:00:00Z,3.08428279
2021-01-19T00:00:00Z,3.15071083
2021-01-18T00:00:00Z,3.20503787
2021-01-17T00:00:00Z,3.14198061
2021-01-16T00:00:00Z,3.19783196
2021-01-15T00:00:00Z,3.23164063
2021-01-14T00:00:00Z,3.49051038
2021-01-13T00:00:00Z,3.35059912
2021-01-12T00:00:00Z,3.05002998
2021-01-11T00:00:00Z,3.22725473
2021-01-10T00:00:00Z,3.51210378
2021-01-09T00:00:00Z,3.71546604
2021-01-08T00:00:00Z,3.81093461
2021-01-07T00:00:00Z,3.79715037
2021-01-06T00:00:00Z,3.60298715
2021-01-05T00:00:00Z,3.43203201
2021-01-04T00:00:00Z,3.27471932
2021-01-03T00:00:00Z,3.46469997
2021-01-02T00:00:00Z,3.40287687
2021-01-01T00:00:00Z,3.15544304
2020-12-31T00:00:00Z,3.15336503
2020-12-30T00:00:00Z,3.15591904
2020-12-29T00:00:00Z,3.03416048
2020-12-28T00:00:00Z,3.04894584
2020-12-27T00:00:00Z,3.02261376
2020-12-26T00:00:00Z,3.08234916
2020-12-25T00:00:00Z,2.89288801
2020-12-24T00:00:00Z,2.79285156
2020-12-23T00:00:00Z,2.77553247
2020-12-22T00:00:00Z,2.85246059
2020-12-21T00:00:00Z,2.76946772
2020-12-20T00:00:00Z,2.85323634
2020-12-19T00:00:00Z,2.91775799
2020-12-18T00:00:00Z,2.82994433
2020-12-17T00:00:00Z,2.83994299
2020-12-16T00:00:00Z,2.71215426
2020-12-15T00:00:00Z,2.49006318
2020-12-14T00:00:00Z,2.47768217
2020-12-13T00:00:00Z,2.46582503
2020-12-12T00:00:00Z,2.44552357
2020-12-11T00:00:00Z,2.35561311
2020-12-10T00:00:00Z,2.38537064
2020-12-09T00:00:00Z,2.42888379
2020-12-08T00:00:00Z,2.40332567
2020-12-07T00:00:00Z,2.52251066
2020-12-06T00:00:00Z,2.54998578
2020-12-05T00:00:00Z,2.52692916
2020-12-04T00:00:00Z,2.4676345
2020-12-03T00:00:00Z,2.5798079
2020-12-02T00:00:00Z,2.55983836
2020-12-01T00:00:00Z,2.50930767
2020-11-30T00:00:00Z,2.64789574
2020-11-29T00:00:00Z,2.46375387
2020-11-28T00:00:00Z,2.40571514
2020-11-27T00:00:00Z,2.3302583
2020-11-26T00:00:00Z,2.33733986
2020-11-25T00:00:00Z,2.56141789
2020-11-24T00:00:00Z,2.62963117
2020-11-23T00:00:00Z,2.53588563
2020-11-22T00:00:00Z,2.55663152
2020-11-21T00:00:00Z,2.5993289
2020-11-20T00:00:00Z,2.60470887
2020-11-19T00:00:00Z,2.51178819
2020-11-18T00:00:00Z,2.51746321
2020-11-17T00:00:00Z,2.52527108
2020-11-16T00:00:00Z,2.40684303
2020-11-15T00:00:00Z,2.30456149
2020-11-14T00:00:00Z,2.32412431
2020-11-13T00:00:00Z,2.36053677
2020-11-12T00:00:00Z,2.36416219
2020-11-11T00:00:00Z,2.28793004
2020-11-10T00:00:00Z,2.2373374
2020-11-09T00:00:00Z,2.2445797
2020-11-08T00:00:00Z,2.28009407
2020-11-07T00:00:00Z,2.19163364
2020-11-06T00:00:00Z,2.29949268
2020-11-05T00:00:00Z,2.31291825
2020-11-04T00:00:00Z,2.10890802
2020-11-03T00:00:00Z,2.10424176
2020-11-02T00:00:00Z,2.06376169
2020-11-01T00:00:00Z,2.09672018
2020-10-31T00:00:00Z,2.10711528
2020-10-30T00:00:00Z,2.08696129
2020-10-29T00:00:00Z,2.06105207
2020-10-28T00:00:00Z,2.04257368
2020-10-27T00:00:00Z,2.10619295
2020-10-26T00:00:00Z,2.02129812
2020-10-25T00:00:00Z,2.01820847
2020-10-24T00:00:00Z,2.03275746
2020-10-23T00:00:00Z,2.00846733
2020-10-22T00:00:00Z,2.02681865
2020-10-21T00:00:00Z,2.01243927
2020-10-20T00:00:00Z,1.87835355
2020-10-19T00:00:00Z,1.85465768
2020-10-18T00:00:00Z,1.8174501
2020-10-17T00:00:00Z,1.80068335
2020-10-16T00:00:00Z,1.79530196
2020-10-15T00:00:00Z,1.82203148
2020-10-14T00:00:00Z,1.80718753
2020-10-13T00:00:00Z,1.81461816
2020-10-12T00:00:00Z,1.8377385
2020-10-11T00:00:00Z,1.81022671
2020-10-10T00:00:00Z,1.79950866
2020-10-09T00:00:00Z,1.76180585
2020-10-08T00:00:00Z,1.73929039
2020-10-07T00:00:00Z,1.7024367
2020-10-06T00:00:00Z,1.69363381
2020-10-05T00:00:00Z,1.72226798
2020-10-04T00:00:00Z,1.70540201
2020-10-03T00:00:00Z,1.6865228
2020-10-02T00:00:00Z,1.69062015
2020-10-01T00:00:00Z,1.69787236
2020-09-30T00:00:00Z,1.7229148
2020-09-29T00:00:00Z,1.73446728
2020-09-28T00:00:00Z,1.72127116
2020-09-27T00:00:00Z,1.72440259
2020-09-26T00:00:00Z,1.72266881
2020-09-25T00:00:00Z,1.71391085
2020-09-24T00:00:00Z,1.72409546
2020-09-23T00:00:00Z,1.64316957
2020-09-22T00:00:00Z,1.68992595
2020-09-21T00:00:00Z,1.68038742
2020-09-20T00:00:00Z,1.75383702
2020-09-19T00:00:00Z,1.7796961
2020-09-18T00:00:00Z,1.75499142
2020-09-17T00:00:00Z,1.75886205
2020-09-16T00:00:00Z,1.76325794
2020-09-15T00:00:00Z,1.73634745
2020-09-14T00:00:00Z,1.72182263
2020-09-13T00:00:00Z,1.6650333
2020-09-12T00:00:00Z,1.68612729
2020-09-11T00:00:00Z,1.67759893
2020-09-10T00:00:00Z,1.66851401
2020-09-09T00:00:00Z,1.64978699
2020-09-08T00:00:00Z,1.63320625
2020-09-07T00:00:00Z,1.67195763
2020-09-06T00:00:00Z,1.65519979
2020-09-05T00:00:00Z,1.63479462
2020-09-04T00:00:00Z,1.68763244
2020-09-03T00:00:00Z,1.61228955
2020-09-02T00:00:00Z,1.83712713
2020-09-01T00:00:00Z,1.9311592
2020-08-31T00:00:00Z,1.88115574
2020-08-30T00:00:00Z,1.8937156
2020-08-29T00:00:00Z,1.85627687
2020-08-28T00:00:00Z,1.86499578
2020-08-27T00:00:00Z,1.83042601
2020-08-26T00:00:00Z,1.85993712
2020-08-25T00:00:00Z,1.84365666
2020-08-24T00:00:00Z,1.91042978
2020-08-23T00:00:00Z,1.89231179
2020-08-22T00:00:00Z,1.89769351
2020-08-21T00:00:00Z,1.87162306
2020-08-20T00:00:00Z,1.92956153
2020-08-19T00:00:00Z,1.91369886
2020-08-18T00:00:00Z,1.95049738
2020-08-17T00:00:00Z,2.00643998
2020-08-16T00:00:00Z,1.94620837
2020-08-15T00:00:00Z,1.94206324
2020-08-14T00:00:00Z,1.92787901
2020-08-13T00:00:00Z,1.93578193
2020-08-12T00:00:00Z,1.90237387
2020-08-11T00:00:00Z,1.87662675
2020-08-10T00:00:00Z,1.95784658
2020-08-09T00:00:00Z,1.92719201
2020-08-08T00:00:00Z,1.94092916
2020-08-07T00:00:00Z,1.91788259
2020-08-06T00:00:00Z,1.95606268
2020-08-05T00:00:00Z,1.95349541
2020-08-04T00:00:00Z,1.87254463
2020-08-03T00:00:00Z,1.88204148
2020-08-02T00:00:00Z,1.86114819
2020-08-01T00:00:00Z,1.98789067
2020-07-31T00:00:00Z,1.9111111
2020-07-30T00:00:00Z,1.87912444
2020-07-29T00:00:00Z,1.87987945
2020-07-28T00:00:00Z,1.85039033
2020-07-27T00:00:00Z,1.86991941
2020-07-26T00:00:00Z,1.69461119
2020-07-25T00:00:00Z,1.6564411
2020-07-24T00:00:00Z,1.63075024
2020-07-23T00:00:00Z,1.64251763
2020-07-22T00:00:00Z,1.63030359
2020-07-21T00:00:00Z,1.60592653
2020-07-20T00:00:00Z,1.56922465
2020-07-19T00:00:00Z,1.57802599
2020-07-18T00:00:00Z,1.57123361
2020-07-17T00:00:00Z,1.5680551
2020-07-16T00:00:00Z,1.5647453
2020-07-15T00:00:00Z,1.57612453
2020-07-14T00:00:00Z,1.58588145
2020-07-13T00:00:00Z,1.58504944
2020-07-12T00:00:00Z,1.59278895
2020-07-11T00:00:00Z,1.58440077
2020-07-10T00:00:00Z,1.59314759
2020-07-09T00:00:00Z,1.58407931
2020-07-08T00:00:00Z,1.61970365
2020-07-07T00:00:00Z,1.59053683
2020-07-06T00:00:00Z,1.60652574
2020-07-05T00:00:00Z,1.56051318
2020-07-04T00:00:00Z,1.56831468
2020-07-03T00:00:00Z,1.55965192
2020-07-02T00:00:00Z,1.56425792
2020-07-01T00:00:00Z,1.5870533
2020-06-30T00:00:00Z,1.57292996
2020-06-29T00:00:00Z,1.58114085
2020-06-28T00:00:00Z,1.57110537
2020-06-27T00:00:00Z,1.55120252
2020-06-26T00:00:00Z,1.57717765
2020-06-25T00:00:00Z,1.59668062
2020-06-24T00:00:00Z,1.60288153
2020-06-23T00:00:00Z,1.66123213
2020-06-22T00:00:00Z,1.67312109
2020-06-21T00:00:00Z,1.60632469
2020-06-20T00:00:00Z,1.61731165
2020-06-19T00:00:00Z,1.60629228
2020-06-18T00:00:00Z,1.62133006
2020-06-17T00:00:00Z,1.63994553
2020-06-16T00:00:00Z,1.6504837
2020-06-15T00:00:00Z,1.63468271
2020-06-14T00:00:00Z,1.62013628
2020-06-13T00:00:00Z,1.64082288
2020-06-12T00:00:00Z,1.64287001
2020-06-11T00:00:00Z,1.61237425
2020-06-10T00:00:00Z,1.71551538
2020-06-09T00:00:00Z,1.69481847
2020-06-08T00:00:00Z,1.69860333
2020-06-07T00:00:00Z,1.69423043
2020-06-06T00:00:00Z,1.68347897
2020-06-05T00:00:00Z,1.68013103
2020-06-04T00:00:00Z,1.70571838
2020-06-03T00:00:00Z,1.68351902
2020-06-02T00:00:00Z,1.66209066
2020-06-01T00:00:00Z,1.78299625
2020-05-31T00:00:00Z,1.65132741
2020-05-30T00:00:00Z,1.70021881
2020-05-29T00:00:00Z,1.65102842
2020-05-28T00:00:00Z,1.67100819
2020-05-27T00:00:00Z,1.60234182
2020-05-26T00:00:00Z,1.55075628
2020-05-25T00:00:00Z,1.56589891
2020-05-24T00:00:00Z,1.58185558
2020-05-23T00:00:00Z,1.60778431
2020-05-22T00:00:00Z,1.60441648
2020-05-21T00:00:00Z,1.58888949
2020-05-20T00:00:00Z,1.66710861
2020-05-19T00:00:00Z,1.71306775
2020-05-18T00:00:00Z,1.70720791
2020-05-17T00:00:00Z,1.69978777
2020-05-16T00:00:00Z,1.65571591
2020-05-15T00:00:00Z,1.63403574
2020-05-14T00:00:00Z,1.73129156
2020-05-13T00:00:00Z,1.64072586
2020-05-12T00:00:00Z,1.55216994
2020-05-11T00:00:00Z,1.51781466
2020-05-10T00:00:00Z,1.54299533
2020-05-09T00:00:00Z,1.6850723
2020-05-08T00:00:00Z,1.73142631
2020-05-07T00:00:00Z,1.77903505
2020-05-06T00:00:00Z,1.63682387
2020-05-05T00:00:00Z,1.60394698
2020-05-04T00:00:00Z,1.58275473
2020-05-03T00:00:00Z,1.58941661
2020-05-02T00:00:00Z,1.60581007
2020-05-01T00:00:00Z,1.57859707
2020-04-30T00:00:00Z,1.5431414
2020-04-29T00:00:00Z,1.57877738
2020-04-28T00:00:00Z,1.40326508
2020-04-27T00:00:00Z,1.4082709
2020-04-26T00:00:00Z,1.39622194
2020-04-25T00:00:00Z,1.36751991
2020-04-24T00:00:00Z,1.36116887
2020-04-23T00:00:00Z,1.35907466
2020-04-22T00:00:00Z,1.29499607
2020-04-21T00:00:00Z,1.2448559
2020-04-20T00:00:00Z,1.24217109
2020-04-19T00:00:00Z,1.30193
2020-04-18T00:00:00Z,1.31756087
2020-04-17T00:00:00Z,1.27691596
2020-04-16T00:00:00Z,1.29103208
2020-04-15T00:00:00Z,1.20530623
2020-04-14T00:00:00Z,1.24607284
2020-04-13T00:00:00Z,1.2442208
2020-04-12T00:00:00Z,1.26475725
2020-04-11T00:00:00Z,1.2473408
2020-04-10T00:00:00Z,1.24390812
2020-04-09T00:00:00Z,1.31894195
2020-04-08T00:00:00Z,1.33159365
2020-04-07T00:00:00Z,1.3039214
2020-04-06T00:00:00Z,1.31782131
2020-04-05T00:00:00Z,1.22753806
2020-04-04T00:00:00Z,1.23866592
2020-04-03T00:00:00Z,1.22042804
2020-04-02T00:00:00Z,1.23599574
2020-04-01T00:00:00Z,1.20293105
2020-03-31T00:00:00Z,1.16147888
2020-03-30T00:00:00Z,1.15896252
2020-03-29T00:00:00Z,1.06204367
2020-03-28T00:00:00Z,1.12549281
2020-03-27T00:00:00Z,1.14639398
2020-03-26T00:00:00Z,1.21436373
2020-03-25T00:00:00Z,1.20321621
2020-03-24T00:00:00Z,1.21428099
2020-03-23T00:00:00Z,1.16547275
2020-03-22T00:00:00Z,1.04844765
2020-03-21T00:00:00Z,1.11307655
2020-03-20T00:00:00Z,1.10528582
2020-03-19T00:00:00Z,1.11205191
2020-03-18T00:00:00Z,0.97393448
2020-03-17T00:00:00Z,0.95758629
2020-03-16T00:00:00Z,0.89965065
2020-03-15T00:00:00Z,0.96137085
2020-03-14T00:00:00Z,0.9163915
2020-03-13T00:00:00Z,0.99587285
2020-03-12T00:00:00Z,0.83271719
2020-03-11T00:00:00Z,1.37739377
2020-03-10T00:00:00Z,1.36453838
2020-03-09T00:00:00Z,1.37144172
2020-03-08T00:00:00Z,1.38418149
2020-03-07T00:00:00Z,1.5332232
2020-03-06T00:00:00Z,1.5757988
2020-03-05T00:00:00Z,1.55825562
2020-03-04T00:00:00Z,1.5100242
2020-03-03T00:00:00Z,1.50986252
2020-03-02T00:00:00Z,1.53140834
2020-03-01T00:00:00Z,1.47304343
2020-02-29T00:00:00Z,1.47430943
2020-02-28T00:00:00Z,1.49893817
2020-02-27T00:00:00Z,1.51340794
2020-02-26T00:00:00Z,1.51769227
2020-02-25T00:00:00Z,1.60620116
2020-02-24T00:00:00Z,1.66324043
2020-02-23T00:00:00Z,1.71475297
2020-02-22T00:00:00Z,1.6640258
2020-02-21T00:00:00Z,1.67417346
2020-02-20T00:00:00Z,1.65771062
2020-02-19T00:00:00Z,1.65730078
2020-02-18T00:00:00Z,1.75275276
2020-02-17T00:00:00Z,1.67558794
2020-02-16T00:00:00Z,1.71185504
2020-02-15T00:00:00Z,1.71115158
2020-02-14T00:00:00Z,1.7892711
2020-02-13T00:00:00Z,1.77310181
2020-02-12T00:00:00Z,1.79014317
2020-02-11T00:00:00Z,1.77911941
2020-02-10T00:00:00Z,1.71463578
2020-02-09T00:00:00Z,1.77026183
2020-02-08T00:00:00Z,1.72699009
2020-02-07T00:00:00Z,1.71369926
2020-02-06T00:00:00Z,1.71201206
2020-02-05T00:00:00Z,1.68940026
2020-02-04T00:00:00Z,1.61808171
2020-02-03T00:00:00Z,1.63826489
2020-02-02T00:00:00Z,1.64559214
2020-02-01T00:00:00Z,1.65519868
2020-01-31T00:00:00Z,1.64945079
2020-01-30T00:00:00Z,1.677784
2020-01-29T00:00:00Z,1.64557379
2020-01-28T00:00:00Z,1.65943992
2020-01-27T00:00:00Z,1.58811434
2020-01-26T00:00:00Z,1.52811991
2020-01-25T00:00:00Z,1.48308617
2020-01-24T00:00:00Z,1.49872377
2020-01-23T00:00:00Z,1.49069318
2020-01-22T00:00:00Z,1.53882951
2020-01-21T00:00:00Z,1.55368596
2020-01-20T00:00:00Z,1.53743642
2020-01-19T00:00:00Z,1.54669544
2020-01-18T00:00:00Z,1.58741553
2020-01-17T00:00:00Z,1.58719566
2020-01-16T00:00:00Z,1.55398841
2020-01-15T00:00:00Z,1.5734841
2020-01-14T00:00:00Z,1.58387019
2020-01-13T00:00:00Z,1.45401745
2020-01-12T00:00:00Z,1.46484076
2020-01-11T00:00:00Z,1.43817584
2020-01-10T00:00:00Z,1.46444214
2020-01-09T00:00:00Z,1.40149038
2020-01-08T00:00:00Z,1.44208281
2020-01-07T00:00:00Z,1.46372715
2020-01-06T00:00:00Z,1.39718472
2020-01-05T00:00:00Z,1.32029434
2020-01-04T00:00:00Z,1.32204676
2020-01-03T00:00:00Z,1.3195388
2020-01-02T00:00:00Z,1.2510517
2020-01-01T00:00:00Z,1.29383716
2019-12-31T00:00:00Z,1.29172599
2019-12-30T00:00:00Z,1.30063277
2019-12-29T00:00:00Z,1.32514804
2019-12-28T00:00:00Z,1.31208254
2019-12-27T00:00:00Z,1.30001691
2019-12-26T00:00:00Z,1.29314896
2019-12-25T00:00:00Z,1.29153393
2019-12-24T00:00:00Z,1.29522743
2019-12-23T00:00:00Z,1.31159333
2019-12-22T00:00:00Z,1.34502897
2019-12-21T00:00:00Z,1.27773403
2019-12-20T00:00:00Z,1.28648206
2019-12-19T00:00:00Z,1.27860673
2019-12-18T00:00:00Z,1.30427992
2019-12-17T00:00:00Z,1.18274808
2019-12-16T00:00:00Z,1.23112645
2019-12-15T00:00:00Z,1.27046176
2019-12-14T00:00:00Z,1.26191876
2019-12-13T00:00:00Z,1.29390506
2019-12-12T00:00:00Z,1.28560604
2019-12-11T00:00:00Z,1.28538248
2019-12-10T00:00:00Z,1.28895067
2019-12-09T00:00:00Z,1.30871104
2019-12-08T00:00:00Z,1.33817817
2019-12-07T00:00:00Z,1.33475327
2019-12-06T00:00:00Z,1.34241149
2019-12-05T00:00:00Z,1.31397381
2019-12-04T00:00:00Z,1.27859974
2019-12-03T00:00:00Z,1.2981406
2019-12-02T00:00:00Z,1.29873899
2019-12-01T00:00:00Z,1.31325559
2019-11-30T00:00:00Z,1.33812113
2019-11-29T00:00:00Z,1.37298623
2019-11-28T00:00:00Z,1.31769272
2019-11-27T00:00:00Z,1.3321742
2019-11-26T00:00:00Z,1.26790473
2019-11-25T00:00:00Z,1.25695338
2019-11-24T00:00:00Z,1.22814506
2019-11-23T00:00:00Z,1.29228802
2019-11-22T00:00:00Z,1.28728332
2019-11-21T00:00:00Z,1.34017505
2019-11-20T00:00:00Z,1.42202872
2019-11-19T00:00:00Z,1.42731793
2019-11-18T00:00:00Z,1.43725347
2019-11-17T00:00:00Z,1.49167252
2019-11-16T00:00:00Z,1.48957823
2019-11-15T00:00:00Z,1.48500469
2019-11-14T00:00:00Z,1.5196597
2019-11-13T00:00:00Z,1.54021507
2019-11-12T00:00:00Z,1.54646808
2019-11-11T00:00:00Z,1.5316318
2019-11-10T00:00:00Z,1.58864678
2019-11-09T00:00:00Z,1.54979922
2019-11-08T00:00:00Z,1.53939094
2019-11-07T00:00:00Z,1.61845224
2019-11-06T00:00:00Z,1.64285321
2019-11-05T00:00:00Z,1.63740068
2019-11-04T00:00:00Z,1.64613253
2019-11-03T00:00:00Z,1.61200186
2019-11-02T00:00:00Z,1.62746665
2019-11-01T00:00:00Z,1.61530168
2019-10-31T00:00:00Z,1.6041876
2019-10-30T00:00:00Z,1.60734627
2019-10-29T00:00:00Z,1.65485867
2019-10-28T00:00:00Z,1.61895876
2019-10-27T00:00:00Z,1.68103231
2019-10-26T00:00:00Z,1.62900424
2019-10-25T00:00:00Z,1.53170787
2019-10-24T00:00:00Z,1.31469339
2019-10-23T00:00:00Z,1.31934472
2019-10-22T00:00:00Z,1.41568139
2019-10-21T00:00:00Z,1.44718861
2019-10-20T00:00:00Z,1.44750267
2019-10-19T00:00:00Z,1.39959347
2019-10-18T00:00:00Z,1.40339479
2019-10-17T00:00:00Z,1.42288073
2019-10-16T00:00:00Z,1.4097198
2019-10-15T00:00:00Z,1.43693487
2019-10-14T00:00:00Z,1.46987058
2019-10-13T00:00:00Z,1.46362677
2019-10-12T00:00:00Z,1.46908048
2019-10-11T00:00:00Z,1.4607365
2019-10-10T00:00:00Z,1.5118479
2019-10-09T00:00:00Z,1.51546638
2019-10-08T00:00:00Z,1.44611721
2019-10-07T00:00:00Z,1.44997164
2019-10-06T00:00:00Z,1.39062995
2019-10-05T00:00:00Z,1.43557538
2019-10-04T00:00:00Z,1.44077733
2019-10-03T00:00:00Z,1.4543726
2019-10-02T00:00:00Z,1.47586771
2019-10-01T00:00:00Z,1.46606657
2019-09-30T00:00:00Z,1.45950705
2019-09-29T00:00:00Z,1.4196277
2019-09-28T00:00:00Z,1.44302956
2019-09-27T00:00:00Z,1.43964859
2019-09-26T00:00:00Z,1.41703943
2019-09-25T00:00:00Z,1.47801488
2019-09-24T00:00:00Z,1.49201181
2019-09-23T00:00:00Z,1.69363778
2019-09-22T00:00:00Z,1.75448349
2019-09-21T00:00:00Z,1.74339673
2019-09-20T00:00:00Z,1.77545831
2019-09-19T00:00:00Z,1.7918149
2019-09-18T00:00:00Z,1.77550424
2019-09-17T00:00:00Z,1.78203576
2019-09-16T00:00:00Z,1.79206685
2019-09-15T00:00:00Z,1.80236088
2019-09-14T00:00:00Z,1.80984458
2019-09-13T00:00:00Z,1.81226183
2019-09-12T00:00:00Z,1.82266683
2019-09-11T00:00:00Z,1.77967723
2019-09-10T00:00:00Z,1.77892934
2019-09-09T00:00:00Z,1.81552391
2019-09-08T00:00:00Z,1.82429297
2019-09-07T00:00:00Z,1.84482839
2019-09-06T00:00:00Z,1.81621061
2019-09-05T00:00:00Z,1.87588548
2019-09-04T00:00:00Z,1.8789214
2019-09-03T00:00:00Z,1.89081554
2019-09-02T00:00:00Z,1.84385382
2019-09-01T00:00:00Z,1.73613579
2019-08-31T00:00:00Z,1.71068792
2019-08-30T00:00:00Z,1.70865654
2019-08-29T00:00:00Z,1.69147311
2019-08-28T00:00:00Z,1.73434269
2019-08-27T00:00:00Z,1.81488937
2019-08-26T00:00:00Z,1.84972216
2019-08-25T00:00:00Z,1.8036892
2019-08-24T00:00:00Z,1.80953606
2019-08-23T00:00:00Z,1.85645524
2019-08-22T00:00:00Z,1.81242119
2019-08-21T00:00:00Z,1.81262675
2019-08-20T00:00:00Z,1.92822441
2019-08-19T00:00:00Z,1.95228811
2019-08-18T00:00:00Z,1.85876513
2019-08-17T00:00:00Z,1.83458969
2019-08-16T00:00:00Z,1.86136741
2019-08-15T00:00:00Z,1.85273354
2019-08-14T00:00:00Z,1.79606616
2019-08-13T00:00:00Z,1.95761359
2019-08-12T00:00:00Z,2.05199521
2019-08-11T00:00:00Z,2.08791965
2019-08-10T00:00:00Z,2.04646027
2019-08-09T00:00:00Z,2.14330387
2019-08-08T00:00:00Z,2.17029377
2019-08-07T00:00:00Z,2.16644227
2019-08-06T00:00:00Z,2.08099316
2019-08-05T00:00:00Z,2.15656862
2019-08-04T00:00:00Z,2.00979615
2019-08-03T00:00:00Z,1.98847072
2019-08-02T00:00:00Z,1.93879296
2019-08-01T00:00:00Z,1.91422051
2019-07-31T00:00:00Z,1.85995625
2019-07-30T00:00:00Z,1.76843367
2019-07-29T00:00:00Z,1.76054416
2019-07-28T00:00:00Z,1.79340013
2019-07-27T00:00:00Z,1.7836666
2019-07-26T00:00:00Z,1.84883224
2019-07-25T00:00:00Z,1.8589655
2019-07-24T00:00:00Z,1.84027851
2019-07-23T00:00:00Z,1.8616329
2019-07-22T00:00:00Z,1.95014651
2019-07-21T00:00:00Z,2.00028332
2019-07-20T00:00:00Z,2.03424705
2019-07-19T00:00:00Z,1.98853159
2019-07-18T00:00:00Z,2.02715376
2019-07-17T00:00:00Z,1.8369748
2019-07-16T00:00:00Z,1.81128507
2019-07-15T00:00:00Z,2.06765288
2019-07-14T00:00:00Z,1.93502015
2019-07-13T00:00:00Z,2.15880143
2019-07-12T00:00:00Z,2.24060515
2019-07-11T00:00:00Z,2.15356072
2019-07-10T00:00:00Z,2.31862514
2019-07-09T00:00:00Z,2.41978949
2019-07-08T00:00:00Z,2.37638651
2019-07-07T00:00:00Z,2.2183749
2019-07-06T00:00:00Z,2.18544176
2019-07-05T00:00:00Z,2.13069416
2019-07-04T00:00:00Z,2.17792805
2019-07-03T00:00:00Z,2.33890726
2019-07-02T00:00:00Z,2.12113433
2019-07-01T00:00:00Z,2.08188645
2019-06-30T00:00:00Z,2.13211919
2019-06-29T00:00:00Z,2.35884866
2019-06-28T00:00:00Z,2.4565343
2019-06-27T00:00:00Z,2.22944342
2019-06-26T00:00:00Z,2.6204034
2019-06-25T00:00:00Z,2.40347213
2019-06-24T00:00:00Z,2.25867895
2019-06-23T00:00:00Z,2.23380104
2019-06-22T00:00:00Z,2.21571663
2019-06-21T00:00:00Z,2.10005781
2019-06-20T00:00:00Z,1.98022589
2019-06-19T00:00:00Z,1.93370996
2019-06-18T00:00:00Z,1.89574596
2019-06-17T00:00:00Z,1.95103037
2019-06-16T00:00:00Z,1.88739856
2019-06-15T00:00:00Z,1.8562124
2019-06-14T00:00:00Z,1.82993597
2019-06-13T00:00:00Z,1.73803497
2019-06-12T00:00:00Z,1.71609574
2019-06-11T00:00:00Z,1.67365354
2019-06-10T00:00:00Z,1.69191519
2019-06-09T00:00:00Z,1.62283355
2019-06-08T00:00:00Z,1.6770165
2019-06-07T00:00:00Z,1.69921664
2019-06-06T00:00:00Z,1.65636393
2019-06-05T00:00:00Z,1.66112927
2019-06-04T00:00:00Z,1.63332938
2019-06-03T00:00:00Z,1.72595597
2019-06-02T00:00:00Z,1.85350782
2019-06-01T00:00:00Z,1.80922658
2019-05-31T00:00:00Z,1.82162245
2019-05-30T00:00:00Z,1.76443309
2019-05-29T00:00:00Z,1.84227604
2019-05-28T00:00:00Z,1.88748525
2019-05-27T00:00:00Z,1.91218799
2019-05-26T00:00:00Z,1.88172249
2019-05-25T00:00:00Z,1.74767011
2019-05-24T00:00:00Z,1.74072822
2019-05-23T00:00:00Z,1.71648235
2019-05-22T00:00:00Z,1.68365869
2019-05-21T00:00:00Z,1.73835359
2019-05-20T00:00:00Z,1.73856562
2019-05-19T00:00:00Z,1.8089305
2019-05-18T00:00:00Z,1.5999399
2019-05-17T00:00:00Z,1.62023884
2019-05-16T00:00:00Z,1.72307404
2019-05-15T00:00:00Z,1.81586984
2019-05-14T00:00:00Z,1.79431418
2019-05-13T00:00:00Z,1.75095405
2019-05-12T00:00:00Z,1.57411222
2019-05-11T00:00:00Z,1.64288338
2019-05-10T00:00:00Z,1.4486453
2019-05-09T00:00:00Z,1.40804972
2019-05-08T00:00:00Z,1.3623746
2019-05-07T00:00:00Z,1.34071481
2019-05-06T00:00:00Z,1.31170951
2019-05-05T00:00:00Z,1.31759145
2019-05-04T00:00:00Z,1.33373585
2019-05-03T00:00:00Z,1.32020832
2019-05-02T00:00:00Z,1.25988036
2019-05-01T00:00:00Z,1.23304679
2019-04-30T00:00:00Z,1.21577206
2019-04-29T00:00:00Z,1.19658555
2019-04-28T00:00:00Z,1.20733026
2019-04-27T00:00:00Z,1.21650549
2019-04-26T00:00:00Z,1.21204123
2019-04-25T00:00:00Z,1.18631333
2019-04-24T00:00:00Z,1.23227716
2019-04-23T00:00:00Z,1.2614001
2019-04-22T00:00:00Z,1.22330753
2019-04-21T00:00:00Z,1.20572252
2019-04-20T00:00:00Z,1.21012294
2019-04-19T00:00:00Z,1.20242493
2019-04-18T00:00:00Z,1.20668297
2019-04-17T00:00:00Z,1.1938066
2019-04-16T00:00:00Z,1.19188097
2019-04-15T00:00:00Z,1.15540222
2019-04-14T00:00:00Z,1.17762408
2019-04-13T00:00:00Z,1.1588476
2019-04-12T00:00:00Z,1.15936568
2019-04-11T00:00:00Z,1.15585449
2019-04-10T00:00:00Z,1.21728322
2019-04-09T00:00:00Z,1.18489904
2019-04-08T00:00:00Z,1.21147013
2019-04-07T00:00:00Z,1.19137229
2019-04-06T00:00:00Z,1.15942261
2019-04-05T00:00:00Z,1.15218872
2019-04-04T00:00:00Z,1.12698613
2019-04-03T00:00:00Z,1.1414514
2019-04-02T00:00:00Z,1.12476218
2019-04-01T00:00:00Z,0.95856096
2019-03-31T00:00:00Z,0.94951724
2019-03-30T00:00:00Z,0.94819154
2019-03-29T00:00:00Z,0.94709603
2019-03-28T00:00:00Z,0.93085335
2019-03-27T00:00:00Z,0.93449528
2019-03-26T00:00:00Z,0.9119784
2019-03-25T00:00:00Z,0.90813812
2019-03-24T00:00:00Z,0.92206728
2019-03-23T00:00:00Z,0.92496037
2019-03-22T00:00:00Z,0.92162764
2019-03-21T00:00:00Z,0.9192091
2019-03-20T00:00:00Z,0.93304505
2019-03-19T00:00:00Z,0.92615222
2019-03-18T00:00:00Z,0.91898659
2019-03-17T00:00:00Z,0.91891983
2019-03-16T00:00:00Z,0.92401893
2019-03-15T00:00:00Z,0.90353072
2019-03-14T00:00:00Z,0.89321072
2019-03-13T00:00:00Z,0.89145644
2019-03-12T00:00:00Z,0.8931557
2019-03-11T00:00:00Z,0.89116752
2019-03-10T00:00:00Z,0.90249858
2019-03-09T00:00:00Z,0.90522798
2019-03-08T00:00:00Z,0.88874345
2019-03-07T00:00:00Z,0.89139671
2019-03-06T00:00:00Z,0.88853311
2019-03-05T00:00:00Z,0.8863262
2019-03-04T00:00:00Z,0.85491051
2019-03-03T00:00:00Z,0.87410803
2019-03-02T00:00:00Z,0.87724437
2019-03-01T00:00:00Z,0.87970209
2019-02-28T00:00:00Z,0.8748762
2019-02-27T00:00:00Z,0.87499092
2019-02-26T00:00:00Z,0.87239801
2019-02-25T00:00:00Z,0.87879827
2019-02-24T00:00:00Z,0.86882523
2019-02-23T00:00:00Z,0.94250394
2019-02-22T00:00:00Z,0.90525044
2019-02-21T00:00:00Z,0.89751135
2019-02-20T00:00:00Z,0.90942905
2019-02-19T00:00:00Z,0.89448442
2019-02-18T00:00:00Z,0.89148783
2019-02-17T00:00:00Z,0.83786639
2019-02-16T00:00:00Z,0.82475992
2019-02-15T00:00:00Z,0.82264294
2019-02-14T00:00:00Z,0.81903825
2019-02-13T00:00:00Z,0.82296772
2019-02-12T00:00:00Z,0.82613999
2019-02-11T00:00:00Z,0.82657134
2019-02-10T00:00:00Z,0.83449058
2019-02-09T00:00:00Z,0.83204803
2019-02-08T00:00:00Z,0.83087646
2019-02-07T00:00:00Z,0.77114681
2019-02-06T00:00:00Z,0.77189119
2019-02-05T00:00:00Z,0.78370289
2019-02-04T00:00:00Z,0.78402669
2019-02-03T00:00:00Z,0.78119665
2019-02-02T00:00:00Z,0.79325145
2019-02-01T00:00:00Z,0.78396051
2019-01-31T00:00:00Z,0.77701303
2019-01-30T00:00:00Z,0.78229697
2019-01-29T00:00:00Z,0.76984721
2019-01-28T00:00:00Z,0.775399
2019-01-27T00:00:00Z,0.79878157
2019-01-26T00:00:00Z,0.8036368
2019-01-25T00:00:00Z,0.80353564
2019-01-24T00:00:00Z,0.80258908
2019-01-23T00:00:00Z,0.79943687
2019-01-22T00:00:00Z,0.80350066
2019-01-21T00:00:00Z,0.79221576
2019-01-20T00:00:00Z,0.79309885
2019-01-19T00:00:00Z,0.82472854
2019-01-18T00:00:00Z,0.80639381
2019-01-17T00:00:00Z,0.81122891
2019-01-16T00:00:00Z,0.808944
2019-01-15T00:00:00Z,0.79727636
2019-01-14T00:00:00Z,0.81821025
2019-01-13T00:00:00Z,0.78095696
2019-01-12T00:00:00Z,0.8029205
2019-01-11T00:00:00Z,0.80711531
2019-01-10T00:00:00Z,0.79889928
2019-01-09T00:00:00Z,0.88159977
2019-01-08T00:00:00Z,0.87540746
2019-01-07T00:00:00Z,0.88149486
2019-01-06T00:00:00Z,0.88561594
2019-01-05T00:00:00Z,0.8350545
2019-01-04T00:00:00Z,0.83887188
2019-01-03T00:00:00Z,0.83459986
2019-01-02T00:00:00Z,0.85393768
2019-01-01T00:00:00Z,0.83507466
2018-12-31T00:00:00Z,0.81378096
2018-12-30T00:00:00Z,0.83793795
2018-12-29T00:00:00Z,0.83295568
2018-12-28T00:00:00Z,0.84294151
2018-12-27T00:00:00Z,0.78206573
2018-12-26T00:00:00Z,0.83140408
2018-12-25T00:00:00Z,0.8156628
2018-12-24T00:00:00Z,0.88298553
2018-12-23T00:00:00Z,0.85974897
2018-12-22T00:00:00Z,0.86327091
2018-12-21T00:00:00Z,0.83771609
2018-12-20T00:00:00Z,0.88265057
2018-12-19T00:00:00Z,0.80094282
2018-12-18T00:00:00Z,0.79476477
2018-12-17T00:00:00Z,0.76200345
2018-12-16T00:00:00Z,0.69638498
2018-12-15T00:00:00Z,0.69109504
2018-12-14T00:00:00Z,0.69696497
2018-12-13T00:00:00Z,0.71200927
2018-12-12T00:00:00Z,0.74270482
2018-12-11T00:00:00Z,0.7271603
2018-12-10T00:00:00Z,0.73600956
2018-12-09T00:00:00Z,0.75870054
2018-12-08T00:00:00Z,0.73035321
2018-12-07T00:00:00Z,0.7208921
2018-12-06T00:00:00Z,0.73991552
2018-12-05T00:00:00Z,0.79074419
2018-12-04T00:00:00Z,0.8222061
2018-12-03T00:00:00Z,0.815539
2018-12-02T00:00:00Z,0.87326751
2018-12-01T00:00:00Z,0.88458337
2018-11-30T00:00:00Z,0.84840751
2018-11-29T00:00:00Z,0.89903856
2018-11-28T00:00:00Z,0.89794824
2018-11-27T00:00:00Z,0.80954307
2018-11-26T00:00:00Z,0.80123795
2018-11-25T00:00:00Z,0.84220304
2018-11-24T00:00:00Z,0.81508906
2018-11-23T00:00:00Z,0.91589854
2018-11-22T00:00:00Z,0.89771777
2018-11-21T00:00:00Z,0.95705239
2018-11-20T00:00:00Z,0.91984313
2018-11-19T00:00:00Z,0.99874496
2018-11-18T00:00:00Z,1.14488955
2018-11-17T00:00:00Z,1.14503415
2018-11-16T00:00:00Z,1.144525
2018-11-15T00:00:00Z,1.15575979
2018-11-14T00:00:00Z,1.1638674
2018-11-13T00:00:00Z,1.28634372
2018-11-12T00:00:00Z,1.29870766
2018-11-11T00:00:00Z,1.29452891
2018-11-10T00:00:00Z,1.29830789
2018-11-09T00:00:00Z,1.29321197
2018-11-08T00:00:00Z,1.30938772
2018-11-07T00:00:00Z,1.32945295
2018-11-06T00:00:00Z,1.31144267
2018-11-05T00:00:00Z,1.30349944
2018-11-04T00:00:00Z,1.30043912
2018-11-03T00:00:00Z,1.29028244
2018-11-02T00:00:00Z,1.29209105
2018-11-01T00:00:00Z,1.29155292
2018-10-31T00:00:00Z,1.28180505
2018-10-30T00:00:00Z,1.27636412
2018-10-29T00:00:00Z,1.27756745
2018-10-28T00:00:00Z,1.30772148
2018-10-27T00:00:00Z,1.30407117
2018-10-26T00:00:00Z,1.31004611
2018-10-25T00:00:00Z,1.31260958
2018-10-24T00:00:00Z,1.31445822
2018-10-23T00:00:00Z,1.30893627
2018-10-22T00:00:00Z,1.30791729
2018-10-21T00:00:00Z,1.32582103
2018-10-20T00:00:00Z,1.31321337
2018-10-19T00:00:00Z,1.30938857
2018-10-18T00:00:00Z,1.31631153
2018-10-17T00:00:00Z,1.34002318
2018-10-16T00:00:00Z,1.35018937
2018-10-15T00:00:00Z,1.34143708
2018-10-14T00:00:00Z,1.25025432
2018-10-13T00:00:00Z,1.26130196
2018-10-12T00:00:00Z,1.25309325
2018-10-11T00:00:00Z,1.24564275
2018-10-10T00:00:00Z,1.31856411
2018-10-09T00:00:00Z,1.31752943
2018-10-08T00:00:00Z,1.32858026
2018-10-07T00:00:00Z,1.31670091
2018-10-06T00:00:00Z,1.31449203
2018-10-05T00:00:00Z,1.32215158
2018-10-04T00:00:00Z,1.31019948
2018-10-03T00:00:00Z,1.29462782
2018-10-02T00:00:00Z,1.3020088
2018-10-01T00:00:00Z,1.31174286
2018-09-30T00:00:00Z,1.31447282
2018-09-29T00:00:00Z,1.31261299
2018-09-28T00:00:00Z,1.32109086
2018-09-27T00:00:00Z,1.32833551
2018-09-26T00:00:00Z,1.28609297
2018-09-25T00:00:00Z,1.28117983
2018-09-24T00:00:00Z,1.30694755
2018-09-23T00:00:00Z,1.33211557
2018-09-22T00:00:00Z,1.33488767
2018-09-21T00:00:00Z,1.34120108
2018-09-20T00:00:00Z,1.2878939
2018-09-19T00:00:00Z,1.26693234
2018-09-18T00:00:00Z,1.25707615
2018-09-17T00:00:00Z,1.23815502
2018-09-16T00:00:00Z,1.28742366
2018-09-15T00:00:00Z,1.29200731
2018-09-14T00:00:00Z,1.28521518
2018-09-13T00:00:00Z,1.28202251
2018-09-12T00:00:00Z,1.2534465
2018-09-11T00:00:00Z,1.24254833
2018-09-10T00:00:00Z,1.24471364
2018-09-09T00:00:00Z,1.23232037
2018-09-08T00:00:00Z,1.22006868
2018-09-07T00:00:00Z,1.26133734
2018-09-06T00:00:00Z,1.28075445
2018-09-05T00:00:00Z,1.31542617
2018-09-04T00:00:00Z,1.44551898
2018-09-03T00:00:00Z,1.42925337
2018-09-02T00:00:00Z,1.43547298
2018-09-01T00:00:00Z,1.41877593
2018-08-31T00:00:00Z,1.38033581
2018-08-30T00:00:00Z,1.37537432
2018-08-29T00:00:00Z,1.38385755
2018-08-28T00:00:00Z,1.39434402
2018-08-27T00:00:00Z,1.36244856
2018-08-26T00:00:00Z,1.3238067
2018-08-25T00:00:00Z,1.32999254
2018-08-24T00:00:00Z,1.32140097
2018-08-23T00:00:00Z,1.28985688
2018-08-22T00:00:00Z,1.25659893
2018-08-21T00:00:00Z,1.28141463
2018-08-20T00:00:00Z,1.23901358
2018-08-19T00:00:00Z,1.27976083
2018-08-18T00:00:00Z,1.26226535
2018-08-17T00:00:00Z,1.30098967
2018-08-16T00:00:00Z,1.24703769
2018-08-15T00:00:00Z,1.23426993
2018-08-14T00:00:00Z,1.22154829
2018-08-13T00:00:00Z,1.23242459
2018-08-12T00:00:00Z,1.24314531
2018-08-11T00:00:00Z,1.24605751
2018-08-10T00:00:00Z,1.2093381
2018-08-09T00:00:00Z,1.28463858
2018-08-08T00:00:00Z,1.23108009
2018-08-07T00:00:00Z,1.31786106
2018-08-06T00:00:00Z,1.3567347
2018-08-05T00:00:00Z,1.37374757
2018-08-04T00:00:00Z,1.37084476
2018-08-03T00:00:00Z,1.45160563
2018-08-02T00:00:00Z,1.47106997
2018-08-01T00:00:00Z,1.48240574
2018-07-31T00:00:00Z,1.51522067
2018-07-30T00:00:00Z,1.59624298
2018-07-29T00:00:00Z,1.60608253
2018-07-28T00:00:00Z,1.6019496
2018-07-27T00:00:00Z,1.59811992
2018-07-26T00:00:00Z,1.549977
2018-07-25T00:00:00Z,1.60424428
2018-07-24T00:00:00Z,1.64983055
2018-07-23T00:00:00Z,1.51375304
2018-07-22T00:00:00Z,1.45565125
2018-07-21T00:00:00Z,1.45587511
2018-07-20T00:00:00Z,1.44142631
2018-07-19T00:00:00Z,1.46936348
2018-07-18T00:00:00Z,1.44551204
2018-07-17T00:00:00Z,1.44215218
2018-07-16T00:00:00Z,1.32464457
2018-07-15T00:00:00Z,1.25127574
2018-07-14T00:00:00Z,1.23209417
2018-07-13T00:00:00Z,1.22316653
2018-07-12T00:00:00Z,1.20446833
2018-07-11T00:00:00Z,1.25412701
2018-07-10T00:00:00Z,1.23755891
2018-07-09T00:00:00Z,1.306742
2018-07-08T00:00:00Z,1.31635141
2018-07-07T00:00:00Z,1.32503193
2018-07-06T00:00:00Z,1.29521987
2018-07-05T00:00:00Z,1.28286912
2018-07-04T00:00:00Z,1.2878245
2018-07-03T00:00:00Z,1.27433821
2018-07-02T00:00:00Z,1.29480307
2018-07-01T00:00:00Z,1.24441259
2018-06-30T00:00:00Z,1.25031216
2018-06-29T00:00:00Z,1.20830986
2018-06-28T00:00:00Z,1.14270339
2018-06-27T00:00:00Z,1.19582426
2018-06-26T00:00:00Z,1.17263859
2018-06-25T00:00:00Z,1.2066574
2018-06-24T00:00:00Z,1.18363736
2018-06-23T00:00:00Z,1.18723183
2018-06-22T00:00:00Z,1.1637534
2018-06-21T00:00:00Z,1.29135347
2018-06-20T00:00:00Z,1.29796717
2018-06-19T00:00:00Z,1.2944124
2018-06-18T00:00:00Z,1.28768599
2018-06-17T00:00:00Z,1.23628653
2018-06-16T00:00:00Z,1.24483954
2018-06-15T00:00:00Z,1.22956338
2018-06-14T00:00:00Z,1.27022387
2018-06-13T00:00:00Z,1.20368879
2018-06-12T00:00:00Z,1.24806694
2018-06-11T00:00:00Z,1.30882945
2018-06-10T00:00:00Z,1.28377067
2018-06-09T00:00:00Z,1.43843231
2018-06-08T00:00:00Z,1.44286318
2018-06-07T00:00:00Z,1.45621337
2018-06-06T00:00:00Z,1.45053697
2018-06-05T00:00:00Z,1.44324754
2018-06-04T00:00:00Z,1.41746452
2018-06-03T00:00:00Z,1.45746913
2018-06-02T00:00:00Z,1.44599447
2018-06-01T00:00:00Z,1.42282159
2018-05-31T00:00:00Z,1.4163235
2018-05-30T00:00:00Z,1.39647754
2018-05-29T00:00:00Z,1.40815084
2018-05-28T00:00:00Z,1.34113386
2018-05-27T00:00:00Z,1.38356841
2018-05-26T00:00:00Z,1.38189818
2018-05-25T00:00:00Z,1.39921375
2018-05-24T00:00:00Z,1.42045495
2018-05-23T00:00:00Z,1.41731765
2018-05-22T00:00:00Z,1.50584977
2018-05-21T00:00:00Z,1.57443203
2018-05-20T00:00:00Z,1.60180985
2018-05-19T00:00:00Z,1.5478492
2018-05-18T00:00:00Z,1.54675577
2018-05-17T00:00:00Z,1.50871735
2018-05-16T00:00:00Z,1.56810025
2018-05-15T00:00:00Z,1.59775019
2018-05-14T00:00:00Z,1.63240703
2018-05-13T00:00:00Z,1.64441115
2018-05-12T00:00:00Z,1.60051266
2018-05-11T00:00:00Z,1.58757546
2018-05-10T00:00:00Z,1.70801102
2018-05-09T00:00:00Z,1.76231342
2018-05-08T00:00:00Z,1.74669838
2018-05-07T00:00:00Z,1.77329456
2018-05-06T00:00:00Z,1.8305574
2018-05-05T00:00:00Z,1.86615918
2018-05-04T00:00:00Z,1.84409199
2018-05-03T00:00:00Z,1.85010566
2018-05-02T00:00:00Z,1.75636447
2018-05-01T00:00:00Z,1.73229766
2018-04-30T00:00:00Z,1.75721935
2018-04-29T00:00:00Z,1.79598565
2018-04-28T00:00:00Z,1.7837225
2018-04-27T00:00:00Z,1.70330449
2018-04-26T00:00:00Z,1.76628968
2018-04-25T00:00:00Z,1.70245866
2018-04-24T00:00:00Z,1.85268841
2018-04-23T00:00:00Z,1.71602408
2018-04-22T00:00:00Z,1.69075154
2018-04-21T00:00:00Z,1.70170903
2018-04-20T00:00:00Z,1.70670332
2018-04-19T00:00:00Z,1.59923221
2018-04-18T00:00:00Z,1.57862716
2018-04-17T00:00:00Z,1.52763501
2018-04-16T00:00:00Z,1.55946504
2018-04-15T00:00:00Z,1.61687464
2018-04-14T00:00:00Z,1.55438132
2018-04-13T00:00:00Z,1.53375557
2018-04-12T00:00:00Z,1.53668886
2018-04-11T00:00:00Z,1.34795039
2018-04-10T00:00:00Z,1.32425695
2018-04-09T00:00:00Z,1.31510789
2018-04-08T00:00:00Z,1.35372602
2018-04-07T00:00:00Z,1.32900137
2018-04-06T00:00:00Z,1.27501301
2018-04-05T00:00:00Z,1.31176106
2018-04-04T00:00:00Z,1.30770311
2018-04-03T00:00:00Z,1.42469218
2018-04-02T00:00:00Z,1.35022063
2018-04-01T00:00:00Z,1.30496857
2018-03-31T00:00:00Z,1.32764384
2018-03-30T00:00:00Z,1.31352128
2018-03-29T00:00:00Z,1.35847102
2018-03-28T00:00:00Z,1.51329913
2018-03-27T00:00:00Z,1.47702011
2018-03-26T00:00:00Z,1.54700566
2018-03-25T00:00:00Z,1.59467973
2018-03-24T00:00:00Z,1.62911524
2018-03-23T00:00:00Z,1.68364027
2018-03-22T00:00:00Z,1.64631418
2018-03-21T00:00:00Z,1.67899135
2018-03-20T00:00:00Z,1.68028784
2018-03-19T00:00:00Z,1.61059422
2018-03-18T00:00:00Z,1.54704335
2018-03-17T00:00:00Z,1.4790755
2018-03-16T00:00:00Z,1.56622553
2018-03-15T00:00:00Z,1.55256486
2018-03-14T00:00:00Z,1.53998867
2018-03-13T00:00:00Z,1.72122493
2018-03-12T00:00:00Z,1.7136835
2018-03-11T00:00:00Z,1.78648114
2018-03-10T00:00:00Z,1.64371475
2018-03-09T00:00:00Z,1.74515047
2018-03-08T00:00:00Z,1.73438549
2018-03-07T00:00:00Z,1.83231731
2018-03-06T00:00:00Z,1.98731255
2018-03-05T00:00:00Z,2.11366766
2018-03-04T00:00:00Z,2.14171472
2018-03-03T00:00:00Z,2.13488066
2018-03-02T00:00:00Z,2.05800768
2018-03-01T00:00:00Z,2.04068954
2018-02-28T00:00:00Z,1.93222043
2018-02-27T00:00:00Z,1.99213594
2018-02-26T00:00:00Z,1.9337245
2018-02-25T00:00:00Z,1.79552141
2018-02-24T00:00:00Z,1.82223977
2018-02-23T00:00:00Z,1.91918643
2018-02-22T00:00:00Z,1.85968029
2018-02-21T00:00:00Z,1.99400073
2018-02-20T00:00:00Z,2.13176392
2018-02-19T00:00:00Z,2.13850668
2018-02-18T00:00:00Z,2.01376634
2018-02-17T00:00:00Z,2.12148104
2018-02-16T00:00:00Z,1.96622461
2018-02-15T00:00:00Z,1.94471011
2018-02-14T00:00:00Z,1.83613876
2018-02-13T00:00:00Z,1.64978551
2018-02-12T00:00:00Z,1.72574914
2018-02-11T00:00:00Z,1.56414984
2018-02-10T00:00:00Z,1.65506862
2018-02-09T00:00:00Z,1.68627718
2018-02-08T00:00:00Z,1.59089805
2018-02-07T00:00:00Z,1.47988471
2018-02-06T00:00:00Z,1.50828919
2018-02-05T00:00:00Z,1.33041003
2018-02-04T00:00:00Z,1.56615141
2018-02-03T00:00:00Z,1.73678028
2018-02-02T00:00:00Z,1.68225825
2018-02-01T00:00:00Z,1.71563864
2018-01-31T00:00:00Z,1.90235364
2018-01-30T00:00:00Z,1.88152588
2018-01-29T00:00:00Z,2.09148627
2018-01-28T00:00:00Z,2.20335395
2018-01-27T00:00:00Z,2.16073413
2018-01-26T00:00:00Z,2.09121373
2018-01-25T00:00:00Z,2.09961431
2018-01-24T00:00:00Z,2.11780923
2018-01-23T00:00:00Z,2.04178635
2018-01-22T00:00:00Z,2.0082848
2018-01-21T00:00:00Z,2.13948772
2018-01-20T00:00:00Z,2.39991172
2018-01-19T00:00:00Z,2.16371282
2018-01-18T00:00:00Z,2.10378046
2018-01-17T00:00:00Z,2.06253485
2018-01-16T00:00:00Z,2.10775368
2018-01-15T00:00:00Z,2.52951362
2018-01-14T00:00:00Z,2.54290381
2018-01-13T00:00:00Z,2.6541857
2018-01-12T00:00:00Z,2.59144808
2018-01-11T00:00:00Z,2.51094166
2018-01-10T00:00:00Z,2.8005417
2018-01-09T00:00:00Z,2.72818292
2018-01-08T00:00:00Z,2.84746083
2018-01-07T00:00:00Z,3.08347748
2018-01-06T00:00:00Z,3.30851656
2018-01-05T00:00:00Z,3.31687277
2018-01-04T00:00:00Z,3.00222337
2018-01-03T00:00:00Z,3.0171694
2018-01-02T00:00:00Z,2.98378923
2018-01-01T00:00:00Z,2.72269827
2017-12-31T00:00:00Z,2.81493114
2017-12-30T00:00:00Z,2.55613441
2017-12-29T00:00:00Z,2.95002954
2017-12-28T00:00:00Z,2.9000156
2017-12-27T00:00:00Z,3.18833876
2017-12-26T00:00:00Z,3.27410328
2017-12-25T00:00:00Z,2.93405108
2017-12-24T00:00:00Z,2.84301855
2017-12-23T00:00:00Z,3.01305301
2017-12-22T00:00:00Z,2.93639177
2017-12-21T00:00:00Z,3.29453983
2017-12-20T00:00:00Z,3.54079724
2017-12-19T00:00:00Z,3.86314602
2017-12-18T00:00:00Z,4.17788592
2017-12-17T00:00:00Z,4.30198156
2017-12-16T00:00:00Z,4.47312681
2017-12-15T00:00:00Z,4.11004626
2017-12-14T00:00:00Z,3.93990814
2017-12-13T00:00:00Z,3.93105105
2017-12-12T00:00:00Z,4.25965339
2017-12-11T00:00:00Z,4.29648181
2017-12-10T00:00:00Z,3.98926708
2017-12-09T00:00:00Z,3.9208109
2017-12-08T00:00:00Z,4.36131389
2017-12-07T00:00:00Z,4.88431455
2017-12-06T00:00:00Z,4.20938831
2017-12-05T00:00:00Z,3.65484441
2017-12-04T00:00:00Z,3.68612348
2017-12-03T00:00:00Z,3.61489884
2017-12-02T00:00:00Z,3.55767321
2017-12-01T00:00:00Z,3.57763393
2017-11-30T00:00:00Z,3.35581137
2017-11-29T00:00:00Z,3.32398581
2017-11-28T00:00:00Z,3.44090292
2017-11-27T00:00:00Z,3.46027148
2017-11-26T00:00:00Z,3.35879198
2017-11-25T00:00:00Z,3.22507128
2017-11-24T00:00:00Z,3.06195866
2017-11-23T00:00:00Z,3.03560839
2017-11-22T00:00:00Z,3.12531706
2017-11-21T00:00:00Z,3.07689315
2017-11-20T00:00:00Z,3.19045821
2017-11-19T00:00:00Z,3.14962146
2017-11-18T00:00:00Z,3.07998426
2017-11-17T00:00:00Z,3.07529605
2017-11-16T00:00:00Z,3.16808601
2017-11-15T00:00:00Z,3.00381967
2017-11-14T00:00:00Z,2.744643
2017-11-13T00:00:00Z,2.73531063
2017-11-12T00:00:00Z,2.47803475
2017-11-11T00:00:00Z,2.73410121
2017-11-10T00:00:00Z,2.87057418
2017-11-09T00:00:00Z,3.12643742
2017-11-08T00:00:00Z,3.30806819
2017-11-07T00:00:00Z,3.178907
2017-11-06T00:00:00Z,3.15095677
2017-11-05T00:00:00Z,3.35051232
2017-11-04T00:00:00Z,3.40573851
2017-11-03T00:00:00Z,3.32355871
2017-11-02T00:00:00Z,3.3032633
2017-11-01T00:00:00Z,3.21118881
2017-10-31T00:00:00Z,3.09894168
2017-10-30T00:00:00Z,2.97279318
2017-10-29T00:00:00Z,3.01801431
2017-10-28T00:00:00Z,2.82369768
2017-10-27T00:00:00Z,2.82952879
2017-10-26T00:00:00Z,2.91746689
2017-10-25T00:00:00Z,2.85470659
2017-10-24T00:00:00Z,2.75421284
2017-10-23T00:00:00Z,2.97117658
2017-10-22T00:00:00Z,3.06840415
2017-10-21T00:00:00Z,3.11417008
2017-10-20T00:00:00Z,3.12618444
2017-10-19T00:00:00Z,2.98531941
2017-10-18T00:00:00Z,2.94157207
2017-10-17T00:00:00Z,2.97534364
2017-10-16T00:00:00Z,3.07721617
2017-10-15T00:00:00Z,3.0729361
2017-10-14T00:00:00Z,3.14628666
2017-10-13T00:00:00Z,3.07620522
2017-10-12T00:00:00Z,3.01614811
2017-10-11T00:00:00Z,2.6951926
2017-10-10T00:00:00Z,2.66642696
2017-10-09T00:00:00Z,2.70504979
2017-10-08T00:00:00Z,2.6318621
2017-10-07T00:00:00Z,2.54192269
2017-10-06T00:00:00Z,2.51570305
2017-10-05T00:00:00Z,2.49788415
2017-10-04T00:00:00Z,2.45475374
2017-10-03T00:00:00Z,2.51104466
2017-10-02T00:00:00Z,2.5696931
2017-10-01T00:00:00Z,2.57259913
2017-09-30T00:00:00Z,2.55238471
2017-09-29T00:00:00Z,2.46747988
2017-09-28T00:00:00Z,2.49063261
2017-09-27T00:00:00Z,2.50780077
2017-09-26T00:00:00Z,2.33114216
2017-09-25T00:00:00Z,2.35751681
2017-09-24T00:00:00Z,2.22832312
2017-09-23T00:00:00Z,2.3000738
2017-09-22T00:00:00Z,2.1929589
2017-09-21T00:00:00Z,2.19874639
2017-09-20T00:00:00Z,2.36872682
2017-09-19T00:00:00Z,2.40089719
2017-09-18T00:00:00Z,2.490568
2017-09-17T00:00:00Z,2.27209464
2017-09-16T00:00:00Z,2.28496396
2017-09-15T00:00:00Z,2.27824171
2017-09-14T00:00:00Z,1.99747605
2017-09-13T00:00:00Z,2.36266352
2017-09-12T00:00:00Z,2.54343059
2017-09-11T00:00:00Z,2.57461264
2017-09-10T00:00:00Z,2.60701558
2017-09-09T00:00:00Z,2.66827382
2017-09-08T00:00:00Z,2.66689343
2017-09-07T00:00:00Z,2.8579984
2017-09-06T00:00:00Z,2.88207526
2017-09-05T00:00:00Z,2.77833896
2017-09-04T00:00:00Z,2.72088351
2017-09-03T00:00:00Z,2.94079725
2017-09-02T00:00:00Z,2.89464041
2017-09-01T00:00:00Z,3.15758329
2017-08-31T00:00:00Z,3.07847244
2017-08-30T00:00:00Z,3.02098324
2017-08-29T00:00:00Z,3.05486703
2017-08-28T00:00:00Z,2.94762116
2017-08-27T00:00:00Z,2.94618906
2017-08-26T00:00:00Z,2.9601647
2017-08-25T00:00:00Z,2.97678591
2017-08-24T00:00:00Z,2.98625018
2017-08-23T00:00:00Z,2.87204798
2017-08-22T00:00:00Z,2.86188462
2017-08-21T00:00:00Z,2.81492506
2017-08-20T00:00:00Z,2.92302859
2017-08-19T00:00:00Z,2.97943694
2017-08-18T00:00:00Z,2.9835127
2017-08-17T00:00:00Z,3.14336877
2017-08-16T00:00:00Z,3.26852163
2017-08-15T00:00:00Z,3.13208124
2017-08-14T00:00:00Z,3.28959425
2017-08-13T00:00:00Z,3.14998617
2017-08-12T00:00:00Z,3.03787817
2017-08-11T00:00:00Z,2.90910997
2017-08-10T00:00:00Z,2.75053917
2017-08-09T00:00:00Z,2.7083795
2017-08-08T00:00:00Z,2.80051118
2017-08-07T00:00:00Z,2.82912203
2017-08-06T00:00:00Z,2.73558924
2017-08-05T00:00:00Z,2.82910083
2017-08-04T00:00:00Z,2.52920401
2017-08-03T00:00:00Z,2.52538668
2017-08-02T00:00:00Z,2.47310252
2017-08-01T00:00:00Z,2.5201973
2017-07-31T00:00:00Z,2.6790146
2017-07-30T00:00:00Z,2.63836334
2017-07-29T00:00:00Z,2.66545729
2017-07-28T00:00:00Z,2.79455058
2017-07-27T00:00:00Z,2.70537285
2017-07-26T00:00:00Z,2.58786403
2017-07-25T00:00:00Z,2.64066961
2017-07-24T00:00:00Z,2.86706868
2017-07-23T00:00:00Z,2.87024239
2017-07-22T00:00:00Z,2.9721425
2017-07-21T00:00:00Z,2.81540897
2017-07-20T00:00:00Z,3.00849368
2017-07-19T00:00:00Z,2.42091495
2017-07-18T00:00:00Z,2.47439703
2017-07-17T00:00:00Z,2.38987132
2017-07-16T00:00:00Z,2.05761779
2017-07-15T00:00:00Z,2.152016
2017-07-14T00:00:00Z,2.38344576
2017-07-13T00:00:00Z,2.51327076
2017-07-12T00:00:00Z,2.56097124
2017-07-11T00:00:00Z,2.50307802
2017-07-10T00:00:00Z,2.52545403
2017-07-09T00:00:00Z,2.69437409
2017-07-08T00:00:00Z,2.75170624
2017-07-07T00:00:00Z,2.65855657
2017-07-06T00:00:00Z,2.82833946
2017-07-05T00:00:00Z,2.85407033
2017-07-04T00:00:00Z,2.84481565
2017-07-03T00:00:00Z,2.79474576
2017-07-02T00:00:00Z,2.78528175
2017-07-01T00:00:00Z,2.61903751
2017-06-30T00:00:00Z,2.72380988
2017-06-29T00:00:00Z,2.78072459
2017-06-28T00:00:00Z,2.86774667
2017-06-27T00:00:00Z,2.88552333
2017-06-26T00:00:00Z,2.73093898
2017-06-25T00:00:00Z,2.80775323
2017-06-24T00:00:00Z,2.865262
2017-06-23T00:00:00Z,3.06063145
2017-06-22T00:00:00Z,3.06485526
2017-06-21T00:00:00Z,3.03562835
2017-06-20T00:00:00Z,3.12082113
2017-06-19T00:00:00Z,3.01121442
2017-06-18T00:00:00Z,2.94250677
2017-06-17T00:00:00Z,3.12280608
2017-06-16T00:00:00Z,2.93633827
2017-06-15T00:00:00Z,2.84966713
2017-06-14T00:00:00Z,2.89864776
2017-06-13T00:00:00Z,3.23276578
2017-06-12T00:00:00Z,3.23260057
2017-06-11T00:00:00Z,3.65518058
2017-06-10T00:00:00Z,3.60283823
2017-06-09T00:00:00Z,3.5209766
2017-06-08T00:00:00Z,3.54223028
2017-06-07T00:00:00Z,3.41493297
2017-06-06T00:00:00Z,3.66781718
2017-06-05T00:00:00Z,3.4946152
2017-06-04T00:00:00Z,3.31927014
2017-06-03T00:00:00Z,3.32132933
2017-06-02T00:00:00Z,3.28704926
2017-06-01T00:00:00Z,3.23148359
2017-05-31T00:00:00Z,3.10054699
2017-05-30T00:00:00Z,2.98540539
2017-05-29T00:00:00Z,3.10332074
2017-05-28T00:00:00Z,3.06625701
2017-05-27T00:00:00Z,2.76565472
2017-05-26T00:00:00Z,3.16729367
2017-05-25T00:00:00Z,3.20006158
2017-05-24T00:00:00Z,3.51242008
2017-05-23T00:00:00Z,3.33311951
2017-05-22T00:00:00Z,3.08556465
2017-05-21T00:00:00Z,3.10642314
2017-05-20T00:00:00Z,3.16343312
2017-05-19T00:00:00Z,3.03756105
2017-05-18T00:00:00Z,2.98914423
2017-05-17T00:00:00Z,2.87215941
2017-05-16T00:00:00Z,2.81064683
2017-05-15T00:00:00Z,2.7740507
2017-05-14T00:00:00Z,2.86445707
2017-05-13T00:00:00Z,2.88263107
2017-05-12T00:00:00Z,2.73555774
2017-05-11T00:00:00Z,2.97598901
2017-05-10T00:00:00Z,2.92482016
2017-05-09T00:00:00Z,2.87105021
2017-05-08T00:00:00Z,2.83388968
2017-05-07T00:00:00Z,2.71883368
2017-05-06T00:00:00Z,2.69515126
2017-05-05T00:00:00Z,2.60430026
2017-05-04T00:00:00Z,2.66622437
2017-05-03T00:00:00Z,2.6929831
2017-05-02T00:00:00Z,2.57719129
2017-05-01T00:00:00Z,2.60523902
2017-04-30T00:00:00Z,2.438643
2017-04-29T00:00:00Z,2.44637613
2017-04-28T00:00:00Z,2.41612771
2017-04-27T00:00:00Z,2.4072119
2017-04-26T00:00:00Z,2.40998679
2017-04-25T00:00:00Z,2.35685824
2017-04-24T00:00:00Z,2.36157122
2017-04-23T00:00:00Z,2.40789476
2017-04-22T00:00:00Z,2.25444424
2017-04-21T00:00:00Z,2.27851505
2017-04-20T00:00:00Z,2.35903234
2017-04-19T00:00:00Z,2.23290301
2017-04-18T00:00:00Z,2.20083078
2017-04-17T00:00:00Z,2.21683543
2017-04-16T00:00:00Z,2.1604926
2017-04-15T00:00:00Z,2.19833412
2017-04-14T00:00:00Z,2.16440261
2017-04-13T00:00:00Z,2.17364588
2017-04-12T00:00:00Z,2.25020936
2017-04-11T00:00:00Z,2.27807783
2017-04-10T00:00:00Z,2.25320965
2017-04-09T00:00:00Z,2.25650608
2017-04-08T00:00:00Z,2.2077245
2017-04-07T00:00:00Z,2.23718963
2017-04-06T00:00:00Z,2.24059298
2017-04-05T00:00:00Z,2.13674817
2017-04-04T00:00:00Z,2.1577225
2017-04-03T00:00:00Z,2.16501125
2017-04-02T00:00:00Z,2.09915858
2017-04-01T00:00:00Z,2.07358807
2017-03-31T00:00:00Z,2.05831634
2017-03-30T00:00:00Z,1.97053615
2017-03-29T00:00:00Z,1.98684714
2017-03-28T00:00:00Z,2.00042183
2017-03-27T00:00:00Z,1.99584528
2017-03-26T00:00:00Z,1.85499822
2017-03-25T00:00:00Z,1.85608635
2017-03-24T00:00:00Z,1.79807121
2017-03-23T00:00:00Z,1.97335015
2017-03-22T00:00:00Z,1.98649917
2017-03-21T00:00:00Z,2.14049222
2017-03-20T00:00:00Z,2.00536539
2017-03-19T00:00:00Z,1.95371452
2017-03-18T00:00:00Z,1.85707483
2017-03-17T00:00:00Z,2.07057583
2017-03-16T00:00:00Z,2.27397452
2017-03-15T00:00:00Z,2.43660994
2017-03-14T00:00:00Z,2.42159219
2017-03-13T00:00:00Z,2.42125347
2017-03-12T00:00:00Z,2.41928476
2017-03-11T00:00:00Z,2.31781091
2017-03-10T00:00:00Z,2.18458616
2017-03-09T00:00:00Z,2.34394296
2017-03-08T00:00:00Z,2.26869769
2017-03-07T00:00:00Z,2.43242795
2017-03-06T00:00:00Z,2.54261321
2017-03-05T00:00:00Z,2.5408678
2017-03-04T00:00:00Z,2.52071462
2017-03-03T00:00:00Z,2.58022953
2017-03-02T00:00:00Z,2.5349909
2017-03-01T00:00:00Z,2.48518644
2017-02-28T00:00:00Z,2.42749942
2017-02-27T00:00:00Z,2.43084828
2017-02-26T00:00:00Z,2.41261622
2017-02-25T00:00:00Z,2.36365047
2017-02-24T00:00:00Z,2.43175381
2017-02-23T00:00:00Z,2.46837292
2017-02-22T00:00:00Z,2.35344738
2017-02-21T00:00:00Z,2.35889373
2017-02-20T00:00:00Z,2.28470703
2017-02-19T00:00:00Z,2.22479612
2017-02-18T00:00:00Z,2.22894091
2017-02-17T00:00:00Z,2.22591453
2017-02-16T00:00:00Z,2.18686944
2017-02-15T00:00:00Z,2.14920506
2017-02-14T00:00:00Z,2.13347847
2017-02-13T00:00:00Z,2.12903783
2017-02-12T00:00:00Z,2.14022697
2017-02-11T00:00:00Z,2.16579483
2017-02-10T00:00:00Z,2.13593868
2017-02-09T00:00:00Z,2.1109167
2017-02-08T00:00:00Z,2.25566975
2017-02-07T00:00:00Z,2.26237788
2017-02-06T00:00:00Z,2.20408827
2017-02-05T00:00:00Z,2.1945061
2017-02-04T00:00:00Z,2.23536901
2017-02-03T00:00:00Z,2.20563834
2017-02-02T00:00:00Z,2.19530255
2017-02-01T00:00:00Z,2.16125668
2017-01-31T00:00:00Z,2.11778071
2017-01-30T00:00:00Z,2.02352433
2017-01-29T00:00:00Z,2.00254453
2017-01-28T00:00:00Z,2.03156826
2017-01-27T00:00:00Z,2.03315743
2017-01-26T00:00:00Z,2.0242608
2017-01-25T00:00:00Z,1.97976134
2017-01-24T00:00:00Z,1.95883303
2017-01-23T00:00:00Z,2.03851689
2017-01-22T00:00:00Z,2.04638115
2017-01-21T00:00:00Z,2.05623698
2017-01-20T00:00:00Z,1.99629444
2017-01-19T00:00:00Z,2.01378996
2017-01-18T00:00:00Z,1.98065641
2017-01-17T00:00:00Z,2.02421304
2017-01-16T00:00:00Z,1.870676
2017-01-15T00:00:00Z,1.85557612
2017-01-14T00:00:00Z,1.83745714
2017-01-13T00:00:00Z,1.85905697
2017-01-12T00:00:00Z,1.80535904
2017-01-11T00:00:00Z,1.74409469
2017-01-10T00:00:00Z,2.02636426
2017-01-09T00:00:00Z,2.01266817
2017-01-08T00:00:00Z,2.0619634
2017-01-07T00:00:00Z,2.02593836
2017-01-06T00:00:00Z,2.00511409
2017-01-05T00:00:00Z,2.24297776
2017-01-04T00:00:00Z,2.55272267
2017-01-03T00:00:00Z,2.35099669
2017-01-02T00:00:00Z,2.33424844
2017-01-01T00:00:00Z,2.29854018
2016-12-31T00:00:00Z,2.25118134
2016-12-30T00:00:00Z,2.2312176
2016-12-29T00:00:00Z,2.26855742
2016-12-28T00:00:00Z,2.29563504
2016-12-27T00:00:00Z,2.19161165
2016-12-26T00:00:00Z,2.13381923
2016-12-25T00:00:00Z,2.12547011
2016-12-24T00:00:00Z,2.11843857
2016-12-23T00:00:00Z,2.17938602
2016-12-22T00:00:00Z,2.05852525
2016-12-21T00:00:00Z,1.99264323
2016-12-20T00:00:00Z,1.93870368
2016-12-19T00:00:00Z,1.91593994
2016-12-18T00:00:00Z,1.92599952
2016-12-17T00:00:00Z,1.91959746
2016-12-16T00:00:00Z,1.9071462
2016-12-15T00:00:00Z,1.89157804
2016-12-14T00:00:00Z,1.89308862
2016-12-13T00:00:00Z,1.90361045
2016-12-12T00:00:00Z,1.90623164
2016-12-11T00:00:00Z,1.88894685
2016-12-10T00:00:00Z,1.90220735
2016-12-09T00:00:00Z,1.88782003
2016-12-08T00:00:00Z,1.88859623
2016-12-07T00:00:00Z,1.8853364
2016-12-06T00:00:00Z,1.87249791
2016-12-05T00:00:00Z,1.85784552
2016-12-04T00:00:00Z,1.89977706
2016-12-03T00:00:00Z,1.89598531
2016-12-02T00:00:00Z,1.9212868
2016-12-01T00:00:00Z,1.87810516
2016-11-30T00:00:00Z,1.85649321
2016-11-29T00:00:00Z,1.83557343
2016-11-28T00:00:00Z,1.8321316
2016-11-27T00:00:00Z,1.82953743
2016-11-26T00:00:00Z,1.83900148
2016-11-25T00:00:00Z,1.86018755
2016-11-24T00:00:00Z,1.85273595
2016-11-23T00:00:00Z,1.87100666
2016-11-22T00:00:00Z,1.89536375
2016-11-21T00:00:00Z,1.865395
2016-11-20T00:00:00Z,1.84502133
2016-11-19T00:00:00Z,1.90594576
2016-11-18T00:00:00Z,1.90152969
2016-11-17T00:00:00Z,1.87039956
2016-11-16T00:00:00Z,1.88731729
2016-11-15T00:00:00Z,1.8234233
2016-11-14T00:00:00Z,1.80345179
2016-11-13T00:00:00Z,1.80400319
2016-11-12T00:00:00Z,1.80063182
2016-11-11T00:00:00Z,1.83916033
2016-11-10T00:00:00Z,1.83126587
2016-11-09T00:00:00Z,1.85460526
2016-11-08T00:00:00Z,1.83118547
2016-11-07T00:00:00Z,1.82278217
2016-11-06T00:00:00Z,1.84214861
2016-11-05T00:00:00Z,1.82708326
2016-11-04T00:00:00Z,1.82165182
2016-11-03T00:00:00Z,1.78615491
2016-11-02T00:00:00Z,1.90196722
2016-11-01T00:00:00Z,1.89540242
2016-10-31T00:00:00Z,1.81464782
2016-10-30T00:00:00Z,1.8191142
2016-10-29T00:00:00Z,1.85625422
2016-10-28T00:00:00Z,1.80154692
2016-10-27T00:00:00Z,1.79460901
2016-10-26T00:00:00Z,1.76667799
2016-10-25T00:00:00Z,1.71956245
2016-10-24T00:00:00Z,1.71031276
2016-10-23T00:00:00Z,1.72740062
2016-10-22T00:00:00Z,1.73533464
2016-10-21T00:00:00Z,1.66324651
2016-10-20T00:00:00Z,1.66087768
2016-10-19T00:00:00Z,1.66241501
2016-10-18T00:00:00Z,1.67921273
2016-10-17T00:00:00Z,1.69227438
2016-10-16T00:00:00Z,1.70232243
2016-10-15T00:00:00Z,1.68658392
2016-10-14T00:00:00Z,1.69286909
2016-10-13T00:00:00Z,1.684123
2016-10-12T00:00:00Z,1.68883638
2016-10-11T00:00:00Z,1.70773733
2016-10-10T00:00:00Z,1.65015434
2016-10-09T00:00:00Z,1.64553972
2016-10-08T00:00:00Z,1.64956847
2016-10-07T00:00:00Z,1.64896908
2016-10-06T00:00:00Z,1.63375221
2016-10-05T00:00:00Z,1.63328397
2016-10-04T00:00:00Z,1.63248773
2016-10-03T00:00:00Z,1.63793653
2016-10-02T00:00:00Z,1.6385503
2016-10-01T00:00:00Z,1.64515222
2016-09-30T00:00:00Z,1.63222807
2016-09-29T00:00:00Z,1.62411986
2016-09-28T00:00:00Z,1.62215363
2016-09-27T00:00:00Z,1.62438367
2016-09-26T00:00:00Z,1.62856135
2016-09-25T00:00:00Z,1.61449488
2016-09-24T00:00:00Z,1.62186502
2016-09-23T00:00:00Z,1.61742404
2016-09-22T00:00:00Z,1.60095332
2016-09-21T00:00:00Z,1.60462035
2016-09-20T00:00:00Z,1.63214993
2016-09-19T00:00:00Z,1.63855855
2016-09-18T00:00:00Z,1.64519171
2016-09-17T00:00:00Z,1.63718514
2016-09-16T00:00:00Z,1.63671925
2016-09-15T00:00:00Z,1.6321405
2016-09-14T00:00:00Z,1.64211819
2016-09-13T00:00:00Z,1.64278427
2016-09-12T00:00:00Z,1.64045657
2016-09-11T00:00:00Z,1.64019269
2016-09-10T00:00:00Z,1.68572088
2016-09-09T00:00:00Z,1.68334903
2016-09-08T00:00:00Z,1.70159119
2016-09-07T00:00:00Z,1.67016875
2016-09-06T00:00:00Z,1.66133058
2016-09-05T00:00:00Z,1.64539767
2016-09-04T00:00:00Z,1.66604036
2016-09-03T00:00:00Z,1.62846693
2016-09-02T00:00:00Z,1.56230873
2016-09-01T00:00:00Z,1.55892596
2016-08-31T00:00:00Z,1.56959642
2016-08-30T00:00:00Z,1.56575497
2016-08-29T00:00:00Z,1.56499538
2016-08-28T00:00:00Z,1.56649782
2016-08-27T00:00:00Z,1.55299498
2016-08-26T00:00:00Z,1.57751332
2016-08-25T00:00:00Z,1.56841209
2016-08-24T00:00:00Z,1.57712911
2016-08-23T00:00:00Z,1.58706281
2016-08-22T00:00:00Z,1.59762204
2016-08-21T00:00:00Z,1.5851306
2016-08-20T00:00:00Z,1.58411867
2016-08-19T00:00:00Z,1.57115631
2016-08-18T00:00:00Z,1.57032063
2016-08-17T00:00:00Z,1.57242339
2016-08-16T00:00:00Z,1.58192005
2016-08-15T00:00:00Z,1.55410208
2016-08-14T00:00:00Z,1.56101344
2016-08-13T00:00:00Z,1.60369187
2016-08-12T00:00:00Z,1.60834056
2016-08-11T00:00:00Z,1.60527889
2016-08-10T00:00:00Z,1.62522728
2016-08-09T00:00:00Z,1.60216174
2016-08-08T00:00:00Z,1.6173038
2016-08-07T00:00:00Z,1.62531206
2016-08-06T00:00:00Z,1.61600946
2016-08-05T00:00:00Z,1.57290433
2016-08-04T00:00:00Z,1.59398774
2016-08-03T00:00:00Z,1.56729405
2016-08-02T00:00:00Z,1.47740962
2016-08-01T00:00:00Z,1.64722226
2016-07-31T00:00:00Z,1.70682407
2016-07-30T00:00:00Z,1.78427135
2016-07-29T00:00:00Z,1.7908165
2016-07-28T00:00:00Z,1.78263223
2016-07-27T00:00:00Z,1.79204666
2016-07-26T00:00:00Z,1.78535213
2016-07-25T00:00:00Z,1.7842316
2016-07-24T00:00:00Z,1.81362065
2016-07-23T00:00:00Z,1.80165336
2016-07-22T00:00:00Z,1.79028647
2016-07-21T00:00:00Z,1.82608206
2016-07-20T00:00:00Z,1.82934891
2016-07-19T00:00:00Z,1.85007887
2016-07-18T00:00:00Z,1.85523142
2016-07-17T00:00:00Z,1.86792768
2016-07-16T00:00:00Z,1.8287635
2016-07-15T00:00:00Z,1.83709391
2016-07-14T00:00:00Z,1.8259187
2016-07-13T00:00:00Z,1.80795733
2016-07-12T00:00:00Z,1.83788648
2016-07-11T00:00:00Z,1.7929379
2016-07-10T00:00:00Z,1.79662145
2016-07-09T00:00:00Z,1.80606409
2016-07-08T00:00:00Z,1.84445801
2016-07-07T00:00:00Z,1.78333342
2016-07-06T00:00:00Z,1.88526314
2016-07-05T00:00:00Z,1.86132309
2016-07-04T00:00:00Z,1.89440596
2016-07-03T00:00:00Z,1.86004004
2016-07-02T00:00:00Z,1.95985715
2016-07-01T00:00:00Z,1.90045469
2016-06-30T00:00:00Z,1.8813288
2016-06-29T00:00:00Z,1.78474907
2016-06-28T00:00:00Z,1.81021799
2016-06-27T00:00:00Z,1.83688165
2016-06-26T00:00:00Z,1.79393998
2016-06-25T00:00:00Z,1.86330936
2016-06-24T00:00:00Z,1.87175683
2016-06-23T00:00:00Z,1.79040757
2016-06-22T00:00:00Z,1.65276748
2016-06-21T00:00:00Z,1.88360815
2016-06-20T00:00:00Z,2.05295208
2016-06-19T00:00:00Z,2.1693151
2016-06-18T00:00:00Z,2.15175178
2016-06-17T00:00:00Z,2.14680798
2016-06-16T00:00:00Z,2.19961254
2016-06-15T00:00:00Z,2.01680876
2016-06-14T00:00:00Z,1.99303745
2016-06-13T00:00:00Z,2.06014085
2016-06-12T00:00:00Z,1.98704284
2016-06-11T00:00:00Z,1.80564258
2016-06-10T00:00:00Z,1.73541729
2016-06-09T00:00:00Z,1.72663011
2016-06-08T00:00:00Z,1.75296714
2016-06-07T00:00:00Z,1.74397547
2016-06-06T00:00:00Z,1.76692176
2016-06-05T00:00:00Z,1.73546425
2016-06-04T00:00:00Z,1.74594726
2016-06-03T00:00:00Z,1.73104381
2016-06-02T00:00:00Z,1.63777992
2016-06-01T00:00:00Z,1.63499133
2016-05-31T00:00:00Z,1.62685353
2016-05-30T00:00:00Z,1.6320863
2016-05-29T00:00:00Z,1.61209487
2016-05-28T00:00:00Z,1.60609654
2016-05-27T00:00:00Z,1.46187303
2016-05-26T00:00:00Z,1.41448117
2016-05-25T00:00:00Z,1.40177737
2016-05-24T00:00:00Z,1.39253158
2016-05-23T00:00:00Z,1.38555211
2016-05-22T00:00:00Z,1.37938104
2016-05-21T00:00:00Z,1.39191877
2016-05-20T00:00:00Z,1.38071773
2016-05-19T00:00:00Z,1.35208462
2016-05-18T00:00:00Z,1.41797242
2016-05-17T00:00:00Z,1.4173416
2016-05-16T00:00:00Z,1.42322737
2016-05-15T00:00:00Z,1.44508589
2016-05-14T00:00:00Z,1.43819105
2016-05-13T00:00:00Z,1.43502357
2016-05-12T00:00:00Z,1.4284312
2016-05-11T00:00:00Z,1.42695628
2016-05-10T00:00:00Z,1.42268056
2016-05-09T00:00:00Z,1.45928837
2016-05-08T00:00:00Z,1.45524332
2016-05-07T00:00:00Z,1.45382667
2016-05-06T00:00:00Z,1.45273008
2016-05-05T00:00:00Z,1.41839886
2016-05-04T00:00:00Z,1.41109619
2016-05-03T00:00:00Z,1.42693068
2016-05-02T00:00:00Z,1.40940767
2016-05-01T00:00:00Z,1.43397891
2016-04-30T00:00:00Z,1.43000379
2016-04-29T00:00:00Z,1.44371389
2016-04-28T00:00:00Z,1.42342031
2016-04-27T00:00:00Z,1.41389706
2016-04-26T00:00:00Z,1.48555566
2016-04-25T00:00:00Z,1.48135932
2016-04-24T00:00:00Z,1.47521708
2016-04-23T00:00:00Z,1.44461593
2016-04-22T00:00:00Z,1.42773661
2016-04-21T00:00:00Z,1.44121042
2016-04-20T00:00:00Z,1.41282759
2016-04-19T00:00:00Z,1.39563434
2016-04-18T00:00:00Z,1.36689444
2016-04-17T00:00:00Z,1.37245221
2016-04-16T00:00:00Z,1.38455496
2016-04-15T00:00:00Z,1.37546333
2016-04-14T00:00:00Z,1.36224971
2016-04-13T00:00:00Z,1.36047208
2016-04-12T00:00:00Z,1.36451892
2016-04-11T00:00:00Z,1.35585735
2016-04-10T00:00:00Z,1.35020786
2016-04-09T00:00:00Z,1.34498199
2016-04-08T00:00:00Z,1.3446171
2016-04-07T00:00:00Z,1.35269077
2016-04-06T00:00:00Z,1.35878622
2016-04-05T00:00:00Z,1.35915618
2016-04-04T00:00:00Z,1.35164103
2016-04-03T00:00:00Z,1.35223349
2016-04-02T00:00:00Z,1.35311388
2016-04-01T00:00:00Z,1.34578983
2016-03-31T00:00:00Z,1.34211533
2016-03-30T00:00:00Z,1.32979825
2016-03-29T00:00:00Z,1.34265381
2016-03-28T00:00:00Z,1.36532635
2016-03-27T00:00:00Z,1.37278961
2016-03-26T00:00:00Z,1.34685701
2016-03-25T00:00:00Z,1.34611603
2016-03-24T00:00:00Z,1.33640244
2016-03-23T00:00:00Z,1.35170327
2016-03-22T00:00:00Z,1.34904417
2016-03-21T00:00:00Z,1.32334384
2016-03-20T00:00:00Z,1.33625393
2016-03-19T00:00:00Z,1.33139484
2016-03-18T00:00:00Z,1.32824444
2016-03-17T00:00:00Z,1.35672982
2016-03-16T00:00:00Z,1.35636787
2016-03-15T00:00:00Z,1.34663989
2016-03-14T00:00:00Z,1.35206574
2016-03-13T00:00:00Z,1.32971232
2016-03-12T00:00:00Z,1.33257336
2016-03-11T00:00:00Z,1.36172908
2016-03-10T00:00:00Z,1.35384759
2016-03-09T00:00:00Z,1.3391251
2016-03-08T00:00:00Z,1.33804041
2016-03-07T00:00:00Z,1.35167796
2016-03-06T00:00:00Z,1.31338992
2016-03-05T00:00:00Z,1.28012664
2016-03-04T00:00:00Z,1.32637758
2016-03-03T00:00:00Z,1.36638581
2016-03-02T00:00:00Z,1.37073415
2016-03-01T00:00:00Z,1.4069458
2016-02-29T00:00:00Z,1.42298246
2016-02-28T00:00:00Z,1.41313878
2016-02-27T00:00:00Z,1.41281021
2016-02-26T00:00:00Z,1.40529869
2016-02-25T00:00:00Z,1.38811007
2016-02-24T00:00:00Z,1.38407041
2016-02-23T00:00:00Z,1.37672616
2016-02-22T00:00:00Z,1.43394224
2016-02-21T00:00:00Z,1.43887576
2016-02-20T00:00:00Z,1.43657415
2016-02-19T00:00:00Z,1.38333741
2016-02-18T00:00:00Z,1.38724062
2016-02-17T00:00:00Z,1.36795738
2016-02-16T00:00:00Z,1.34488838
2016-02-15T00:00:00Z,1.32021819
2016-02-14T00:00:00Z,1.34637088
2016-02-13T00:00:00Z,1.28968813
2016-02-12T00:00:00Z,1.26738319
2016-02-11T00:00:00Z,1.25464098
2016-02-10T00:00:00Z,1.25533869
2016-02-09T00:00:00Z,1.23683422
2016-02-08T00:00:00Z,1.2312932
2016-02-07T00:00:00Z,1.24702776
2016-02-06T00:00:00Z,1.2453491
2016-02-05T00:00:00Z,1.2736709
2016-02-04T00:00:00Z,1.29239323
2016-02-03T00:00:00Z,1.22320031
2016-02-02T00:00:00Z,1.23684696
2016-02-01T00:00:00Z,1.22859214
2016-01-31T00:00:00Z,1.21718969
2016-01-30T00:00:00Z,1.25035901
2016-01-29T00:00:00Z,1.25346189
2016-01-28T00:00:00Z,1.25400571
2016-01-27T00:00:00Z,1.30162221
2016-01-26T00:00:00Z,1.2965178
2016-01-25T00:00:00Z,1.29290636
2016-01-24T00:00:00Z,1.3311472
2016-01-23T00:00:00Z,1.27749691
2016-01-22T00:00:00Z,1.26465041
2016-01-21T00:00:00Z,1.34635837
2016-01-20T00:00:00Z,1.38102825
2016-01-19T00:00:00Z,1.24183951
2016-01-18T00:00:00Z,1.26872817
2016-01-17T00:00:00Z,1.24717786
2016-01-16T00:00:00Z,1.28004375
2016-01-15T00:00:00Z,1.19910758
2016-01-14T00:00:00Z,1.41191368
2016-01-13T00:00:00Z,1.4204414
2016-01-12T00:00:00Z,1.44937404
2016-01-11T00:00:00Z,1.47424322
2016-01-10T00:00:00Z,1.47629019
2016-01-09T00:00:00Z,1.48018548
2016-01-08T00:00:00Z,1.49719676
2016-01-07T00:00:00Z,1.51534599
2016-01-06T00:00:00Z,1.42558869
2016-01-05T00:00:00Z,1.43631664
2016-01-04T00:00:00Z,1.43879995
2016-01-03T00:00:00Z,1.43443122
2016-01-02T00:00:00Z,1.44159152
2016-01-01T00:00:00Z,1.44254675
2015-12-31T00:00:00Z,1.43124567
2015-12-30T00:00:00Z,1.42373796
2015-12-29T00:00:00Z,1.43678482
2015-12-28T00:00:00Z,1.40243464
2015-12-27T00:00:00Z,1.40683557
2015-12-26T00:00:00Z,1.39549558
2015-12-25T00:00:00Z,1.5155328
2015-12-24T00:00:00Z,1.52033715
2015-12-23T00:00:00Z,1.47224133
2015-12-22T00:00:00Z,1.45417523
2015-12-21T00:00:00Z,1.4616023
2015-12-20T00:00:00Z,1.47698849
2015-12-19T00:00:00Z,1.5461241
2015-12-18T00:00:00Z,1.55160893
2015-12-17T00:00:00Z,1.53236185
2015-12-16T00:00:00Z,1.52607842
2015-12-15T00:00:00Z,1.56636392
2015-12-14T00:00:00Z,1.49907976
2015-12-13T00:00:00Z,1.47110027
2015-12-12T00:00:00Z,1.48062518
2015-12-11T00:00:00Z,1.55138549
2015-12-10T00:00:00Z,1.4145133
2015-12-09T00:00:00Z,1.43095921
2015-12-08T00:00:00Z,1.44443728
2015-12-07T00:00:00Z,1.36158952
2015-12-06T00:00:00Z,1.34696012
2015-12-05T00:00:00Z,1.34317144
2015-12-04T00:00:00Z,1.25606178
2015-12-03T00:00:00Z,1.24771093
2015-12-02T00:00:00Z,1.24019134
2015-12-01T00:00:00Z,1.25240959
2015-11-30T00:00:00Z,1.30238929
2015-11-29T00:00:00Z,1.28061574
2015-11-28T00:00:00Z,1.24057503
2015-11-27T00:00:00Z,1.24261113
2015-11-26T00:00:00Z,1.22820983
2015-11-25T00:00:00Z,1.14472044
2015-11-24T00:00:00Z,1.1157557
2015-11-23T00:00:00Z,1.12336688
2015-11-22T00:00:00Z,1.12723523
2015-11-21T00:00:00Z,1.13658659
2015-11-20T00:00:00Z,1.12265688
2015-11-19T00:00:00Z,1.13415204
2015-11-18T00:00:00Z,1.16687784
2015-11-17T00:00:00Z,1.16872545
2015-11-16T00:00:00Z,1.15834167
2015-11-15T00:00:00Z,1.11533796
2015-11-14T00:00:00Z,1.16125437
2015-11-13T00:00:00Z,1.17350083
2015-11-12T00:00:00Z,1.17790632
2015-11-11T00:00:00Z,1.08475016
2015-11-10T00:00:00Z,1.17165406
2015-11-09T00:00:00Z,1.31608025
2015-11-08T00:00:00Z,1.28547521
2015-11-07T00:00:00Z,1.33720549
2015-11-06T00:00:00Z,1.2983391
2015-11-05T00:00:00Z,1.33534636
2015-11-04T00:00:00Z,1.41420522
2015-11-03T00:00:00Z,1.42828686
2015-11-02T00:00:00Z,1.29705967
2015-11-01T00:00:00Z,1.17510242
2015-10-31T00:00:00Z,1.12373695
2015-10-30T00:00:00Z,1.17608353
2015-10-29T00:00:00Z,1.1306934
2015-10-28T00:00:00Z,1.09340795
2015-10-27T00:00:00Z,1.06395721
2015-10-26T00:00:00Z,1.03053543
2015-10-25T00:00:00Z,1.03642518
2015-10-24T00:00:00Z,1.02675016
2015-10-23T00:00:00Z,1.00818068
2015-10-22T00:00:00Z,0.99686196
2015-10-21T00:00:00Z,0.96945239
2015-10-20T00:00:00Z,0.98039039
2015-10-19T00:00:00Z,0.95848011
2015-10-18T00:00:00Z,0.95885529
2015-10-17T00:00:00Z,0.98969424
2015-10-16T00:00:00Z,0.95444205
2015-10-15T00:00:00Z,0.91977823
2015-10-14T00:00:00Z,0.91800728
2015-10-13T00:00:00Z,0.90787015
2015-10-12T00:00:00Z,0.89312147
2015-10-11T00:00:00Z,0.90097535
2015-10-10T00:00:00Z,0.89020018
2015-10-09T00:00:00Z,0.88438484
2015-10-08T00:00:00Z,0.87886382
2015-10-07T00:00:00Z,0.88314214
2015-10-06T00:00:00Z,0.89237255
2015-10-05T00:00:00Z,0.87112515
2015-10-04T00:00:00Z,0.86665895
2015-10-03T00:00:00Z,0.86682449
2015-10-02T00:00:00Z,0.86099848
2015-10-01T00:00:00Z,0.86176545
2015-09-30T00:00:00Z,0.85671354
2015-09-29T00:00:00Z,0.85603094
2015-09-28T00:00:00Z,0.86731319
2015-09-27T00:00:00Z,0.84333712
2015-09-26T00:00:00Z,0.8486063
2015-09-25T00:00:00Z,0.8495117
2015-09-24T00:00:00Z,0.84903585
2015-09-23T00:00:00Z,0.83010887
2015-09-22T00:00:00Z,0.8334962
2015-09-21T00:00:00Z,0.8191499
2015-09-20T00:00:00Z,0.83631361
2015-09-19T00:00:00Z,0.83958874
2015-09-18T00:00:00Z,0.84023197
2015-09-17T00:00:00Z,0.84000563
2015-09-16T00:00:00Z,0.82459336
2015-09-15T00:00:00Z,0.83111643
2015-09-14T00:00:00Z,0.83143756
2015-09-13T00:00:00Z,0.83205886
2015-09-12T00:00:00Z,0.84930806
2015-09-11T00:00:00Z,0.86577497
2015-09-10T00:00:00Z,0.8572339
2015-09-09T00:00:00Z,0.85767366
2015-09-08T00:00:00Z,0.87742601
2015-09-07T00:00:00Z,0.86261525
2015-09-06T00:00:00Z,0.86460049
2015-09-05T00:00:00Z,0.84719292
2015-09-04T00:00:00Z,0.83029145
2015-09-03T00:00:00Z,0.81593653
2015-09-02T00:00:00Z,0.81699017
2015-09-01T00:00:00Z,0.81674717
2015-08-31T00:00:00Z,0.82659025
2015-08-30T00:00:00Z,0.8226305
2015-08-29T00:00:00Z,0.82543169
2015-08-28T00:00:00Z,0.82995174
2015-08-27T00:00:00Z,0.80892477
2015-08-26T00:00:00Z,0.810455
2015-08-25T00:00:00Z,0.79516938
2015-08-24T00:00:00Z,0.74843159
2015-08-23T00:00:00Z,0.81313549
2015-08-22T00:00:00Z,0.81592724
2015-08-21T00:00:00Z,0.80987625
2015-08-20T00:00:00Z,0.83290289
2015-08-19T00:00:00Z,0.80531684
2015-08-18T00:00:00Z,0.69212834
2015-08-17T00:00:00Z,0.90776633
2015-08-16T00:00:00Z,0.91207344
2015-08-15T00:00:00Z,0.92076417
2015-08-14T00:00:00Z,0.9351583
2015-08-13T00:00:00Z,0.92971221
2015-08-12T00:00:00Z,0.93925901
2015-08-11T00:00:00Z,0.95224285
2015-08-10T00:00:00Z,0.93074391
2015-08-09T00:00:00Z,0.93906585
2015-08-08T00:00:00Z,0.91309448
2015-08-07T00:00:00Z,0.97547531
2015-08-06T00:00:00Z,0.97468206
2015-08-05T00:00:00Z,0.98707468
2015-08-04T00:00:00Z,0.99664824
2015-08-03T00:00:00Z,0.98738723
2015-08-02T00:00:00Z,0.98600424
2015-08-01T00:00:00Z,0.98316812
2015-07-31T00:00:00Z,0.99209384
2015-07-30T00:00:00Z,1.00638151
2015-07-29T00:00:00Z,1.01195718
2015-07-28T00:00:00Z,1.03109359
2015-07-27T00:00:00Z,1.02743238
2015-07-26T00:00:00Z,1.02328523
2015-07-25T00:00:00Z,1.01075307
2015-07-24T00:00:00Z,1.00939088
2015-07-23T00:00:00Z,0.96867914
2015-07-22T00:00:00Z,0.9700293
2015-07-21T00:00:00Z,0.96663241
2015-07-20T00:00:00Z,0.97423186
2015-07-19T00:00:00Z,0.95937092
2015-07-18T00:00:00Z,0.96688047
2015-07-17T00:00:00Z,0.97503436
2015-07-16T00:00:00Z,0.9741377
2015-07-15T00:00:00Z,0.99594354
2015-07-14T00:00:00Z,1.00352578
2015-07-13T00:00:00Z,1.02240917
2015-07-12T00:00:00Z,1.0853768
2015-07-11T00:00:00Z,1.02549918
2015-07-10T00:00:00Z,0.99954895
2015-07-09T00:00:00Z,0.94089446
2015-07-08T00:00:00Z,0.9442863
2015-07-07T00:00:00Z,0.92803273
2015-07-06T00:00:00Z,0.93824654
2015-07-05T00:00:00Z,0.95079789
2015-07-04T00:00:00Z,0.91088853
2015-07-03T00:00:00Z,0.89553591
2015-07-02T00:00:00Z,0.88819891
2015-07-01T00:00:00Z,0.90051757
2015-06-30T00:00:00Z,0.91875878
2015-06-29T00:00:00Z,0.89672131
2015-06-28T00:00:00Z,0.8685621
2015-06-27T00:00:00Z,0.87867204
2015-06-26T00:00:00Z,0.84863959
2015-06-25T00:00:00Z,0.8464549
2015-06-24T00:00:00Z,0.8370208
2015-06-23T00:00:00Z,0.85255069
2015-06-22T00:00:00Z,0.86023122
2015-06-21T00:00:00Z,0.85317317
2015-06-20T00:00:00Z,0.85444331
2015-06-19T00:00:00Z,0.85600979
2015-06-18T00:00:00Z,0.86870589
2015-06-17T00:00:00Z,0.86819591
2015-06-16T00:00:00Z,0.87747582
2015-06-15T00:00:00Z,0.8255363
2015-06-14T00:00:00Z,0.81703656
2015-06-13T00:00:00Z,0.81237082
2015-06-12T00:00:00Z,0.8012005
2015-06-11T00:00:00Z,0.80034475
2015-06-10T00:00:00Z,0.79665215
2015-06-09T00:00:00Z,0.79807891
2015-06-08T00:00:00Z,0.79594985
2015-06-07T00:00:00Z,0.77740186
2015-06-06T00:00:00Z,0.78506784
2015-06-05T00:00:00Z,0.78229525
2015-06-04T00:00:00Z,0.78029638
2015-06-03T00:00:00Z,0.78253464
2015-06-02T00:00:00Z,0.78233245
2015-06-01T00:00:00Z,0.77055812
2015-05-31T00:00:00Z,0.79288314
2015-05-30T00:00:00Z,0.80490917
2015-05-29T00:00:00Z,0.81675203
2015-05-28T00:00:00Z,0.81770898
2015-05-27T00:00:00Z,0.82040153
2015-05-26T00:00:00Z,0.81483303
2015-05-25T00:00:00Z,0.81780008
2015-05-24T00:00:00Z,0.82946987
2015-05-23T00:00:00Z,0.82389156
2015-05-22T00:00:00Z,0.83017364
2015-05-21T00:00:00Z,0.81078489
2015-05-20T00:00:00Z,0.80648678
2015-05-19T00:00:00Z,0.79771109
2015-05-18T00:00:00Z,0.79892369
2015-05-17T00:00:00Z,0.81294691
2015-05-16T00:00:00Z,0.8196751
2015-05-15T00:00:00Z,0.81828975
2015-05-14T00:00:00Z,0.81374879
2015-05-13T00:00:00Z,0.81178481
2015-05-12T00:00:00Z,0.8307533
2015-05-11T00:00:00Z,0.83263882
2015-05-10T00:00:00Z,0.82545022
2015-05-09T00:00:00Z,0.83267485
2015-05-08T00:00:00Z,0.83869485
2015-05-07T00:00:00Z,0.81196623
2015-05-06T00:00:00Z,0.78634639
2015-05-05T00:00:00Z,0.80994794
2015-05-04T00:00:00Z,0.81786151
2015-05-03T00:00:00Z,0.82354004
2015-05-02T00:00:00Z,0.80519341
2015-05-01T00:00:00Z,0.79334233
2015-04-30T00:00:00Z,0.80819004
2015-04-29T00:00:00Z,0.773371
2015-04-28T00:00:00Z,0.76912611
2015-04-27T00:00:00Z,0.77758249
2015-04-26T00:00:00Z,0.75068778
2015-04-25T00:00:00Z,0.77251922
2015-04-24T00:00:00Z,0.79343472
2015-04-23T00:00:00Z,0.80774491
2015-04-22T00:00:00Z,0.79968072
2015-04-21T00:00:00Z,0.80104936
2015-04-20T00:00:00Z,0.76898675
2015-04-19T00:00:00Z,0.75823079
2015-04-18T00:00:00Z,0.76216253
2015-04-17T00:00:00Z,0.76226229
2015-04-16T00:00:00Z,0.78101038
2015-04-15T00:00:00Z,0.76264308
2015-04-14T00:00:00Z,0.74475252
2015-04-13T00:00:00Z,0.76363422
2015-04-12T00:00:00Z,0.80036362
2015-04-11T00:00:00Z,0.8011009
2015-04-10T00:00:00Z,0.79861003
2015-04-09T00:00:00Z,0.82165654
2015-04-08T00:00:00Z,0.82735263
2015-04-07T00:00:00Z,0.85611028
2015-04-06T00:00:00Z,0.86344917
2015-04-05T00:00:00Z,0.87688487
2015-04-04T00:00:00Z,0.85389732
2015-04-03T00:00:00Z,0.85608031
2015-04-02T00:00:00Z,0.85320809
2015-04-01T00:00:00Z,0.83260707
2015-03-31T00:00:00Z,0.82089518
2015-03-30T00:00:00Z,0.83200402
2015-03-29T00:00:00Z,0.81188359
2015-03-28T00:00:00Z,0.84891499
2015-03-27T00:00:00Z,0.82620541
2015-03-26T00:00:00Z,0.83523055
2015-03-25T00:00:00Z,0.82320635
2015-03-24T00:00:00Z,0.82265392
2015-03-23T00:00:00Z,0.8938129
2015-03-22T00:00:00Z,0.89777884
2015-03-21T00:00:00Z,0.86959431
2015-03-20T00:00:00Z,0.87488811
2015-03-19T00:00:00Z,0.87242813
2015-03-18T00:00:00Z,0.8593306
2015-03-17T00:00:00Z,0.95043607
2015-03-16T00:00:00Z,0.96958389
2015-03-15T00:00:00Z,0.95446649
2015-03-14T00:00:00Z,0.94497455
2015-03-13T00:00:00Z,0.95346251
2015-03-12T00:00:00Z,0.98206411
2015-03-11T00:00:00Z,0.98467222
2015-03-10T00:00:00Z,0.97408728
2015-03-09T00:00:00Z,0.97148354
2015-03-08T00:00:00Z,0.91845164
2015-03-07T00:00:00Z,0.92192427
2015-03-06T00:00:00Z,0.90820362
2015-03-05T00:00:00Z,0.92252343
2015-03-04T00:00:00Z,0.91304131
2015-03-03T00:00:00Z,0.94151283
2015-03-02T00:00:00Z,0.91896535
2015-03-01T00:00:00Z,0.87094846
2015-02-28T00:00:00Z,0.8497046
2015-02-27T00:00:00Z,0.84642073
2015-02-26T00:00:00Z,0.7870129
2015-02-25T00:00:00Z,0.78983208
2015-02-24T00:00:00Z,0.79430852
2015-02-23T00:00:00Z,0.79192858
2015-02-22T00:00:00Z,0.78365593
2015-02-21T00:00:00Z,0.81209014
2015-02-20T00:00:00Z,0.80862021
2015-02-19T00:00:00Z,0.79713612
2015-02-18T00:00:00Z,0.78069145
2015-02-17T00:00:00Z,0.80233414
2015-02-16T00:00:00Z,0.78191896
2015-02-15T00:00:00Z,0.77841831
2015-02-14T00:00:00Z,0.85671719
2015-02-13T00:00:00Z,0.78165493
2015-02-12T00:00:00Z,0.73470192
2015-02-11T00:00:00Z,0.72378954
2015-02-10T00:00:00Z,0.7277256
2015-02-09T00:00:00Z,0.72528953
2015-02-08T00:00:00Z,0.73668186
2015-02-07T00:00:00Z,0.75238003
2015-02-06T00:00:00Z,0.73165561
2015-02-05T00:00:00Z,0.71280043
2015-02-04T00:00:00Z,0.74344358
2015-02-03T00:00:00Z,0.74543037
2015-02-02T00:00:00Z,0.78374599
2015-02-01T00:00:00Z,0.74411071
2015-01-31T00:00:00Z,0.70974592
2015-01-30T00:00:00Z,0.73747611
2015-01-29T00:00:00Z,0.76646684
2015-01-28T00:00:00Z,0.76829133
2015-01-27T00:00:00Z,0.86621397
2015-01-26T00:00:00Z,0.89867921
2015-01-25T00:00:00Z,0.82577378
2015-01-24T00:00:00Z,0.81225507
2015-01-23T00:00:00Z,0.75889297
2015-01-22T00:00:00Z,0.75778454
2015-01-21T00:00:00Z,0.73966888
2015-01-20T00:00:00Z,0.68447936
2015-01-19T00:00:00Z,0.69783882
2015-01-18T00:00:00Z,0.67800963
2015-01-17T00:00:00Z,0.64795496
2015-01-16T00:00:00Z,0.67112866
2015-01-15T00:00:00Z,0.68406069
2015-01-14T00:00:00Z,0.56377858
2015-01-13T00:00:00Z,0.7196601
2015-01-12T00:00:00Z,0.85351184
2015-01-11T00:00:00Z,0.85633083
2015-01-10T00:00:00Z,0.87390513
2015-01-09T00:00:00Z,0.91815345
2015-01-08T00:00:00Z,0.89975676
2015-01-07T00:00:00Z,0.93917382
2015-01-06T00:00:00Z,0.90733184
2015-01-05T00:00:00Z,0.86509906
2015-01-04T00:00:00Z,0.82703499
2015-01-03T00:00:00Z,0.90825893
2015-01-02T00:00:00Z,0.98750471
2015-01-01T00:00:00Z,0.98455951
2014-12-31T00:00:00Z,1.00735652
2014-12-30T00:00:00Z,0.96680567
2014-12-29T00:00:00Z,0.9723574
2014-12-28T00:00:00Z,0.98324086
2014-12-27T00:00:00Z,0.98082838
2014-12-26T00:00:00Z,1.0179143
2014-12-25T00:00:00Z,0.99141993
2014-12-24T00:00:00Z,1.00368065
2014-12-23T00:00:00Z,1.0408766
2014-12-22T00:00:00Z,1.02616633
2014-12-21T00:00:00Z,0.98964756
2014-12-20T00:00:00Z,1.0131959
2014-12-19T00:00:00Z,0.97836035
2014-12-18T00:00:00Z,0.95962363
2014-12-17T00:00:00Z,0.97888059
2014-12-16T00:00:00Z,0.99695688
2014-12-15T00:00:00Z,1.06004167
2014-12-14T00:00:00Z,1.08126286
2014-12-13T00:00:00Z,1.06047429
2014-12-12T00:00:00Z,1.07704115
2014-12-11T00:00:00Z,1.0652027
2014-12-10T00:00:00Z,1.05408482
2014-12-09T00:00:00Z,1.07157605
2014-12-08T00:00:00Z,1.10267338
2014-12-07T00:00:00Z,1.13496281
2014-12-06T00:00:00Z,1.1283387
2014-12-05T00:00:00Z,1.13113428
2014-12-04T00:00:00Z,1.11743365
2014-12-03T00:00:00Z,1.13024913
2014-12-02T00:00:00Z,1.14155301
2014-12-01T00:00:00Z,1.14780761
2014-11-30T00:00:00Z,1.14045875
2014-11-29T00:00:00Z,1.13133906
2014-11-28T00:00:00Z,1.1356413
2014-11-27T00:00:00Z,1.10041645
2014-11-26T00:00:00Z,1.09483157
2014-11-25T00:00:00Z,1.11890445
2014-11-24T00:00:00Z,1.11770756
2014-11-23T00:00:00Z,1.0944715
2014-11-22T00:00:00Z,1.04305268
2014-11-21T00:00:00Z,1.04049681
2014-11-20T00:00:00Z,1.05676265
2014-11-19T00:00:00Z,1.11056838
2014-11-18T00:00:00Z,1.10241618
2014-11-17T00:00:00Z,1.1465431
2014-11-16T00:00:00Z,1.15848831
2014-11-15T00:00:00Z,1.1154054
2014-11-14T00:00:00Z,1.12869715
2014-11-13T00:00:00Z,1.23780533
2014-11-12T00:00:00Z,1.27395441
2014-11-11T00:00:00Z,1.08884669
2014-11-10T00:00:00Z,1.08193873
2014-11-09T00:00:00Z,1.04760914
2014-11-08T00:00:00Z,1.02398043
2014-11-07T00:00:00Z,1.03290387
2014-11-06T00:00:00Z,1.03584963
2014-11-05T00:00:00Z,1.00554728
2014-11-04T00:00:00Z,0.97558292
2014-11-03T00:00:00Z,0.99012036
2014-11-02T00:00:00Z,0.95864746
2014-11-01T00:00:00Z,0.96060177
2014-10-31T00:00:00Z,0.99355192
2014-10-30T00:00:00Z,1.01528834
2014-10-29T00:00:00Z,0.98000174
2014-10-28T00:00:00Z,1.05745259
2014-10-27T00:00:00Z,1.03003838
2014-10-26T00:00:00Z,1.04034498
2014-10-25T00:00:00Z,1.01802512
2014-10-24T00:00:00Z,1.04593342
2014-10-23T00:00:00Z,1.04904531
2014-10-22T00:00:00Z,1.10948481
2014-10-21T00:00:00Z,1.12424062
2014-10-20T00:00:00Z,1.14899543
2014-10-19T00:00:00Z,1.13706526
2014-10-18T00:00:00Z,1.08884923
2014-10-17T00:00:00Z,1.11928151
2014-10-16T00:00:00Z,1.11243789
2014-10-15T00:00:00Z,1.15203869
2014-10-14T00:00:00Z,1.16355641
2014-10-13T00:00:00Z,1.1345165
2014-10-12T00:00:00Z,1.10986646
2014-10-11T00:00:00Z,1.10094267
2014-10-10T00:00:00Z,1.0468974
2014-10-09T00:00:00Z,1.06112463
2014-10-08T00:00:00Z,1.02916605
2014-10-07T00:00:00Z,0.97637825
2014-10-06T00:00:00Z,0.9510369
2014-10-05T00:00:00Z,0.9216218
2014-10-04T00:00:00Z,0.94899914
2014-10-03T00:00:00Z,1.04918403
2014-10-02T00:00:00Z,1.06237715
2014-10-01T00:00:00Z,1.18212904
2014-09-30T00:00:00Z,1.10672174
2014-09-29T00:00:00Z,1.06571885
2014-09-28T00:00:00Z,1.12388578
2014-09-27T00:00:00Z,1.13727035
2014-09-26T00:00:00Z,1.14972715
2014-09-25T00:00:00Z,1.16351085
2014-09-24T00:00:00Z,1.20430127
2014-09-23T00:00:00Z,1.24103543
2014-09-22T00:00:00Z,1.14529918
2014-09-21T00:00:00Z,1.16850851
2014-09-20T00:00:00Z,1.25257642
2014-09-19T00:00:00Z,1.11159219
2014-09-18T00:00:00Z,1.19769335
2014-09-17T00:00:00Z,1.28695736
2014-09-16T00:00:00Z,1.3121176
2014-09-15T00:00:00Z,1.33591962
2014-09-14T00:00:00Z,1.3496314
2014-09-13T00:00:00Z,1.34409927
2014-09-12T00:00:00Z,1.33384379
2014-09-11T00:00:00Z,1.34226638
2014-09-10T00:00:00Z,1.34333949
2014-09-09T00:00:00Z,1.32843139
2014-09-08T00:00:00Z,1.32116049
2014-09-07T00:00:00Z,1.34586407
2014-09-06T00:00:00Z,1.47081969
2014-09-05T00:00:00Z,1.35108905
2014-09-04T00:00:00Z,1.37337534
2014-09-03T00:00:00Z,1.32952197
2014-09-02T00:00:00Z,1.33403252
2014-09-01T00:00:00Z,1.33161699
2014-08-31T00:00:00Z,1.3354704
2014-08-30T00:00:00Z,1.47016414
2014-08-29T00:00:00Z,1.4718778
2014-08-28T00:00:00Z,1.41749154
2014-08-27T00:00:00Z,1.46580935
2014-08-26T00:00:00Z,1.44155752
2014-08-25T00:00:00Z,1.39800732
2014-08-24T00:00:00Z,1.46631424
2014-08-23T00:00:00Z,1.39329263
2014-08-22T00:00:00Z,1.43811094
2014-08-21T00:00:00Z,1.41059917
2014-08-20T00:00:00Z,1.43220018
2014-08-19T00:00:00Z,1.35338255
2014-08-18T00:00:00Z,1.30711252
2014-08-17T00:00:00Z,1.38353509
2014-08-16T00:00:00Z,1.44862883
2014-08-15T00:00:00Z,1.38111238
2014-08-14T00:00:00Z,1.39780536
2014-08-13T00:00:00Z,1.5177754
2014-08-12T00:00:00Z,1.58037936
2014-08-11T00:00:00Z,1.59053641
2014-08-10T00:00:00Z,1.63356018
2014-08-09T00:00:00Z,1.63957666
2014-08-08T00:00:00Z,1.64248128
2014-08-07T00:00:00Z,1.61528877
2014-08-06T00:00:00Z,1.61818846
2014-08-05T00:00:00Z,1.6193426
2014-08-04T00:00:00Z,1.67001696
2014-08-03T00:00:00Z,1.62315445
2014-08-02T00:00:00Z,1.6558098
2014-08-01T00:00:00Z,1.66916551
2014-07-31T00:00:00Z,1.62922983
2014-07-30T00:00:00Z,1.59377035
2014-07-29T00:00:00Z,1.63859081
2014-07-28T00:00:00Z,1.66274043
2014-07-27T00:00:00Z,1.66190885
2014-07-26T00:00:00Z,1.68588312
2014-07-25T00:00:00Z,1.67510686
2014-07-24T00:00:00Z,1.69265443
2014-07-23T00:00:00Z,1.73956712
2014-07-22T00:00:00Z,1.74161276
2014-07-21T00:00:00Z,1.7735789
2014-07-20T00:00:00Z,1.75945638
2014-07-19T00:00:00Z,1.77701268
2014-07-18T00:00:00Z,1.76596617
2014-07-17T00:00:00Z,1.76049045
2014-07-16T00:00:00Z,1.76599173
2014-07-15T00:00:00Z,1.75193517
2014-07-14T00:00:00Z,1.77041771
2014-07-13T00:00:00Z,1.77182062
2014-07-12T00:00:00Z,1.80914625
2014-07-11T00:00:00Z,1.78217799
2014-07-10T00:00:00Z,1.74059607
2014-07-09T00:00:00Z,1.77980147
2014-07-08T00:00:00Z,1.77540462
2014-07-07T00:00:00Z,1.7672074
2014-07-06T00:00:00Z,1.81802493
2014-07-05T00:00:00Z,1.78851558
2014-07-04T00:00:00Z,1.80245729
2014-07-03T00:00:00Z,1.83634
2014-07-02T00:00:00Z,1.84402798
2014-07-01T00:00:00Z,1.85061012
2014-06-30T00:00:00Z,1.82468949
2014-06-29T00:00:00Z,1.73179773
2014-06-28T00:00:00Z,1.71434509
2014-06-27T00:00:00Z,1.71980027
2014-06-26T00:00:00Z,1.67254712
2014-06-25T00:00:00Z,1.62676329
2014-06-24T00:00:00Z,1.67270437
2014-06-23T00:00:00Z,1.68590668
2014-06-22T00:00:00Z,1.72101585
2014-06-21T00:00:00Z,1.71983878
2014-06-20T00:00:00Z,1.71583729
2014-06-19T00:00:00Z,1.72587346
2014-06-18T00:00:00Z,1.76095037
2014-06-17T00:00:00Z,1.77420252
2014-06-16T00:00:00Z,1.72802307
2014-06-15T00:00:00Z,1.70550635
2014-06-14T00:00:00Z,1.65191536
2014-06-13T00:00:00Z,1.75184497
2014-06-12T00:00:00Z,1.72911616
2014-06-11T00:00:00Z,1.87709431
2014-06-10T00:00:00Z,1.9072437
2014-06-09T00:00:00Z,1.92147702
2014-06-08T00:00:00Z,1.94352954
2014-06-07T00:00:00Z,1.95572106
2014-06-06T00:00:00Z,1.92700769
2014-06-05T00:00:00Z,1.95378583
2014-06-04T00:00:00Z,1.9126544
2014-06-03T00:00:00Z,2.00928005
2014-06-02T00:00:00Z,1.98905443
2014-06-01T00:00:00Z,1.87827157
2014-05-31T00:00:00Z,1.88968613
2014-05-30T00:00:00Z,1.86927912
2014-05-29T00:00:00Z,1.72782553
2014-05-28T00:00:00Z,1.75904954
2014-05-27T00:00:00Z,1.74604219
2014-05-26T00:00:00Z,1.79830626
2014-05-25T00:00:00Z,1.75891055
2014-05-24T00:00:00Z,1.62916019
2014-05-23T00:00:00Z,1.60358637
2014-05-22T00:00:00Z,1.62071027
2014-05-21T00:00:00Z,1.52546707
2014-05-20T00:00:00Z,1.52260299
2014-05-19T00:00:00Z,1.37613463
2014-05-18T00:00:00Z,1.38143457
2014-05-17T00:00:00Z,1.40149329
2014-05-16T00:00:00Z,1.40151255
2014-05-15T00:00:00Z,1.3879682
2014-05-14T00:00:00Z,1.37526545
2014-05-13T00:00:00Z,1.3597374
2014-05-12T00:00:00Z,1.35932915
2014-05-11T00:00:00Z,1.35049733
2014-05-10T00:00:00Z,1.40589078
2014-05-09T00:00:00Z,1.39953673
2014-05-08T00:00:00Z,1.35956
2014-05-07T00:00:00Z,1.35826747
2014-05-06T00:00:00Z,1.33100328
2014-05-05T00:00:00Z,1.32165086
2014-05-04T00:00:00Z,1.33597715
2014-05-03T00:00:00Z,1.35676272
2014-05-02T00:00:00Z,1.3849037
2014-05-01T00:00:00Z,1.41972472
2014-04-30T00:00:00Z,1.37876293
2014-04-29T00:00:00Z,1.37295811
2014-04-28T00:00:00Z,1.35123186
2014-04-27T00:00:00Z,1.34997215
2014-04-26T00:00:00Z,1.42332219
2014-04-25T00:00:00Z,1.42655966
2014-04-24T00:00:00Z,1.54541269
2014-04-23T00:00:00Z,1.52012644
2014-04-22T00:00:00Z,1.50472277
2014-04-21T00:00:00Z,1.52451545
2014-04-20T00:00:00Z,1.53821603
2014-04-19T00:00:00Z,1.54885532
2014-04-18T00:00:00Z,1.49054499
2014-04-17T00:00:00Z,1.54595852
2014-04-16T00:00:00Z,1.63273656
2014-04-15T00:00:00Z,1.6147198
2014-04-14T00:00:00Z,1.42070616
2014-04-13T00:00:00Z,1.28514427
2014-04-12T00:00:00Z,1.38377768
2014-04-11T00:00:00Z,1.30017845
2014-04-10T00:00:00Z,1.13239841
2014-04-09T00:00:00Z,1.41308793
2014-04-08T00:00:00Z,1.4068842
2014-04-07T00:00:00Z,1.37010902
2014-04-06T00:00:00Z,1.41428677
2014-04-05T00:00:00Z,1.4211565
2014-04-04T00:00:00Z,1.39995165
2014-04-03T00:00:00Z,1.40806246
2014-04-02T00:00:00Z,1.33252934
2014-04-01T00:00:00Z,1.48726912
2014-03-31T00:00:00Z,1.3871993
2014-03-30T00:00:00Z,1.38650073
2014-03-29T00:00:00Z,1.49043145
2014-03-28T00:00:00Z,1.5128884
2014-03-27T00:00:00Z,1.43802647
2014-03-26T00:00:00Z,1.76548526
2014-03-25T00:00:00Z,1.756767
2014-03-24T00:00:00Z,1.76869221
2014-03-23T00:00:00Z,1.73541846
2014-03-22T00:00:00Z,1.72961183
2014-03-21T00:00:00Z,1.72268051
2014-03-20T00:00:00Z,1.7896822
2014-03-19T00:00:00Z,1.84672546
2014-03-18T00:00:00Z,1.87960165
2014-03-17T00:00:00Z,1.93538189
2014-03-16T00:00:00Z,1.91547788
2014-03-15T00:00:00Z,1.96194338
2014-03-14T00:00:00Z,1.90757159
2014-03-13T00:00:00Z,1.98524875
2014-03-12T00:00:00Z,1.92265516
2014-03-11T00:00:00Z,1.9570858
2014-03-10T00:00:00Z,1.91411868
2014-03-09T00:00:00Z,1.96285071
2014-03-08T00:00:00Z,1.93012034
2014-03-07T00:00:00Z,1.98602966
2014-03-06T00:00:00Z,2.15639337
2014-03-05T00:00:00Z,2.15839238
2014-03-04T00:00:00Z,2.17334541
2014-03-03T00:00:00Z,2.20680044
2014-03-02T00:00:00Z,1.80315785
2014-03-01T00:00:00Z,1.83653781
2014-02-28T00:00:00Z,1.78892135
2014-02-27T00:00:00Z,1.90476122
2014-02-26T00:00:00Z,1.89853178
2014-02-25T00:00:00Z,1.7507456
2014-02-24T00:00:00Z,1.75486601
2014-02-23T00:00:00Z,1.94584813
2014-02-22T00:00:00Z,1.95962823
2014-02-21T00:00:00Z,1.83151394
2014-02-20T00:00:00Z,1.80190032
2014-02-19T00:00:00Z,1.99672231
2014-02-18T00:00:00Z,2.03189353
2014-02-17T00:00:00Z,2.03774004
2014-02-16T00:00:00Z,1.98190294
2014-02-15T00:00:00Z,2.10456955
2014-02-14T00:00:00Z,2.1422223
2014-02-13T00:00:00Z,1.94183077
2014-02-12T00:00:00Z,2.0846665
2014-02-11T00:00:00Z,2.17204478
2014-02-10T00:00:00Z,2.19059071
2014-02-09T00:00:00Z,2.18883397
2014-02-08T00:00:00Z,2.16861257
2014-02-07T00:00:00Z,2.26431101
2014-02-06T00:00:00Z,2.43088799
2014-02-05T00:00:00Z,2.49639533
2014-02-04T00:00:00Z,2.64306721
2014-02-03T00:00:00Z,2.70210097
2014-02-02T00:00:00Z,2.69034996
2014-02-01T00:00:00Z,2.69426848
2014-01-31T00:00:00Z,2.69660428
2014-01-30T00:00:00Z,2.68603133
2014-01-29T00:00:00Z,2.64774551
2014-01-28T00:00:00Z,2.61748659
2014-01-27T00:00:00Z,2.52335026
2014-01-26T00:00:00Z,2.76819075
2014-01-25T00:00:00Z,2.68646155
2014-01-24T00:00:00Z,2.62564175
2014-01-23T00:00:00Z,2.72885213
2014-01-22T00:00:00Z,2.75999002
2014-01-21T00:00:00Z,2.79300111
2014-01-20T00:00:00Z,2.86170239
2014-01-19T00:00:00Z,2.85700299
2014-01-18T00:00:00Z,2.76676695
2014-01-17T00:00:00Z,2.70839994
2014-01-16T00:00:00Z,2.78647353
2014-01-15T00:00:00Z,2.8905742
2014-01-14T00:00:00Z,2.81188104
2014-01-13T00:00:00Z,2.86345222
2014-01-12T00:00:00Z,2.99017524
2014-01-11T00:00:00Z,3.14413547
2014-01-10T00:00:00Z,3.01998463
2014-01-09T00:00:00Z,2.9254263
2014-01-08T00:00:00Z,2.91041302
2014-01-07T00:00:00Z,2.89162205
2014-01-06T00:00:00Z,3.26383041
2014-01-05T00:00:00Z,3.26447192
2014-01-04T00:00:00Z,3.01918111
2014-01-03T00:00:00Z,2.99753317
2014-01-02T00:00:00Z,2.92381348
2014-01-01T00:00:00Z,2.81755408
2013-12-31T00:00:00Z,2.76831173
2013-12-30T00:00:00Z,2.75567941
2013-12-29T00:00:00Z,2.72705736
2013-12-28T00:00:00Z,2.67461292
2013-12-27T00:00:00Z,2.69169756
2013-12-26T00:00:00Z,2.82773077
2013-12-25T00:00:00Z,2.5647354
2013-12-24T00:00:00Z,2.51481186
2013-12-23T00:00:00Z,2.54268338
2013-12-22T00:00:00Z,2.39177814
2013-12-21T00:00:00Z,2.30515049
2013-12-20T00:00:00Z,2.39094298
2013-12-19T00:00:00Z,2.6876717
2013-12-18T00:00:00Z,2.03266397
2013-12-17T00:00:00Z,2.65774908
2013-12-16T00:00:00Z,2.76505017
2013-12-15T00:00:00Z,3.37235919
2013-12-14T00:00:00Z,3.33812296
2013-12-13T00:00:00Z,3.46534252
2013-12-12T00:00:00Z,3.45846033
2013-12-11T00:00:00Z,3.48399629
2013-12-10T00:00:00Z,3.86642184
2013-12-09T00:00:00Z,3.64456713
2013-12-08T00:00:00Z,3.22554193
2013-12-07T00:00:00Z,2.85021908
2013-12-06T00:00:00Z,3.31305845
2013-12-05T00:00:00Z,4.30050356
2013-12-04T00:00:00Z,4.82788982
2013-12-03T00:00:00Z,4.64454344
2013-12-02T00:00:00Z,4.56298992
2013-12-01T00:00:00Z,4.39200469
2013-11-30T00:00:00Z,5.14834754
2013-11-29T00:00:00Z,5.40981222
2013-11-28T00:00:00Z,5.06539682
2013-11-27T00:00:00Z,5.18413892
2013-11-26T00:00:00Z,5.43252406
2013-11-25T00:00:00Z,5.18514624
2013-11-24T00:00:00Z,5.3833065
2013-11-23T00:00:00Z,5.75074972
2013-11-22T00:00:00Z,5.7767778
2013-11-21T00:00:00Z,5.34167509
2013-11-20T00:00:00Z,4.96494943
2013-11-19T00:00:00Z,4.67556987
2013-11-18T00:00:00Z,5.91045267
2013-11-17T00:00:00Z,4.85411372
2013-11-16T00:00:00Z,4.4285611
2013-11-15T00:00:00Z,4.27803071
2013-11-14T00:00:00Z,4.50100657
2013-11-13T00:00:00Z,4.34755835
2013-11-12T00:00:00Z,4.00910107
2013-11-11T00:00:00Z,3.94134779
2013-11-10T00:00:00Z,3.83434743
2013-11-09T00:00:00Z,3.98943441
2013-11-08T00:00:00Z,4.08391502
2013-11-07T00:00:00Z,3.6746689
2013-11-06T00:00:00Z,3.44530732
2013-11-05T00:00:00Z,3.26026662
2013-11-04T00:00:00Z,3.09866298
2013-11-03T00:00:00Z,2.92210421
2013-11-02T00:00:00Z,2.84983452
2013-11-01T00:00:00Z,2.85073744
2013-10-31T00:00:00Z,2.85940415
2013-10-30T00:00:00Z,2.82877467
2013-10-29T00:00:00Z,2.79194207
2013-10-28T00:00:00Z,2.76732366
2013-10-27T00:00:00Z,2.77916889
2013-10-26T00:00:00Z,2.69650496
2013-10-25T00:00:00Z,2.76400831
2013-10-24T00:00:00Z,2.93299871
2013-10-23T00:00:00Z,3.11671987
2013-10-22T00:00:00Z,2.99367209
2013-10-21T00:00:00Z,2.81105714
2013-10-20T00:00:00Z,2.70844809
2013-10-19T00:00:00Z,2.71264346
2013-10-18T00:00:00Z,2.45812232
2013-10-17T00:00:00Z,2.38241379
2013-10-16T00:00:00Z,2.28762019
2013-10-15T00:00:00Z,2.36731081
2013-10-14T00:00:00Z,2.28245165
2013-10-13T00:00:00Z,2.2281867
2013-10-12T00:00:00Z,2.15077208
2013-10-11T00:00:00Z,2.16030832
2013-10-10T00:00:00Z,2.14277446
2013-10-09T00:00:00Z,2.10653796
2013-10-08T00:00:00Z,2.11701304
2013-10-07T00:00:00Z,2.10777212
2013-10-06T00:00:00Z,2.10000154
2013-10-05T00:00:00Z,2.09624779
2013-10-04T00:00:00Z,2.10455827
2013-10-03T00:00:00Z,2.03835269
2013-10-02T00:00:00Z,1.79659756
2013-10-01T00:00:00Z,2.20077788
2013-09-30T00:00:00Z,2.17865917
2013-09-29T00:00:00Z,2.19655582
2013-09-28T00:00:00Z,2.20401497
2013-09-27T00:00:00Z,2.19740188
2013-09-26T00:00:00Z,2.16788547
2013-09-25T00:00:00Z,2.15616052
2013-09-24T00:00:00Z,2.16633322
2013-09-23T00:00:00Z,2.14674065
2013-09-22T00:00:00Z,2.1527305
2013-09-21T00:00:00Z,2.16902495
2013-09-20T00:00:00Z,2.15736892
2013-09-19T00:00:00Z,2.18533004
2013-09-18T00:00:00Z,2.24817164
2013-09-17T00:00:00Z,2.25399622
2013-09-16T00:00:00Z,2.23167833
2013-09-15T00:00:00Z,2.22589485
2013-09-14T00:00:00Z,2.21866526
2013-09-13T00:00:00Z,2.27569665
2013-09-12T00:00:00Z,2.27133258
2013-09-11T00:00:00Z,2.2803094
2013-09-10T00:00:00Z,2.20733264
2013-09-09T00:00:00Z,2.18801582
2013-09-08T00:00:00Z,2.1452264
2013-09-07T00:00:00Z,2.18030628
2013-09-06T00:00:00Z,2.13760338
2013-09-05T00:00:00Z,2.23614862
2013-09-04T00:00:00Z,2.23066635
2013-09-03T00:00:00Z,2.36100124
2013-09-02T00:00:00Z,2.38166247
2013-09-01T00:00:00Z,2.41064095
2013-08-31T00:00:00Z,2.38769648
2013-08-30T00:00:00Z,2.32976699
2013-08-29T00:00:00Z,2.22076616
2013-08-28T00:00:00Z,2.21967925
2013-08-27T00:00:00Z,2.22097454
2013-08-26T00:00:00Z,2.1196557
2013-08-25T00:00:00Z,2.14829432
2013-08-24T00:00:00Z,2.05835276
2013-08-23T00:00:00Z,2.05255367
2013-08-22T00:00:00Z,2.08018313
2013-08-21T00:00:00Z,2.12046109
2013-08-20T00:00:00Z,1.99504786
2013-08-19T00:00:00Z,1.96843451
2013-08-18T00:00:00Z,1.90819211
2013-08-17T00:00:00Z,1.91758059
2013-08-16T00:00:00Z,1.89398874
2013-08-15T00:00:00Z,1.8913995
2013-08-14T00:00:00Z,1.91657822
2013-08-13T00:00:00Z,1.89787657
2013-08-12T00:00:00Z,1.85567678
2013-08-11T00:00:00Z,1.82904155
2013-08-10T00:00:00Z,1.8200475
2013-08-09T00:00:00Z,1.80593845
2013-08-08T00:00:00Z,1.83656791
2013-08-07T00:00:00Z,1.89077657
2013-08-06T00:00:00Z,1.90804197
2013-08-05T00:00:00Z,1.90128561
2013-08-04T00:00:00Z,1.88433185
2013-08-03T00:00:00Z,1.86969868
2013-08-02T00:00:00Z,1.89820847
2013-08-01T00:00:00Z,1.91029565
2013-07-31T00:00:00Z,1.93804859
2013-07-30T00:00:00Z,1.92311661
2013-07-29T00:00:00Z,1.85715376
2013-07-28T00:00:00Z,1.83751919
2013-07-27T00:00:00Z,1.75081651
2013-07-26T00:00:00Z,1.79073376
2013-07-25T00:00:00Z,1.79632853
2013-07-24T00:00:00Z,1.7594959
2013-07-23T00:00:00Z,1.73357815
2013-07-22T00:00:00Z,1.70732151
2013-07-21T00:00:00Z,1.70571944
2013-07-20T00:00:00Z,1.6846652
2013-07-19T00:00:00Z,1.71648104
2013-07-18T00:00:00Z,1.68657405
2013-07-17T00:00:00Z,1.80662966
2013-07-16T00:00:00Z,1.81670957
2013-07-15T00:00:00Z,1.86305804
2013-07-14T00:00:00Z,1.78815341
2013-07-13T00:00:00Z,1.82228814
2013-07-12T00:00:00Z,1.7660887
2013-07-11T00:00:00Z,1.75047426
2013-07-10T00:00:00Z,1.69364826
2013-07-09T00:00:00Z,1.50792334
2013-07-08T00:00:00Z,1.49402998
2013-07-07T00:00:00Z,1.4478059
2013-07-06T00:00:00Z,1.32807582
2013-07-05T00:00:00Z,1.33610253
2013-07-04T00:00:00Z,1.56180122
2013-07-03T00:00:00Z,1.52715938
2013-07-02T00:00:00Z,1.72665295
2013-07-01T00:00:00Z,1.64527377
2013-06-30T00:00:00Z,1.76587941
2013-06-29T00:00:00Z,1.7491531
2013-06-28T00:00:00Z,1.74987484
2013-06-27T00:00:00Z,1.89345885
2013-06-26T00:00:00Z,1.94164643
2013-06-25T00:00:00Z,1.91865168
2013-06-24T00:00:00Z,1.94110844
2013-06-23T00:00:00Z,1.97605237
2013-06-22T00:00:00Z,1.97254383
2013-06-21T00:00:00Z,1.99137495
2013-06-20T00:00:00Z,2.05643484
2013-06-19T00:00:00Z,2.07096158
2013-06-18T00:00:00Z,2.05055343
2013-06-17T00:00:00Z,1.98007293
2013-06-16T00:00:00Z,1.9453459
2013-06-15T00:00:00Z,1.95921587
2013-06-14T00:00:00Z,1.95094596
2013-06-13T00:00:00Z,2.02640106
2013-06-12T00:00:00Z,2.09915525
2013-06-11T00:00:00Z,2.11386936
2013-06-10T00:00:00Z,2.05541833
2013-06-09T00:00:00Z,1.94962782
2013-06-08T00:00:00Z,2.14880143
2013-06-07T00:00:00Z,2.17812294
2013-06-06T00:00:00Z,2.34717372
2013-06-05T00:00:00Z,2.3988482
2013-06-04T00:00:00Z,2.39167722
2013-06-03T00:00:00Z,2.4528279
2013-06-02T00:00:00Z,2.46875371
2013-06-01T00:00:00Z,2.57286644
2013-05-31T00:00:00Z,2.56193878
2013-05-30T00:00:00Z,2.54703948
2013-05-29T00:00:00Z,2.62980702
2013-05-28T00:00:00Z,2.54408
2013-05-27T00:00:00Z,2.56438031
2013-05-26T00:00:00Z,2.64003349
2013-05-25T00:00:00Z,2.63058971
2013-05-24T00:00:00Z,2.65397717
2013-05-23T00:00:00Z,2.56643682
2013-05-22T00:00:00Z,2.47465757
2013-05-21T00:00:00Z,2.43625801
2013-05-20T00:00:00Z,2.46215918
2013-05-19T00:00:00Z,2.470241
2013-05-18T00:00:00Z,2.47933308
2013-05-17T00:00:00Z,2.47265972
2013-05-16T00:00:00Z,2.42496862
2013-05-15T00:00:00Z,2.29969998
2013-05-14T00:00:00Z,2.36405805
2013-05-13T00:00:00Z,2.49871923
2013-05-12T00:00:00Z,2.42649313
2013-05-11T00:00:00Z,2.45838282
2013-05-10T00:00:00Z,2.51897613
2013-05-09T00:00:00Z,2.40385974
2013-05-08T00:00:00Z,2.42268353
2013-05-07T00:00:00Z,2.40274971
2013-05-06T00:00:00Z,2.40448794
2013-05-05T00:00:00Z,2.49853395
2013-05-04T00:00:00Z,2.40870837
2013-05-03T00:00:00Z,2.12167074
2013-05-02T00:00:00Z,2.24969499
2013-05-01T00:00:00Z,2.47730878
2013-04-30T00:00:00Z,2.96622246
2013-04-29T00:00:00Z,3.09593477
2013-04-28T00:00:00Z,2.92539354
2013-04-27T00:00:00Z,2.78764094
2013-04-26T00:00:00Z,3.01032603
2013-04-25T00:00:00Z,3.1275878
2013-04-24T00:00:00Z,3.51366525
2013-04-23T00:00:00Z,3.38923468
2013-04-22T00:00:00Z,3.03682643
2013-04-21T00:00:00Z,2.85946062
2013-04-20T00:00:00Z,3.12683424
2013-04-19T00:00:00Z,2.96901266
2013-04-18T00:00:00Z,2.724889
2013-04-17T00:00:00Z,2.41214798
2013-04-16T00:00:00Z,1.75733112
2013-04-15T00:00:00Z,2.10784825
2013-04-14T00:00:00Z,2.21074658
2013-04-13T00:00:00Z,2.46946562
2013-04-12T00:00:00Z,2.81507156
2013-04-11T00:00:00Z,2.58600418
2013-04-10T00:00:00Z,3.62645778
2013-04-09T00:00:00Z,5.82356552
2013-04-08T00:00:00Z,5.43149724
2013-04-07T00:00:00Z,5.11895412
2013-04-06T00:00:00Z,4.68906273
2013-04-05T00:00:00Z,4.75706688
2013-04-04T00:00:00Z,4.7900329
2013-04-03T00:00:00Z,5.04448756
2013-04-02T00:00:00Z,4.83637542
2013-04-01T00:00:00Z,4.45324917
2013-03-31T00:00:00Z,4.23677425
2013-03-30T00:00:00Z,4.25620478
2013-03-29T00:00:00Z,4.31920492
2013-03-28T00:00:00Z,4.23370992
2013-03-27T00:00:00Z,4.50367962
2013-03-26T00:00:00Z,4.15051759
2013-03-25T00:00:00Z,3.99285082
2013-03-24T00:00:00Z,4.01659638
2013-03-23T00:00:00Z,3.70507295
2013-03-22T00:00:00Z,4.05707518
2013-03-21T00:00:00Z,4.24339924
2013-03-20T00:00:00Z,4.05430852
2013-03-19T00:00:00Z,3.84720366
2013-03-18T00:00:00Z,3.49049354
2013-03-17T00:00:00Z,3.26549692
2013-03-16T00:00:00Z,3.26351982
2013-03-15T00:00:00Z,3.28324481
2013-03-14T00:00:00Z,3.3356773
2013-03-13T00:00:00Z,3.35775074
2013-03-12T00:00:00Z,3.22158724
2013-03-11T00:00:00Z,3.54721551
2013-03-10T00:00:00Z,3.42078669
2013-03-09T00:00:00Z,3.51752814
2013-03-08T00:00:00Z,3.38797368
2013-03-07T00:00:00Z,3.26731308
2013-03-06T00:00:00Z,3.26782349
2013-03-05T00:00:00Z,3.31759229
2013-03-04T00:00:00Z,3.06470933
2013-03-03T00:00:00Z,2.95911569
2013-03-02T00:00:00Z,2.95340419
2013-03-01T00:00:00Z,2.99586758
2013-02-28T00:00:00Z,2.93741558
2013-02-27T00:00:00Z,2.78950386
2013-02-26T00:00:00Z,2.81760869
2013-02-25T00:00:00Z,2.78239775
2013-02-24T00:00:00Z,2.80725762
2013-02-23T00:00:00Z,2.81874914
2013-02-22T00:00:00Z,2.87893745
2013-02-21T00:00:00Z,2.86129614
2013-02-20T00:00:00Z,2.87342121
2013-02-19T00:00:00Z,2.88138761
2013-02-18T00:00:00Z,2.67993727
2013-02-17T00:00:00Z,2.68528058
2013-02-16T00:00:00Z,2.74574374
2013-02-15T00:00:00Z,2.75900009
2013-02-14T00:00:00Z,2.81496873
2013-02-13T00:00:00Z,2.54453376
2013-02-12T00:00:00Z,2.66803493
2013-02-11T00:00:00Z,2.63563785
2013-02-10T00:00:00Z,2.58380846
2013-02-09T00:00:00Z,2.56311418
2013-02-08T00:00:00Z,2.47883754
2013-02-07T00:00:00Z,2.44799048
2013-02-06T00:00:00Z,2.35928965
2013-02-05T00:00:00Z,2.31002696
2013-02-04T00:00:00Z,2.30345624
2013-02-03T00:00:00Z,2.33058067
2013-02-02T00:00:00Z,2.23506842
2013-02-01T00:00:00Z,2.33735385
2013-01-31T00:00:00Z,2.37320033
2013-01-30T00:00:00Z,2.32175357
2013-01-29T00:00:00Z,2.33030435
2013-01-28T00:00:00Z,2.26821044
2013-01-27T00:00:00Z,2.17485118
2013-01-26T00:00:00Z,2.19947005
2013-01-25T00:00:00Z,2.15269352
2013-01-24T00:00:00Z,2.10048981
2013-01-23T00:00:00Z,2.18531415
2013-01-22T00:00:00Z,2.16678792
2013-01-21T00:00:00Z,2.1358332
2013-01-20T00:00:00Z,2.0105231
2013-01-19T00:00:00Z,2.00323519
2013-01-18T00:00:00Z,2.0190049
2013-01-17T00:00:00Z,2.00147057
2013-01-16T00:00:00Z,1.91516885
2013-01-15T00:00:00Z,1.85955975
2013-01-14T00:00:00Z,1.86956457
2013-01-13T00:00:00Z,1.84865355
2013-01-12T00:00:00Z,1.86687511
2013-01-11T00:00:00Z,1.8563754
2013-01-10T00:00:00Z,1.8603419
2013-01-09T00:00:00Z,1.81817352
2013-01-08T00:00:00Z,1.81658323
2013-01-07T00:00:00Z,1.80071018
2013-01-06T00:00:00Z,1.7852953
2013-01-05T00:00:00Z,1.78439385
2013-01-04T00:00:00Z,1.7933256
2013-01-03T00:00:00Z,1.78276754
2013-01-02T00:00:00Z,1.76889368
2013-01-01T00:00:00Z,1.77275378
2012-12-31T00:00:00Z,1.80045277
2012-12-30T00:00:00Z,1.79800179
2012-12-29T00:00:00Z,1.79296884
2012-12-28T00:00:00Z,1.79666761
2012-12-27T00:00:00Z,1.7984482
2012-12-26T00:00:00Z,1.80571476
2012-12-25T00:00:00Z,1.79150241
2012-12-24T00:00:00Z,1.79617404
2012-12-23T00:00:00Z,1.78778732
2012-12-22T00:00:00Z,1.79616043
2012-12-21T00:00:00Z,1.8136287
2012-12-20T00:00:00Z,1.81977487
2012-12-19T00:00:00Z,1.833438
2012-12-18T00:00:00Z,1.7971658
2012-12-17T00:00:00Z,1.7929274
2012-12-16T00:00:00Z,1.7998728
2012-12-15T00:00:00Z,1.82672517
2012-12-14T00:00:00Z,1.84246015
2012-12-13T00:00:00Z,1.85875683
2012-12-12T00:00:00Z,1.86610584
2012-12-11T00:00:00Z,1.85280962
2012-12-10T00:00:00Z,1.84008605
2012-12-09T00:00:00Z,1.83712733
2012-12-08T00:00:00Z,1.84508431
2012-12-07T00:00:00Z,1.85809757
2012-12-06T00:00:00Z,1.83788825
2012-12-05T00:00:00Z,1.85191873
2012-12-04T00:00:00Z,1.86338214
2012-12-03T00:00:00Z,1.77707457
2012-12-02T00:00:00Z,1.75543758
2012-12-01T00:00:00Z,1.76527532
2012-11-30T00:00:00Z,1.76757498
2012-11-29T00:00:00Z,1.75525262
2012-11-28T00:00:00Z,1.74326806
2012-11-27T00:00:00Z,1.7256459
2012-11-26T00:00:00Z,1.73410497
2012-11-25T00:00:00Z,1.77131488
2012-11-24T00:00:00Z,1.76547507
2012-11-23T00:00:00Z,1.75975008
2012-11-22T00:00:00Z,1.77454384
2012-11-21T00:00:00Z,1.68689269
2012-11-20T00:00:00Z,1.68406608
2012-11-19T00:00:00Z,1.6954059
2012-11-18T00:00:00Z,1.67787445
2012-11-17T00:00:00Z,1.69947047
2012-11-16T00:00:00Z,1.69665188
2012-11-15T00:00:00Z,1.62429125
2012-11-14T00:00:00Z,1.59096876
2012-11-13T00:00:00Z,1.59226185
2012-11-12T00:00:00Z,1.60232629
2012-11-11T00:00:00Z,1.58491477
2012-11-10T00:00:00Z,1.58922146
2012-11-09T00:00:00Z,1.57916124
2012-11-08T00:00:00Z,1.59575845
2012-11-07T00:00:00Z,1.59627342
2012-11-06T00:00:00Z,1.59509766
2012-11-05T00:00:00Z,1.57427113
2012-11-04T00:00:00Z,1.58265179
2012-11-03T00:00:00Z,1.56231809
2012-11-02T00:00:00Z,1.53748553
2012-11-01T00:00:00Z,1.55051062
2012-10-31T00:00:00Z,1.64033544
2012-10-30T00:00:00Z,1.59796324
2012-10-29T00:00:00Z,1.55725539
2012-10-28T00:00:00Z,1.57217749
2012-10-27T00:00:00Z,1.50852875
2012-10-26T00:00:00Z,1.4929906
2012-10-25T00:00:00Z,1.59050215
2012-10-24T00:00:00Z,1.7044138
2012-10-23T00:00:00Z,1.70653706
2012-10-22T00:00:00Z,1.71633793
2012-10-21T00:00:00Z,1.70585026
2012-10-20T00:00:00Z,1.72672738
2012-10-19T00:00:00Z,1.72765795
2012-10-18T00:00:00Z,1.75804188
2012-10-17T00:00:00Z,1.74191721
2012-10-16T00:00:00Z,1.75189339
2012-10-15T00:00:00Z,1.75231516
2012-10-14T00:00:00Z,1.73971355
2012-10-13T00:00:00Z,1.75917108
2012-10-12T00:00:00Z,1.78011096
2012-10-11T00:00:00Z,1.78602404
2012-10-10T00:00:00Z,1.80049241
2012-10-09T00:00:00Z,1.76970819
2012-10-08T00:00:00Z,1.75238299
2012-10-07T00:00:00Z,1.75964205
2012-10-06T00:00:00Z,1.8623736
2012-10-05T00:00:00Z,1.89078458
2012-10-04T00:00:00Z,1.91683556
2012-10-03T00:00:00Z,1.92843976
2012-10-02T00:00:00Z,1.92843487
2012-10-01T00:00:00Z,1.87107797
2012-09-30T00:00:00Z,1.87423608
2012-09-29T00:00:00Z,1.87232707
2012-09-28T00:00:00Z,1.88113409
2012-09-27T00:00:00Z,1.87700703
2012-09-26T00:00:00Z,1.8763759
2012-09-25T00:00:00Z,1.8699455
2012-09-24T00:00:00Z,1.8600835
2012-09-23T00:00:00Z,1.87799487
2012-09-22T00:00:00Z,1.88772024
2012-09-21T00:00:00Z,1.91181004
2012-09-20T00:00:00Z,1.9061693
2012-09-19T00:00:00Z,1.96166205
2012-09-18T00:00:00Z,1.92280142
2012-09-17T00:00:00Z,1.87477939
2012-09-16T00:00:00Z,1.87711967
2012-09-15T00:00:00Z,1.86332075
2012-09-14T00:00:00Z,1.85693712
2012-09-13T00:00:00Z,1.81871594
2012-09-12T00:00:00Z,1.81621555
2012-09-11T00:00:00Z,1.81503352
2012-09-10T00:00:00Z,1.79331488
2012-09-09T00:00:00Z,1.79741525
2012-09-08T00:00:00Z,1.80476583
2012-09-07T00:00:00Z,1.80160857
2012-09-06T00:00:00Z,1.83286355
2012-09-05T00:00:00Z,1.80858873
2012-09-04T00:00:00Z,1.71522791
2012-09-03T00:00:00Z,1.74257178
2012-09-02T00:00:00Z,1.69187242
2012-09-01T00:00:00Z,1.65435052
2012-08-31T00:00:00Z,1.68368444
2012-08-30T00:00:00Z,1.80043208
2012-08-29T00:00:00Z,1.82473229
2012-08-28T00:00:00Z,1.83162349
2012-08-27T00:00:00Z,1.83991041
2012-08-26T00:00:00Z,1.80270572
2012-08-25T00:00:00Z,1.7918157
2012-08-24T00:00:00Z,1.80886344
2012-08-23T00:00:00Z,1.7315106
2012-08-22T00:00:00Z,1.68493311
2012-08-21T00:00:00Z,1.7059074
2012-08-20T00:00:00Z,1.73786915
2012-08-19T00:00:00Z,1.39590513
2012-08-18T00:00:00Z,2.00344838
2012-08-17T00:00:00Z,2.00629634
2012-08-16T00:00:00Z,2.34319917
2012-08-15T00:00:00Z,2.32162827
2012-08-14T00:00:00Z,2.15475974
2012-08-13T00:00:00Z,2.13989585
2012-08-12T00:00:00Z,2.07941885
2012-08-11T00:00:00Z,2.0650459
2012-08-10T00:00:00Z,2.04972544
2012-08-09T00:00:00Z,1.9992344
2012-08-08T00:00:00Z,2.00462317
2012-08-07T00:00:00Z,2.024177
2012-08-06T00:00:00Z,1.98640195
2012-08-05T00:00:00Z,1.99669856
2012-08-04T00:00:00Z,2.02748123
2012-08-03T00:00:00Z,2.03578491
2012-08-02T00:00:00Z,1.96865071
2012-08-01T00:00:00Z,1.80625892
2012-07-31T00:00:00Z,1.7755605
2012-07-30T00:00:00Z,1.7370722
2012-07-29T00:00:00Z,1.66802848
2012-07-28T00:00:00Z,1.70563002
2012-07-27T00:00:00Z,1.71184712
2012-07-26T00:00:00Z,1.71618404
2012-07-25T00:00:00Z,1.70424277
2012-07-24T00:00:00Z,1.67028985
2012-07-23T00:00:00Z,1.64428832
2012-07-22T00:00:00Z,1.63914386
2012-07-21T00:00:00Z,1.72505549
2012-07-20T00:00:00Z,1.66787733
2012-07-19T00:00:00Z,1.73797247
2012-07-18T00:00:00Z,1.79310824
2012-07-17T00:00:00Z,1.74260886
2012-07-16T00:00:00Z,1.70508018
2012-07-15T00:00:00Z,1.5416076
2012-07-14T00:00:00Z,1.52738725
2012-07-13T00:00:00Z,1.54138321
2012-07-12T00:00:00Z,1.56687553
2012-07-11T00:00:00Z,1.44866815
2012-07-10T00:00:00Z,1.46196331
2012-07-09T00:00:00Z,1.41332229
2012-07-08T00:00:00Z,1.37142957
2012-07-07T00:00:00Z,1.36610352
2012-07-06T00:00:00Z,1.34214516
2012-07-05T00:00:00Z,1.3476492
2012-07-04T00:00:00Z,1.3170079
2012-07-03T00:00:00Z,1.30613687
2012-07-02T00:00:00Z,1.36830167
2012-07-01T00:00:00Z,1.34405242
2012-06-30T00:00:00Z,1.35712779
2012-06-29T00:00:00Z,1.35015234
2012-06-28T00:00:00Z,1.34247853
2012-06-27T00:00:00Z,1.3521882
2012-06-26T00:00:00Z,1.30843032
2012-06-25T00:00:00Z,1.28710265
2012-06-24T00:00:00Z,1.29649397
2012-06-23T00:00:00Z,1.31298717
2012-06-22T00:00:00Z,1.33819713
2012-06-21T00:00:00Z,1.36726438
2012-06-20T00:00:00Z,1.36761998
2012-06-19T00:00:00Z,1.3334625
2012-06-18T00:00:00Z,1.29665718
2012-06-17T00:00:00Z,1.26814613
2012-06-16T00:00:00Z,1.31807264
2012-06-15T00:00:00Z,1.34128796
2012-06-14T00:00:00Z,1.23497437
2012-06-13T00:00:00Z,1.2305927
2012-06-12T00:00:00Z,1.18548155
2012-06-11T00:00:00Z,1.16126255
2012-06-10T00:00:00Z,1.14053459
2012-06-09T00:00:00Z,1.1597865
2012-06-08T00:00:00Z,1.17551524
2012-06-07T00:00:00Z,1.16824054
2012-06-06T00:00:00Z,1.14250107
2012-06-05T00:00:00Z,1.13928489
2012-06-04T00:00:00Z,1.10430536
2012-06-03T00:00:00Z,1.09196107
2012-06-02T00:00:00Z,1.10120947
2012-06-01T00:00:00Z,1.10693965
2012-05-31T00:00:00Z,1.08800915
2012-05-30T00:00:00Z,1.07360401
2012-05-29T00:00:00Z,1.07666515
2012-05-28T00:00:00Z,1.0737646
2012-05-27T00:00:00Z,1.07443932
2012-05-26T00:00:00Z,1.06735222
2012-05-25T00:00:00Z,1.07304699
2012-05-24T00:00:00Z,1.06779357
2012-05-23T00:00:00Z,1.06897074
2012-05-22T00:00:00Z,1.06093584
2012-05-21T00:00:00Z,1.06067593
2012-05-20T00:00:00Z,1.0555057
2012-05-19T00:00:00Z,1.05342481
2012-05-18T00:00:00Z,1.05725739
2012-05-17T00:00:00Z,1.05167212
2012-05-16T00:00:00Z,1.0480978
2012-05-15T00:00:00Z,1.03622831
2012-05-14T00:00:00Z,1.03017115
2012-05-13T00:00:00Z,1.01418121
2012-05-12T00:00:00Z,1.01637776
2012-05-11T00:00:00Z,1.02199528
2012-05-10T00:00:00Z,0.99895488
2012-05-09T00:00:00Z,1.03813756
2012-05-08T00:00:00Z,1.0395628
2012-05-07T00:00:00Z,1.04153474
2012-05-06T00:00:00Z,1.03944876
2012-05-05T00:00:00Z,1.04264805
2012-05-04T00:00:00Z,1.04071173
2012-05-03T00:00:00Z,1.05446942
2012-05-02T00:00:00Z,1.04240957
2012-05-01T00:00:00Z,1.02748661
2012-04-30T00:00:00Z,1.01714507
2012-04-29T00:00:00Z,1.00525421
2012-04-28T00:00:00Z,1.02009834
2012-04-27T00:00:00Z,1.04639023
2012-04-26T00:00:00Z,1.04405395
2012-04-25T00:00:00Z,1.04969576
2012-04-24T00:00:00Z,1.04803211
2012-04-23T00:00:00Z,1.0199695
2012-04-22T00:00:00Z,1.06809147
2012-04-21T00:00:00Z,1.08059434
2012-04-20T00:00:00Z,1.09917348
2012-04-19T00:00:00Z,1.05765248
2012-04-18T00:00:00Z,1.0543678
2012-04-17T00:00:00Z,1.02615903
2012-04-16T00:00:00Z,1.01738256
2012-04-15T00:00:00Z,1.02536902
2012-04-14T00:00:00Z,1.02405351
2012-04-13T00:00:00Z,1.02032462
2012-04-12T00:00:00Z,1.01648735
2012-04-11T00:00:00Z,1.01893043
2012-04-10T00:00:00Z,1.00060164
2012-04-09T00:00:00Z,1.00755502
2012-04-08T00:00:00Z,0.99216678
2012-04-07T00:00:00Z,0.97034442
2012-04-06T00:00:00Z,1.02403136
2012-04-05T00:00:00Z,1.01823969
2012-04-04T00:00:00Z,1.01662518
2012-04-03T00:00:00Z,1.02533358
2012-04-02T00:00:00Z,1.02670354
2012-04-01T00:00:00Z,0.99675132
2012-03-31T00:00:00Z,1.01343889
2012-03-30T00:00:00Z,1.00365195
2012-03-29T00:00:00Z,0.97848597
2012-03-28T00:00:00Z,0.97378178
2012-03-27T00:00:00Z,0.97850243
2012-03-26T00:00:00Z,0.93947391
2012-03-25T00:00:00Z,0.92481008
2012-03-24T00:00:00Z,0.94929178
2012-03-23T00:00:00Z,0.95014019
2012-03-22T00:00:00Z,0.9537961
2012-03-21T00:00:00Z,0.97487942
2012-03-20T00:00:00Z,0.97740888
2012-03-19T00:00:00Z,0.94781164
2012-03-18T00:00:00Z,1.0636558
2012-03-17T00:00:00Z,1.0502099
2012-03-16T00:00:00Z,1.07583401
2012-03-15T00:00:00Z,1.07369607
2012-03-14T00:00:00Z,1.08541107
2012-03-13T00:00:00Z,1.06489392
2012-03-12T00:00:00Z,0.98950934
2012-03-11T00:00:00Z,0.99328944
2012-03-10T00:00:00Z,0.97691046
2012-03-09T00:00:00Z,0.98220489
2012-03-08T00:00:00Z,0.99590864
2012-03-07T00:00:00Z,0.99722937
2012-03-06T00:00:00Z,1.0079809
2012-03-05T00:00:00Z,1.00722634
2012-03-04T00:00:00Z,0.974487
2012-03-03T00:00:00Z,0.9331159
2012-03-02T00:00:00Z,0.95020321
2012-03-01T00:00:00Z,0.99275757
2012-02-29T00:00:00Z,0.98076557
2012-02-28T00:00:00Z,0.97518295
2012-02-27T00:00:00Z,0.99311677
2012-02-26T00:00:00Z,0.98659564
2012-02-25T00:00:00Z,0.95671142
2012-02-24T00:00:00Z,1.0080882
2012-02-23T00:00:00Z,1.00606335
2012-02-22T00:00:00Z,0.88922062
2012-02-21T00:00:00Z,0.85778667
2012-02-20T00:00:00Z,0.87446956
2012-02-19T00:00:00Z,0.87878778
2012-02-18T00:00:00Z,0.84498019
2012-02-17T00:00:00Z,0.87934762
2012-02-16T00:00:00Z,0.85131307
2012-02-15T00:00:00Z,0.85888051
2012-02-14T00:00:00Z,0.88255386
2012-02-13T00:00:00Z,1.03138149
2012-02-12T00:00:00Z,1.07176575
2012-02-11T00:00:00Z,1.08822246
2012-02-10T00:00:00Z,1.150851
2012-02-09T00:00:00Z,1.13458775
2012-02-08T00:00:00Z,1.0902103
2012-02-07T00:00:00Z,1.10744455
2012-02-06T00:00:00Z,1.06154789
2012-02-05T00:00:00Z,1.10527098
2012-02-04T00:00:00Z,1.14079745
2012-02-03T00:00:00Z,1.15740205
2012-02-02T00:00:00Z,1.18506134
2012-02-01T00:00:00Z,1.18146455
2012-01-31T00:00:00Z,1.068595
2012-01-30T00:00:00Z,1.06872012
2012-01-29T00:00:00Z,1.04689879
2012-01-28T00:00:00Z,1.09365099
2012-01-27T00:00:00Z,1.02843867
2012-01-26T00:00:00Z,1.03605682
2012-01-25T00:00:00Z,1.11226624
2012-01-24T00:00:00Z,1.21535428
2012-01-23T00:00:00Z,1.22888331
2012-01-22T00:00:00Z,1.22084479
2012-01-21T00:00:00Z,1.19636644
2012-01-20T00:00:00Z,1.2565455
2012-01-19T00:00:00Z,1.23245633
2012-01-18T00:00:00Z,1.15127474
2012-01-17T00:00:00Z,1.08860899
2012-01-16T00:00:00Z,1.2962155
2012-01-15T00:00:00Z,1.35970985
2012-01-14T00:00:00Z,1.31313434
2012-01-13T00:00:00Z,1.24995298
2012-01-12T00:00:00Z,1.32728411
2012-01-11T00:00:00Z,1.35384877
2012-01-10T00:00:00Z,1.25210027
2012-01-09T00:00:00Z,1.24494385
2012-01-08T00:00:00Z,1.40438106
2012-01-07T00:00:00Z,1.35004342
2012-01-06T00:00:00Z,1.3317069
2012-01-05T00:00:00Z,1.38916026
2012-01-04T00:00:00Z,1.12923627
2012-01-03T00:00:00Z,0.99265813
2012-01-02T00:00:00Z,1.06163829
2012-01-01T00:00:00Z,1.07095542
2011-12-31T00:00:00Z,0.96278009
2011-12-30T00:00:00Z,0.86779871
2011-12-29T00:00:00Z,0.85162111
2011-12-28T00:00:00Z,0.8556934
2011-12-27T00:00:00Z,0.83270639
2011-12-26T00:00:00Z,0.82242094
2011-12-25T00:00:00Z,0.86509254
2011-12-24T00:00:00Z,0.80666943
2011-12-23T00:00:00Z,0.80781621
2011-12-22T00:00:00Z,0.79693526
2011-12-21T00:00:00Z,0.7975377
2011-12-20T00:00:00Z,0.81057483
2011-12-19T00:00:00Z,0.72485974
2011-12-18T00:00:00Z,0.65865118
2011-12-17T00:00:00Z,0.65978919
2011-12-16T00:00:00Z,0.65949278
2011-12-15T00:00:00Z,0.65940585
2011-12-14T00:00:00Z,0.64914147
2011-12-13T00:00:00Z,0.66848813
2011-12-12T00:00:00Z,0.64487668
2011-12-11T00:00:00Z,0.66850771
2011-12-10T00:00:00Z,0.62840497
2011-12-09T00:00:00Z,0.61190869
2011-12-08T00:00:00Z,0.61364558
2011-12-07T00:00:00Z,0.61552742
2011-12-06T00:00:00Z,0.61993595
2011-12-05T00:00:00Z,0.58991416
2011-12-04T00:00:00Z,0.57891673
2011-12-03T00:00:00Z,0.57194594
2011-12-02T00:00:00Z,0.6343067
2011-12-01T00:00:00Z,0.62335136
2011-11-30T00:00:00Z,0.60535744
2011-11-29T00:00:00Z,0.5624456
2011-11-28T00:00:00Z,0.52292881
2011-11-27T00:00:00Z,0.50320604
2011-11-26T00:00:00Z,0.50091877
2011-11-25T00:00:00Z,0.50574833
2011-11-24T00:00:00Z,0.49082709
2011-11-23T00:00:00Z,0.47105176
2011-11-22T00:00:00Z,0.46979139
2011-11-21T00:00:00Z,0.46211249
2011-11-20T00:00:00Z,0.44322653
2011-11-19T00:00:00Z,0.44163548
2011-11-18T00:00:00Z,0.41268069
2011-11-17T00:00:00Z,0.4481418
2011-11-16T00:00:00Z,0.50670559
2011-11-15T00:00:00Z,0.43248831
2011-11-14T00:00:00Z,0.41173295
2011-11-13T00:00:00Z,0.55401013
2011-11-12T00:00:00Z,0.55993944
2011-11-11T00:00:00Z,0.56869752
2011-11-10T00:00:00Z,0.52383526
2011-11-09T00:00:00Z,0.54357913
2011-11-08T00:00:00Z,0.54213515
2011-11-07T00:00:00Z,0.53622842
2011-11-06T00:00:00Z,0.52739578
2011-11-05T00:00:00Z,0.52888107
2011-11-04T00:00:00Z,0.55304159
2011-11-03T00:00:00Z,0.55995963
2011-11-02T00:00:00Z,0.57658885
2011-11-01T00:00:00Z,0.55777902
2011-10-31T00:00:00Z,0.57447934
2011-10-30T00:00:00Z,0.57782012
2011-10-29T00:00:00Z,0.6324297
2011-10-28T00:00:00Z,0.56323032
2011-10-27T00:00:00Z,0.53682604
2011-10-26T00:00:00Z,0.48946957
2011-10-25T00:00:00Z,0.48711766
2011-10-24T00:00:00Z,0.44712663
2011-10-23T00:00:00Z,0.55565234
2011-10-22T00:00:00Z,0.55330015
2011-10-21T00:00:00Z,0.44953556
2011-10-20T00:00:00Z,0.41011632
2011-10-19T00:00:00Z,0.39594525
2011-10-18T00:00:00Z,0.4193297
2011-10-17T00:00:00Z,0.44208043
2011-10-16T00:00:00Z,0.60978563
2011-10-15T00:00:00Z,0.65773359
2011-10-14T00:00:00Z,0.68191812
2011-10-13T00:00:00Z,0.69061858
2011-10-12T00:00:00Z,0.7076289
2011-10-11T00:00:00Z,0.66899117
2011-10-10T00:00:00Z,0.69554464
2011-10-09T00:00:00Z,0.6954112
2011-10-08T00:00:00Z,0.67802667
2011-10-07T00:00:00Z,0.72187631
2011-10-06T00:00:00Z,0.79750576
2011-10-05T00:00:00Z,0.81969833
2011-10-04T00:00:00Z,0.83397844
2011-10-03T00:00:00Z,0.84399856
2011-10-02T00:00:00Z,0.84366675
2011-10-01T00:00:00Z,0.84333379
2011-09-30T00:00:00Z,0.85985566
2011-09-29T00:00:00Z,0.7995237
2011-09-28T00:00:00Z,0.79785872
2011-09-27T00:00:00Z,0.82087899
2011-09-26T00:00:00Z,0.81248435
2011-09-25T00:00:00Z,0.88809372
2011-09-24T00:00:00Z,0.90547172
2011-09-23T00:00:00Z,0.91772952
2011-09-22T00:00:00Z,0.89763047
2011-09-21T00:00:00Z,0.92617201
2011-09-20T00:00:00Z,1.00775275
2011-09-19T00:00:00Z,0.90006483
2011-09-18T00:00:00Z,0.85626447
2011-09-17T00:00:00Z,0.78524851
2011-09-16T00:00:00Z,0.792656
2011-09-15T00:00:00Z,0.79383343
2011-09-14T00:00:00Z,0.91958823
2011-09-13T00:00:00Z,0.9480394
2011-09-12T00:00:00Z,0.99062418
2011-09-11T00:00:00Z,0.95371636
2011-09-10T00:00:00Z,0.74625317
2011-09-09T00:00:00Z,0.78465094
2011-09-08T00:00:00Z,1.01487979
2011-09-07T00:00:00Z,1.1127227
2011-09-06T00:00:00Z,1.06143028
2011-09-05T00:00:00Z,1.17366242
2011-09-04T00:00:00Z,1.25886947
2011-09-03T00:00:00Z,1.30458372
2011-09-02T00:00:00Z,1.32925899
2011-09-01T00:00:00Z,1.26408218
2011-08-31T00:00:00Z,1.26083975
2011-08-30T00:00:00Z,1.35087616
2011-08-29T00:00:00Z,1.37758872
2011-08-28T00:00:00Z,1.3948248
2011-08-27T00:00:00Z,1.32194684
2011-08-26T00:00:00Z,1.19017308
2011-08-25T00:00:00Z,1.40578618
2011-08-24T00:00:00Z,1.59205683
2011-08-23T00:00:00Z,1.60579502
2011-08-22T00:00:00Z,1.5991921
2011-08-21T00:00:00Z,1.66113425
2011-08-20T00:00:00Z,1.68280199
2011-08-19T00:00:00Z,1.71381528
2011-08-18T00:00:00Z,1.59618035
2011-08-17T00:00:00Z,1.6147888
2011-08-16T00:00:00Z,1.62017429
2011-08-15T00:00:00Z,1.65075873
2011-08-14T00:00:00Z,1.60202723
2011-08-13T00:00:00Z,1.50465572
2011-08-12T00:00:00Z,1.40665822
2011-08-11T00:00:00Z,1.40698067
2011-08-10T00:00:00Z,1.48157803
2011-08-09T00:00:00Z,1.48250789
2011-08-08T00:00:00Z,1.16192714
2011-08-07T00:00:00Z,1.15860571
2011-08-06T00:00:00Z,0.95591799
2011-08-05T00:00:00Z,1.41221414
2011-08-04T00:00:00Z,1.54299877
2011-08-03T00:00:00Z,1.32908148
2011-08-02T00:00:00Z,1.71280751
2011-08-01T00:00:00Z,1.85949656
2011-07-31T00:00:00Z,1.89564158
2011-07-30T00:00:00Z,1.92108802
2011-07-29T00:00:00Z,1.92044501
2011-07-28T00:00:00Z,1.92190068
2011-07-27T00:00:00Z,1.98459956
2011-07-26T00:00:00Z,1.98022396
2011-07-25T00:00:00Z,2.00677657
2011-07-24T00:00:00Z,2.00083746
2011-07-23T00:00:00Z,1.96168221
2011-07-22T00:00:00Z,1.96607725
2011-07-21T00:00:00Z,1.95519388
2011-07-20T00:00:00Z,1.96795452
2011-07-19T00:00:00Z,1.97145801
2011-07-18T00:00:00Z,1.92448347
2011-07-17T00:00:00Z,1.81903001
2011-07-16T00:00:00Z,1.89771377
2011-07-15T00:00:00Z,1.91151774
2011-07-14T00:00:00Z,1.93872856
2011-07-13T00:00:00Z,1.93581611
2011-07-12T00:00:00Z,1.94750519
2011-07-11T00:00:00Z,1.97740225
2011-07-10T00:00:00Z,2.07615738
2011-07-09T00:00:00Z,2.01615508
2011-07-08T00:00:00Z,2.00803142
2011-07-07T00:00:00Z,2.07346509
2011-07-06T00:00:00Z,2.07860843
2011-07-05T00:00:00Z,1.81973486
2011-07-04T00:00:00Z,1.95845404
2011-07-03T00:00:00Z,2.1744507
2011-07-02T00:00:00Z,2.17389302
2011-07-01T00:00:00Z,2.17242563
2011-06-30T00:00:00Z,2.26829577
2011-06-29T00:00:00Z,2.39052769
2011-06-28T00:00:00Z,2.42148445
2011-06-27T00:00:00Z,2.42215148
2011-06-26T00:00:00Z,2.41614488
2011-06-25T00:00:00Z,2.58860639
2011-06-24T00:00:00Z,2.59706573
2011-06-23T00:00:00Z,2.61473509
2011-06-22T00:00:00Z,2.62754106
2011-06-21T00:00:00Z,2.6381618
2011-06-20T00:00:00Z,2.67058367
2011-06-19T00:00:00Z,2.69157625
2011-06-18T00:00:00Z,2.64058255
2011-06-17T00:00:00Z,2.47310159
2011-06-16T00:00:00Z,2.71215514
2011-06-15T00:00:00Z,3.14691964
2011-06-14T00:00:00Z,3.31690995
2011-06-13T00:00:00Z,3.67090882
2011-06-12T00:00:00Z,3.55653825
2011-06-11T00:00:00Z,3.14390156
2011-06-10T00:00:00Z,5.08967039
2011-06-09T00:00:00Z,6.59567619
2011-06-08T00:00:00Z,7.46487338
2011-06-07T00:00:00Z,7.38147185
2011-06-06T00:00:00Z,6.04087084
2011-06-05T00:00:00Z,6.60595514
2011-06-04T00:00:00Z,7.95283049
2011-06-03T00:00:00Z,6.42987889
2011-06-02T00:00:00Z,5.2705282
2011-06-01T00:00:00Z,4.9457935
2011-05-31T00:00:00Z,4.60148134
2011-05-30T00:00:00Z,4.71383042
2011-05-29T00:00:00Z,4.59785373
2011-05-28T00:00:00Z,4.57415562
2011-05-27T00:00:00Z,4.72387036
2011-05-26T00:00:00Z,5.16967268
2011-05-25T00:00:00Z,5.07205197
2011-05-24T00:00:00Z,4.59013619
2011-05-23T00:00:00Z,4.51882035
2011-05-22T00:00:00Z,4.32155037
2011-05-21T00:00:00Z,4.07372792
2011-05-20T00:00:00Z,3.66582058
2011-05-19T00:00:00Z,4.52421626
2011-05-18T00:00:00Z,4.65543476
2011-05-17T00:00:00Z,4.95261164
2011-05-16T00:00:00Z,5.67870957
2011-05-15T00:00:00Z,5.37785364
2011-05-14T00:00:00Z,5.87052805
2011-05-13T00:00:00Z,6.83385665
2011-05-12T00:00:00Z,6.16070002
2011-05-11T00:00:00Z,5.78672884
2011-05-10T00:00:00Z,6.4030412
2011-05-09T00:00:00Z,4.76270701
2011-05-08T00:00:00Z,4.93424324
2011-05-07T00:00:00Z,4.80052742
2011-05-06T00:00:00Z,4.6234526
2011-05-05T00:00:00Z,4.65431086
2011-05-04T00:00:00Z,4.83134222
2011-05-03T00:00:00Z,5.20219235
2011-05-02T00:00:00Z,5.04994037
2011-05-01T00:00:00Z,4.87037154
2011-04-30T00:00:00Z,5.73502645
2011-04-29T00:00:00Z,5.32416533
2011-04-28T00:00:00Z,5.3679763
2011-04-27T00:00:00Z,4.75949454
2011-04-26T00:00:00Z,4.59150715
2011-04-25T00:00:00Z,4.05461073
2011-04-24T00:00:00Z,4.28091397
2011-04-23T00:00:00Z,4.54662269
2011-04-22T00:00:00Z,3.90395393
2011-04-21T00:00:00Z,3.43461513
2011-04-20T00:00:00Z,3.2733167
2011-04-19T00:00:00Z,3.4482388
2011-04-18T00:00:00Z,3.39810397
2011-04-17T00:00:00Z,3.30537473
2011-04-16T00:00:00Z,3.15642536
2011-04-15T00:00:00Z,3.01187877
2011-04-14T00:00:00Z,3.06860251
2011-04-13T00:00:00Z,2.85946643
2011-04-12T00:00:00Z,2.68378986
2011-04-11T00:00:00Z,2.41696138
2011-04-10T00:00:00Z,2.31906528
2011-04-09T00:00:00Z,2.30073358
2011-04-08T00:00:00Z,2.36698748
2011-04-07T00:00:00Z,2.38438813
2011-04-06T00:00:00Z,2.3453535
2011-04-05T00:00:00Z,2.25442041
2011-04-04T00:00:00Z,2.16829336
2011-04-03T00:00:00Z,2.49413871
2011-04-02T00:00:00Z,2.50912989
2011-04-01T00:00:00Z,2.48711874
2011-03-31T00:00:00Z,2.52677581
2011-03-30T00:00:00Z,2.54895157
2011-03-29T00:00:00Z,2.56243755
2011-03-28T00:00:00Z,2.58836086
2011-03-27T00:00:00Z,2.66259918
2011-03-26T00:00:00Z,2.78621726
2011-03-25T00:00:00Z,2.9047944
2011-03-24T00:00:00Z,2.86028807
2011-03-23T00:00:00Z,2.83535052
2011-03-22T00:00:00Z,2.71657595
2011-03-21T00:00:00Z,2.55256154
2011-03-20T00:00:00Z,2.50100827
2011-03-19T00:00:00Z,2.58502515
2011-03-18T00:00:00Z,2.76308455
2011-03-17T00:00:00Z,2.79672178
2011-03-16T00:00:00Z,2.92798827
2011-03-15T00:00:00Z,2.99499294
2011-03-14T00:00:00Z,3.09611397
2011-03-13T00:00:00Z,3.11865288
2011-03-12T00:00:00Z,3.22484641
2011-03-11T00:00:00Z,3.12472061
2011-03-10T00:00:00Z,3.32067723
2011-03-09T00:00:00Z,3.09183973
2011-03-08T00:00:00Z,3.11996093
2011-03-07T00:00:00Z,3.19165905
2011-03-06T00:00:00Z,3.25570537
2011-03-05T00:00:00Z,3.31211913
2011-03-04T00:00:00Z,3.30822763
2011-03-03T00:00:00Z,3.46679182
2011-03-02T00:00:00Z,3.49055421
2011-03-01T00:00:00Z,3.44697581
2011-02-28T00:00:00Z,3.65462282
2011-02-27T00:00:00Z,3.82816138
2011-02-26T00:00:00Z,4.19155571
2011-02-25T00:00:00Z,4.07193388
2011-02-24T00:00:00Z,4.48553148
2011-02-23T00:00:00Z,4.10065928
2011-02-22T00:00:00Z,3.99872155
2011-02-21T00:00:00Z,3.87044011
2011-02-20T00:00:00Z,3.96506663
2011-02-19T00:00:00Z,4.45924228
2011-02-18T00:00:00Z,4.25731692
2011-02-17T00:00:00Z,4.97532654
2011-02-16T00:00:00Z,5.0510118
2011-02-15T00:00:00Z,5.13176323
2011-02-14T00:00:00Z,5.29019695
2011-02-13T00:00:00Z,5.39783467
2011-02-12T00:00:00Z,5.63599145
2011-02-11T00:00:00Z,5.67086347
2011-02-10T00:00:00Z,5.35928233
2011-02-09T00:00:00Z,6.07389557
2011-02-08T00:00:00Z,5.34861805
2011-02-07T00:00:00Z,5.24982873
2011-02-06T00:00:00Z,5.59489225
2011-02-05T00:00:00Z,5.91274209
2011-02-04T00:00:00Z,5.36426154
2011-02-03T00:00:00Z,4.65857571
2011-02-02T00:00:00Z,4.89089914
2011-02-01T00:00:00Z,4.98721712
2011-01-31T00:00:00Z,3.8478018
2011-01-30T00:00:00Z,3.63553535
2011-01-29T00:00:00Z,3.3510767
2011-01-28T00:00:00Z,3.45257476
2011-01-27T00:00:00Z,3.28997574
2011-01-26T00:00:00Z,3.72998181
2011-01-25T00:00:00Z,3.72813291
2011-01-24T00:00:00Z,3.84551729
2011-01-23T00:00:00Z,4.10135415
2011-01-22T00:00:00Z,4.20163288
2011-01-21T00:00:00Z,4.02264738
2011-01-20T00:00:00Z,3.77733265
2011-01-19T00:00:00Z,3.06357754
2011-01-18T00:00:00Z,3.10068755
2011-01-17T00:00:00Z,3.47395541
2011-01-16T00:00:00Z,3.87885172
2011-01-15T00:00:00Z,3.92261999
2011-01-14T00:00:00Z,4.09386458
2011-01-13T00:00:00Z,3.30526421
2011-01-12T00:00:00Z,3.36601033
2011-01-11T00:00:00Z,3.46444183
2011-01-10T00:00:00Z,3.5566216
2011-01-09T00:00:00Z,3.57158013
2011-01-08T00:00:00Z,3.59142262
2011-01-07T00:00:00Z,3.58668151
2011-01-06T00:00:00Z,3.36311995
2011-01-05T00:00:00Z,3.3897312
2011-01-04T00:00:00Z,3.40644306
2011-01-03T00:00:00Z,3.37495599
2011-01-02T00:00:00Z,3.45272844
2011-01-01T00:00:00Z,3.48251951
2010-12-31T00:00:00Z,3.50061275
2010-12-30T00:00:00Z,3.5188934
2010-12-29T00:00:00Z,3.54305015
2010-12-28T00:00:00Z,3.38169223
2010-12-27T00:00:00Z,3.2094606
2010-12-26T00:00:00Z,3.22615931
2010-12-25T00:00:00Z,3.05685081
2010-12-24T00:00:00Z,3.04991773
2010-12-23T00:00:00Z,3.08412471
2010-12-22T00:00:00Z,3.09664344
2010-12-21T00:00:00Z,2.98385538
2010-12-20T00:00:00Z,3.38611399
2010-12-19T00:00:00Z,3.08418827
2010-12-18T00:00:00Z,3.10680953
2010-12-17T00:00:00Z,3.10954106
2010-12-16T00:00:00Z,3.25013609
2010-12-15T00:00:00Z,3.11230269
2010-12-14T00:00:00Z,3.25482115
2010-12-13T00:00:00Z,3.04853615
2010-12-12T00:00:00Z,2.93989726
2010-12-11T00:00:00Z,3.05849643
2010-12-10T00:00:00Z,2.75025836
2010-12-09T00:00:00Z,2.7063582
2010-12-08T00:00:00Z,3.2407828
2010-12-07T00:00:00Z,3.18284688
2010-12-06T00:00:00Z,2.82599876
2010-12-05T00:00:00Z,2.67635861
2010-12-04T00:00:00Z,2.90186032
2010-12-03T00:00:00Z,3.55445765
2010-12-02T00:00:00Z,3.62995606
2010-12-01T00:00:00Z,3.29619087
2010-11-30T00:00:00Z,3.0223202
2010-11-29T00:00:00Z,3.34865335
2010-11-28T00:00:00Z,3.94204371
2010-11-27T00:00:00Z,4.15726719
2010-11-26T00:00:00Z,4.21274314
2010-11-25T00:00:00Z,4.21253479
2010-11-24T00:00:00Z,4.31706563
2010-11-23T00:00:00Z,4.36523705
2010-11-22T00:00:00Z,4.48559484
2010-11-21T00:00:00Z,4.35086898
2010-11-20T00:00:00Z,4.47873374
2010-11-19T00:00:00Z,4.49079044
2010-11-18T00:00:00Z,4.35857852
2010-11-17T00:00:00Z,3.79108654
2010-11-16T00:00:00Z,3.70522573
2010-11-15T00:00:00Z,4.48133105
2010-11-14T00:00:00Z,4.86439228
2010-11-13T00:00:00Z,4.90199456
2010-11-12T00:00:00Z,4.85281606
2010-11-11T00:00:00Z,4.07564585
2010-11-10T00:00:00Z,4.42023822
2010-11-09T00:00:00Z,3.90527842
2010-11-08T00:00:00Z,4.56173809
2010-11-07T00:00:00Z,6.70686494
2010-11-06T00:00:00Z,7.94297136
2010-11-05T00:00:00Z,6.21471517
2010-11-04T00:00:00Z,5.68059855
2010-11-03T00:00:00Z,5.13091842
2010-11-02T00:00:00Z,5.22834614
2010-11-01T00:00:00Z,5.38366218
2010-10-31T00:00:00Z,5.37975963
2010-10-30T00:00:00Z,5.69625044
2010-10-29T00:00:00Z,5.5779049
2010-10-28T00:00:00Z,5.20356643
2010-10-27T00:00:00Z,5.97576035
2010-10-26T00:00:00Z,5.05842637
2010-10-25T00:00:00Z,4.58161661
2010-10-24T00:00:00Z,4.07809064
2010-10-23T00:00:00Z,3.82746483
2010-10-22T00:00:00Z,3.75998373
2010-10-21T00:00:00Z,3.94481453
2010-10-20T00:00:00Z,3.75669192
2010-10-19T00:00:00Z,3.72388117
2010-10-18T00:00:00Z,3.96180769
2010-10-17T00:00:00Z,3.99304077
2010-10-16T00:00:00Z,3.99876012
2010-10-15T00:00:00Z,4.26499353
2010-10-14T00:00:00Z,4.27680231
2010-10-13T00:00:00Z,4.47028315
2010-10-12T00:00:00Z,4.15330088
2010-10-11T00:00:00Z,4.19547389
2010-10-10T00:00:00Z,4.33882238
2010-10-09T00:00:00Z,4.31421913
2010-10-08T00:00:00Z,4.16848186
2010-10-07T00:00:00Z,3.33188288
2010-10-06T00:00:00Z,3.15576848
2010-10-05T00:00:00Z,3.10222695
2010-10-04T00:00:00Z,3.16407906
2010-10-03T00:00:00Z,3.16929683
2010-10-02T00:00:00Z,3.19369728
2010-10-01T00:00:00Z,3.48302267
2010-09-30T00:00:00Z,3.56253038
2010-09-29T00:00:00Z,3.57782306
2010-09-28T00:00:00Z,3.60540745
2010-09-27T00:00:00Z,3.80759487
2010-09-26T00:00:00Z,3.88478324
2010-09-25T00:00:00Z,3.91491163
2010-09-24T00:00:00Z,3.95888346
2010-09-23T00:00:00Z,4.00187211
2010-09-22T00:00:00Z,4.03698034
2010-09-21T00:00:00Z,4.0985808
2010-09-20T00:00:00Z,4.09122078
2010-09-19T00:00:00Z,4.16276177
2010-09-18T00:00:00Z,4.08867924
2010-09-17T00:00:00Z,3.99267741
2010-09-16T00:00:00Z,4.32518804
2010-09-15T00:00:00Z,4.29597425
2010-09-14T00:00:00Z,4.43879366
2010-09-13T00:00:00Z,4.49515548
2010-09-12T00:00:00Z,4.48301682
2010-09-11T00:00:00Z,4.68663741
2010-09-10T00:00:00Z,4.58374
2010-09-09T00:00:00Z,4.57018538
2010-09-08T00:00:00Z,4.72714849
2010-09-07T00:00:00Z,4.68903343
2010-09-06T00:00:00Z,4.78350196
2010-09-05T00:00:00Z,4.81279734
2010-09-04T00:00:00Z,4.93723607
2010-09-03T00:00:00Z,4.85974679
2010-09-02T00:00:00Z,5.10650658
2010-09-01T00:00:00Z,5.11118976
2010-08-31T00:00:00Z,4.91941566
2010-08-30T00:00:00Z,5.38793606
2010-08-29T00:00:00Z,5.35803439
2010-08-28T00:00:00Z,5.41838916
2010-08-27T00:00:00Z,5.54739822
2010-08-26T00:00:00Z,5.53765722
2010-08-25T00:00:00Z,5.6792789
2010-08-24T00:00:00Z,5.77527986
2010-08-23T00:00:00Z,5.85534864
2010-08-22T00:00:00Z,6.03482437
2010-08-21T00:00:00Z,6.20768672
2010-08-20T00:00:00Z,6.26757402
2010-08-19T00:00:00Z,6.48168872
2010-08-18T00:00:00Z,6.67720546
2010-08-17T00:00:00Z,6.99557178
2010-08-16T00:00:00Z,6.64153574
2010-08-15T00:00:00Z,6.76637827
2010-08-14T00:00:00Z,7.09297622
2010-08-13T00:00:00Z,6.99886133
2010-08-12T00:00:00Z,7.83509785
2010-08-11T00:00:00Z,7.67165399
2010-08-10T00:00:00Z,8.22418479
2010-08-09T00:00:00Z,8.56328238
2010-08-08T00:00:00Z,7.6962273
2010-08-07T00:00:00Z,7.63084757
2010-08-06T00:00:00Z,8.23078165
2010-08-05T00:00:00Z,8.27799578
2010-08-04T00:00:00Z,7.92355273
2010-08-03T00:00:00Z,8.6007224
2010-08-02T00:00:00Z,8.87341565
2010-08-01T00:00:00Z,9.26149801
2010-07-31T00:00:00Z,10.67497702
2010-07-30T00:00:00Z,10.23641678
2010-07-29T00:00:00Z,11.77251632
2010-07-28T00:00:00Z,10.26580482
2010-07-27T00:00:00Z,10.82649451
2010-07-26T00:00:00Z,10.63731667
2010-07-25T00:00:00Z,11.56753028
2010-07-24T00:00:00Z,13.5615278
2010-07-23T00:00:00Z,18.15825519
2010-07-22T00:00:00Z,15.9913555
2010-07-21T00:00:00Z,25.80059651
2010-07-20T00:00:00Z,28.08898379
2010-07-19T00:00:00Z,34.29792703
2010-07-18T00:00:00Z,50.27241077
2010-07-17T00:00:00Z,54.60050784
2010-07-16T00:00:00Z,1.46288985
2010-07-15T00:00:00Z,1.46791681
2010-07-14T00:00:00Z,1.47450687
2010-07-13T00:00:00Z,1.48064222
2010-07-12T00:00:00Z,1.48811797
2010-07-11T00:00:00Z,1.49545665
2010-07-10T00:00:00Z,1.49750543
2010-07-09T00:00:00Z,1.49977231
2010-07-08T00:00:00Z,1.50207154
2010-07-07T00:00:00Z,1.50394101
2010-07-06T00:00:00Z,1.50577158
2010-07-05T00:00:00Z,1.50773416
2010-07-04T00:00:00Z,1.50990349
2010-07-03T00:00:00Z,1.51189833
2010-07-02T00:00:00Z,1.51446877
2010-07-01T00:00:00Z,1.51649956
2010-06-30T00:00:00Z,1.51911654
2010-06-29T00:00:00Z,1.52138443
2010-06-28T00:00:00Z,1.52350815
2010-06-27T00:00:00Z,1.52544045
2010-06-26T00:00:00Z,1.52771275
2010-06-25T00:00:00Z,1.52975919
2010-06-24T00:00:00Z,1.53170439
2010-06-23T00:00:00Z,1.53391317
2010-06-22T00:00:00Z,1.53637869
2010-06-21T00:00:00Z,1.53845297
2010-06-20T00:00:00Z,1.54051646
2010-06-19T00:00:00Z,1.54301634
2010-06-18T00:00:00Z,1.54511527
2010-06-17T00:00:00Z,1.54717496
2010-06-16T00:00:00Z,1.54919473
2010-06-15T00:00:00Z,1.55117352
2010-06-14T00:00:00Z,1.55375889
2010-06-13T00:00:00Z,1.55521438
2010-06-12T00:00:00Z,1.55765246
2010-06-11T00:00:00Z,1.55959375
2010-06-10T00:00:00Z,1.56202853
2010-06-09T00:00:00Z,1.56436715
2010-06-08T00:00:00Z,1.56684374
2010-06-07T00:00:00Z,1.56922269
2010-06-06T00:00:00Z,1.57157653
2010-06-05T00:00:00Z,1.57381332
2010-06-04T00:00:00Z,1.57602182
2010-06-03T00:00:00Z,1.57793939
2010-06-02T00:00:00Z,1.58028843
2010-06-01T00:00:00Z,1.58257843
2010-05-31T00:00:00Z,1.58469747
2010-05-30T00:00:00Z,1.58694308
2010-05-29T00:00:00Z,1.58931801
2010-05-28T00:00:00Z,1.59237171
2010-05-27T00:00:00Z,1.59599933
2010-05-26T00:00:00Z,1.59915844
2010-05-25T00:00:00Z,1.60286991
2010-05-24T00:00:00Z,1.60640731
2010-05-23T00:00:00Z,1.60960952
2010-05-22T00:00:00Z,1.61324401
2010-05-21T00:00:00Z,1.61664165
2010-05-20T00:00:00Z,1.61974073
2010-05-19T00:00:00Z,1.62335413
2010-05-18T00:00:00Z,1.62630426
2010-05-17T00:00:00Z,1.62935543
2010-05-16T00:00:00Z,1.63249389
2010-05-15T00:00:00Z,1.63458261
2010-05-14T00:00:00Z,1.63627474
2010-05-13T00:00:00Z,1.63840649
2010-05-12T00:00:00Z,1.64081846
2010-05-11T00:00:00Z,1.6431725
2010-05-10T00:00:00Z,1.64529458
2010-05-09T00:00:00Z,1.6477591
2010-05-08T00:00:00Z,1.65055817
2010-05-07T00:00:00Z,1.65357426
2010-05-06T00:00:00Z,1.65618183
2010-05-05T00:00:00Z,1.65915034
2010-05-04T00:00:00Z,1.66190357
2010-05-03T00:00:00Z,1.66465954
2010-05-02T00:00:00Z,1.66791085
2010-05-01T00:00:00Z,1.67111113
2010-04-30T00:00:00Z,1.67492922
2010-04-29T00:00:00Z,1.6779643
2010-04-28T00:00:00Z,1.6810909
2010-04-27T00:00:00Z,1.68495889
2010-04-26T00:00:00Z,1.68887121
2010-04-25T00:00:00Z,1.69247475
2010-04-24T00:00:00Z,1.69576054
2010-04-23T00:00:00Z,1.69950784
2010-04-22T00:00:00Z,1.70290575
2010-04-21T00:00:00Z,1.70654377
2010-04-20T00:00:00Z,1.71161673
2010-04-19T00:00:00Z,1.71605567
2010-04-18T00:00:00Z,1.72158005
2010-04-17T00:00:00Z,1.72757205
2010-04-16T00:00:00Z,1.73300351
2010-04-15T00:00:00Z,1.73820466
2010-04-14T00:00:00Z,1.76776116
2010-04-13T00:00:00Z,1.77259228
2010-04-12T00:00:00Z,1.77773084
2010-04-11T00:00:00Z,1.7833267
2010-04-10T00:00:00Z,1.78973912
2010-04-09T00:00:00Z,1.79714438
2010-04-08T00:00:00Z,1.80261521
2010-04-07T00:00:00Z,1.80800156
2010-04-06T00:00:00Z,1.81391238
2010-04-05T00:00:00Z,1.81896607
2010-04-04T00:00:00Z,1.8237937
2010-04-03T00:00:00Z,1.82912814
2010-04-02T00:00:00Z,1.83416376
2010-04-01T00:00:00Z,1.83910169
2010-03-31T00:00:00Z,1.84448525
2010-03-30T00:00:00Z,1.85127987
2010-03-29T00:00:00Z,1.85838458
2010-03-28T00:00:00Z,1.86493173
2010-03-27T00:00:00Z,1.87137037
2010-03-26T00:00:00Z,1.87752511
2010-03-25T00:00:00Z,1.88443898
2010-03-24T00:00:00Z,1.89127317
2010-03-23T00:00:00Z,1.89745767
2010-03-22T00:00:00Z,1.90515879
2010-03-21T00:00:00Z,1.91183845
2010-03-20T00:00:00Z,1.91877007
2010-03-19T00:00:00Z,1.92616961
2010-03-18T00:00:00Z,1.93214161
2010-03-17T00:00:00Z,1.93767406
2010-03-16T00:00:00Z,1.94318557
2010-03-15T00:00:00Z,1.94860809
2010-03-14T00:00:00Z,1.95413128
2010-03-13T00:00:00Z,1.959303
2010-03-12T00:00:00Z,1.96571001
2010-03-11T00:00:00Z,1.97083791
2010-03-10T00:00:00Z,1.97653756
2010-03-09T00:00:00Z,1.98357105
2010-03-08T00:00:00Z,1.98999725
2010-03-07T00:00:00Z,1.99571147
2010-03-06T00:00:00Z,2.003798
2010-03-05T00:00:00Z,2.01193401
2010-03-04T00:00:00Z,2.01991098
2010-03-03T00:00:00Z,2.03126671
2010-03-02T00:00:00Z,2.03861626
2010-03-01T00:00:00Z,2.04785269
2010-02-28T00:00:00Z,2.05760821
2010-02-27T00:00:00Z,2.06554439
2010-02-26T00:00:00Z,2.07443375
2010-02-25T00:00:00Z,2.08347268
2010-02-24T00:00:00Z,2.09172825
2010-02-23T00:00:00Z,2.10111616
2010-02-22T00:00:00Z,2.11497098
2010-02-21T00:00:00Z,2.12975475
2010-02-20T00:00:00Z,2.1427506
2010-02-19T00:00:00Z,2.15514471
2010-02-18T00:00:00Z,2.16682646
2010-02-17T00:00:00Z,2.17975127
2010-02-16T00:00:00Z,2.19496046
2010-02-15T00:00:00Z,2.20766322
2010-02-14T00:00:00Z,2.21939627
2010-02-13T00:00:00Z,2.23351881
2010-02-12T00:00:00Z,2.24966703
2010-02-11T00:00:00Z,2.26271705
2010-02-10T00:00:00Z,2.27499874
2010-02-09T00:00:00Z,2.29070499
2010-02-08T00:00:00Z,2.28641665
2010-02-07T00:00:00Z,2.30082933
2010-02-06T00:00:00Z,2.31771876
2010-02-05T00:00:00Z,2.33303233
2010-02-04T00:00:00Z,2.35147011
2010-02-03T00:00:00Z,2.37073112
2010-02-02T00:00:00Z,2.39415792
2010-02-01T00:00:00Z,2.40707253
2010-01-31T00:00:00Z,2.42380927
2010-01-30T00:00:00Z,2.43916002
2010-01-29T00:00:00Z,2.45930319
2010-01-28T00:00:00Z,2.47860213
2010-01-27T00:00:00Z,2.49638236
2010-01-26T00:00:00Z,2.51324266
2010-01-25T00:00:00Z,2.53379114
2010-01-24T00:00:00Z,2.55666364
2010-01-23T00:00:00Z,2.5737927
2010-01-22T00:00:00Z,2.59199301
2010-01-21T00:00:00Z,2.60744553
2010-01-20T00:00:00Z,2.62824074
2010-01-19T00:00:00Z,2.64748348
2010-01-18T00:00:00Z,2.66290691
2010-01-17T00:00:00Z,2.6787498
2010-01-16T00:00:00Z,2.69568036
2010-01-15T00:00:00Z,2.71215697
2010-01-14T00:00:00Z,2.73113115
2010-01-13T00:00:00Z,2.75098382
2010-01-12T00:00:00Z,2.77412381
2010-01-11T00:00:00Z,2.77705662
2010-01-10T00:00:00Z,2.80024306
2010-01-09T00:00:00Z,2.82875622
2010-01-08T00:00:00Z,2.85206902
2010-01-07T00:00:00Z,2.87630478
2010-01-06T00:00:00Z,2.90134801
2010-01-05T00:00:00Z,2.9285935
2010-01-04T00:00:00Z,2.96275818
2010-01-03T00:00:00Z,3.01088343
2010-01-02T00:00:00Z,3.04566889
2010-01-01T00:00:00Z,3.06973033
2009-12-31T00:00:00Z,2.96912326
2009-12-30T00:00:00Z,2.79517404
2009-12-29T00:00:00Z,2.7752936
2009-12-28T00:00:00Z,2.80184071
2009-12-27T00:00:00Z,2.82368924
2009-12-26T00:00:00Z,2.8510584
2009-12-25T00:00:00Z,2.88045287
2009-12-24T00:00:00Z,2.90617728
2009-12-23T00:00:00Z,2.93372773
2009-12-22T00:00:00Z,2.96208625
2009-12-21T00:00:00Z,2.96306206
2009-12-20T00:00:00Z,2.99652567
2009-12-19T00:00:00Z,3.04632077
2009-12-18T00:00:00Z,3.01953732
2009-12-17T00:00:00Z,3.0507891
2009-12-16T00:00:00Z,3.13347001
2009-12-15T00:00:00Z,3.12567179
2009-12-14T00:00:00Z,3.14891563
2009-12-13T00:00:00Z,3.15012791
2009-12-12T00:00:00Z,3.28938152
2009-12-11T00:00:00Z,3.44600219
2009-12-10T00:00:00Z,3.50627611
2009-12-09T00:00:00Z,3.62459078
2009-12-08T00:00:00Z,3.72672103
2009-12-07T00:00:00Z,3.85959332
2009-12-06T00:00:00Z,3.98229113
2009-12-05T00:00:00Z,4.10876632
2009-12-04T00:00:00Z,4.12234893
2009-12-03T00:00:00Z,4.2777229
2009-12-02T00:00:00Z,4.4576115
2009-12-01T00:00:00Z,4.59603869
2009-11-30T00:00:00Z,4.8348561
2009-11-29T00:00:00Z,4.9165131
2009-11-28T00:00:00Z,5.07448766
2009-11-27T00:00:00Z,5.19702311
2009-11-26T00:00:00Z,5.47937243
2009-11-25T00:00:00Z,5.57366961
2009-11-24T00:00:00Z,5.82324208
2009-11-23T00:00:00Z,6.38814576
2009-11-22T00:00:00Z,6.89212472
2009-11-21T00:00:00Z,7.08090706
2009-11-20T00:00:00Z,7.28885336
2009-11-19T00:00:00Z,7.40321796
2009-11-18T00:00:00Z,7.56759866
2009-11-17T00:00:00Z,8.21835255
2009-11-16T00:00:00Z,8.50274852
2009-11-15T00:00:00Z,9.07920581
2009-11-14T00:00:00Z,9.72813811
2009-11-13T00:00:00Z,10.51959574
2009-11-12T00:00:00Z,10.71430159
2009-11-11T00:00:00Z,10.63670259
2009-11-10T00:00:00Z,10.34951274
2009-11-09T00:00:00Z,10.85259624
2009-11-08T00:00:00Z,11.11541081
2009-11-07T00:00:00Z,11.60689562
2009-11-06T00:00:00Z,11.99702967
2009-11-05T00:00:00Z,12.5056705
2009-11-04T00:00:00Z,12.82414878
2009-11-03T00:00:00Z,12.93035932
2009-11-02T00:00:00Z,13.12652103
2009-11-01T00:00:00Z,12.93677994
2009-10-31T00:00:00Z,13.38097143
2009-10-30T00:00:00Z,13.77741083
2009-10-29T00:00:00Z,14.30617277
2009-10-28T00:00:00Z,14.87203913
2009-10-27T00:00:00Z,15.15873905
2009-10-26T00:00:00Z,15.72516065
2009-10-25T00:00:00Z,16.67028505
2009-10-24T00:00:00Z,17.27526779
2009-10-23T00:00:00Z,17.88209911
2009-10-22T00:00:00Z,18.43050624
2009-10-21T00:00:00Z,19.41937171
2009-10-20T00:00:00Z,21.05676158
2009-10-19T00:00:00Z,23.99376162
2009-10-18T00:00:00Z,26.23439757
2009-10-17T00:00:00Z,28.71137825
2009-10-16T00:00:00Z,30.72386804
2009-10-15T00:00:00Z,32.7251967
2009-10-14T00:00:00Z,34.90438778
2009-10-13T00:00:00Z,38.28786817
2009-10-12T00:00:00Z,40.87281141
2009-10-11T00:00:00Z,57.5095998
2009-10-10T00:00:00Z,67.22532984
2009-10-09T00:00:00Z,90.48652647
2009-10-08T00:00:00Z,115.25262176
2009-10-07T00:00:00Z,165.69006315
2009-10-06T00:00:00Z,234.08625102
2009-10-05T00:00:00Z,443.98181818
2009-10-04T00:00:00Z,
2009-10-03T00:00:00Z,
2009-10-02T00:00:00Z,
2009-10-01T00:00:00Z,
2009-09-30T00:00:00Z,
2009-09-29T00:00:00Z,
2009-09-28T00:00:00Z,
2009-09-27T00:00:00Z,
2009-09-26T00:00:00Z,
2009-09-25T00:00:00Z,
2009-09-24T00:00:00Z,
2009-09-23T00:00:00Z,
2009-09-22T00:00:00Z,
2009-09-21T00:00:00Z,
2009-09-20T00:00:00Z,
2009-09-19T00:00:00Z,
2009-09-18T00:00:00Z,
2009-09-17T00:00:00Z,
2009-09-16T00:00:00Z,
2009-09-15T00:00:00Z,
2009-09-14T00:00:00Z,
2009-09-13T00:00:00Z,
2009-09-12T00:00:00Z,
2009-09-11T00:00:00Z,
2009-09-10T00:00:00Z,
2009-09-09T00:00:00Z,
2009-09-08T00:00:00Z,
2009-09-07T00:00:00Z,
2009-09-06T00:00:00Z,
2009-09-05T00:00:00Z,
2009-09-04T00:00:00Z,
2009-09-03T00:00:00Z,
2009-09-02T00:00:00Z,
2009-09-01T00:00:00Z,
2009-08-31T00:00:00Z,
2009-08-30T00:00:00Z,
2009-08-29T00:00:00Z,
2009-08-28T00:00:00Z,
2009-08-27T00:00:00Z,
2009-08-26T00:00:00Z,
2009-08-25T00:00:00Z,
2009-08-24T00:00:00Z,
2009-08-23T00:00:00Z,
2009-08-22T00:00:00Z,
2009-08-21T00:00:00Z,
2009-08-20T00:00:00Z,
2009-08-19T00:00:00Z,
2009-08-18T00:00:00Z,
2009-08-17T00:00:00Z,
2009-08-16T00:00:00Z,
2009-08-15T00:00:00Z,
2009-08-14T00:00:00Z,
2009-08-13T00:00:00Z,
2009-08-12T00:00:00Z,
2009-08-11T00:00:00Z,
2009-08-10T00:00:00Z,
2009-08-09T00:00:00Z,
2009-08-08T00:00:00Z,
2009-08-07T00:00:00Z,
2009-08-06T00:00:00Z,
2009-08-05T00:00:00Z,
2009-08-04T00:00:00Z,
2009-08-03T00:00:00Z,
2009-08-02T00:00:00Z,
2009-08-01T00:00:00Z,
2009-07-31T00:00:00Z,
2009-07-30T00:00:00Z,
2009-07-29T00:00:00Z,
2009-07-28T00:00:00Z,
2009-07-27T00:00:00Z,
2009-07-26T00:00:00Z,
2009-07-25T00:00:00Z,
2009-07-24T00:00:00Z,
2009-07-23T00:00:00Z,
2009-07-22T00:00:00Z,
2009-07-21T00:00:00Z,
2009-07-20T00:00:00Z,
2009-07-19T00:00:00Z,
2009-07-18T00:00:00Z,
2009-07-17T00:00:00Z,
2009-07-16T00:00:00Z,
2009-07-15T00:00:00Z,
2009-07-14T00:00:00Z,
2009-07-13T00:00:00Z,
2009-07-12T00:00:00Z,
2009-07-11T00:00:00Z,
2009-07-10T00:00:00Z,
2009-07-09T00:00:00Z,
2009-07-08T00:00:00Z,
2009-07-07T00:00:00Z,
2009-07-06T00:00:00Z,
2009-07-05T00:00:00Z,
2009-07-04T00:00:00Z,
2009-07-03T00:00:00Z,
2009-07-02T00:00:00Z,
2009-07-01T00:00:00Z,
2009-06-30T00:00:00Z,
2009-06-29T00:00:00Z,
2009-06-28T00:00:00Z,
2009-06-27T00:00:00Z,
2009-06-26T00:00:00Z,
2009-06-25T00:00:00Z,
2009-06-24T00:00:00Z,
2009-06-23T00:00:00Z,
2009-06-22T00:00:00Z,
2009-06-21T00:00:00Z,
2009-06-20T00:00:00Z,
2009-06-19T00:00:00Z,
2009-06-18T00:00:00Z,
2009-06-17T00:00:00Z,
2009-06-16T00:00:00Z,
2009-06-15T00:00:00Z,
2009-06-14T00:00:00Z,
2009-06-13T00:00:00Z,
2009-06-12T00:00:00Z,
2009-06-11T00:00:00Z,
2009-06-10T00:00:00Z,
2009-06-09T00:00:00Z,
2009-06-08T00:00:00Z,
2009-06-07T00:00:00Z,
2009-06-06T00:00:00Z,
2009-06-05T00:00:00Z,
2009-06-04T00:00:00Z,
2009-06-03T00:00:00Z,
2009-06-02T00:00:00Z,
2009-06-01T00:00:00Z,
2009-05-31T00:00:00Z,
2009-05-30T00:00:00Z,
2009-05-29T00:00:00Z,
2009-05-28T00:00:00Z,
2009-05-27T00:00:00Z,
2009-05-26T00:00:00Z,
2009-05-25T00:00:00Z,
2009-05-24T00:00:00Z,
2009-05-23T00:00:00Z,
2009-05-22T00:00:00Z,
2009-05-21T00:00:00Z,
2009-05-20T00:00:00Z,
2009-05-19T00:00:00Z,
2009-05-18T00:00:00Z,
2009-05-17T00:00:00Z,
2009-05-16T00:00:00Z,
2009-05-15T00:00:00Z,
2009-05-14T00:00:00Z,
2009-05-13T00:00:00Z,
2009-05-12T00:00:00Z,
2009-05-11T00:00:00Z,
2009-05-10T00:00:00Z,
2009-05-09T00:00:00Z,
2009-05-08T00:00:00Z,
2009-05-07T00:00:00Z,
2009-05-06T00:00:00Z,
2009-05-05T00:00:00Z,
2009-05-04T00:00:00Z,
2009-05-03T00:00:00Z,
2009-05-02T00:00:00Z,
2009-05-01T00:00:00Z,
2009-04-30T00:00:00Z,
2009-04-29T00:00:00Z,
2009-04-28T00:00:00Z,
2009-04-27T00:00:00Z,
2009-04-26T00:00:00Z,
2009-04-25T00:00:00Z,
2009-04-24T00:00:00Z,
2009-04-23T00:00:00Z,
2009-04-22T00:00:00Z,
2009-04-21T00:00:00Z,
2009-04-20T00:00:00Z,
2009-04-19T00:00:00Z,
2009-04-18T00:00:00Z,
2009-04-17T00:00:00Z,
2009-04-16T00:00:00Z,
2009-04-15T00:00:00Z,
2009-04-14T00:00:00Z,
2009-04-13T00:00:00Z,
2009-04-12T00:00:00Z,
2009-04-11T00:00:00Z,
2009-04-10T00:00:00Z,
2009-04-09T00:00:00Z,
2009-04-08T00:00:00Z,
2009-04-07T00:00:00Z,
2009-04-06T00:00:00Z,
2009-04-05T00:00:00Z,
2009-04-04T00:00:00Z,
2009-04-03T00:00:00Z,
2009-04-02T00:00:00Z,
2009-04-01T00:00:00Z,
2009-03-31T00:00:00Z,
2009-03-30T00:00:00Z,
2009-03-29T00:00:00Z,
2009-03-28T00:00:00Z,
2009-03-27T00:00:00Z,
2009-03-26T00:00:00Z,
2009-03-25T00:00:00Z,
2009-03-24T00:00:00Z,
2009-03-23T00:00:00Z,
2009-03-22T00:00:00Z,
2009-03-21T00:00:00Z,
2009-03-20T00:00:00Z,
2009-03-19T00:00:00Z,
2009-03-18T00:00:00Z,
2009-03-17T00:00:00Z,
2009-03-16T00:00:00Z,
2009-03-15T00:00:00Z,
2009-03-14T00:00:00Z,
2009-03-13T00:00:00Z,
2009-03-12T00:00:00Z,
2009-03-11T00:00:00Z,
2009-03-10T00:00:00Z,
2009-03-09T00:00:00Z,
2009-03-08T00:00:00Z,
2009-03-07T00:00:00Z,
2009-03-06T00:00:00Z,
2009-03-05T00:00:00Z,
2009-03-04T00:00:00Z,
2009-03-03T00:00:00Z,
2009-03-02T00:00:00Z,
2009-03-01T00:00:00Z,
2009-02-28T00:00:00Z,
2009-02-27T00:00:00Z,
2009-02-26T00:00:00Z,
2009-02-25T00:00:00Z,
2009-02-24T00:00:00Z,
2009-02-23T00:00:00Z,
2009-02-22T00:00:00Z,
2009-02-21T00:00:00Z,
2009-02-20T00:00:00Z,
2009-02-19T00:00:00Z,
2009-02-18T00:00:00Z,
2009-02-17T00:00:00Z,
2009-02-16T00:00:00Z,
2009-02-15T00:00:00Z,
2009-02-14T00:00:00Z,
2009-02-13T00:00:00Z,
2009-02-12T00:00:00Z,
2009-02-11T00:00:00Z,
2009-02-10T00:00:00Z,
2009-02-09T00:00:00Z,
2009-02-08T00:00:00Z,
2009-02-07T00:00:00Z,
2009-02-06T00:00:00Z,
2009-02-05T00:00:00Z,
2009-02-04T00:00:00Z,
2009-02-03T00:00:00Z,
2009-02-02T00:00:00Z,
2009-02-01T00:00:00Z,
2009-01-31T00:00:00Z,
2009-01-30T00:00:00Z,
2009-01-29T00:00:00Z,
2009-01-28T00:00:00Z,
2009-01-27T00:00:00Z,
2009-01-26T00:00:00Z,
2009-01-25T00:00:00Z,
2009-01-24T00:00:00Z,
2009-01-23T00:00:00Z,
2009-01-22T00:00:00Z,
2009-01-21T00:00:00Z,
2009-01-20T00:00:00Z,
2009-01-19T00:00:00Z,
2009-01-18T00:00:00Z,
2009-01-17T00:00:00Z,
2009-01-16T00:00:00Z,
2009-01-15T00:00:00Z,
2009-01-14T00:00:00Z,
2009-01-13T00:00:00Z,
2009-01-12T00:00:00Z,
2009-01-11T00:00:00Z,
2009-01-10T00:00:00Z,
2009-01-09T00:00:00Z,
