Datetime,Net Unrealized Profit/Loss (NUPL)
2026-09-03T00:00:00Z,0.34607439
2026-09-02T00:00:00Z,0.31123842
2026-09-01T00:00:00Z,0.31414441
2026-08-31T00:00:00Z,0.32387415
2026-08-30T00:00:00Z,0.32236466
2026-08-29T00:00:00Z,0.32178234
2026-08-28T00:00:00Z,0.31700454
2026-08-27T00:00:00Z,0.33909011
2026-08-26T00:00:00Z,0.32799819
2026-08-25T00:00:00Z,0.32482022
2026-08-24T00:00:00Z,0.32873531
2026-08-23T00:00:00Z,0.31852503
2026-08-22T00:00:00Z,0.31310039
2026-08-21T00:00:00Z,0.32556037
2026-08-20T00:00:00Z,0.27836828
2026-08-19T00:00:00Z,0.23810206
2026-08-18T00:00:00Z,0.18581645
2026-08-17T00:00:00Z,0.18260102
2026-08-16T00:00:00Z,0.16213836
2026-08-15T00:00:00Z,0.16413552
2026-08-14T00:00:00Z,0.16325806
2026-08-13T00:00:00Z,0.16801019
2026-08-12T00:00:00Z,0.1680491
2026-08-11T00:00:00Z,0.17050886
2026-08-10T00:00:00Z,0.17488092
2026-08-09T00:00:00Z,0.18650945
2026-08-08T00:00:00Z,0.18730067
2026-08-07T00:00:00Z,0.1867981
2026-08-06T00:00:00Z,0.17885857
2026-08-05T00:00:00Z,0.18364993
2026-08-04T00:00:00Z,0.17626473
2026-08-03T00:00:00Z,0.16808866
2026-08-02T00:00:00Z,0.16794061
2026-08-01T00:00:00Z,0.15844232
2026-07-31T00:00:00Z,0.15851435
2026-07-30T00:00:00Z,0.18284118
2026-07-29T00:00:00Z,0.17245301
2026-07-28T00:00:00Z,0.17175489
2026-07-27T00:00:00Z,0.17156747
2026-07-26T00:00:00Z,0.19018431
2026-07-25T00:00:00Z,0.17723356
2026-07-24T00:00:00Z,0.17499384
2026-07-23T00:00:00Z,0.1872663
2026-07-22T00:00:00Z,0.19830927
2026-07-21T00:00:00Z,0.20447678
2026-07-20T00:00:00Z,0.18811982
2026-07-19T00:00:00Z,0.18260306
2026-07-18T00:00:00Z,0.18383357
2026-07-17T00:00:00Z,0.17320567
2026-07-16T00:00:00Z,0.17046584
2026-07-15T00:00:00Z,0.18280522
2026-07-14T00:00:00Z,0.1844837
2026-07-13T00:00:00Z,0.15009929
2026-07-12T00:00:00Z,0.16836661
2026-07-11T00:00:00Z,0.16868923
2026-07-10T00:00:00Z,0.17302887
2026-07-09T00:00:00Z,0.16005279
2026-07-08T00:00:00Z,0.14647393
2026-07-07T00:00:00Z,0.16157077
2026-07-06T00:00:00Z,0.17080163
2026-07-05T00:00:00Z,0.165171
2026-07-04T00:00:00Z,0.15913275
2026-07-03T00:00:00Z,0.15130298
2026-07-02T00:00:00Z,0.13686458
2026-07-01T00:00:00Z,0.11514993
2026-06-30T00:00:00Z,0.09296438
2026-06-29T00:00:00Z,0.11648289
2026-06-28T00:00:00Z,0.10514921
2026-06-27T00:00:00Z,0.11182916
2026-06-26T00:00:00Z,0.11228654
2026-06-25T00:00:00Z,0.1078285
2026-06-24T00:00:00Z,0.12382062
2026-06-23T00:00:00Z,0.14733294
2026-06-22T00:00:00Z,0.16463794
2026-06-21T00:00:00Z,0.1550365
2026-06-20T00:00:00Z,0.168638
2026-06-19T00:00:00Z,0.15949146
2026-06-18T00:00:00Z,0.1509088
2026-06-17T00:00:00Z,0.17039486
2026-06-16T00:00:00Z,0.18469753
2026-06-15T00:00:00Z,0.19360366
2026-06-14T00:00:00Z,0.18423974
2026-06-13T00:00:00Z,0.16929374
2026-06-12T00:00:00Z,0.15805694
2026-06-11T00:00:00Z,0.15795277
2026-06-10T00:00:00Z,0.12868442
2026-06-09T00:00:00Z,0.1326148
2026-06-08T00:00:00Z,0.15035349
2026-06-07T00:00:00Z,0.15291954
2026-06-06T00:00:00Z,0.11900971
2026-06-05T00:00:00Z,0.11711236
2026-06-04T00:00:00Z,0.15240882
2026-06-03T00:00:00Z,0.19369395
2026-06-02T00:00:00Z,0.19200679
2026-06-01T00:00:00Z,0.24328665
2026-05-31T00:00:00Z,0.26505546
2026-05-30T00:00:00Z,0.26756351
2026-05-29T00:00:00Z,0.26363551
2026-05-28T00:00:00Z,0.26352291
2026-05-27T00:00:00Z,0.27053879
2026-05-26T00:00:00Z,0.2858704
2026-05-25T00:00:00Z,0.29888707
2026-05-24T00:00:00Z,0.29660873
2026-05-23T00:00:00Z,0.29329925
2026-05-22T00:00:00Z,0.2819751
2026-05-21T00:00:00Z,0.30092691
2026-05-20T00:00:00Z,0.29929095
2026-05-19T00:00:00Z,0.29331356
2026-05-18T00:00:00Z,0.29479363
2026-05-17T00:00:00Z,0.30219814
2026-05-16T00:00:00Z,0.30602375
2026-05-15T00:00:00Z,0.31380474
2026-05-14T00:00:00Z,0.33036582
2026-05-13T00:00:00Z,0.31528264
2026-05-12T00:00:00Z,0.32552744
2026-05-11T00:00:00Z,0.33541965
2026-05-10T00:00:00Z,0.34086332
2026-05-09T00:00:00Z,0.32753458
2026-05-08T00:00:00Z,0.32330716
2026-05-07T00:00:00Z,0.32224637
2026-05-06T00:00:00Z,0.33334067
2026-05-05T00:00:00Z,0.33016104
2026-05-04T00:00:00Z,0.32081729
2026-05-03T00:00:00Z,0.31092261
2026-05-02T00:00:00Z,0.31197558
2026-05-01T00:00:00Z,0.30718721
2026-04-30T00:00:00Z,0.29102378
2026-04-29T00:00:00Z,0.28650322
2026-04-28T00:00:00Z,0.2906918
2026-04-27T00:00:00Z,0.29948215
2026-04-26T00:00:00Z,0.31003686
2026-04-25T00:00:00Z,0.3029294
2026-04-24T00:00:00Z,0.30123608
2026-04-23T00:00:00Z,0.30756332
2026-04-22T00:00:00Z,0.30715667
2026-04-21T00:00:00Z,0.29010312
2026-04-20T00:00:00Z,0.28571958
2026-04-19T00:00:00Z,0.26666511
2026-04-18T00:00:00Z,0.28418328
2026-04-17T00:00:00Z,0.29703268
2026-04-16T00:00:00Z,0.27826738
2026-04-15T00:00:00Z,0.27464381
2026-04-14T00:00:00Z,0.26970246
2026-04-13T00:00:00Z,0.27349972
2026-04-12T00:00:00Z,0.23440154
2026-04-11T00:00:00Z,0.25869209
2026-04-10T00:00:00Z,0.2567593
2026-04-09T00:00:00Z,0.24577341
2026-04-08T00:00:00Z,0.23872566
2026-04-07T00:00:00Z,0.24784968
2026-04-06T00:00:00Z,0.21371865
2026-04-05T00:00:00Z,0.21528113
2026-04-04T00:00:00Z,0.19573535
2026-04-03T00:00:00Z,0.19156823
2026-04-02T00:00:00Z,0.1910208
2026-04-01T00:00:00Z,0.20515968
2026-03-31T00:00:00Z,0.20555063
2026-03-30T00:00:00Z,0.18781301
2026-03-29T00:00:00Z,0.17748779
2026-03-28T00:00:00Z,0.18266276
2026-03-27T00:00:00Z,0.18022356
2026-03-26T00:00:00Z,0.21069827
2026-03-25T00:00:00Z,0.23766844
2026-03-24T00:00:00Z,0.22992244
2026-03-23T00:00:00Z,0.23341567
2026-03-22T00:00:00Z,0.20060911
2026-03-21T00:00:00Z,0.22521212
2026-03-20T00:00:00Z,0.22924951
2026-03-19T00:00:00Z,0.22210667
2026-03-18T00:00:00Z,0.23743634
2026-03-17T00:00:00Z,0.26428642
2026-03-16T00:00:00Z,0.27072738
2026-03-15T00:00:00Z,0.25255893
2026-03-14T00:00:00Z,0.23557922
2026-03-13T00:00:00Z,0.23332471
2026-03-12T00:00:00Z,0.22906444
2026-03-11T00:00:00Z,0.22515
2026-03-10T00:00:00Z,0.22030401
2026-03-09T00:00:00Z,0.20345049
2026-03-08T00:00:00Z,0.17424384
2026-03-07T00:00:00Z,0.19033115
2026-03-06T00:00:00Z,0.20105482
2026-03-05T00:00:00Z,0.23071958
2026-03-04T00:00:00Z,0.24670594
2026-03-03T00:00:00Z,0.2033778
2026-03-02T00:00:00Z,0.20690513
2026-03-01T00:00:00Z,0.17074636
2026-02-28T00:00:00Z,0.18406592
2026-02-27T00:00:00Z,0.17192371
2026-02-26T00:00:00Z,0.18980204
2026-02-25T00:00:00Z,0.1964089
2026-02-24T00:00:00Z,0.14742835
2026-02-23T00:00:00Z,0.15345514
2026-02-22T00:00:00Z,0.19087201
2026-02-21T00:00:00Z,0.1956646
2026-02-20T00:00:00Z,0.19451099
2026-02-19T00:00:00Z,0.18197075
2026-02-18T00:00:00Z,0.17521394
2026-02-17T00:00:00Z,0.18769551
2026-02-16T00:00:00Z,0.20375322
2026-02-15T00:00:00Z,0.19972026
2026-02-14T00:00:00Z,0.21303879
2026-02-13T00:00:00Z,0.20249928
2026-02-12T00:00:00Z,0.17076935
2026-02-11T00:00:00Z,0.17936701
2026-02-10T00:00:00Z,0.19959141
2026-02-09T00:00:00Z,0.21526444
2026-02-08T00:00:00Z,0.21498762
2026-02-07T00:00:00Z,0.20337439
2026-02-06T00:00:00Z,0.21796223
2026-02-05T00:00:00Z,0.13852657
2026-02-04T00:00:00Z,0.2398939
2026-02-03T00:00:00Z,0.2642975
2026-02-02T00:00:00Z,0.29285753
2026-02-01T00:00:00Z,0.27776207
2026-01-31T00:00:00Z,0.29064729
2026-01-30T00:00:00Z,0.33603673
2026-01-29T00:00:00Z,0.33926176
2026-01-28T00:00:00Z,0.37305501
2026-01-27T00:00:00Z,0.37378082
2026-01-26T00:00:00Z,0.36800481
2026-01-25T00:00:00Z,0.35258023
2026-01-24T00:00:00Z,0.373288
2026-01-23T00:00:00Z,0.37487411
2026-01-22T00:00:00Z,0.37203266
2026-01-21T00:00:00Z,0.37105034
2026-01-20T00:00:00Z,0.36300042
2026-01-19T00:00:00Z,0.39201241
2026-01-18T00:00:00Z,0.4040963
2026-01-17T00:00:00Z,0.40832982
2026-01-16T00:00:00Z,0.41056668
2026-01-15T00:00:00Z,0.41212238
2026-01-14T00:00:00Z,0.4206538
2026-01-13T00:00:00Z,0.40964192
2026-01-12T00:00:00Z,0.38445162
2026-01-11T00:00:00Z,0.38272144
2026-01-10T00:00:00Z,0.37932092
2026-01-09T00:00:00Z,0.38038861
2026-01-08T00:00:00Z,0.38326021
2026-01-07T00:00:00Z,0.38482136
2026-01-06T00:00:00Z,0.39995213
2026-01-05T00:00:00Z,0.40227088
2026-01-04T00:00:00Z,0.3858383
2026-01-03T00:00:00Z,0.38065741
2026-01-02T00:00:00Z,0.37579246
2026-01-01T00:00:00Z,0.36810826
2025-12-31T00:00:00Z,0.35943203
2025-12-30T00:00:00Z,0.36549347
2025-12-29T00:00:00Z,0.35587026
2025-12-28T00:00:00Z,0.36083734
2025-12-27T00:00:00Z,0.36034193
2025-12-26T00:00:00Z,0.35658947
2025-12-25T00:00:00Z,0.35540651
2025-12-24T00:00:00Z,0.35851451
2025-12-23T00:00:00Z,0.35665361
2025-12-22T00:00:00Z,0.36419599
2025-12-21T00:00:00Z,0.36458581
2025-12-20T00:00:00Z,0.36369998
2025-12-19T00:00:00Z,0.36204903
2025-12-18T00:00:00Z,0.34055856
2025-12-17T00:00:00Z,0.34629291
2025-12-16T00:00:00Z,0.35794507
2025-12-15T00:00:00Z,0.34811572
2025-12-14T00:00:00Z,0.36091669
2025-12-13T00:00:00Z,0.37529468
2025-12-12T00:00:00Z,0.37567118
2025-12-11T00:00:00Z,0.38995906
2025-12-10T00:00:00Z,0.3871568
2025-12-09T00:00:00Z,0.3929227
2025-12-08T00:00:00Z,0.37860246
2025-12-07T00:00:00Z,0.37494784
2025-12-06T00:00:00Z,0.3671234
2025-12-05T00:00:00Z,0.36935104
2025-12-04T00:00:00Z,0.38805996
2025-12-03T00:00:00Z,0.39789657
2025-12-02T00:00:00Z,0.38267687
2025-12-01T00:00:00Z,0.3467607
2025-11-30T00:00:00Z,0.37588905
2025-11-29T00:00:00Z,0.37823667
2025-11-28T00:00:00Z,0.37932909
2025-11-27T00:00:00Z,0.38180182
2025-11-26T00:00:00Z,0.37547358
2025-11-25T00:00:00Z,0.35496251
2025-11-24T00:00:00Z,0.3610881
2025-11-23T00:00:00Z,0.35048888
2025-11-22T00:00:00Z,0.3386172
2025-11-21T00:00:00Z,0.34346025
2025-11-20T00:00:00Z,0.35286402
2025-11-19T00:00:00Z,0.38728154
2025-11-18T00:00:00Z,0.39560166
2025-11-17T00:00:00Z,0.39134295
2025-11-16T00:00:00Z,0.40490207
2025-11-15T00:00:00Z,0.4127891
2025-11-14T00:00:00Z,0.40424513
2025-11-13T00:00:00Z,0.44028581
2025-11-12T00:00:00Z,0.44611965
2025-11-11T00:00:00Z,0.4542051
2025-11-10T00:00:00Z,0.47125853
2025-11-09T00:00:00Z,0.46320266
2025-11-08T00:00:00Z,0.4521466
2025-11-07T00:00:00Z,0.45760404
2025-11-06T00:00:00Z,0.4476645
2025-11-05T00:00:00Z,0.46137682
2025-11-04T00:00:00Z,0.44732627
2025-11-03T00:00:00Z,0.47438643
2025-11-02T00:00:00Z,0.49405341
2025-11-01T00:00:00Z,0.49157112
2025-10-31T00:00:00Z,0.48986963
2025-10-30T00:00:00Z,0.48402198
2025-10-29T00:00:00Z,0.49254443
2025-10-28T00:00:00Z,0.50697002
2025-10-27T00:00:00Z,0.51266443
2025-10-26T00:00:00Z,0.51508868
2025-10-25T00:00:00Z,0.50260727
2025-10-24T00:00:00Z,0.49987379
2025-10-23T00:00:00Z,0.49607354
2025-10-22T00:00:00Z,0.48578381
2025-10-21T00:00:00Z,0.48984619
2025-10-20T00:00:00Z,0.4997578
2025-10-19T00:00:00Z,0.49098835
2025-10-18T00:00:00Z,0.48401084
2025-10-17T00:00:00Z,0.48070956
2025-10-16T00:00:00Z,0.48936327
2025-10-15T00:00:00Z,0.5012137
2025-10-14T00:00:00Z,0.51462186
2025-10-13T00:00:00Z,0.52254115
2025-10-12T00:00:00Z,0.52244563
2025-10-11T00:00:00Z,0.50414823
2025-10-10T00:00:00Z,0.51556761
2025-10-09T00:00:00Z,0.54786805
2025-10-08T00:00:00Z,0.55550673
2025-10-07T00:00:00Z,0.54992777
2025-10-06T00:00:00Z,0.56288652
2025-10-05T00:00:00Z,0.55908694
2025-10-04T00:00:00Z,0.55560147
2025-10-03T00:00:00Z,0.55549131
2025-10-02T00:00:00Z,0.55045298
2025-10-01T00:00:00Z,0.5423244
2025-09-30T00:00:00Z,0.52709245
2025-09-29T00:00:00Z,0.52873848
2025-09-28T00:00:00Z,0.52044273
2025-09-27T00:00:00Z,0.50922414
2025-09-26T00:00:00Z,0.50927126
2025-09-25T00:00:00Z,0.50712664
2025-09-24T00:00:00Z,0.52600827
2025-09-23T00:00:00Z,0.52097256
2025-09-22T00:00:00Z,0.52431144
2025-09-21T00:00:00Z,0.53512917
2025-09-20T00:00:00Z,0.5369379
2025-09-19T00:00:00Z,0.53686383
2025-09-18T00:00:00Z,0.54357367
2025-09-17T00:00:00Z,0.54127555
2025-09-16T00:00:00Z,0.54278066
2025-09-15T00:00:00Z,0.53827584
2025-09-14T00:00:00Z,0.53837066
2025-09-13T00:00:00Z,0.54095611
2025-09-12T00:00:00Z,0.54203612
2025-09-11T00:00:00Z,0.53983123
2025-09-10T00:00:00Z,0.53399401
2025-09-09T00:00:00Z,0.52437887
2025-09-08T00:00:00Z,0.52698549
2025-09-07T00:00:00Z,0.5233597
2025-09-06T00:00:00Z,0.51933896
2025-09-05T00:00:00Z,0.52143874
2025-09-04T00:00:00Z,0.52286487
2025-09-03T00:00:00Z,0.52724716
2025-09-02T00:00:00Z,0.52518156
2025-09-01T00:00:00Z,0.51721992
2025-08-31T00:00:00Z,0.5123472
2025-08-30T00:00:00Z,0.51521059
2025-08-29T00:00:00Z,0.51395024
2025-08-28T00:00:00Z,0.53368956
2025-08-27T00:00:00Z,0.52852163
2025-08-26T00:00:00Z,0.53130008
2025-08-25T00:00:00Z,0.52471032
2025-08-24T00:00:00Z,0.53851113
2025-08-23T00:00:00Z,0.54641906
2025-08-22T00:00:00Z,0.55239075
2025-08-21T00:00:00Z,0.53528714
2025-08-20T00:00:00Z,0.54288642
2025-08-19T00:00:00Z,0.53832136
2025-08-18T00:00:00Z,0.55129817
2025-08-17T00:00:00Z,0.55579748
2025-08-16T00:00:00Z,0.55621097
2025-08-15T00:00:00Z,0.55678781
2025-08-14T00:00:00Z,0.56160723
2025-08-13T00:00:00Z,0.57964691
2025-08-12T00:00:00Z,0.56905988
2025-08-11T00:00:00Z,0.56429651
2025-08-10T00:00:00Z,0.56707267
2025-08-09T00:00:00Z,0.55681209
2025-08-08T00:00:00Z,0.55789817
2025-08-07T00:00:00Z,0.56091435
2025-08-06T00:00:00Z,0.55242774
2025-08-05T00:00:00Z,0.54930054
2025-08-04T00:00:00Z,0.55333028
2025-08-03T00:00:00Z,0.55011134
2025-08-02T00:00:00Z,0.54437197
2025-08-01T00:00:00Z,0.54702149
2025-07-31T00:00:00Z,0.55636523
2025-07-30T00:00:00Z,0.56384016
2025-07-29T00:00:00Z,0.56532119
2025-07-28T00:00:00Z,0.56679099
2025-07-27T00:00:00Z,0.57255565
2025-07-26T00:00:00Z,0.56726229
2025-07-25T00:00:00Z,0.56565996
2025-07-24T00:00:00Z,0.56984541
2025-07-23T00:00:00Z,0.57168411
2025-07-22T00:00:00Z,0.57740607
2025-07-21T00:00:00Z,0.56923677
2025-07-20T00:00:00Z,0.56926461
2025-07-19T00:00:00Z,0.57191168
2025-07-18T00:00:00Z,0.57273826
2025-07-17T00:00:00Z,0.57909781
2025-07-16T00:00:00Z,0.57777943
2025-07-15T00:00:00Z,0.57664753
2025-07-14T00:00:00Z,0.58534863
2025-07-13T00:00:00Z,0.58300237
2025-07-12T00:00:00Z,0.57885749
2025-07-11T00:00:00Z,0.57977899
2025-07-10T00:00:00Z,0.57592832
2025-07-09T00:00:00Z,0.55925175
2025-07-08T00:00:00Z,0.55035795
2025-07-07T00:00:00Z,0.5482803
2025-07-06T00:00:00Z,0.55308787
2025-07-05T00:00:00Z,0.54897967
2025-07-04T00:00:00Z,0.54847548
2025-07-03T00:00:00Z,0.55895517
2025-07-02T00:00:00Z,0.55651162
2025-07-01T00:00:00Z,0.5431726
2025-06-30T00:00:00Z,0.55049148
2025-06-29T00:00:00Z,0.5566842
2025-06-28T00:00:00Z,0.55259485
2025-06-27T00:00:00Z,0.55129428
2025-06-26T00:00:00Z,0.55211869
2025-06-25T00:00:00Z,0.55425859
2025-06-24T00:00:00Z,0.55002654
2025-06-23T00:00:00Z,0.54845769
2025-06-22T00:00:00Z,0.52797814
2025-06-21T00:00:00Z,0.53456416
2025-06-20T00:00:00Z,0.53941087
2025-06-19T00:00:00Z,0.54581558
2025-06-18T00:00:00Z,0.54616937
2025-06-17T00:00:00Z,0.54652829
2025-06-16T00:00:00Z,0.55559691
2025-06-15T00:00:00Z,0.55125396
2025-06-14T00:00:00Z,0.55091799
2025-06-13T00:00:00Z,0.55368422
2025-06-12T00:00:00Z,0.554173
2025-06-11T00:00:00Z,0.56520299
2025-06-10T00:00:00Z,0.57202038
2025-06-09T00:00:00Z,0.57192074
2025-06-08T00:00:00Z,0.55471625
2025-06-07T00:00:00Z,0.55441796
2025-06-06T00:00:00Z,0.54934023
2025-06-05T00:00:00Z,0.53752178
2025-06-04T00:00:00Z,0.55139518
2025-06-03T00:00:00Z,0.55517377
2025-06-02T00:00:00Z,0.55801666
2025-06-01T00:00:00Z,0.55813196
2025-05-31T00:00:00Z,0.55423185
2025-05-30T00:00:00Z,0.55159065
2025-05-29T00:00:00Z,0.55869952
2025-05-28T00:00:00Z,0.56832588
2025-05-27T00:00:00Z,0.57369494
2025-05-26T00:00:00Z,0.57662769
2025-05-25T00:00:00Z,0.57574659
2025-05-24T00:00:00Z,0.57151928
2025-05-23T00:00:00Z,0.56969311
2025-05-22T00:00:00Z,0.58617139
2025-05-21T00:00:00Z,0.58076216
2025-05-20T00:00:00Z,0.57100183
2025-05-19T00:00:00Z,0.56698064
2025-05-18T00:00:00Z,0.57050361
2025-05-17T00:00:00Z,0.55834125
2025-05-16T00:00:00Z,0.55960883
2025-05-15T00:00:00Z,0.56138368
2025-05-14T00:00:00Z,0.56165833
2025-05-13T00:00:00Z,0.56457697
2025-05-12T00:00:00Z,0.56029735
2025-05-11T00:00:00Z,0.56612375
2025-05-10T00:00:00Z,0.56792784
2025-05-09T00:00:00Z,0.56211601
2025-05-08T00:00:00Z,0.56377327
2025-05-07T00:00:00Z,0.53739458
2025-05-06T00:00:00Z,0.53613541
2025-05-05T00:00:00Z,0.52768636
2025-05-04T00:00:00Z,0.5268711
2025-05-03T00:00:00Z,0.53420779
2025-05-02T00:00:00Z,0.53883628
2025-05-01T00:00:00Z,0.5370218
2025-04-30T00:00:00Z,0.52736181
2025-04-29T00:00:00Z,0.52634677
2025-04-28T00:00:00Z,0.53279977
2025-04-27T00:00:00Z,0.52710917
2025-04-26T00:00:00Z,0.53182022
2025-04-25T00:00:00Z,0.53194878
2025-04-24T00:00:00Z,0.52965662
2025-04-23T00:00:00Z,0.52955528
2025-04-22T00:00:00Z,0.53040927
2025-04-21T00:00:00Z,0.49803992
2025-04-20T00:00:00Z,0.48503849
2025-04-19T00:00:00Z,0.4847111
2025-04-18T00:00:00Z,0.48101383
2025-04-17T00:00:00Z,0.48380007
2025-04-16T00:00:00Z,0.47754348
2025-04-15T00:00:00Z,0.47540992
2025-04-14T00:00:00Z,0.48014853
2025-04-13T00:00:00Z,0.47572275
2025-04-12T00:00:00Z,0.48532538
2025-04-11T00:00:00Z,0.47469246
2025-04-10T00:00:00Z,0.44889109
2025-04-09T00:00:00Z,0.46930582
2025-04-08T00:00:00Z,0.4256004
2025-04-07T00:00:00Z,0.45001454
2025-04-06T00:00:00Z,0.44243806
2025-04-05T00:00:00Z,0.47430254
2025-04-04T00:00:00Z,0.47741363
2025-04-03T00:00:00Z,0.47303823
2025-04-02T00:00:00Z,0.4698334
2025-04-01T00:00:00Z,0.48659893
2025-03-31T00:00:00Z,0.46936345
2025-03-30T00:00:00Z,0.46855037
2025-03-29T00:00:00Z,0.47065171
2025-03-28T00:00:00Z,0.48149643
2025-03-27T00:00:00Z,0.4988657
2025-03-26T00:00:00Z,0.49711892
2025-03-25T00:00:00Z,0.50087039
2025-03-24T00:00:00Z,0.50099045
2025-03-23T00:00:00Z,0.4906635
2025-03-22T00:00:00Z,0.47962034
2025-03-21T00:00:00Z,0.48101279
2025-03-20T00:00:00Z,0.48258775
2025-03-19T00:00:00Z,0.4980791
2025-03-18T00:00:00Z,0.47297808
2025-03-17T00:00:00Z,0.48033776
2025-03-16T00:00:00Z,0.47247453
2025-03-15T00:00:00Z,0.48366204
2025-03-14T00:00:00Z,0.48166709
2025-03-13T00:00:00Z,0.46300669
2025-03-12T00:00:00Z,0.47952919
2025-03-11T00:00:00Z,0.47486995
2025-03-10T00:00:00Z,0.44566742
2025-03-09T00:00:00Z,0.46080667
2025-03-08T00:00:00Z,0.49512492
2025-03-07T00:00:00Z,0.49825473
2025-03-06T00:00:00Z,0.5163624
2025-03-05T00:00:00Z,0.52092038
2025-03-04T00:00:00Z,0.50218021
2025-03-03T00:00:00Z,0.49744457
2025-03-02T00:00:00Z,0.53806697
2025-03-01T00:00:00Z,0.49587295
2025-02-28T00:00:00Z,0.48633737
2025-02-27T00:00:00Z,0.48684044
2025-02-26T00:00:00Z,0.48295684
2025-02-25T00:00:00Z,0.5101553
2025-02-24T00:00:00Z,0.52602888
2025-02-23T00:00:00Z,0.54708152
2025-02-22T00:00:00Z,0.55035528
2025-02-21T00:00:00Z,0.54848317
2025-02-20T00:00:00Z,0.55870681
2025-02-19T00:00:00Z,0.55133871
2025-02-18T00:00:00Z,0.54637513
2025-02-17T00:00:00Z,0.54766486
2025-02-16T00:00:00Z,0.54914018
2025-02-15T00:00:00Z,0.55615468
2025-02-14T00:00:00Z,0.55601192
2025-02-13T00:00:00Z,0.5522037
2025-02-12T00:00:00Z,0.55718189
2025-02-11T00:00:00Z,0.54838252
2025-02-10T00:00:00Z,0.55656907
2025-02-09T00:00:00Z,0.55195219
2025-02-08T00:00:00Z,0.55312554
2025-02-07T00:00:00Z,0.5528988
2025-02-06T00:00:00Z,0.5541319
2025-02-05T00:00:00Z,0.55501322
2025-02-04T00:00:00Z,0.560237
2025-02-03T00:00:00Z,0.57774825
2025-02-02T00:00:00Z,0.56040337
2025-02-01T00:00:00Z,0.57480716
2025-01-31T00:00:00Z,0.58175095
2025-01-30T00:00:00Z,0.59198001
2025-01-29T00:00:00Z,0.58831464
2025-01-28T00:00:00Z,0.57912697
2025-01-27T00:00:00Z,0.58219185
2025-01-26T00:00:00Z,0.58565193
2025-01-25T00:00:00Z,0.59396684
2025-01-24T00:00:00Z,0.5939718
2025-01-23T00:00:00Z,0.59212219
2025-01-22T00:00:00Z,0.59397422
2025-01-21T00:00:00Z,0.60344096
2025-01-20T00:00:00Z,0.58803319
2025-01-19T00:00:00Z,0.5856512
2025-01-18T00:00:00Z,0.59978755
2025-01-17T00:00:00Z,0.59898758
2025-01-16T00:00:00Z,0.58283806
2025-01-15T00:00:00Z,0.5855014
2025-01-14T00:00:00Z,0.57048521
2025-01-13T00:00:00Z,0.56124716
2025-01-12T00:00:00Z,0.56140099
2025-01-11T00:00:00Z,0.56260538
2025-01-10T00:00:00Z,0.56324565
2025-01-09T00:00:00Z,0.5524514
2025-01-08T00:00:00Z,0.56460547
2025-01-07T00:00:00Z,0.57322073
2025-01-06T00:00:00Z,0.59644936
2025-01-05T00:00:00Z,0.5816867
2025-01-04T00:00:00Z,0.58102088
2025-01-03T00:00:00Z,0.58087602
2025-01-02T00:00:00Z,0.57577571
2025-01-01T00:00:00Z,0.56568498
2024-12-31T00:00:00Z,0.56178752
2024-12-30T00:00:00Z,0.55903189
2024-12-29T00:00:00Z,0.56516543
2024-12-28T00:00:00Z,0.57260828
2024-12-27T00:00:00Z,0.56859941
2024-12-26T00:00:00Z,0.57574668
2024-12-25T00:00:00Z,0.59099879
2024-12-24T00:00:00Z,0.58873883
2024-12-23T00:00:00Z,0.57339886
2024-12-22T00:00:00Z,0.57857714
2024-12-21T00:00:00Z,0.58727861
2024-12-20T00:00:00Z,0.59004898
2024-12-19T00:00:00Z,0.59034719
2024-12-18T00:00:00Z,0.60464104
2024-12-17T00:00:00Z,0.62694116
2024-12-16T00:00:00Z,0.62924558
2024-12-15T00:00:00Z,0.62598064
2024-12-14T00:00:00Z,0.61492737
2024-12-13T00:00:00Z,0.61545027
2024-12-12T00:00:00Z,0.61095433
2024-12-11T00:00:00Z,0.6166719
2024-12-10T00:00:00Z,0.59980922
2024-12-09T00:00:00Z,0.60420173
2024-12-08T00:00:00Z,0.62182355
2024-12-07T00:00:00Z,0.61773124
2024-12-06T00:00:00Z,0.61805928
2024-12-05T00:00:00Z,0.60929969
2024-12-04T00:00:00Z,0.62089697
2024-12-03T00:00:00Z,0.61131264
2024-12-02T00:00:00Z,0.61101902
2024-12-01T00:00:00Z,0.6188102
2024-11-30T00:00:00Z,0.616192
2024-11-29T00:00:00Z,0.62048481
2024-11-28T00:00:00Z,0.61450395
2024-11-27T00:00:00Z,0.61682026
2024-11-26T00:00:00Z,0.60148137
2024-11-25T00:00:00Z,0.6072103
2024-11-24T00:00:00Z,0.62723895
2024-11-23T00:00:00Z,0.6273914
2024-11-22T00:00:00Z,0.6334905
2024-11-21T00:00:00Z,0.63468252
2024-11-20T00:00:00Z,0.6238665
2024-11-19T00:00:00Z,0.61807593
2024-11-18T00:00:00Z,0.61361045
2024-11-17T00:00:00Z,0.61199666
2024-11-16T00:00:00Z,0.61569728
2024-11-15T00:00:00Z,0.61782196
2024-11-14T00:00:00Z,0.60387364
2024-11-13T00:00:00Z,0.62028275
2024-11-12T00:00:00Z,0.6140871
2024-11-11T00:00:00Z,0.61760485
2024-11-10T00:00:00Z,0.5819057
2024-11-09T00:00:00Z,0.56265138
2024-11-08T00:00:00Z,0.56210344
2024-11-07T00:00:00Z,0.56044132
2024-11-06T00:00:00Z,0.55878854
2024-11-05T00:00:00Z,0.52158353
2024-11-04T00:00:00Z,0.51210924
2024-11-03T00:00:00Z,0.51839628
2024-11-02T00:00:00Z,0.52190523
2024-11-01T00:00:00Z,0.52383867
2024-10-31T00:00:00Z,0.52945803
2024-10-30T00:00:00Z,0.54485169
2024-10-29T00:00:00Z,0.54634001
2024-10-28T00:00:00Z,0.52989656
2024-10-27T00:00:00Z,0.51690116
2024-10-26T00:00:00Z,0.51047446
2024-10-25T00:00:00Z,0.50551137
2024-10-24T00:00:00Z,0.51891861
2024-10-23T00:00:00Z,0.50830166
2024-10-22T00:00:00Z,0.51430271
2024-10-21T00:00:00Z,0.51448301
2024-10-20T00:00:00Z,0.52638496
2024-10-19T00:00:00Z,0.52363484
2024-10-18T00:00:00Z,0.52454661
2024-10-17T00:00:00Z,0.51737721
2024-10-16T00:00:00Z,0.5206825
2024-10-15T00:00:00Z,0.51632211
2024-10-14T00:00:00Z,0.51055913
2024-10-13T00:00:00Z,0.48615716
2024-10-12T00:00:00Z,0.48884709
2024-10-11T00:00:00Z,0.4826483
2024-10-10T00:00:00Z,0.4653032
2024-10-09T00:00:00Z,0.46873382
2024-10-08T00:00:00Z,0.48193155
2024-10-07T00:00:00Z,0.48747484
2024-10-06T00:00:00Z,0.49201017
2024-10-05T00:00:00Z,0.48619786
2024-10-04T00:00:00Z,0.48603779
2024-10-03T00:00:00Z,0.47535962
2024-10-02T00:00:00Z,0.47445203
2024-10-01T00:00:00Z,0.47663658
2024-09-30T00:00:00Z,0.49623783
2024-09-29T00:00:00Z,0.51406997
2024-09-28T00:00:00Z,0.51613999
2024-09-27T00:00:00Z,0.51569277
2024-09-26T00:00:00Z,0.51011375
2024-09-25T00:00:00Z,0.49679403
2024-09-24T00:00:00Z,0.50670152
2024-09-23T00:00:00Z,0.49909977
2024-09-22T00:00:00Z,0.50143102
2024-09-21T00:00:00Z,0.50025714
2024-09-20T00:00:00Z,0.49917442
2024-09-19T00:00:00Z,0.49852823
2024-09-18T00:00:00Z,0.48555836
2024-09-17T00:00:00Z,0.47664424
2024-09-16T00:00:00Z,0.45842113
2024-09-15T00:00:00Z,0.46749916
2024-09-14T00:00:00Z,0.47485024
2024-09-13T00:00:00Z,0.47966617
2024-09-12T00:00:00Z,0.45884415
2024-09-11T00:00:00Z,0.45158602
2024-09-10T00:00:00Z,0.45399263
2024-09-09T00:00:00Z,0.44970138
2024-09-08T00:00:00Z,0.42632871
2024-09-07T00:00:00Z,0.41894483
2024-09-06T00:00:00Z,0.4169974
2024-09-05T00:00:00Z,0.43993644
2024-09-04T00:00:00Z,0.4567541
2024-09-03T00:00:00Z,0.45379897
2024-09-02T00:00:00Z,0.467995
2024-09-01T00:00:00Z,0.45058182
2024-08-31T00:00:00Z,0.465983
2024-08-30T00:00:00Z,0.46754063
2024-08-29T00:00:00Z,0.46961625
2024-08-28T00:00:00Z,0.4675124
2024-08-27T00:00:00Z,0.47150357
2024-08-26T00:00:00Z,0.4996945
2024-08-25T00:00:00Z,0.51049151
2024-08-24T00:00:00Z,0.50850263
2024-08-23T00:00:00Z,0.50881143
2024-08-22T00:00:00Z,0.48027761
2024-08-21T00:00:00Z,0.48664416
2024-08-20T00:00:00Z,0.46875218
2024-08-19T00:00:00Z,0.47203839
2024-08-18T00:00:00Z,0.46631279
2024-08-17T00:00:00Z,0.47266977
2024-08-16T00:00:00Z,0.46803485
2024-08-15T00:00:00Z,0.45524439
2024-08-14T00:00:00Z,0.46580393
2024-08-13T00:00:00Z,0.48162567
2024-08-12T00:00:00Z,0.47209482
2024-08-11T00:00:00Z,0.46738808
2024-08-10T00:00:00Z,0.48460825
2024-08-09T00:00:00Z,0.48418494
2024-08-08T00:00:00Z,0.49289393
2024-08-07T00:00:00Z,0.43206898
2024-08-06T00:00:00Z,0.44211893
2024-08-05T00:00:00Z,0.42645412
2024-08-04T00:00:00Z,0.45984192
2024-08-03T00:00:00Z,0.48077786
2024-08-02T00:00:00Z,0.48989602
2024-08-01T00:00:00Z,0.51980141
2024-07-31T00:00:00Z,0.51523578
2024-07-30T00:00:00Z,0.52643605
2024-07-29T00:00:00Z,0.53116845
2024-07-28T00:00:00Z,0.54119921
2024-07-27T00:00:00Z,0.54090336
2024-07-26T00:00:00Z,0.53964146
2024-07-25T00:00:00Z,0.52553131
2024-07-24T00:00:00Z,0.52267267
2024-07-23T00:00:00Z,0.52704387
2024-07-22T00:00:00Z,0.53975515
2024-07-21T00:00:00Z,0.54266339
2024-07-20T00:00:00Z,0.53804676
2024-07-19T00:00:00Z,0.53522901
2024-07-18T00:00:00Z,0.51621031
2024-07-17T00:00:00Z,0.51781428
2024-07-16T00:00:00Z,0.52593748
2024-07-15T00:00:00Z,0.52355418
2024-07-14T00:00:00Z,0.49322362
2024-07-13T00:00:00Z,0.48004941
2024-07-12T00:00:00Z,0.46870979
2024-07-11T00:00:00Z,0.4636232
2024-07-10T00:00:00Z,0.46785887
2024-07-09T00:00:00Z,0.4703331
2024-07-08T00:00:00Z,0.45835952
2024-07-07T00:00:00Z,0.4497599
2024-07-06T00:00:00Z,0.47214401
2024-07-05T00:00:00Z,0.45766437
2024-07-04T00:00:00Z,0.46161603
2024-07-03T00:00:00Z,0.49008438
2024-07-02T00:00:00Z,0.50527707
2024-07-01T00:00:00Z,0.51165512
2024-06-30T00:00:00Z,0.5110428
2024-06-29T00:00:00Z,0.49687013
2024-06-28T00:00:00Z,0.49202424
2024-06-27T00:00:00Z,0.50279321
2024-06-26T00:00:00Z,0.49667915
2024-06-25T00:00:00Z,0.50450138
2024-06-24T00:00:00Z,0.49229637
2024-06-23T00:00:00Z,0.51532748
2024-06-22T00:00:00Z,0.52345609
2024-06-21T00:00:00Z,0.52351539
2024-06-20T00:00:00Z,0.52946001
2024-06-19T00:00:00Z,0.52986562
2024-06-18T00:00:00Z,0.53191264
2024-06-17T00:00:00Z,0.5411632
2024-06-16T00:00:00Z,0.54272031
2024-06-15T00:00:00Z,0.53966406
2024-06-14T00:00:00Z,0.53866444
2024-06-13T00:00:00Z,0.54390111
2024-06-12T00:00:00Z,0.55378721
2024-06-11T00:00:00Z,0.54810776
2024-06-10T00:00:00Z,0.56326116
2024-06-09T00:00:00Z,0.56442118
2024-06-08T00:00:00Z,0.56247132
2024-06-07T00:00:00Z,0.56281484
2024-06-06T00:00:00Z,0.57249831
2024-06-05T00:00:00Z,0.57526807
2024-06-04T00:00:00Z,0.57298551
2024-06-03T00:00:00Z,0.56258886
2024-06-02T00:00:00Z,0.55706534
2024-06-01T00:00:00Z,0.55666291
2024-05-31T00:00:00Z,0.55435119
2024-05-30T00:00:00Z,0.56117658
2024-05-29T00:00:00Z,0.55678137
2024-05-28T00:00:00Z,0.5622618
2024-05-27T00:00:00Z,0.57548927
2024-05-26T00:00:00Z,0.57073002
2024-05-25T00:00:00Z,0.57554533
2024-05-24T00:00:00Z,0.57199799
2024-05-23T00:00:00Z,0.56812228
2024-05-22T00:00:00Z,0.57607108
2024-05-21T00:00:00Z,0.58266227
2024-05-20T00:00:00Z,0.59113511
2024-05-19T00:00:00Z,0.55999688
2024-05-18T00:00:00Z,0.56509064
2024-05-17T00:00:00Z,0.5649301
2024-05-16T00:00:00Z,0.55466161
2024-05-15T00:00:00Z,0.56167595
2024-05-14T00:00:00Z,0.52990395
2024-05-13T00:00:00Z,0.53976748
2024-05-12T00:00:00Z,0.52912479
2024-05-11T00:00:00Z,0.52452384
2024-05-10T00:00:00Z,0.52549506
2024-05-09T00:00:00Z,0.54189425
2024-05-08T00:00:00Z,0.52804426
2024-05-07T00:00:00Z,0.53717138
2024-05-06T00:00:00Z,0.5434388
2024-05-05T00:00:00Z,0.55003702
2024-05-04T00:00:00Z,0.54796193
2024-05-03T00:00:00Z,0.5442829
2024-05-02T00:00:00Z,0.51339655
2024-05-01T00:00:00Z,0.5068432
2024-04-30T00:00:00Z,0.52566165
2024-04-29T00:00:00Z,0.54845342
2024-04-28T00:00:00Z,0.54219115
2024-04-27T00:00:00Z,0.54662225
2024-04-26T00:00:00Z,0.54934613
2024-04-25T00:00:00Z,0.55485068
2024-04-24T00:00:00Z,0.55309739
2024-04-23T00:00:00Z,0.56943406
2024-04-22T00:00:00Z,0.57231556
2024-04-21T00:00:00Z,0.56046616
2024-04-20T00:00:00Z,0.56028986
2024-04-19T00:00:00Z,0.55282687
2024-04-18T00:00:00Z,0.55090876
2024-04-17T00:00:00Z,0.5357703
2024-04-16T00:00:00Z,0.55357686
2024-04-15T00:00:00Z,0.55096703
2024-04-14T00:00:00Z,0.56756637
2024-04-13T00:00:00Z,0.5589617
2024-04-12T00:00:00Z,0.57703103
2024-04-11T00:00:00Z,0.59478069
2024-04-10T00:00:00Z,0.59803064
2024-04-09T00:00:00Z,0.59018384
2024-04-08T00:00:00Z,0.60473363
2024-04-07T00:00:00Z,0.5934369
2024-04-06T00:00:00Z,0.5908645
2024-04-05T00:00:00Z,0.58436207
2024-04-04T00:00:00Z,0.58879332
2024-04-03T00:00:00Z,0.57450512
2024-04-02T00:00:00Z,0.57066292
2024-04-01T00:00:00Z,0.59874501
2024-03-31T00:00:00Z,0.60859986
2024-03-30T00:00:00Z,0.60015084
2024-03-29T00:00:00Z,0.60154038
2024-03-28T00:00:00Z,0.60698803
2024-03-27T00:00:00Z,0.60153853
2024-03-26T00:00:00Z,0.60520747
2024-03-25T00:00:00Z,0.60542968
2024-03-24T00:00:00Z,0.59434637
2024-03-23T00:00:00Z,0.57549041
2024-03-22T00:00:00Z,0.57514034
2024-03-21T00:00:00Z,0.58851046
2024-03-20T00:00:00Z,0.6041462
2024-03-19T00:00:00Z,0.56843123
2024-03-18T00:00:00Z,0.60356375
2024-03-17T00:00:00Z,0.60840743
2024-03-16T00:00:00Z,0.59065543
2024-03-15T00:00:00Z,0.61520349
2024-03-14T00:00:00Z,0.62648773
2024-03-13T00:00:00Z,0.63677406
2024-03-12T00:00:00Z,0.63530366
2024-03-11T00:00:00Z,0.64048061
2024-03-10T00:00:00Z,0.62729819
2024-03-09T00:00:00Z,0.62512244
2024-03-08T00:00:00Z,0.62515387
2024-03-07T00:00:00Z,0.61975964
2024-03-06T00:00:00Z,0.61801693
2024-03-05T00:00:00Z,0.61246943
2024-03-04T00:00:00Z,0.63901264
2024-03-03T00:00:00Z,0.61101658
2024-03-02T00:00:00Z,0.60624278
2024-03-01T00:00:00Z,0.60866245
2024-02-29T00:00:00Z,0.6052278
2024-02-28T00:00:00Z,0.61403726
2024-02-27T00:00:00Z,0.58307251
2024-02-26T00:00:00Z,0.56563663
2024-02-25T00:00:00Z,0.54391625
2024-02-24T00:00:00Z,0.5426121
2024-02-23T00:00:00Z,0.53548483
2024-02-22T00:00:00Z,0.54150028
2024-02-21T00:00:00Z,0.5449489
2024-02-20T00:00:00Z,0.55161177
2024-02-19T00:00:00Z,0.54766303
2024-02-18T00:00:00Z,0.55201601
2024-02-17T00:00:00Z,0.54850723
2024-02-16T00:00:00Z,0.55288151
2024-02-15T00:00:00Z,0.55179026
2024-02-14T00:00:00Z,0.55150893
2024-02-13T00:00:00Z,0.53569538
2024-02-12T00:00:00Z,0.53891779
2024-02-11T00:00:00Z,0.52235147
2024-02-10T00:00:00Z,0.51866026
2024-02-09T00:00:00Z,0.51244861
2024-02-08T00:00:00Z,0.4937476
2024-02-07T00:00:00Z,0.48297981
2024-02-06T00:00:00Z,0.4693563
2024-02-05T00:00:00Z,0.46506706
2024-02-04T00:00:00Z,0.46379943
2024-02-03T00:00:00Z,0.46902251
2024-02-02T00:00:00Z,0.47125682
2024-02-01T00:00:00Z,0.47022525
2024-01-31T00:00:00Z,0.46532105
2024-01-30T00:00:00Z,0.46998515
2024-01-29T00:00:00Z,0.47343205
2024-01-28T00:00:00Z,0.46029065
2024-01-27T00:00:00Z,0.46182388
2024-01-26T00:00:00Z,0.45824577
2024-01-25T00:00:00Z,0.43284654
2024-01-24T00:00:00Z,0.43540364
2024-01-23T00:00:00Z,0.43309114
2024-01-22T00:00:00Z,0.42879474
2024-01-21T00:00:00Z,0.45658164
2024-01-20T00:00:00Z,0.45801075
2024-01-19T00:00:00Z,0.45794202
2024-01-18T00:00:00Z,0.45337046
2024-01-17T00:00:00Z,0.4733629
2024-01-16T00:00:00Z,0.47894685
2024-01-15T00:00:00Z,0.4741426
2024-01-14T00:00:00Z,0.46632338
2024-01-13T00:00:00Z,0.47716274
2024-01-12T00:00:00Z,0.47645614
2024-01-11T00:00:00Z,0.51768548
2024-01-10T00:00:00Z,0.520629
2024-01-09T00:00:00Z,0.51565574
2024-01-08T00:00:00Z,0.52548293
2024-01-07T00:00:00Z,0.49403442
2024-01-06T00:00:00Z,0.49374768
2024-01-05T00:00:00Z,0.49611624
2024-01-04T00:00:00Z,0.49745119
2024-01-03T00:00:00Z,0.48629123
2024-01-02T00:00:00Z,0.51037132
2024-01-01T00:00:00Z,0.50216681
2023-12-31T00:00:00Z,0.48085199
2023-12-30T00:00:00Z,0.48069884
2023-12-29T00:00:00Z,0.47805813
2023-12-28T00:00:00Z,0.48643789
2023-12-27T00:00:00Z,0.49574781
2023-12-26T00:00:00Z,0.4872377
2023-12-25T00:00:00Z,0.50091043
2023-12-24T00:00:00Z,0.4945363
2023-12-23T00:00:00Z,0.50340669
2023-12-22T00:00:00Z,0.50655294
2023-12-21T00:00:00Z,0.50541096
2023-12-20T00:00:00Z,0.50349778
2023-12-19T00:00:00Z,0.48844028
2023-12-18T00:00:00Z,0.49332251
2023-12-17T00:00:00Z,0.47842873
2023-12-16T00:00:00Z,0.48970393
2023-12-15T00:00:00Z,0.48598952
2023-12-14T00:00:00Z,0.50149276
2023-12-13T00:00:00Z,0.49919283
2023-12-12T00:00:00Z,0.48267413
2023-12-11T00:00:00Z,0.4799975
2023-12-10T00:00:00Z,0.51075073
2023-12-09T00:00:00Z,0.51033021
2023-12-08T00:00:00Z,0.5159487
2023-12-07T00:00:00Z,0.5072345
2023-12-06T00:00:00Z,0.51263469
2023-12-05T00:00:00Z,0.51701658
2023-12-04T00:00:00Z,0.49362299
2023-12-03T00:00:00Z,0.47117668
2023-12-02T00:00:00Z,0.4646022
2023-12-01T00:00:00Z,0.45433871
2023-11-30T00:00:00Z,0.44113741
2023-11-29T00:00:00Z,0.44306963
2023-11-28T00:00:00Z,0.44399382
2023-11-27T00:00:00Z,0.43338514
2023-11-26T00:00:00Z,0.43933741
2023-11-25T00:00:00Z,0.44366439
2023-11-24T00:00:00Z,0.44278047
2023-11-23T00:00:00Z,0.43743786
2023-11-22T00:00:00Z,0.43988177
2023-11-21T00:00:00Z,0.41454399
2023-11-20T00:00:00Z,0.44129487
2023-11-19T00:00:00Z,0.44200392
2023-11-18T00:00:00Z,0.42819644
2023-11-17T00:00:00Z,0.4280671
2023-11-16T00:00:00Z,0.42342404
2023-11-15T00:00:00Z,0.44761335
2023-11-14T00:00:00Z,0.41324945
2023-11-13T00:00:00Z,0.43008623
2023-11-12T00:00:00Z,0.43783131
2023-11-11T00:00:00Z,0.43627428
2023-11-10T00:00:00Z,0.44236498
2023-11-09T00:00:00Z,0.43379978
2023-11-08T00:00:00Z,0.42077795
2023-11-07T00:00:00Z,0.4148841
2023-11-06T00:00:00Z,0.40896963
2023-11-05T00:00:00Z,0.41082122
2023-11-04T00:00:00Z,0.41035355
2023-11-03T00:00:00Z,0.40462864
2023-11-02T00:00:00Z,0.40873044
2023-11-01T00:00:00Z,0.41784213
2023-10-31T00:00:00Z,0.4056254
2023-10-30T00:00:00Z,0.40324056
2023-10-29T00:00:00Z,0.40440311
2023-10-28T00:00:00Z,0.39711175
2023-10-27T00:00:00Z,0.39441681
2023-10-26T00:00:00Z,0.3993137
2023-10-25T00:00:00Z,0.40602566
2023-10-24T00:00:00Z,0.39506096
2023-10-23T00:00:00Z,0.38052501
2023-10-22T00:00:00Z,0.32147456
2023-10-21T00:00:00Z,0.31985284
2023-10-20T00:00:00Z,0.31461578
2023-10-19T00:00:00Z,0.29081475
2023-10-18T00:00:00Z,0.28186207
2023-10-17T00:00:00Z,0.28437856
2023-10-16T00:00:00Z,0.28707878
2023-10-15T00:00:00Z,0.2516351
2023-10-14T00:00:00Z,0.24374747
2023-10-13T00:00:00Z,0.2437824
2023-10-12T00:00:00Z,0.24101604
2023-10-11T00:00:00Z,0.24433792
2023-10-10T00:00:00Z,0.25844393
2023-10-09T00:00:00Z,0.26394074
2023-10-08T00:00:00Z,0.27287885
2023-10-07T00:00:00Z,0.27379778
2023-10-06T00:00:00Z,0.27370944
2023-10-05T00:00:00Z,0.2605134
2023-10-04T00:00:00Z,0.26959818
2023-10-03T00:00:00Z,0.26064213
2023-10-02T00:00:00Z,0.26419905
2023-10-01T00:00:00Z,0.27526841
2023-09-30T00:00:00Z,0.24838801
2023-09-29T00:00:00Z,0.2469913
2023-09-28T00:00:00Z,0.25031232
2023-09-27T00:00:00Z,0.22949392
2023-09-26T00:00:00Z,0.22592586
2023-09-25T00:00:00Z,0.2294747
2023-09-24T00:00:00Z,0.22817272
2023-09-23T00:00:00Z,0.23706619
2023-09-22T00:00:00Z,0.23718255
2023-09-21T00:00:00Z,0.23675953
2023-09-20T00:00:00Z,0.25328699
2023-09-19T00:00:00Z,0.25480029
2023-09-18T00:00:00Z,0.24229958
2023-09-17T00:00:00Z,0.23596277
2023-09-16T00:00:00Z,0.23725078
2023-09-15T00:00:00Z,0.23911313
2023-09-14T00:00:00Z,0.23627579
2023-09-13T00:00:00Z,0.22808788
2023-09-12T00:00:00Z,0.2169495
2023-09-11T00:00:00Z,0.19485049
2023-09-10T00:00:00Z,0.21634131
2023-09-09T00:00:00Z,0.21816926
2023-09-08T00:00:00Z,0.21830542
2023-09-07T00:00:00Z,0.22854922
2023-09-06T00:00:00Z,0.21443957
2023-09-05T00:00:00Z,0.21499
2023-09-04T00:00:00Z,0.21535017
2023-09-03T00:00:00Z,0.21987884
2023-09-02T00:00:00Z,0.21647849
2023-09-01T00:00:00Z,0.21502566
2023-08-31T00:00:00Z,0.21844437
2023-08-30T00:00:00Z,0.2571666
2023-08-29T00:00:00Z,0.26661494
2023-08-28T00:00:00Z,0.22294741
2023-08-27T00:00:00Z,0.22210028
2023-08-26T00:00:00Z,0.21998336
2023-08-25T00:00:00Z,0.22051251
2023-08-24T00:00:00Z,0.22268314
2023-08-23T00:00:00Z,0.23150247
2023-08-22T00:00:00Z,0.22039349
2023-08-21T00:00:00Z,0.22214073
2023-08-20T00:00:00Z,0.222985
2023-08-19T00:00:00Z,0.22064435
2023-08-18T00:00:00Z,0.21955004
2023-08-17T00:00:00Z,0.23661725
2023-08-16T00:00:00Z,0.29098107
2023-08-15T00:00:00Z,0.30257271
2023-08-14T00:00:00Z,0.30836672
2023-08-13T00:00:00Z,0.3053933
2023-08-12T00:00:00Z,0.30824973
2023-08-11T00:00:00Z,0.30829334
2023-08-10T00:00:00Z,0.30890783
2023-08-09T00:00:00Z,0.3126319
2023-08-08T00:00:00Z,0.31671827
2023-08-07T00:00:00Z,0.30358111
2023-08-06T00:00:00Z,0.30069864
2023-08-05T00:00:00Z,0.30032808
2023-08-04T00:00:00Z,0.29980495
2023-08-03T00:00:00Z,0.30373462
2023-08-02T00:00:00Z,0.30229744
2023-08-01T00:00:00Z,0.31452819
2023-07-31T00:00:00Z,0.30386255
2023-07-30T00:00:00Z,0.30590319
2023-07-29T00:00:00Z,0.30721942
2023-07-28T00:00:00Z,0.30622279
2023-07-27T00:00:00Z,0.30210979
2023-07-26T00:00:00Z,0.30396597
2023-07-25T00:00:00Z,0.30150458
2023-07-24T00:00:00Z,0.30040335
2023-07-23T00:00:00Z,0.32096445
2023-07-22T00:00:00Z,0.31354022
2023-07-21T00:00:00Z,0.31726521
2023-07-20T00:00:00Z,0.31475239
2023-07-19T00:00:00Z,0.31793125
2023-07-18T00:00:00Z,0.31635186
2023-07-17T00:00:00Z,0.32369489
2023-07-16T00:00:00Z,0.3254103
2023-07-15T00:00:00Z,0.32638072
2023-07-14T00:00:00Z,0.32687378
2023-07-13T00:00:00Z,0.35169937
2023-07-12T00:00:00Z,0.32909258
2023-07-11T00:00:00Z,0.33426951
2023-07-10T00:00:00Z,0.33015188
2023-07-09T00:00:00Z,0.32478943
2023-07-08T00:00:00Z,0.32634559
2023-07-07T00:00:00Z,0.32895229
2023-07-06T00:00:00Z,0.3206292
2023-07-05T00:00:00Z,0.33210095
2023-07-04T00:00:00Z,0.33785976
2023-07-03T00:00:00Z,0.34566283
2023-07-02T00:00:00Z,0.33558599
2023-07-01T00:00:00Z,0.33495388
2023-06-30T00:00:00Z,0.33365541
2023-06-29T00:00:00Z,0.33347646
2023-06-28T00:00:00Z,0.32556978
2023-06-27T00:00:00Z,0.33905288
2023-06-26T00:00:00Z,0.33074908
2023-06-25T00:00:00Z,0.33537352
2023-06-24T00:00:00Z,0.33656441
2023-06-23T00:00:00Z,0.33859626
2023-06-22T00:00:00Z,0.3254603
2023-06-21T00:00:00Z,0.32684203
2023-06-20T00:00:00Z,0.28887921
2023-06-19T00:00:00Z,0.24779327
2023-06-18T00:00:00Z,0.23381568
2023-06-17T00:00:00Z,0.23813882
2023-06-16T00:00:00Z,0.23356159
2023-06-15T00:00:00Z,0.21072403
2023-06-14T00:00:00Z,0.19706657
2023-06-13T00:00:00Z,0.2208958
2023-06-12T00:00:00Z,0.22139011
2023-06-11T00:00:00Z,0.22224934
2023-06-10T00:00:00Z,0.22101067
2023-06-09T00:00:00Z,0.23789465
2023-06-08T00:00:00Z,0.23845114
2023-06-07T00:00:00Z,0.2347208
2023-06-06T00:00:00Z,0.25775475
2023-06-05T00:00:00Z,0.21619981
2023-06-04T00:00:00Z,0.25578648
2023-06-03T00:00:00Z,0.2546366
2023-06-02T00:00:00Z,0.25911628
2023-06-01T00:00:00Z,0.24712111
2023-05-31T00:00:00Z,0.25931846
2023-05-30T00:00:00Z,0.27183725
2023-05-29T00:00:00Z,0.27290977
2023-05-28T00:00:00Z,0.28224484
2023-05-27T00:00:00Z,0.24962488
2023-05-26T00:00:00Z,0.24529916
2023-05-25T00:00:00Z,0.2387002
2023-05-24T00:00:00Z,0.23544134
2023-05-23T00:00:00Z,0.26026966
2023-05-22T00:00:00Z,0.24991481
2023-05-21T00:00:00Z,0.24897228
2023-05-20T00:00:00Z,0.25798827
2023-05-19T00:00:00Z,0.25191135
2023-05-18T00:00:00Z,0.25008209
2023-05-17T00:00:00Z,0.26594932
2023-05-16T00:00:00Z,0.2559026
2023-05-15T00:00:00Z,0.26282101
2023-05-14T00:00:00Z,0.25398367
2023-05-13T00:00:00Z,0.25037731
2023-05-12T00:00:00Z,0.25052637
2023-05-11T00:00:00Z,0.25566255
2023-05-10T00:00:00Z,0.27222498
2023-05-09T00:00:00Z,0.27204033
2023-05-08T00:00:00Z,0.27438414
2023-05-07T00:00:00Z,0.29472082
2023-05-06T00:00:00Z,0.30711412
2023-05-05T00:00:00Z,0.32258048
2023-05-04T00:00:00Z,0.30744593
2023-05-03T00:00:00Z,0.31069099
2023-05-02T00:00:00Z,0.30385027
2023-05-01T00:00:00Z,0.28936667
2023-04-30T00:00:00Z,0.31820196
2023-04-29T00:00:00Z,0.31738076
2023-04-28T00:00:00Z,0.31975549
2023-04-27T00:00:00Z,0.32407238
2023-04-26T00:00:00Z,0.29933501
2023-04-25T00:00:00Z,0.29698476
2023-04-24T00:00:00Z,0.27696055
2023-04-23T00:00:00Z,0.27875964
2023-04-22T00:00:00Z,0.28513307
2023-04-21T00:00:00Z,0.271147
2023-04-20T00:00:00Z,0.29556686
2023-04-19T00:00:00Z,0.30969279
2023-04-18T00:00:00Z,0.34453352
2023-04-17T00:00:00Z,0.3261914
2023-04-16T00:00:00Z,0.34417416
2023-04-15T00:00:00Z,0.34452394
2023-04-14T00:00:00Z,0.34823058
2023-04-13T00:00:00Z,0.34703769
2023-04-12T00:00:00Z,0.33692633
2023-04-11T00:00:00Z,0.34418312
2023-04-10T00:00:00Z,0.33218731
2023-04-09T00:00:00Z,0.30227284
2023-04-08T00:00:00Z,0.29257723
2023-04-07T00:00:00Z,0.29206008
2023-04-06T00:00:00Z,0.29516102
2023-04-05T00:00:00Z,0.29869819
2023-04-04T00:00:00Z,0.29815711
2023-04-03T00:00:00Z,0.28961865
2023-04-02T00:00:00Z,0.30032903
2023-04-01T00:00:00Z,0.30679357
2023-03-31T00:00:00Z,0.30735533
2023-03-30T00:00:00Z,0.29707612
2023-03-29T00:00:00Z,0.29441584
2023-03-28T00:00:00Z,0.2675006
2023-03-27T00:00:00Z,0.26360211
2023-03-26T00:00:00Z,0.28731511
2023-03-25T00:00:00Z,0.2745374
2023-03-24T00:00:00Z,0.2728074
2023-03-23T00:00:00Z,0.29626457
2023-03-22T00:00:00Z,0.27034042
2023-03-21T00:00:00Z,0.29330498
2023-03-20T00:00:00Z,0.28371606
2023-03-19T00:00:00Z,0.29398698
2023-03-18T00:00:00Z,0.26155366
2023-03-17T00:00:00Z,0.27539296
2023-03-16T00:00:00Z,0.20897048
2023-03-15T00:00:00Z,0.18711775
2023-03-14T00:00:00Z,0.19787495
2023-03-13T00:00:00Z,0.18147046
2023-03-12T00:00:00Z,0.09715292
2023-03-11T00:00:00Z,0.03998435
2023-03-10T00:00:00Z,0.0232137
2023-03-09T00:00:00Z,0.02988032
2023-03-08T00:00:00Z,0.0898988
2023-03-07T00:00:00Z,0.11075454
2023-03-06T00:00:00Z,0.11573523
2023-03-05T00:00:00Z,0.11561292
2023-03-04T00:00:00Z,0.11254134
2023-03-03T00:00:00Z,0.11285031
2023-03-02T00:00:00Z,0.15470847
2023-03-01T00:00:00Z,0.16089888
2023-02-28T00:00:00Z,0.14222289
2023-02-27T00:00:00Z,0.15457758
2023-02-26T00:00:00Z,0.15608565
2023-02-25T00:00:00Z,0.1429547
2023-02-24T00:00:00Z,0.14294509
2023-02-23T00:00:00Z,0.16881566
2023-02-22T00:00:00Z,0.17962247
2023-02-21T00:00:00Z,0.18683035
2023-02-20T00:00:00Z,0.1993462
2023-02-19T00:00:00Z,0.18397141
2023-02-18T00:00:00Z,0.1941118
2023-02-17T00:00:00Z,0.19204669
2023-02-16T00:00:00Z,0.15750376
2023-02-15T00:00:00Z,0.18521581
2023-02-14T00:00:00Z,0.1088019
2023-02-13T00:00:00Z,0.09056886
2023-02-12T00:00:00Z,0.08924072
2023-02-11T00:00:00Z,0.09205212
2023-02-10T00:00:00Z,0.08418362
2023-02-09T00:00:00Z,0.09049025
2023-02-08T00:00:00Z,0.13498326
2023-02-07T00:00:00Z,0.14780011
2023-02-06T00:00:00Z,0.12698408
2023-02-05T00:00:00Z,0.13564293
2023-02-04T00:00:00Z,0.1497364
2023-02-03T00:00:00Z,0.15497672
2023-02-02T00:00:00Z,0.15594199
2023-02-01T00:00:00Z,0.16501929
2023-01-31T00:00:00Z,0.14396044
2023-01-30T00:00:00Z,0.13244904
2023-01-29T00:00:00Z,0.16845797
2023-01-28T00:00:00Z,0.14065028
2023-01-27T00:00:00Z,0.14335988
2023-01-26T00:00:00Z,0.14080096
2023-01-25T00:00:00Z,0.14291951
2023-01-24T00:00:00Z,0.12602185
2023-01-23T00:00:00Z,0.13753082
2023-01-22T00:00:00Z,0.12895618
2023-01-21T00:00:00Z,0.13344381
2023-01-20T00:00:00Z,0.12991713
2023-01-19T00:00:00Z,0.06371284
2023-01-18T00:00:00Z,0.04510752
2023-01-17T00:00:00Z,0.06818901
2023-01-16T00:00:00Z,0.06781381
2023-01-15T00:00:00Z,0.05558911
2023-01-14T00:00:00Z,0.06013215
2023-01-13T00:00:00Z,0.00755739
2023-01-12T00:00:00Z,-0.04429356
2023-01-11T00:00:00Z,-0.09990597
2023-01-10T00:00:00Z,-0.13016928
2023-01-09T00:00:00Z,-0.14665695
2023-01-08T00:00:00Z,-0.155893
2023-01-07T00:00:00Z,-0.16336544
2023-01-06T00:00:00Z,-0.1631499
2023-01-05T00:00:00Z,-0.17230986
2023-01-04T00:00:00Z,-0.1709011
2023-01-03T00:00:00Z,-0.18448023
2023-01-02T00:00:00Z,-0.18497739
2023-01-01T00:00:00Z,-0.1896277
2022-12-31T00:00:00Z,-0.19642816
2022-12-30T00:00:00Z,-0.1925907
2022-12-29T00:00:00Z,-0.19109866
2022-12-28T00:00:00Z,-0.1985695
2022-12-27T00:00:00Z,-0.18860967
2022-12-26T00:00:00Z,-0.17439455
2022-12-25T00:00:00Z,-0.18074267
2022-12-24T00:00:00Z,-0.18101679
2022-12-23T00:00:00Z,-0.18519088
2022-12-22T00:00:00Z,-0.18274853
2022-12-21T00:00:00Z,-0.18437461
2022-12-20T00:00:00Z,-0.17882277
2022-12-19T00:00:00Z,-0.21271896
2022-12-18T00:00:00Z,-0.19196242
2022-12-17T00:00:00Z,-0.18913498
2022-12-16T00:00:00Z,-0.19983401
2022-12-15T00:00:00Z,-0.15113505
2022-12-14T00:00:00Z,-0.12237061
2022-12-13T00:00:00Z,-0.12543999
2022-12-12T00:00:00Z,-0.16305205
2022-12-11T00:00:00Z,-0.17098216
2022-12-10T00:00:00Z,-0.16965588
2022-12-09T00:00:00Z,-0.1672819
2022-12-08T00:00:00Z,-0.1619363
2022-12-07T00:00:00Z,-0.19081158
2022-12-06T00:00:00Z,-0.17311771
2022-12-05T00:00:00Z,-0.18321125
2022-12-04T00:00:00Z,-0.17460976
2022-12-03T00:00:00Z,-0.19216742
2022-12-02T00:00:00Z,-0.1802914
2022-12-01T00:00:00Z,-0.18844933
2022-11-30T00:00:00Z,-0.17438789
2022-11-29T00:00:00Z,-0.22788139
2022-11-28T00:00:00Z,-0.24470037
2022-11-27T00:00:00Z,-0.22946889
2022-11-26T00:00:00Z,-0.22854458
2022-11-25T00:00:00Z,-0.2253258
2022-11-24T00:00:00Z,-0.21889278
2022-11-23T00:00:00Z,-0.21905905
2022-11-22T00:00:00Z,-0.25128655
2022-11-21T00:00:00Z,-0.28499797
2022-11-20T00:00:00Z,-0.24837923
2022-11-19T00:00:00Z,-0.21634309
2022-11-18T00:00:00Z,-0.21751293
2022-11-17T00:00:00Z,-0.23127939
2022-11-16T00:00:00Z,-0.23841489
2022-11-15T00:00:00Z,-0.22671683
2022-11-14T00:00:00Z,-0.24423752
2022-11-13T00:00:00Z,-0.27224253
2022-11-12T00:00:00Z,-0.23772501
2022-11-11T00:00:00Z,-0.21691945
2022-11-10T00:00:00Z,-0.1898694
2022-11-09T00:00:00Z,-0.31541866
2022-11-08T00:00:00Z,-0.13358523
2022-11-07T00:00:00Z,-0.02182564
2022-11-06T00:00:00Z,-0.00752871
2022-11-05T00:00:00Z,0.00915182
2022-11-04T00:00:00Z,0.00253109
2022-11-03T00:00:00Z,-0.04296956
2022-11-02T00:00:00Z,-0.04556867
2022-11-01T00:00:00Z,-0.02948598
2022-10-31T00:00:00Z,-0.02937287
2022-10-30T00:00:00Z,-0.02235309
2022-10-29T00:00:00Z,-0.01394944
2022-10-28T00:00:00Z,-0.0246658
2022-10-27T00:00:00Z,-0.03998872
2022-10-26T00:00:00Z,-0.01515797
2022-10-25T00:00:00Z,-0.05010392
2022-10-24T00:00:00Z,-0.09052663
2022-10-23T00:00:00Z,-0.07845634
2022-10-22T00:00:00Z,-0.09834984
2022-10-21T00:00:00Z,-0.10110896
2022-10-20T00:00:00Z,-0.11054761
2022-10-19T00:00:00Z,-0.10431913
2022-10-18T00:00:00Z,-0.09212928
2022-10-17T00:00:00Z,-0.08034833
2022-10-16T00:00:00Z,-0.09687284
2022-10-15T00:00:00Z,-0.10899232
2022-10-14T00:00:00Z,-0.10239884
2022-10-13T00:00:00Z,-0.09134009
2022-10-12T00:00:00Z,-0.10452497
2022-10-11T00:00:00Z,-0.11174913
2022-10-10T00:00:00Z,-0.10754989
2022-10-09T00:00:00Z,-0.09306527
2022-10-08T00:00:00Z,-0.09177094
2022-10-07T00:00:00Z,-0.08517585
2022-10-06T00:00:00Z,-0.06406293
2022-10-05T00:00:00Z,-0.05305554
2022-10-04T00:00:00Z,-0.04407354
2022-10-03T00:00:00Z,-0.08225338
2022-10-02T00:00:00Z,-0.11350379
2022-10-01T00:00:00Z,-0.10007507
2022-09-30T00:00:00Z,-0.0922048
2022-09-29T00:00:00Z,-0.08472514
2022-09-28T00:00:00Z,-0.09328421
2022-09-27T00:00:00Z,-0.11382488
2022-09-26T00:00:00Z,-0.10992622
2022-09-25T00:00:00Z,-0.13252541
2022-09-24T00:00:00Z,-0.12540344
2022-09-23T00:00:00Z,-0.10472198
2022-09-22T00:00:00Z,-0.09820728
2022-09-21T00:00:00Z,-0.15244737
2022-09-20T00:00:00Z,-0.12861588
2022-09-19T00:00:00Z,-0.09298574
2022-09-18T00:00:00Z,-0.10151436
2022-09-17T00:00:00Z,-0.0628286
2022-09-16T00:00:00Z,-0.08120025
2022-09-15T00:00:00Z,-0.08487225
2022-09-14T00:00:00Z,-0.05743584
2022-09-13T00:00:00Z,-0.06321093
2022-09-12T00:00:00Z,0.03799232
2022-09-11T00:00:00Z,0.01331652
2022-09-10T00:00:00Z,0.00818778
2022-09-09T00:00:00Z,-0.00762492
2022-09-08T00:00:00Z,-0.11294175
2022-09-07T00:00:00Z,-0.11531171
2022-09-06T00:00:00Z,-0.14248398
2022-09-05T00:00:00Z,-0.08686237
2022-09-04T00:00:00Z,-0.07728831
2022-09-03T00:00:00Z,-0.08639116
2022-09-02T00:00:00Z,-0.07961651
2022-09-01T00:00:00Z,-0.07227164
2022-08-31T00:00:00Z,-0.077497
2022-08-30T00:00:00Z,-0.08982761
2022-08-29T00:00:00Z,-0.06626433
2022-08-28T00:00:00Z,-0.10607899
2022-08-27T00:00:00Z,-0.0785478
2022-08-26T00:00:00Z,-0.07346485
2022-08-25T00:00:00Z,-0.00214807
2022-08-24T00:00:00Z,-0.01356288
2022-08-23T00:00:00Z,-0.00619962
2022-08-22T00:00:00Z,-0.01212727
2022-08-21T00:00:00Z,-0.00624999
2022-08-20T00:00:00Z,-0.02589595
2022-08-19T00:00:00Z,-0.04142871
2022-08-18T00:00:00Z,0.06393244
2022-08-17T00:00:00Z,0.06702734
2022-08-16T00:00:00Z,0.08908769
2022-08-15T00:00:00Z,0.09993789
2022-08-14T00:00:00Z,0.10561671
2022-08-13T00:00:00Z,0.10914034
2022-08-12T00:00:00Z,0.10867291
2022-08-11T00:00:00Z,0.08998923
2022-08-10T00:00:00Z,0.08953585
2022-08-09T00:00:00Z,0.06059847
2022-08-08T00:00:00Z,0.08539807
2022-08-07T00:00:00Z,0.05789281
2022-08-06T00:00:00Z,0.05159892
2022-08-05T00:00:00Z,0.06166758
2022-08-04T00:00:00Z,0.03889046
2022-08-03T00:00:00Z,0.04524978
2022-08-02T00:00:00Z,0.05462899
2022-08-01T00:00:00Z,0.06722894
2022-07-31T00:00:00Z,0.06748677
2022-07-30T00:00:00Z,0.07740109
2022-07-29T00:00:00Z,0.08179919
2022-07-28T00:00:00Z,0.08509529
2022-07-27T00:00:00Z,0.04991268
2022-07-26T00:00:00Z,-0.02465264
2022-07-25T00:00:00Z,-0.00961823
2022-07-24T00:00:00Z,0.0344426
2022-07-23T00:00:00Z,0.02721075
2022-07-22T00:00:00Z,0.03721824
2022-07-21T00:00:00Z,0.05434509
2022-07-20T00:00:00Z,0.05556285
2022-07-19T00:00:00Z,0.06216748
2022-07-18T00:00:00Z,0.01085612
2022-07-17T00:00:00Z,-0.05666646
2022-07-16T00:00:00Z,-0.0355498
2022-07-15T00:00:00Z,-0.05404613
2022-07-14T00:00:00Z,-0.07042677
2022-07-13T00:00:00Z,-0.09382525
2022-07-12T00:00:00Z,-0.13787998
2022-07-11T00:00:00Z,-0.10443539
2022-07-10T00:00:00Z,-0.06219314
2022-07-09T00:00:00Z,-0.02639063
2022-07-08T00:00:00Z,-0.01447637
2022-07-07T00:00:00Z,-0.02454656
2022-07-06T00:00:00Z,-0.07939676
2022-07-05T00:00:00Z,-0.10242978
2022-07-04T00:00:00Z,-0.0987377
2022-07-03T00:00:00Z,-0.15330002
2022-07-02T00:00:00Z,-0.15774802
2022-07-01T00:00:00Z,-0.14806016
2022-06-30T00:00:00Z,-0.1524172
2022-06-29T00:00:00Z,-0.11646824
2022-06-28T00:00:00Z,-0.10262091
2022-06-27T00:00:00Z,-0.08259413
2022-06-26T00:00:00Z,-0.06935749
2022-06-25T00:00:00Z,-0.04521724
2022-06-24T00:00:00Z,-0.05896545
2022-06-23T00:00:00Z,-0.06723135
2022-06-22T00:00:00Z,-0.12663088
2022-06-21T00:00:00Z,-0.09353502
2022-06-20T00:00:00Z,-0.09327268
2022-06-19T00:00:00Z,-0.10116584
2022-06-18T00:00:00Z,-0.19296738
2022-06-17T00:00:00Z,-0.10859225
2022-06-16T00:00:00Z,-0.1196083
2022-06-15T00:00:00Z,-0.01728976
2022-06-14T00:00:00Z,-0.03518535
2022-06-13T00:00:00Z,-0.03347693
2022-06-12T00:00:00Z,0.13138127
2022-06-11T00:00:00Z,0.17320324
2022-06-10T00:00:00Z,0.1932738
2022-06-09T00:00:00Z,0.2195301
2022-06-08T00:00:00Z,0.2219356
2022-06-07T00:00:00Z,0.24383292
2022-06-06T00:00:00Z,0.24810952
2022-06-05T00:00:00Z,0.21141101
2022-06-04T00:00:00Z,0.20812134
2022-06-03T00:00:00Z,0.20505182
2022-06-02T00:00:00Z,0.22402303
2022-06-01T00:00:00Z,0.20514066
2022-05-31T00:00:00Z,0.25418595
2022-05-30T00:00:00Z,0.25255015
2022-05-29T00:00:00Z,0.19538795
2022-05-28T00:00:00Z,0.18576813
2022-05-27T00:00:00Z,0.17165528
2022-05-26T00:00:00Z,0.18849833
2022-05-25T00:00:00Z,0.19541154
2022-05-24T00:00:00Z,0.19909057
2022-05-23T00:00:00Z,0.18257712
2022-05-22T00:00:00Z,0.21385063
2022-05-21T00:00:00Z,0.19157052
2022-05-20T00:00:00Z,0.18518951
2022-05-19T00:00:00Z,0.2156427
2022-05-18T00:00:00Z,0.17161583
2022-05-17T00:00:00Z,0.21471694
2022-05-16T00:00:00Z,0.19990213
2022-05-15T00:00:00Z,0.23608286
2022-05-14T00:00:00Z,0.20404527
2022-05-13T00:00:00Z,0.18275294
2022-05-12T00:00:00Z,0.1755201
2022-05-11T00:00:00Z,0.17348909
2022-05-10T00:00:00Z,0.22123212
2022-05-09T00:00:00Z,0.19942589
2022-05-08T00:00:00Z,0.28614839
2022-05-07T00:00:00Z,0.31325739
2022-05-06T00:00:00Z,0.32284367
2022-05-05T00:00:00Z,0.3324939
2022-05-04T00:00:00Z,0.38381238
2022-05-03T00:00:00Z,0.35245293
2022-05-02T00:00:00Z,0.36493753
2022-05-01T00:00:00Z,0.362126
2022-04-30T00:00:00Z,0.34922202
2022-04-29T00:00:00Z,0.36579273
2022-04-28T00:00:00Z,0.38288343
2022-04-27T00:00:00Z,0.37468132
2022-04-26T00:00:00Z,0.35635954
2022-04-25T00:00:00Z,0.39275531
2022-04-24T00:00:00Z,0.37701283
2022-04-23T00:00:00Z,0.38213678
2022-04-22T00:00:00Z,0.38109176
2022-04-21T00:00:00Z,0.39224787
2022-04-20T00:00:00Z,0.40705974
2022-04-19T00:00:00Z,0.4084603
2022-04-18T00:00:00Z,0.39827338
2022-04-17T00:00:00Z,0.38187725
2022-04-16T00:00:00Z,0.39235213
2022-04-15T00:00:00Z,0.39484969
2022-04-14T00:00:00Z,0.38474833
2022-04-13T00:00:00Z,0.40384301
2022-04-12T00:00:00Z,0.38825794
2022-04-11T00:00:00Z,0.38057977
2022-04-10T00:00:00Z,0.420287
2022-04-09T00:00:00Z,0.42497892
2022-04-08T00:00:00Z,0.41985917
2022-04-07T00:00:00Z,0.43482324
2022-04-06T00:00:00Z,0.43314378
2022-04-05T00:00:00Z,0.46029739
2022-04-04T00:00:00Z,0.47309818
2022-04-03T00:00:00Z,0.47101396
2022-04-02T00:00:00Z,0.46482916
2022-04-01T00:00:00Z,0.46947617
2022-03-31T00:00:00Z,0.45988033
2022-03-30T00:00:00Z,0.47943511
2022-03-29T00:00:00Z,0.48381473
2022-03-28T00:00:00Z,0.47954568
2022-03-27T00:00:00Z,0.4797288
2022-03-26T00:00:00Z,0.45301673
2022-03-25T00:00:00Z,0.45119244
2022-03-24T00:00:00Z,0.44860859
2022-03-23T00:00:00Z,0.43616757
2022-03-22T00:00:00Z,0.42873774
2022-03-21T00:00:00Z,0.4114163
2022-03-20T00:00:00Z,0.41434512
2022-03-19T00:00:00Z,0.42733001
2022-03-18T00:00:00Z,0.42171203
2022-03-17T00:00:00Z,0.41045094
2022-03-16T00:00:00Z,0.41250768
2022-03-15T00:00:00Z,0.38722097
2022-03-14T00:00:00Z,0.39175559
2022-03-13T00:00:00Z,0.36163982
2022-03-12T00:00:00Z,0.37901997
2022-03-11T00:00:00Z,0.3770302
2022-03-10T00:00:00Z,0.38891872
2022-03-09T00:00:00Z,0.42461787
2022-03-08T00:00:00Z,0.37691518
2022-03-07T00:00:00Z,0.36429392
2022-03-06T00:00:00Z,0.37091385
2022-03-05T00:00:00Z,0.38714427
2022-03-04T00:00:00Z,0.38311769
2022-03-03T00:00:00Z,0.43124907
2022-03-02T00:00:00Z,0.4502383
2022-03-01T00:00:00Z,0.45629666
2022-02-28T00:00:00Z,0.44168531
2022-02-27T00:00:00Z,0.36208685
2022-02-26T00:00:00Z,0.38395188
2022-02-25T00:00:00Z,0.38692162
2022-02-24T00:00:00Z,0.37237151
2022-02-23T00:00:00Z,0.35453959
2022-02-22T00:00:00Z,0.37186599
2022-02-21T00:00:00Z,0.35227554
2022-02-20T00:00:00Z,0.37704058
2022-02-19T00:00:00Z,0.39808567
2022-02-18T00:00:00Z,0.39657719
2022-02-17T00:00:00Z,0.40440989
2022-02-16T00:00:00Z,0.45261073
2022-02-15T00:00:00Z,0.45522598
2022-02-14T00:00:00Z,0.43418237
2022-02-13T00:00:00Z,0.42861051
2022-02-12T00:00:00Z,0.42731924
2022-02-11T00:00:00Z,0.43086946
2022-02-10T00:00:00Z,0.44616057
2022-02-09T00:00:00Z,0.45583001
2022-02-08T00:00:00Z,0.45426713
2022-02-07T00:00:00Z,0.45097995
2022-02-06T00:00:00Z,0.43385164
2022-02-05T00:00:00Z,0.42031408
2022-02-04T00:00:00Z,0.42448873
2022-02-03T00:00:00Z,0.35256498
2022-02-02T00:00:00Z,0.35115352
2022-02-01T00:00:00Z,0.38082245
2022-01-31T00:00:00Z,0.38049922
2022-01-30T00:00:00Z,0.37051698
2022-01-29T00:00:00Z,0.37378591
2022-01-28T00:00:00Z,0.36625755
2022-01-27T00:00:00Z,0.35511916
2022-01-26T00:00:00Z,0.34823332
2022-01-25T00:00:00Z,0.35087421
2022-01-24T00:00:00Z,0.34556673
2022-01-23T00:00:00Z,0.34079405
2022-01-22T00:00:00Z,0.31320055
2022-01-21T00:00:00Z,0.33990549
2022-01-20T00:00:00Z,0.40297276
2022-01-19T00:00:00Z,0.41876984
2022-01-18T00:00:00Z,0.42700436
2022-01-17T00:00:00Z,0.42481338
2022-01-16T00:00:00Z,0.43576257
2022-01-15T00:00:00Z,0.43634409
2022-01-14T00:00:00Z,0.43564538
2022-01-13T00:00:00Z,0.42819334
2022-01-12T00:00:00Z,0.44667738
2022-01-11T00:00:00Z,0.43145929
2022-01-10T00:00:00Z,0.41902197
2022-01-09T00:00:00Z,0.41891922
2022-01-08T00:00:00Z,0.41899827
2022-01-07T00:00:00Z,0.41319436
2022-01-06T00:00:00Z,0.43443981
2022-01-05T00:00:00Z,0.4385002
2022-01-04T00:00:00Z,0.46650518
2022-01-03T00:00:00Z,0.47339605
2022-01-02T00:00:00Z,0.48301914
2022-01-01T00:00:00Z,0.48525561
2021-12-31T00:00:00Z,0.47056889
2021-12-30T00:00:00Z,0.48129605
2021-12-29T00:00:00Z,0.47313967
2021-12-28T00:00:00Z,0.4856471
2021-12-27T00:00:00Z,0.51702913
2021-12-26T00:00:00Z,0.51810377
2021-12-25T00:00:00Z,0.51657947
2021-12-24T00:00:00Z,0.51695583
2021-12-23T00:00:00Z,0.51771223
2021-12-22T00:00:00Z,0.49765214
2021-12-21T00:00:00Z,0.50135317
2021-12-20T00:00:00Z,0.47986543
2021-12-19T00:00:00Z,0.47722841
2021-12-18T00:00:00Z,0.47878998
2021-12-17T00:00:00Z,0.4733278
2021-12-16T00:00:00Z,0.48670887
2021-12-15T00:00:00Z,0.49907948
2021-12-14T00:00:00Z,0.49331411
2021-12-13T00:00:00Z,0.47749749
2021-12-12T00:00:00Z,0.51135736
2021-12-11T00:00:00Z,0.50487849
2021-12-10T00:00:00Z,0.47999859
2021-12-09T00:00:00Z,0.48955667
2021-12-08T00:00:00Z,0.51527599
2021-12-07T00:00:00Z,0.51672461
2021-12-06T00:00:00Z,0.51645308
2021-12-05T00:00:00Z,0.50464339
2021-12-04T00:00:00Z,0.50315872
2021-12-03T00:00:00Z,0.54204769
2021-12-02T00:00:00Z,0.56487927
2021-12-01T00:00:00Z,0.57060239
2021-11-30T00:00:00Z,0.57171092
2021-11-29T00:00:00Z,0.57628594
2021-11-28T00:00:00Z,0.57232941
2021-11-27T00:00:00Z,0.55380218
2021-11-26T00:00:00Z,0.54512311
2021-11-25T00:00:00Z,0.58418671
2021-11-24T00:00:00Z,0.57462407
2021-11-23T00:00:00Z,0.57834455
2021-11-22T00:00:00Z,0.56950108
2021-11-21T00:00:00Z,0.58573001
2021-11-20T00:00:00Z,0.592818
2021-11-19T00:00:00Z,0.58183608
2021-11-18T00:00:00Z,0.57257509
2021-11-17T00:00:00Z,0.5946705
2021-11-16T00:00:00Z,0.59841375
2021-11-15T00:00:00Z,0.62020437
2021-11-14T00:00:00Z,0.63071743
2021-11-13T00:00:00Z,0.62537797
2021-11-12T00:00:00Z,0.62303409
2021-11-11T00:00:00Z,0.63234355
2021-11-10T00:00:00Z,0.63341533
2021-11-09T00:00:00Z,0.64703661
2021-11-08T00:00:00Z,0.6501061
2021-11-07T00:00:00Z,0.62931292
2021-11-06T00:00:00Z,0.61862273
2021-11-05T00:00:00Z,0.61637654
2021-11-04T00:00:00Z,0.61980831
2021-11-03T00:00:00Z,0.62896329
2021-11-02T00:00:00Z,0.63217863
2021-11-01T00:00:00Z,0.62115427
2021-10-31T00:00:00Z,0.62547008
2021-10-30T00:00:00Z,0.62835598
2021-10-29T00:00:00Z,0.63059341
2021-10-28T00:00:00Z,0.62246094
2021-10-27T00:00:00Z,0.61013272
2021-10-26T00:00:00Z,0.62153608
2021-10-25T00:00:00Z,0.63889819
2021-10-24T00:00:00Z,0.62757259
2021-10-23T00:00:00Z,0.63060352
2021-10-22T00:00:00Z,0.62736843
2021-10-21T00:00:00Z,0.63668106
2021-10-20T00:00:00Z,0.65913354
2021-10-19T00:00:00Z,0.65197517
2021-10-18T00:00:00Z,0.6423565
2021-10-17T00:00:00Z,0.64121396
2021-10-16T00:00:00Z,0.63797995
2021-10-15T00:00:00Z,0.64187437
2021-10-14T00:00:00Z,0.61784457
2021-10-13T00:00:00Z,0.61943957
2021-10-12T00:00:00Z,0.61131669
2021-10-11T00:00:00Z,0.62158602
2021-10-10T00:00:00Z,0.60276917
2021-10-09T00:00:00Z,0.60643511
2021-10-08T00:00:00Z,0.5991402
2021-10-07T00:00:00Z,0.59887907
2021-10-06T00:00:00Z,0.61315017
2021-10-05T00:00:00Z,0.58689571
2021-10-04T00:00:00Z,0.56926581
2021-10-03T00:00:00Z,0.55972697
2021-10-02T00:00:00Z,0.55805579
2021-10-01T00:00:00Z,0.55962498
2021-09-30T00:00:00Z,0.51712844
2021-09-29T00:00:00Z,0.49239168
2021-09-28T00:00:00Z,0.48564767
2021-09-27T00:00:00Z,0.50104026
2021-09-26T00:00:00Z,0.51177469
2021-09-25T00:00:00Z,0.50959271
2021-09-24T00:00:00Z,0.51071214
2021-09-23T00:00:00Z,0.53013896
2021-09-22T00:00:00Z,0.51835833
2021-09-21T00:00:00Z,0.48566618
2021-09-20T00:00:00Z,0.51097627
2021-09-19T00:00:00Z,0.55462831
2021-09-18T00:00:00Z,0.56371771
2021-09-17T00:00:00Z,0.55617052
2021-09-16T00:00:00Z,0.5608681
2021-09-15T00:00:00Z,0.56453708
2021-09-14T00:00:00Z,0.55580574
2021-09-13T00:00:00Z,0.53548123
2021-09-12T00:00:00Z,0.54743543
2021-09-11T00:00:00Z,0.53705773
2021-09-10T00:00:00Z,0.52976364
2021-09-09T00:00:00Z,0.54990534
2021-09-08T00:00:00Z,0.54998543
2021-09-07T00:00:00Z,0.55449103
2021-09-06T00:00:00Z,0.60416834
2021-09-05T00:00:00Z,0.59810084
2021-09-04T00:00:00Z,0.58343463
2021-09-03T00:00:00Z,0.58461089
2021-09-02T00:00:00Z,0.57985964
2021-09-01T00:00:00Z,0.57581448
2021-08-31T00:00:00Z,0.56125799
2021-08-30T00:00:00Z,0.56046173
2021-08-29T00:00:00Z,0.57818066
2021-08-28T00:00:00Z,0.57822085
2021-08-27T00:00:00Z,0.58021852
2021-08-26T00:00:00Z,0.56507316
2021-08-25T00:00:00Z,0.58048277
2021-08-24T00:00:00Z,0.5708948
2021-08-23T00:00:00Z,0.5877943
2021-08-22T00:00:00Z,0.58656728
2021-08-21T00:00:00Z,0.58419975
2021-08-20T00:00:00Z,0.5876989
2021-08-19T00:00:00Z,0.56464064
2021-08-18T00:00:00Z,0.54911097
2021-08-17T00:00:00Z,0.54700482
2021-08-16T00:00:00Z,0.56030377
2021-08-15T00:00:00Z,0.57090322
2021-08-14T00:00:00Z,0.57153214
2021-08-13T00:00:00Z,0.57882337
2021-08-12T00:00:00Z,0.54768648
2021-08-11T00:00:00Z,0.56012218
2021-08-10T00:00:00Z,0.55862469
2021-08-09T00:00:00Z,0.56605591
2021-08-08T00:00:00Z,0.54393946
2021-08-07T00:00:00Z,0.55351758
2021-08-06T00:00:00Z,0.53464878
2021-08-05T00:00:00Z,0.51337075
2021-08-04T00:00:00Z,0.49984948
2021-08-03T00:00:00Z,0.48112965
2021-08-02T00:00:00Z,0.49289466
2021-08-01T00:00:00Z,0.50229507
2021-07-31T00:00:00Z,0.52391788
2021-07-30T00:00:00Z,0.52952024
2021-07-29T00:00:00Z,0.50407254
2021-07-28T00:00:00Z,0.50979781
2021-07-27T00:00:00Z,0.50240112
2021-07-26T00:00:00Z,0.48069674
2021-07-25T00:00:00Z,0.45264444
2021-07-24T00:00:00Z,0.43773047
2021-07-23T00:00:00Z,0.42639534
2021-07-22T00:00:00Z,0.40304672
2021-07-21T00:00:00Z,0.39884886
2021-07-20T00:00:00Z,0.35394319
2021-07-19T00:00:00Z,0.37383253
2021-07-18T00:00:00Z,0.3920595
2021-07-17T00:00:00Z,0.38743079
2021-07-16T00:00:00Z,0.3862946
2021-07-15T00:00:00Z,0.39456409
2021-07-14T00:00:00Z,0.41219581
2021-07-13T00:00:00Z,0.4093801
2021-07-12T00:00:00Z,0.41707689
2021-07-11T00:00:00Z,0.43651244
2021-07-10T00:00:00Z,0.42367503
2021-07-09T00:00:00Z,0.42999639
2021-07-08T00:00:00Z,0.41153869
2021-07-07T00:00:00Z,0.42846955
2021-07-06T00:00:00Z,0.43427273
2021-07-05T00:00:00Z,0.42627255
2021-07-04T00:00:00Z,0.45396089
2021-07-03T00:00:00Z,0.44261878
2021-07-02T00:00:00Z,0.42812993
2021-07-01T00:00:00Z,0.4219783
2021-06-30T00:00:00Z,0.4437686
2021-06-29T00:00:00Z,0.45892525
2021-06-28T00:00:00Z,0.43666541
2021-06-27T00:00:00Z,0.4330934
2021-06-26T00:00:00Z,0.39932213
2021-06-25T00:00:00Z,0.38456532
2021-06-24T00:00:00Z,0.43312287
2021-06-23T00:00:00Z,0.41812615
2021-06-22T00:00:00Z,0.39236947
2021-06-21T00:00:00Z,0.38402601
2021-06-20T00:00:00Z,0.44820126
2021-06-19T00:00:00Z,0.4463989
2021-06-18T00:00:00Z,0.44467703
2021-06-17T00:00:00Z,0.48250899
2021-06-16T00:00:00Z,0.48528445
2021-06-15T00:00:00Z,0.50938204
2021-06-14T00:00:00Z,0.51212942
2021-06-13T00:00:00Z,0.49589098
2021-06-12T00:00:00Z,0.44618077
2021-06-11T00:00:00Z,0.4722238
2021-06-10T00:00:00Z,0.46523226
2021-06-09T00:00:00Z,0.47493352
2021-06-08T00:00:00Z,0.41295875
2021-06-07T00:00:00Z,0.41227977
2021-06-06T00:00:00Z,0.44919858
2021-06-05T00:00:00Z,0.44444618
2021-06-04T00:00:00Z,0.46408231
2021-06-03T00:00:00Z,0.49574736
2021-06-02T00:00:00Z,0.4756771
2021-06-01T00:00:00Z,0.46160103
2021-05-31T00:00:00Z,0.47078303
2021-05-30T00:00:00Z,0.4458962
2021-05-29T00:00:00Z,0.42923914
2021-05-28T00:00:00Z,0.44535192
2021-05-27T00:00:00Z,0.48795876
2021-05-26T00:00:00Z,0.49524241
2021-05-25T00:00:00Z,0.48194731
2021-05-24T00:00:00Z,0.48732824
2021-05-23T00:00:00Z,0.42878597
2021-05-22T00:00:00Z,0.47127366
2021-05-21T00:00:00Z,0.46344849
2021-05-20T00:00:00Z,0.50834215
2021-05-19T00:00:00Z,0.4784714
2021-05-18T00:00:00Z,0.52852173
2021-05-17T00:00:00Z,0.54041656
2021-05-16T00:00:00Z,0.56593738
2021-05-15T00:00:00Z,0.56955638
2021-05-14T00:00:00Z,0.59685513
2021-05-13T00:00:00Z,0.59375108
2021-05-12T00:00:00Z,0.59735326
2021-05-11T00:00:00Z,0.64498328
2021-05-10T00:00:00Z,0.64081559
2021-05-09T00:00:00Z,0.65596848
2021-05-08T00:00:00Z,0.6597171
2021-05-07T00:00:00Z,0.65221145
2021-05-06T00:00:00Z,0.64911667
2021-05-05T00:00:00Z,0.65600051
2021-05-04T00:00:00Z,0.63048592
2021-05-03T00:00:00Z,0.65701367
2021-05-02T00:00:00Z,0.65413621
2021-05-01T00:00:00Z,0.66196508
2021-04-30T00:00:00Z,0.66273804
2021-04-29T00:00:00Z,0.63742741
2021-04-28T00:00:00Z,0.64666285
2021-04-27T00:00:00Z,0.64892977
2021-04-26T00:00:00Z,0.64365372
2021-04-25T00:00:00Z,0.60852222
2021-04-24T00:00:00Z,0.61708058
2021-04-23T00:00:00Z,0.62604952
2021-04-22T00:00:00Z,0.63185517
2021-04-21T00:00:00Z,0.64684621
2021-04-20T00:00:00Z,0.66236257
2021-04-19T00:00:00Z,0.65855269
2021-04-18T00:00:00Z,0.66296059
2021-04-17T00:00:00Z,0.68744747
2021-04-16T00:00:00Z,0.69523045
2021-04-15T00:00:00Z,0.70410748
2021-04-14T00:00:00Z,0.70378618
2021-04-13T00:00:00Z,0.70947933
2021-04-12T00:00:00Z,0.69488295
2021-04-11T00:00:00Z,0.69668469
2021-04-10T00:00:00Z,0.69651882
2021-04-09T00:00:00Z,0.68923047
2021-04-08T00:00:00Z,0.68880301
2021-04-07T00:00:00Z,0.67891004
2021-04-06T00:00:00Z,0.69101532
2021-04-05T00:00:00Z,0.70159968
2021-04-04T00:00:00Z,0.69770559
2021-04-03T00:00:00Z,0.69283753
2021-04-02T00:00:00Z,0.70272522
2021-04-01T00:00:00Z,0.7026161
2021-03-31T00:00:00Z,0.70409068
2021-03-30T00:00:00Z,0.70597303
2021-03-29T00:00:00Z,0.702241
2021-03-28T00:00:00Z,0.69294049
2021-03-27T00:00:00Z,0.69418943
2021-03-26T00:00:00Z,0.69102942
2021-03-25T00:00:00Z,0.67040699
2021-03-24T00:00:00Z,0.67737777
2021-03-23T00:00:00Z,0.69218294
2021-03-22T00:00:00Z,0.69408305
2021-03-21T00:00:00Z,0.71092024
2021-03-20T00:00:00Z,0.71422051
2021-03-19T00:00:00Z,0.71509947
2021-03-18T00:00:00Z,0.71558043
2021-03-17T00:00:00Z,0.72019197
2021-03-16T00:00:00Z,0.71026522
2021-03-15T00:00:00Z,0.70910652
2021-03-14T00:00:00Z,0.72841175
2021-03-13T00:00:00Z,0.73756585
2021-03-12T00:00:00Z,0.72156556
2021-03-11T00:00:00Z,0.7267331
2021-03-10T00:00:00Z,0.72145775
2021-03-09T00:00:00Z,0.71511521
2021-03-08T00:00:00Z,0.70392353
2021-03-07T00:00:00Z,0.69915415
2021-03-06T00:00:00Z,0.68604312
2021-03-05T00:00:00Z,0.68642116
2021-03-04T00:00:00Z,0.68476607
2021-03-03T00:00:00Z,0.69801147
2021-03-02T00:00:00Z,0.68690678
2021-03-01T00:00:00Z,0.69554429
2021-02-28T00:00:00Z,0.66645227
2021-02-27T00:00:00Z,0.6753814
2021-02-26T00:00:00Z,0.6764792
2021-02-25T00:00:00Z,0.68310334
2021-02-24T00:00:00Z,0.70205302
2021-02-23T00:00:00Z,0.69942855
2021-02-22T00:00:00Z,0.72820681
2021-02-21T00:00:00Z,0.74876055
2021-02-20T00:00:00Z,0.74453237
2021-02-19T00:00:00Z,0.74735358
2021-02-18T00:00:00Z,0.7320775
2021-02-17T00:00:00Z,0.73805729
2021-02-16T00:00:00Z,0.72477483
2021-02-15T00:00:00Z,0.72000578
2021-02-14T00:00:00Z,0.72947725
2021-02-13T00:00:00Z,0.71911088
2021-02-12T00:00:00Z,0.72312925
2021-02-11T00:00:00Z,0.72725437
2021-02-10T00:00:00Z,0.71311404
2021-02-09T00:00:00Z,0.7250521
2021-02-08T00:00:00Z,0.73023321
2021-02-07T00:00:00Z,0.68277167
2021-02-06T00:00:00Z,0.68718676
2021-02-05T00:00:00Z,0.67752256
2021-02-04T00:00:00Z,0.67190842
2021-02-03T00:00:00Z,0.68001131
2021-02-02T00:00:00Z,0.66269194
2021-02-01T00:00:00Z,0.64498574
2021-01-31T00:00:00Z,0.64093647
2021-01-30T00:00:00Z,0.65412617
2021-01-29T00:00:00Z,0.65498912
2021-01-28T00:00:00Z,0.64869533
2021-01-27T00:00:00Z,0.61599456
2021-01-26T00:00:00Z,0.64296171
2021-01-25T00:00:00Z,0.64244469
2021-01-24T00:00:00Z,0.64095396
2021-01-23T00:00:00Z,0.63904028
2021-01-22T00:00:00Z,0.6484693
2021-01-21T00:00:00Z,0.62876172
2021-01-20T00:00:00Z,0.67577551
2021-01-19T00:00:00Z,0.6826113
2021-01-18T00:00:00Z,0.68799121
2021-01-17T00:00:00Z,0.68172942
2021-01-16T00:00:00Z,0.68728813
2021-01-15T00:00:00Z,0.69055965
2021-01-14T00:00:00Z,0.71350895
2021-01-13T00:00:00Z,0.70154591
2021-01-12T00:00:00Z,0.67213437
2021-01-11T00:00:00Z,0.69013912
2021-01-10T00:00:00Z,0.71527037
2021-01-09T00:00:00Z,0.73085476
2021-01-08T00:00:00Z,0.73759718
2021-01-07T00:00:00Z,0.73664461
2021-01-06T00:00:00Z,0.72245252
2021-01-05T00:00:00Z,0.70862743
2021-01-04T00:00:00Z,0.69463032
2021-01-03T00:00:00Z,0.71137472
2021-01-02T00:00:00Z,0.70613101
2021-01-01T00:00:00Z,0.68308729
2020-12-31T00:00:00Z,0.68287845
2020-12-30T00:00:00Z,0.68313509
2020-12-29T00:00:00Z,0.67041954
2020-12-28T00:00:00Z,0.67201779
2020-12-27T00:00:00Z,0.66916051
2020-12-26T00:00:00Z,0.67557212
2020-12-25T00:00:00Z,0.65432468
2020-12-24T00:00:00Z,0.64194302
2020-12-23T00:00:00Z,0.63970877
2020-12-22T00:00:00Z,0.64942548
2020-12-21T00:00:00Z,0.63891978
2020-12-20T00:00:00Z,0.6495208
2020-12-19T00:00:00Z,0.6572711
2020-12-18T00:00:00Z,0.64663616
2020-12-17T00:00:00Z,0.64788026
2020-12-16T00:00:00Z,0.63128941
2020-12-15T00:00:00Z,0.59840376
2020-12-14T00:00:00Z,0.59639698
2020-12-13T00:00:00Z,0.59445622
2020-12-12T00:00:00Z,0.59108961
2020-12-11T00:00:00Z,0.57548207
2020-12-10T00:00:00Z,0.58077794
2020-12-09T00:00:00Z,0.58828825
2020-12-08T00:00:00Z,0.58390991
2020-12-07T00:00:00Z,0.60356956
2020-12-06T00:00:00Z,0.60784095
2020-12-05T00:00:00Z,0.60426275
2020-12-04T00:00:00Z,0.5947536
2020-12-03T00:00:00Z,0.61237424
2020-12-02T00:00:00Z,0.60935033
2020-12-01T00:00:00Z,0.6014837
2020-11-30T00:00:00Z,0.62234163
2020-11-29T00:00:00Z,0.5941153
2020-11-28T00:00:00Z,0.58432319
2020-11-27T00:00:00Z,0.57086302
2020-11-26T00:00:00Z,0.5721632
2020-11-25T00:00:00Z,0.60959123
2020-11-24T00:00:00Z,0.61971853
2020-11-23T00:00:00Z,0.60566045
2020-11-22T00:00:00Z,0.60886033
2020-11-21T00:00:00Z,0.61528531
2020-11-20T00:00:00Z,0.61607993
2020-11-19T00:00:00Z,0.60187726
2020-11-18T00:00:00Z,0.60277473
2020-11-17T00:00:00Z,0.60400291
2020-11-16T00:00:00Z,0.58451798
2020-11-15T00:00:00Z,0.56607797
2020-11-14T00:00:00Z,0.56973042
2020-11-13T00:00:00Z,0.57636754
2020-11-12T00:00:00Z,0.57701718
2020-11-11T00:00:00Z,0.5629237
2020-11-10T00:00:00Z,0.55304014
2020-11-09T00:00:00Z,0.55448229
2020-11-08T00:00:00Z,0.5614216
2020-11-07T00:00:00Z,0.54371936
2020-11-06T00:00:00Z,0.56512147
2020-11-05T00:00:00Z,0.56764577
2020-11-04T00:00:00Z,0.52582095
2020-11-03T00:00:00Z,0.52476944
2020-11-02T00:00:00Z,0.51544793
2020-11-01T00:00:00Z,0.52306464
2020-10-31T00:00:00Z,0.52541752
2020-10-30T00:00:00Z,0.52083443
2020-10-29T00:00:00Z,0.5148109
2020-10-28T00:00:00Z,0.51042158
2020-10-27T00:00:00Z,0.52520969
2020-10-26T00:00:00Z,0.50526843
2020-10-25T00:00:00Z,0.50451105
2020-10-24T00:00:00Z,0.5080574
2020-10-23T00:00:00Z,0.50210791
2020-10-22T00:00:00Z,0.50661595
2020-10-21T00:00:00Z,0.50309059
2020-10-20T00:00:00Z,0.46761886
2020-10-19T00:00:00Z,0.46081694
2020-10-18T00:00:00Z,0.44977857
2020-10-17T00:00:00Z,0.44465527
2020-10-16T00:00:00Z,0.44299064
2020-10-15T00:00:00Z,0.45116206
2020-10-14T00:00:00Z,0.44665399
2020-10-13T00:00:00Z,0.44891987
2020-10-12T00:00:00Z,0.45585294
2020-10-11T00:00:00Z,0.447583
2020-10-10T00:00:00Z,0.44429275
2020-10-09T00:00:00Z,0.43240057
2020-10-08T00:00:00Z,0.42505288
2020-10-07T00:00:00Z,0.41260665
2020-10-06T00:00:00Z,0.40955359
2020-10-05T00:00:00Z,0.41937026
2020-10-04T00:00:00Z,0.41362799
2020-10-03T00:00:00Z,0.40706405
2020-10-02T00:00:00Z,0.40850108
2020-10-01T00:00:00Z,0.41102758
2020-09-30T00:00:00Z,0.41958825
2020-09-29T00:00:00Z,0.4234541
2020-09-28T00:00:00Z,0.41903401
2020-09-27T00:00:00Z,0.42008902
2020-09-26T00:00:00Z,0.41950537
2020-09-25T00:00:00Z,0.41653908
2020-09-24T00:00:00Z,0.41998571
2020-09-23T00:00:00Z,0.39142008
2020-09-22T00:00:00Z,0.40825809
2020-09-21T00:00:00Z,0.40489914
2020-09-20T00:00:00Z,0.42982159
2020-09-19T00:00:00Z,0.43810631
2020-09-18T00:00:00Z,0.43019664
2020-09-17T00:00:00Z,0.43145058
2020-09-16T00:00:00Z,0.432868
2020-09-15T00:00:00Z,0.4240784
2020-09-14T00:00:00Z,0.41922008
2020-09-13T00:00:00Z,0.39941141
2020-09-12T00:00:00Z,0.40692497
2020-09-11T00:00:00Z,0.40390997
2020-09-10T00:00:00Z,0.40066431
2020-09-09T00:00:00Z,0.39386114
2020-09-08T00:00:00Z,0.38770746
2020-09-07T00:00:00Z,0.40189872
2020-09-06T00:00:00Z,0.39584332
2020-09-05T00:00:00Z,0.38830237
2020-09-04T00:00:00Z,0.40745391
2020-09-03T00:00:00Z,0.37976401
2020-09-02T00:00:00Z,0.45567186
2020-09-01T00:00:00Z,0.4821763
2020-08-31T00:00:00Z,0.4684119
2020-08-30T00:00:00Z,0.4719376
2020-08-29T00:00:00Z,0.46128726
2020-08-28T00:00:00Z,0.46380576
2020-08-27T00:00:00Z,0.45367909
2020-08-26T00:00:00Z,0.46234741
2020-08-25T00:00:00Z,0.45759966
2020-08-24T00:00:00Z,0.47655757
2020-08-23T00:00:00Z,0.47154586
2020-08-22T00:00:00Z,0.47304452
2020-08-21T00:00:00Z,0.46570438
2020-08-20T00:00:00Z,0.48174754
2020-08-19T00:00:00Z,0.47745175
2020-08-18T00:00:00Z,0.48731026
2020-08-17T00:00:00Z,0.50160483
2020-08-16T00:00:00Z,0.4861804
2020-08-15T00:00:00Z,0.48508371
2020-08-14T00:00:00Z,0.48129525
2020-08-13T00:00:00Z,0.48341289
2020-08-12T00:00:00Z,0.47434097
2020-08-11T00:00:00Z,0.46712898
2020-08-10T00:00:00Z,0.48923475
2020-08-09T00:00:00Z,0.48111034
2020-08-08T00:00:00Z,0.48478285
2020-08-07T00:00:00Z,0.47859165
2020-08-06T00:00:00Z,0.48876894
2020-08-05T00:00:00Z,0.48809708
2020-08-04T00:00:00Z,0.46596733
2020-08-03T00:00:00Z,0.46866208
2020-08-02T00:00:00Z,0.46269727
2020-08-01T00:00:00Z,0.49695423
2020-07-31T00:00:00Z,0.47674418
2020-07-30T00:00:00Z,0.46783727
2020-07-29T00:00:00Z,0.468051
2020-07-28T00:00:00Z,0.45957348
2020-07-27T00:00:00Z,0.46521759
2020-07-26T00:00:00Z,0.40989414
2020-07-25T00:00:00Z,0.39629607
2020-07-24T00:00:00Z,0.38678531
2020-07-23T00:00:00Z,0.39117853
2020-07-22T00:00:00Z,0.38661731
2020-07-21T00:00:00Z,0.37730651
2020-07-20T00:00:00Z,0.36274261
2020-07-19T00:00:00Z,0.36629687
2020-07-18T00:00:00Z,0.3635574
2020-07-17T00:00:00Z,0.36226731
2020-07-16T00:00:00Z,0.36091836
2020-07-15T00:00:00Z,0.36553237
2020-07-14T00:00:00Z,0.36943584
2020-07-13T00:00:00Z,0.36910485
2020-07-12T00:00:00Z,0.37217043
2020-07-11T00:00:00Z,0.36884656
2020-07-10T00:00:00Z,0.37231176
2020-07-09T00:00:00Z,0.36871848
2020-07-08T00:00:00Z,0.38260311
2020-07-07T00:00:00Z,0.37128146
2020-07-06T00:00:00Z,0.37753876
2020-07-05T00:00:00Z,0.35918516
2020-07-04T00:00:00Z,0.36237286
2020-07-03T00:00:00Z,0.3588313
2020-07-02T00:00:00Z,0.36071924
2020-07-01T00:00:00Z,0.36990144
2020-06-30T00:00:00Z,0.36424379
2020-06-29T00:00:00Z,0.36754527
2020-06-28T00:00:00Z,0.36350545
2020-06-27T00:00:00Z,0.35533885
2020-06-26T00:00:00Z,0.36595602
2020-06-25T00:00:00Z,0.37370067
2020-06-24T00:00:00Z,0.37612357
2020-06-23T00:00:00Z,0.39803717
2020-06-22T00:00:00Z,0.40231463
2020-06-21T00:00:00Z,0.37746086
2020-06-20T00:00:00Z,0.38168998
2020-06-19T00:00:00Z,0.37744829
2020-06-18T00:00:00Z,0.38322244
2020-06-17T00:00:00Z,0.39022365
2020-06-16T00:00:00Z,0.39411701
2020-06-15T00:00:00Z,0.38826049
2020-06-14T00:00:00Z,0.38276797
2020-06-13T00:00:00Z,0.3905497
2020-06-12T00:00:00Z,0.39130912
2020-06-11T00:00:00Z,0.3797966
2020-06-10T00:00:00Z,0.41708479
2020-06-09T00:00:00Z,0.40996631
2020-06-08T00:00:00Z,0.41128103
2020-06-07T00:00:00Z,0.40976152
2020-06-06T00:00:00Z,0.40599199
2020-06-05T00:00:00Z,0.40480833
2020-06-04T00:00:00Z,0.41373675
2020-06-03T00:00:00Z,0.40600612
2020-06-02T00:00:00Z,0.3983481
2020-06-01T00:00:00Z,0.43914632
2020-05-31T00:00:00Z,0.39442657
2020-05-30T00:00:00Z,0.41184041
2020-05-29T00:00:00Z,0.39431691
2020-05-28T00:00:00Z,0.40155889
2020-05-27T00:00:00Z,0.37591344
2020-05-26T00:00:00Z,0.35515334
2020-05-25T00:00:00Z,0.36138917
2020-05-24T00:00:00Z,0.36783104
2020-05-23T00:00:00Z,0.37802602
2020-05-22T00:00:00Z,0.37672044
2020-05-21T00:00:00Z,0.37062961
2020-05-20T00:00:00Z,0.40015906
2020-05-19T00:00:00Z,0.41625193
2020-05-18T00:00:00Z,0.41424826
2020-05-17T00:00:00Z,0.41169126
2020-05-16T00:00:00Z,0.39603165
2020-05-15T00:00:00Z,0.38801828
2020-05-14T00:00:00Z,0.42239654
2020-05-13T00:00:00Z,0.39051366
2020-05-12T00:00:00Z,0.35574065
2020-05-11T00:00:00Z,0.34115803
2020-05-10T00:00:00Z,0.3519099
2020-05-09T00:00:00Z,0.40655365
2020-05-08T00:00:00Z,0.42244149
2020-05-07T00:00:00Z,0.43789753
2020-05-06T00:00:00Z,0.38906072
2020-05-05T00:00:00Z,0.37653799
2020-05-04T00:00:00Z,0.36819017
2020-05-03T00:00:00Z,0.37083833
2020-05-02T00:00:00Z,0.37726135
2020-05-01T00:00:00Z,0.36652613
2020-04-30T00:00:00Z,0.35197124
2020-04-29T00:00:00Z,0.36659848
2020-04-28T00:00:00Z,0.28737627
2020-04-27T00:00:00Z,0.28990935
2020-04-26T00:00:00Z,0.28378149
2020-04-25T00:00:00Z,0.26874922
2020-04-24T00:00:00Z,0.2653373
2020-04-23T00:00:00Z,0.26420525
2020-04-22T00:00:00Z,0.22779688
2020-04-21T00:00:00Z,0.19669417
2020-04-20T00:00:00Z,0.19495792
2020-04-19T00:00:00Z,0.23190955
2020-04-18T00:00:00Z,0.24102178
2020-04-17T00:00:00Z,0.2168631
2020-04-16T00:00:00Z,0.22542591
2020-04-15T00:00:00Z,0.17033532
2020-04-14T00:00:00Z,0.19747869
2020-04-13T00:00:00Z,0.19628413
2020-04-12T00:00:00Z,0.20933444
2020-04-11T00:00:00Z,0.19829448
2020-04-10T00:00:00Z,0.1960821
2020-04-09T00:00:00Z,0.24181652
2020-04-08T00:00:00Z,0.24902015
2020-04-07T00:00:00Z,0.23308261
2020-04-06T00:00:00Z,0.24117178
2020-04-05T00:00:00Z,0.18536131
2020-04-04T00:00:00Z,0.19267982
2020-04-03T00:00:00Z,0.18061535
2020-04-02T00:00:00Z,0.19093572
2020-04-01T00:00:00Z,0.16869716
2020-03-31T00:00:00Z,0.13902868
2020-03-30T00:00:00Z,0.13715933
2020-03-29T00:00:00Z,0.05841914
2020-03-28T00:00:00Z,0.11150032
2020-03-27T00:00:00Z,0.12769954
2020-03-26T00:00:00Z,0.17652349
2020-03-25T00:00:00Z,0.16889418
2020-03-24T00:00:00Z,0.17646739
2020-03-23T00:00:00Z,0.14197908
2020-03-22T00:00:00Z,0.04620893
2020-03-21T00:00:00Z,0.1015892
2020-03-20T00:00:00Z,0.09525665
2020-03-19T00:00:00Z,0.10076141
2020-03-18T00:00:00Z,-0.02676312
2020-03-17T00:00:00Z,-0.04429231
2020-03-16T00:00:00Z,-0.11154257
2020-03-15T00:00:00Z,-0.04018132
2020-03-14T00:00:00Z,-0.09123667
2020-03-13T00:00:00Z,-0.00414425
2020-03-12T00:00:00Z,-0.2008879
2020-03-11T00:00:00Z,0.2739912
2020-03-10T00:00:00Z,0.26715143
2020-03-09T00:00:00Z,0.27084032
2020-03-08T00:00:00Z,0.27755138
2020-03-07T00:00:00Z,0.34777924
2020-03-06T00:00:00Z,0.36540122
2020-03-05T00:00:00Z,0.35825677
2020-03-04T00:00:00Z,0.33775896
2020-03-03T00:00:00Z,0.33768804
2020-03-02T00:00:00Z,0.3470063
2020-03-01T00:00:00Z,0.32113339
2020-02-29T00:00:00Z,0.32171634
2020-02-28T00:00:00Z,0.33286107
2020-02-27T00:00:00Z,0.33923962
2020-02-26T00:00:00Z,0.3411049
2020-02-25T00:00:00Z,0.37741298
2020-02-24T00:00:00Z,0.39876402
2020-02-23T00:00:00Z,0.41682562
2020-02-22T00:00:00Z,0.39904778
2020-02-21T00:00:00Z,0.40269033
2020-02-20T00:00:00Z,0.3967584
2020-02-19T00:00:00Z,0.39660923
2020-02-18T00:00:00Z,0.42946888
2020-02-17T00:00:00Z,0.40319456
2020-02-16T00:00:00Z,0.41583839
2020-02-15T00:00:00Z,0.41559824
2020-02-14T00:00:00Z,0.4411132
2020-02-13T00:00:00Z,0.43601659
2020-02-12T00:00:00Z,0.44138546
2020-02-11T00:00:00Z,0.43792418
2020-02-10T00:00:00Z,0.41678576
2020-02-09T00:00:00Z,0.43511181
2020-02-08T00:00:00Z,0.42095788
2020-02-07T00:00:00Z,0.41646704
2020-02-06T00:00:00Z,0.41589196
2020-02-05T00:00:00Z,0.40807396
2020-02-04T00:00:00Z,0.38198424
2020-02-03T00:00:00Z,0.3895981
2020-02-02T00:00:00Z,0.39231601
2020-02-01T00:00:00Z,0.39584292
2020-01-31T00:00:00Z,0.3937376
2020-01-30T00:00:00Z,0.40397572
2020-01-29T00:00:00Z,0.39230923
2020-01-28T00:00:00Z,0.39738704
2020-01-27T00:00:00Z,0.37032242
2020-01-26T00:00:00Z,0.34560109
2020-01-25T00:00:00Z,0.32573034
2020-01-24T00:00:00Z,0.33276564
2020-01-23T00:00:00Z,0.32917115
2020-01-22T00:00:00Z,0.35015543
2020-01-21T00:00:00Z,0.35636929
2020-01-20T00:00:00Z,0.3495666
2020-01-19T00:00:00Z,0.35346031
2020-01-18T00:00:00Z,0.37004522
2020-01-17T00:00:00Z,0.36995795
2020-01-16T00:00:00Z,0.35649456
2020-01-15T00:00:00Z,0.36446768
2020-01-14T00:00:00Z,0.36863513
2020-01-13T00:00:00Z,0.31225034
2020-01-12T00:00:00Z,0.31733194
2020-01-11T00:00:00Z,0.30467473
2020-01-10T00:00:00Z,0.31714612
2020-01-09T00:00:00Z,0.28647388
2020-01-08T00:00:00Z,0.30655855
2020-01-07T00:00:00Z,0.31681256
2020-01-06T00:00:00Z,0.28427502
2020-01-05T00:00:00Z,0.24259313
2020-01-04T00:00:00Z,0.2435971
2020-01-03T00:00:00Z,0.24215946
2020-01-02T00:00:00Z,0.20067252
2020-01-01T00:00:00Z,0.22710521
2019-12-31T00:00:00Z,0.22584201
2019-12-30T00:00:00Z,0.23114347
2019-12-29T00:00:00Z,0.24536733
2019-12-28T00:00:00Z,0.23785282
2019-12-27T00:00:00Z,0.23077924
2019-12-26T00:00:00Z,0.22669389
2019-12-25T00:00:00Z,0.22572688
2019-12-24T00:00:00Z,0.22793482
2019-12-23T00:00:00Z,0.23756855
2019-12-22T00:00:00Z,0.25652159
2019-12-21T00:00:00Z,0.21736451
2019-12-20T00:00:00Z,0.2226864
2019-12-19T00:00:00Z,0.21789869
2019-12-18T00:00:00Z,0.23329342
2019-12-17T00:00:00Z,0.15451141
2019-12-16T00:00:00Z,0.18773575
2019-12-15T00:00:00Z,0.21288461
2019-12-14T00:00:00Z,0.20755596
2019-12-13T00:00:00Z,0.22714577
2019-12-12T00:00:00Z,0.22215673
2019-12-11T00:00:00Z,0.22202145
2019-12-10T00:00:00Z,0.22417512
2019-12-09T00:00:00Z,0.23588938
2019-12-08T00:00:00Z,0.25271535
2019-12-07T00:00:00Z,0.25079786
2019-12-06T00:00:00Z,0.25507193
2019-12-05T00:00:00Z,0.23894982
2019-12-04T00:00:00Z,0.21789441
2019-12-03T00:00:00Z,0.22966742
2019-12-02T00:00:00Z,0.23002235
2019-12-01T00:00:00Z,0.23853361
2019-11-30T00:00:00Z,0.2526835
2019-11-29T00:00:00Z,0.27166058
2019-11-28T00:00:00Z,0.24109773
2019-11-27T00:00:00Z,0.24934742
2019-11-26T00:00:00Z,0.21129721
2019-11-25T00:00:00Z,0.20442555
2019-11-24T00:00:00Z,0.18576393
2019-11-23T00:00:00Z,0.2261787
2019-11-22T00:00:00Z,0.22317024
2019-11-21T00:00:00Z,0.25382882
2019-11-20T00:00:00Z,0.29677932
2019-11-19T00:00:00Z,0.29938525
2019-11-18T00:00:00Z,0.3042285
2019-11-17T00:00:00Z,0.32961157
2019-11-16T00:00:00Z,0.32866903
2019-11-15T00:00:00Z,0.32660145
2019-11-14T00:00:00Z,0.34195794
2019-11-13T00:00:00Z,0.35074002
2019-11-12T00:00:00Z,0.35336525
2019-11-11T00:00:00Z,0.34710157
2019-11-10T00:00:00Z,0.37053345
2019-11-09T00:00:00Z,0.35475513
2019-11-08T00:00:00Z,0.35039244
2019-11-07T00:00:00Z,0.38212573
2019-11-06T00:00:00Z,0.39130289
2019-11-05T00:00:00Z,0.38927593
2019-11-04T00:00:00Z,0.3925155
2019-11-03T00:00:00Z,0.37965332
2019-11-02T00:00:00Z,0.38554808
2019-11-01T00:00:00Z,0.3809206
2019-10-31T00:00:00Z,0.37663151
2019-10-30T00:00:00Z,0.37785652
2019-10-29T00:00:00Z,0.39571879
2019-10-28T00:00:00Z,0.38231904
2019-10-27T00:00:00Z,0.40512743
2019-10-26T00:00:00Z,0.38612806
2019-10-25T00:00:00Z,0.34713399
2019-10-24T00:00:00Z,0.23936637
2019-10-23T00:00:00Z,0.24204798
2019-10-22T00:00:00Z,0.29362637
2019-10-21T00:00:00Z,0.30900506
2019-10-20T00:00:00Z,0.30915499
2019-10-19T00:00:00Z,0.28550681
2019-10-18T00:00:00Z,0.28744213
2019-10-17T00:00:00Z,0.29720041
2019-10-16T00:00:00Z,0.29063918
2019-10-15T00:00:00Z,0.30407423
2019-10-14T00:00:00Z,0.31966799
2019-10-13T00:00:00Z,0.31676571
2019-10-12T00:00:00Z,0.3193021
2019-10-11T00:00:00Z,0.31541383
2019-10-10T00:00:00Z,0.3385578
2019-10-09T00:00:00Z,0.34013712
2019-10-08T00:00:00Z,0.30849312
2019-10-07T00:00:00Z,0.31033134
2019-10-06T00:00:00Z,0.28090144
2019-10-05T00:00:00Z,0.30341519
2019-10-04T00:00:00Z,0.30593022
2019-10-03T00:00:00Z,0.31241829
2019-10-02T00:00:00Z,0.3224325
2019-10-01T00:00:00Z,0.31790274
2019-09-30T00:00:00Z,0.31483716
2019-09-29T00:00:00Z,0.29558996
2019-09-28T00:00:00Z,0.3070135
2019-09-27T00:00:00Z,0.30538605
2019-09-26T00:00:00Z,0.29430333
2019-09-25T00:00:00Z,0.32341683
2019-09-24T00:00:00Z,0.32976402
2019-09-23T00:00:00Z,0.40955498
2019-09-22T00:00:00Z,0.43003168
2019-09-21T00:00:00Z,0.42640709
2019-09-20T00:00:00Z,0.43676515
2019-09-19T00:00:00Z,0.44190664
2019-09-18T00:00:00Z,0.43677972
2019-09-17T00:00:00Z,0.43884403
2019-09-16T00:00:00Z,0.4419851
2019-09-15T00:00:00Z,0.44517216
2019-09-14T00:00:00Z,0.44746637
2019-09-13T00:00:00Z,0.44820335
2019-09-12T00:00:00Z,0.45135338
2019-09-11T00:00:00Z,0.43810036
2019-09-10T00:00:00Z,0.43786412
2019-09-09T00:00:00Z,0.44919481
2019-09-08T00:00:00Z,0.45184243
2019-09-07T00:00:00Z,0.45794416
2019-09-06T00:00:00Z,0.44940306
2019-09-05T00:00:00Z,0.46691842
2019-09-04T00:00:00Z,0.46777976
2019-09-03T00:00:00Z,0.47112768
2019-09-02T00:00:00Z,0.45765766
2019-09-01T00:00:00Z,0.42400819
2019-08-31T00:00:00Z,0.41543984
2019-08-30T00:00:00Z,0.41474487
2019-08-29T00:00:00Z,0.40879935
2019-08-28T00:00:00Z,0.42341268
2019-08-27T00:00:00Z,0.44900223
2019-08-26T00:00:00Z,0.45937827
2019-08-25T00:00:00Z,0.44558076
2019-08-24T00:00:00Z,0.44737216
2019-08-23T00:00:00Z,0.46133902
2019-08-22T00:00:00Z,0.44825187
2019-08-21T00:00:00Z,0.44831444
2019-08-20T00:00:00Z,0.48138817
2019-08-19T00:00:00Z,0.48778052
2019-08-18T00:00:00Z,0.46200841
2019-08-17T00:00:00Z,0.45491899
2019-08-16T00:00:00Z,0.46276055
2019-08-15T00:00:00Z,0.46025698
2019-08-14T00:00:00Z,0.44322764
2019-08-13T00:00:00Z,0.48917396
2019-08-12T00:00:00Z,0.51266943
2019-08-11T00:00:00Z,0.52105437
2019-08-10T00:00:00Z,0.51135137
2019-08-09T00:00:00Z,0.5334306
2019-08-08T00:00:00Z,0.53923288
2019-08-07T00:00:00Z,0.53841373
2019-08-06T00:00:00Z,0.51946022
2019-08-05T00:00:00Z,0.5363004
2019-08-04T00:00:00Z,0.5024371
2019-08-03T00:00:00Z,0.49710097
2019-08-02T00:00:00Z,0.48421517
2019-08-01T00:00:00Z,0.47759415
2019-07-31T00:00:00Z,0.46235294
2019-07-30T00:00:00Z,0.43452784
2019-07-29T00:00:00Z,0.4319938
2019-07-28T00:00:00Z,0.44239995
2019-07-27T00:00:00Z,0.43935711
2019-07-26T00:00:00Z,0.45911804
2019-07-25T00:00:00Z,0.4620664
2019-07-24T00:00:00Z,0.45660399
2019-07-23T00:00:00Z,0.46283717
2019-07-22T00:00:00Z,0.48721801
2019-07-21T00:00:00Z,0.50007082
2019-07-20T00:00:00Z,0.50841762
2019-07-19T00:00:00Z,0.49711636
2019-07-18T00:00:00Z,0.50669751
2019-07-17T00:00:00Z,0.45562672
2019-07-16T00:00:00Z,0.44790579
2019-07-15T00:00:00Z,0.51635983
2019-07-14T00:00:00Z,0.48320952
2019-07-13T00:00:00Z,0.53678
2019-07-12T00:00:00Z,0.553692
2019-07-11T00:00:00Z,0.53565275
2019-07-10T00:00:00Z,0.56870993
2019-07-09T00:00:00Z,0.58674091
2019-07-08T00:00:00Z,0.57919303
2019-07-07T00:00:00Z,0.54921957
2019-07-06T00:00:00Z,0.54242661
2019-07-05T00:00:00Z,0.53066939
2019-07-04T00:00:00Z,0.54084801
2019-07-03T00:00:00Z,0.57244991
2019-07-02T00:00:00Z,0.52855414
2019-07-01T00:00:00Z,0.51966641
2019-06-30T00:00:00Z,0.53098307
2019-06-29T00:00:00Z,0.57606437
2019-06-28T00:00:00Z,0.59292243
2019-06-27T00:00:00Z,0.55145756
2019-06-26T00:00:00Z,0.61837937
2019-06-25T00:00:00Z,0.58393526
2019-06-24T00:00:00Z,0.55726333
2019-06-23T00:00:00Z,0.55233256
2019-06-22T00:00:00Z,0.54867875
2019-06-21T00:00:00Z,0.52382263
2019-06-20T00:00:00Z,0.49500711
2019-06-19T00:00:00Z,0.48285936
2019-06-18T00:00:00Z,0.47250316
2019-06-17T00:00:00Z,0.48745031
2019-06-16T00:00:00Z,0.4701702
2019-06-15T00:00:00Z,0.46126855
2019-06-14T00:00:00Z,0.45353279
2019-06-13T00:00:00Z,0.42463758
2019-06-12T00:00:00Z,0.41728193
2019-06-11T00:00:00Z,0.40250477
2019-06-10T00:00:00Z,0.40895383
2019-06-09T00:00:00Z,0.38379386
2019-06-08T00:00:00Z,0.40370294
2019-06-07T00:00:00Z,0.41149352
2019-06-06T00:00:00Z,0.39626794
2019-06-05T00:00:00Z,0.39799989
2019-06-04T00:00:00Z,0.38775362
2019-06-03T00:00:00Z,0.42061094
2019-06-02T00:00:00Z,0.46048245
2019-06-01T00:00:00Z,0.44727763
2019-05-31T00:00:00Z,0.45103883
2019-05-30T00:00:00Z,0.43324572
2019-05-29T00:00:00Z,0.45719318
2019-05-28T00:00:00Z,0.47019453
2019-05-27T00:00:00Z,0.47703887
2019-05-26T00:00:00Z,0.46857201
2019-05-25T00:00:00Z,0.42780963
2019-05-24T00:00:00Z,0.42552778
2019-05-23T00:00:00Z,0.41741318
2019-05-22T00:00:00Z,0.40605539
2019-05-21T00:00:00Z,0.42474304
2019-05-20T00:00:00Z,0.4248132
2019-05-19T00:00:00Z,0.44718717
2019-05-18T00:00:00Z,0.37497652
2019-05-17T00:00:00Z,0.38280704
2019-05-16T00:00:00Z,0.41964189
2019-05-15T00:00:00Z,0.44929974
2019-05-14T00:00:00Z,0.442684
2019-05-13T00:00:00Z,0.42888279
2019-05-12T00:00:00Z,0.36472128
2019-05-11T00:00:00Z,0.39131407
2019-05-10T00:00:00Z,0.3096999
2019-05-09T00:00:00Z,0.28979781
2019-05-08T00:00:00Z,0.26598749
2019-05-07T00:00:00Z,0.25412922
2019-05-06T00:00:00Z,0.23763608
2019-05-05T00:00:00Z,0.2410394
2019-05-04T00:00:00Z,0.25022635
2019-05-03T00:00:00Z,0.24254378
2019-05-02T00:00:00Z,0.20627384
2019-05-01T00:00:00Z,0.18900077
2019-04-30T00:00:00Z,0.17747739
2019-04-29T00:00:00Z,0.16428876
2019-04-28T00:00:00Z,0.17172622
2019-04-27T00:00:00Z,0.17797329
2019-04-26T00:00:00Z,0.17494556
2019-04-25T00:00:00Z,0.15705238
2019-04-24T00:00:00Z,0.18849425
2019-04-23T00:00:00Z,0.20723013
2019-04-22T00:00:00Z,0.18254406
2019-04-21T00:00:00Z,0.17062178
2019-04-20T00:00:00Z,0.17363768
2019-04-19T00:00:00Z,0.16834725
2019-04-18T00:00:00Z,0.17128192
2019-04-17T00:00:00Z,0.16234338
2019-04-16T00:00:00Z,0.16099005
2019-04-15T00:00:00Z,0.13450054
2019-04-14T00:00:00Z,0.15083258
2019-04-13T00:00:00Z,0.13707376
2019-04-12T00:00:00Z,0.13745937
2019-04-11T00:00:00Z,0.1348392
2019-04-10T00:00:00Z,0.17849849
2019-04-09T00:00:00Z,0.15604624
2019-04-08T00:00:00Z,0.17455662
2019-04-07T00:00:00Z,0.16063181
2019-04-06T00:00:00Z,0.13750173
2019-04-05T00:00:00Z,0.13208662
2019-04-04T00:00:00Z,0.11267763
2019-04-03T00:00:00Z,0.1239224
2019-04-02T00:00:00Z,0.11092316
2019-04-01T00:00:00Z,-0.04323047
2019-03-31T00:00:00Z,-0.05316676
2019-03-30T00:00:00Z,-0.05463924
2019-03-29T00:00:00Z,-0.05585914
2019-03-28T00:00:00Z,-0.07428308
2019-03-27T00:00:00Z,-0.07009636
2019-03-26T00:00:00Z,-0.09651719
2019-03-25T00:00:00Z,-0.10115408
2019-03-24T00:00:00Z,-0.08451956
2019-03-23T00:00:00Z,-0.0811274
2019-03-22T00:00:00Z,-0.08503691
2019-03-21T00:00:00Z,-0.08789175
2019-03-20T00:00:00Z,-0.07175961
2019-03-19T00:00:00Z,-0.07973612
2019-03-18T00:00:00Z,-0.08815516
2019-03-17T00:00:00Z,-0.08823422
2019-03-16T00:00:00Z,-0.08222891
2019-03-15T00:00:00Z,-0.10676923
2019-03-14T00:00:00Z,-0.11955665
2019-03-13T00:00:00Z,-0.1217598
2019-03-12T00:00:00Z,-0.11962562
2019-03-11T00:00:00Z,-0.12212348
2019-03-10T00:00:00Z,-0.10803499
2019-03-09T00:00:00Z,-0.10469409
2019-03-08T00:00:00Z,-0.1251841
2019-03-07T00:00:00Z,-0.12183497
2019-03-06T00:00:00Z,-0.12545047
2019-03-05T00:00:00Z,-0.12825278
2019-03-04T00:00:00Z,-0.16971307
2019-03-03T00:00:00Z,-0.14402336
2019-03-02T00:00:00Z,-0.13993322
2019-03-01T00:00:00Z,-0.13674847
2019-02-28T00:00:00Z,-0.14301886
2019-02-27T00:00:00Z,-0.142869
2019-02-26T00:00:00Z,-0.14626579
2019-02-25T00:00:00Z,-0.13791758
2019-02-24T00:00:00Z,-0.15097947
2019-02-23T00:00:00Z,-0.06100353
2019-02-22T00:00:00Z,-0.10466668
2019-02-21T00:00:00Z,-0.11419204
2019-02-20T00:00:00Z,-0.099591
2019-02-19T00:00:00Z,-0.11796245
2019-02-18T00:00:00Z,-0.1217203
2019-02-17T00:00:00Z,-0.19350771
2019-02-16T00:00:00Z,-0.21247405
2019-02-15T00:00:00Z,-0.21559421
2019-02-14T00:00:00Z,-0.2209442
2019-02-13T00:00:00Z,-0.21511449
2019-02-12T00:00:00Z,-0.2104486
2019-02-11T00:00:00Z,-0.20981693
2019-02-10T00:00:00Z,-0.19833588
2019-02-09T00:00:00Z,-0.2018537
2019-02-08T00:00:00Z,-0.20354837
2019-02-07T00:00:00Z,-0.29676994
2019-02-06T00:00:00Z,-0.29551939
2019-02-05T00:00:00Z,-0.27599377
2019-02-04T00:00:00Z,-0.27546679
2019-02-03T00:00:00Z,-0.28008741
2019-02-02T00:00:00Z,-0.26063432
2019-02-01T00:00:00Z,-0.27557446
2019-01-31T00:00:00Z,-0.28697971
2019-01-30T00:00:00Z,-0.27828695
2019-01-29T00:00:00Z,-0.29895905
2019-01-28T00:00:00Z,-0.28965862
2019-01-27T00:00:00Z,-0.2519067
2019-01-26T00:00:00Z,-0.24434322
2019-01-25T00:00:00Z,-0.24449987
2019-01-24T00:00:00Z,-0.24596761
2019-01-23T00:00:00Z,-0.25088051
2019-01-22T00:00:00Z,-0.24455404
2019-01-21T00:00:00Z,-0.26228238
2019-01-20T00:00:00Z,-0.26087688
2019-01-19T00:00:00Z,-0.21252018
2019-01-18T00:00:00Z,-0.24008888
2019-01-17T00:00:00Z,-0.23269769
2019-01-16T00:00:00Z,-0.23617951
2019-01-15T00:00:00Z,-0.25427023
2019-01-14T00:00:00Z,-0.22217975
2019-01-13T00:00:00Z,-0.28048029
2019-01-12T00:00:00Z,-0.24545331
2019-01-11T00:00:00Z,-0.23898034
2019-01-10T00:00:00Z,-0.25172224
2019-01-09T00:00:00Z,-0.13430157
2019-01-08T00:00:00Z,-0.14232519
2019-01-07T00:00:00Z,-0.13443656
2019-01-06T00:00:00Z,-0.12915763
2019-01-05T00:00:00Z,-0.19752663
2019-01-04T00:00:00Z,-0.19207716
2019-01-03T00:00:00Z,-0.19817897
2019-01-02T00:00:00Z,-0.17104565
2019-01-01T00:00:00Z,-0.19749772
2018-12-31T00:00:00Z,-0.2288319
2018-12-30T00:00:00Z,-0.19340579
2018-12-29T00:00:00Z,-0.20054406
2018-12-28T00:00:00Z,-0.18632193
2018-12-27T00:00:00Z,-0.2786649
2018-12-26T00:00:00Z,-0.20278458
2018-12-25T00:00:00Z,-0.22599682
2018-12-24T00:00:00Z,-0.13252139
2018-12-23T00:00:00Z,-0.16313021
2018-12-22T00:00:00Z,-0.15838492
2018-12-21T00:00:00Z,-0.19372185
2018-12-20T00:00:00Z,-0.13295117
2018-12-19T00:00:00Z,-0.24852857
2018-12-18T00:00:00Z,-0.25823394
2018-12-17T00:00:00Z,-0.31233002
2018-12-16T00:00:00Z,-0.43598732
2018-12-15T00:00:00Z,-0.44697899
2018-12-14T00:00:00Z,-0.43479235
2018-12-13T00:00:00Z,-0.40447609
2018-12-12T00:00:00Z,-0.34642993
2018-12-11T00:00:00Z,-0.37521259
2018-12-10T00:00:00Z,-0.358678
2018-12-09T00:00:00Z,-0.31804308
2018-12-08T00:00:00Z,-0.36920053
2018-12-07T00:00:00Z,-0.38717014
2018-12-06T00:00:00Z,-0.35150563
2018-12-05T00:00:00Z,-0.26463148
2018-12-04T00:00:00Z,-0.21624006
2018-12-03T00:00:00Z,-0.22618294
2018-12-02T00:00:00Z,-0.14512448
2018-12-01T00:00:00Z,-0.13047569
2018-11-30T00:00:00Z,-0.17867887
2018-11-29T00:00:00Z,-0.11229934
2018-11-28T00:00:00Z,-0.11364994
2018-11-27T00:00:00Z,-0.23526473
2018-11-26T00:00:00Z,-0.24806869
2018-11-25T00:00:00Z,-0.18736214
2018-11-24T00:00:00Z,-0.22685979
2018-11-23T00:00:00Z,-0.09182399
2018-11-22T00:00:00Z,-0.11393584
2018-11-21T00:00:00Z,-0.04487488
2018-11-20T00:00:00Z,-0.08714189
2018-11-19T00:00:00Z,-0.00125662
2018-11-18T00:00:00Z,0.1265533
2018-11-17T00:00:00Z,0.1266636
2018-11-16T00:00:00Z,0.12627509
2018-11-15T00:00:00Z,0.1347683
2018-11-14T00:00:00Z,0.1407956
2018-11-13T00:00:00Z,0.2226028
2018-11-12T00:00:00Z,0.23000377
2018-11-11T00:00:00Z,0.22751822
2018-11-10T00:00:00Z,0.22976667
2018-11-09T00:00:00Z,0.22673156
2018-11-08T00:00:00Z,0.23628427
2018-11-07T00:00:00Z,0.24781091
2018-11-06T00:00:00Z,0.23748097
2018-11-05T00:00:00Z,0.23283434
2018-11-04T00:00:00Z,0.23102898
2018-11-03T00:00:00Z,0.22497589
2018-11-02T00:00:00Z,0.22606073
2018-11-01T00:00:00Z,0.22573827
2018-10-31T00:00:00Z,0.21985016
2018-10-30T00:00:00Z,0.21652451
2018-10-29T00:00:00Z,0.21726246
2018-10-28T00:00:00Z,0.23531118
2018-10-27T00:00:00Z,0.23317069
2018-10-26T00:00:00Z,0.23666809
2018-10-25T00:00:00Z,0.23815884
2018-10-24T00:00:00Z,0.23923029
2018-10-23T00:00:00Z,0.23602086
2018-10-22T00:00:00Z,0.23542566
2018-10-21T00:00:00Z,0.24575038
2018-10-20T00:00:00Z,0.23850912
2018-10-19T00:00:00Z,0.23628476
2018-10-18T00:00:00Z,0.24030142
2018-10-17T00:00:00Z,0.25374425
2018-10-16T00:00:00Z,0.25936315
2018-10-15T00:00:00Z,0.25453082
2018-10-14T00:00:00Z,0.20016273
2018-10-13T00:00:00Z,0.20716844
2018-10-12T00:00:00Z,0.20197479
2018-10-11T00:00:00Z,0.19720161
2018-10-10T00:00:00Z,0.24159926
2018-10-09T00:00:00Z,0.24100367
2018-10-08T00:00:00Z,0.24731683
2018-10-07T00:00:00Z,0.24052608
2018-10-06T00:00:00Z,0.23924986
2018-10-05T00:00:00Z,0.24365707
2018-10-04T00:00:00Z,0.23675745
2018-10-03T00:00:00Z,0.22757724
2018-10-02T00:00:00Z,0.23195604
2018-10-01T00:00:00Z,0.23765546
2018-09-30T00:00:00Z,0.23923874
2018-09-29T00:00:00Z,0.23816082
2018-09-28T00:00:00Z,0.24304979
2018-09-27T00:00:00Z,0.24717815
2018-09-26T00:00:00Z,0.22245124
2018-09-25T00:00:00Z,0.21946945
2018-09-24T00:00:00Z,0.23485835
2018-09-23T00:00:00Z,0.24931438
2018-09-22T00:00:00Z,0.25087329
2018-09-21T00:00:00Z,0.25439965
2018-09-20T00:00:00Z,0.22353852
2018-09-19T00:00:00Z,0.21069187
2018-09-18T00:00:00Z,0.20450325
2018-09-17T00:00:00Z,0.19234669
2018-09-16T00:00:00Z,0.22325491
2018-09-15T00:00:00Z,0.22601057
2018-09-14T00:00:00Z,0.22192018
2018-09-13T00:00:00Z,0.2199825
2018-09-12T00:00:00Z,0.2021997
2018-09-11T00:00:00Z,0.19520233
2018-09-10T00:00:00Z,0.19660236
2018-09-09T00:00:00Z,0.1885227
2018-09-08T00:00:00Z,0.18037401
2018-09-07T00:00:00Z,0.20719068
2018-09-06T00:00:00Z,0.21921021
2018-09-05T00:00:00Z,0.2397901
2018-09-04T00:00:00Z,0.30820694
2018-09-03T00:00:00Z,0.30033399
2018-09-02T00:00:00Z,0.3033655
2018-09-01T00:00:00Z,0.29516707
2018-08-31T00:00:00Z,0.27553861
2018-08-30T00:00:00Z,0.27292521
2018-08-29T00:00:00Z,0.27738227
2018-08-28T00:00:00Z,0.28281688
2018-08-27T00:00:00Z,0.26602733
2018-08-26T00:00:00Z,0.24460271
2018-08-25T00:00:00Z,0.24811608
2018-08-24T00:00:00Z,0.24322743
2018-08-23T00:00:00Z,0.22472019
2018-08-22T00:00:00Z,0.20420114
2018-08-21T00:00:00Z,0.21961247
2018-08-20T00:00:00Z,0.19290635
2018-08-19T00:00:00Z,0.21860399
2018-08-18T00:00:00Z,0.20777355
2018-08-17T00:00:00Z,0.23135439
2018-08-16T00:00:00Z,0.19809962
2018-08-15T00:00:00Z,0.18980445
2018-08-14T00:00:00Z,0.18136679
2018-08-13T00:00:00Z,0.18859133
2018-08-12T00:00:00Z,0.19558881
2018-08-11T00:00:00Z,0.19746883
2018-08-10T00:00:00Z,0.17310138
2018-08-09T00:00:00Z,0.22157094
2018-08-08T00:00:00Z,0.18770516
2018-08-07T00:00:00Z,0.24119467
2018-08-06T00:00:00Z,0.26293622
2018-08-05T00:00:00Z,0.27206423
2018-08-04T00:00:00Z,0.2705228
2018-08-03T00:00:00Z,0.31110766
2018-08-02T00:00:00Z,0.32022268
2018-08-01T00:00:00Z,0.32542085
2018-07-31T00:00:00Z,0.34003012
2018-07-30T00:00:00Z,0.37352896
2018-07-29T00:00:00Z,0.37736699
2018-07-28T00:00:00Z,0.37576064
2018-07-27T00:00:00Z,0.37426473
2018-07-26T00:00:00Z,0.35482914
2018-07-25T00:00:00Z,0.37665354
2018-07-24T00:00:00Z,0.39387715
2018-07-23T00:00:00Z,0.33939026
2018-07-22T00:00:00Z,0.31302227
2018-07-21T00:00:00Z,0.3131279
2018-07-20T00:00:00Z,0.30624272
2018-07-19T00:00:00Z,0.3194332
2018-07-18T00:00:00Z,0.30820362
2018-07-17T00:00:00Z,0.3065919
2018-07-16T00:00:00Z,0.24508051
2018-07-15T00:00:00Z,0.20081564
2018-07-14T00:00:00Z,0.18837373
2018-07-13T00:00:00Z,0.18244983
2018-07-12T00:00:00Z,0.16975816
2018-07-11T00:00:00Z,0.2026326
2018-07-10T00:00:00Z,0.19195766
2018-07-09T00:00:00Z,0.23473799
2018-07-08T00:00:00Z,0.24032443
2018-07-07T00:00:00Z,0.24530121
2018-07-06T00:00:00Z,0.22793031
2018-07-05T00:00:00Z,0.22049726
2018-07-04T00:00:00Z,0.22349668
2018-07-03T00:00:00Z,0.21527896
2018-07-02T00:00:00Z,0.22768178
2018-07-01T00:00:00Z,0.196408
2018-06-30T00:00:00Z,0.20019973
2018-06-29T00:00:00Z,0.17239771
2018-06-28T00:00:00Z,0.12488227
2018-06-27T00:00:00Z,0.16375672
2018-06-26T00:00:00Z,0.14722233
2018-06-25T00:00:00Z,0.17126435
2018-06-24T00:00:00Z,0.15514664
2018-06-23T00:00:00Z,0.15770452
2018-06-22T00:00:00Z,0.14071142
2018-06-21T00:00:00Z,0.22561868
2018-06-20T00:00:00Z,0.22956449
2018-06-19T00:00:00Z,0.22744869
2018-06-18T00:00:00Z,0.22341315
2018-06-17T00:00:00Z,0.19112602
2018-06-16T00:00:00Z,0.19668362
2018-06-15T00:00:00Z,0.18670317
2018-06-14T00:00:00Z,0.2127372
2018-06-13T00:00:00Z,0.16922048
2018-06-12T00:00:00Z,0.19876092
2018-06-11T00:00:00Z,0.23595851
2018-06-10T00:00:00Z,0.22104467
2018-06-09T00:00:00Z,0.30479871
2018-06-08T00:00:00Z,0.30693359
2018-06-07T00:00:00Z,0.31328745
2018-06-06T00:00:00Z,0.31060013
2018-06-05T00:00:00Z,0.30711817
2018-06-04T00:00:00Z,0.29451497
2018-06-03T00:00:00Z,0.31387912
2018-06-02T00:00:00Z,0.30843443
2018-06-01T00:00:00Z,0.29717119
2018-05-31T00:00:00Z,0.29394662
2018-05-30T00:00:00Z,0.28391258
2018-05-29T00:00:00Z,0.28984881
2018-05-28T00:00:00Z,0.25436227
2018-05-27T00:00:00Z,0.27723126
2018-05-26T00:00:00Z,0.27635768
2018-05-25T00:00:00Z,0.28531291
2018-05-24T00:00:00Z,0.2960002
2018-05-23T00:00:00Z,0.29444186
2018-05-22T00:00:00Z,0.33592313
2018-05-21T00:00:00Z,0.36485032
2018-05-20T00:00:00Z,0.37570617
2018-05-19T00:00:00Z,0.35394223
2018-05-18T00:00:00Z,0.35348552
2018-05-17T00:00:00Z,0.33718532
2018-05-16T00:00:00Z,0.36228567
2018-05-15T00:00:00Z,0.37411993
2018-05-14T00:00:00Z,0.38740769
2018-05-13T00:00:00Z,0.39187958
2018-05-12T00:00:00Z,0.37520019
2018-05-11T00:00:00Z,0.37010868
2018-05-10T00:00:00Z,0.41452368
2018-05-09T00:00:00Z,0.43256404
2018-05-08T00:00:00Z,0.42749131
2018-05-07T00:00:00Z,0.4360779
2018-05-06T00:00:00Z,0.4537183
2018-05-05T00:00:00Z,0.46414003
2018-05-04T00:00:00Z,0.4577277
2018-05-03T00:00:00Z,0.45949033
2018-05-02T00:00:00Z,0.43064209
2018-05-01T00:00:00Z,0.422732
2018-04-30T00:00:00Z,0.43091908
2018-04-29T00:00:00Z,0.44320268
2018-04-28T00:00:00Z,0.43937468
2018-04-27T00:00:00Z,0.41290591
2018-04-26T00:00:00Z,0.43384145
2018-04-25T00:00:00Z,0.41261423
2018-04-24T00:00:00Z,0.46024383
2018-04-23T00:00:00Z,0.41725759
2018-04-22T00:00:00Z,0.40854704
2018-04-21T00:00:00Z,0.41235547
2018-04-20T00:00:00Z,0.41407508
2018-04-19T00:00:00Z,0.37469994
2018-04-18T00:00:00Z,0.3665382
2018-04-17T00:00:00Z,0.34539337
2018-04-16T00:00:00Z,0.35875446
2018-04-15T00:00:00Z,0.38152286
2018-04-14T00:00:00Z,0.35665722
2018-04-13T00:00:00Z,0.34800563
2018-04-12T00:00:00Z,0.34925018
2018-04-11T00:00:00Z,0.25813294
2018-04-10T00:00:00Z,0.24485954
2018-04-09T00:00:00Z,0.23960612
2018-04-08T00:00:00Z,0.26129809
2018-04-07T00:00:00Z,0.24755533
2018-04-06T00:00:00Z,0.21569428
2018-04-05T00:00:00Z,0.23766604
2018-04-04T00:00:00Z,0.23530043
2018-04-03T00:00:00Z,0.29809399
2018-04-02T00:00:00Z,0.2593803
2018-04-01T00:00:00Z,0.23369802
2018-03-31T00:00:00Z,0.24678595
2018-03-30T00:00:00Z,0.23868763
2018-03-29T00:00:00Z,0.2638783
2018-03-28T00:00:00Z,0.33919211
2018-03-27T00:00:00Z,0.32296115
2018-03-26T00:00:00Z,0.35358995
2018-03-25T00:00:00Z,0.37291484
2018-03-24T00:00:00Z,0.38616988
2018-03-23T00:00:00Z,0.40604889
2018-03-22T00:00:00Z,0.39258253
2018-03-21T00:00:00Z,0.40440432
2018-03-20T00:00:00Z,0.40486387
2018-03-19T00:00:00Z,0.37911115
2018-03-18T00:00:00Z,0.3536057
2018-03-17T00:00:00Z,0.32390199
2018-03-16T00:00:00Z,0.36152235
2018-03-15T00:00:00Z,0.35590452
2018-03-14T00:00:00Z,0.35064457
2018-03-13T00:00:00Z,0.41901841
2018-03-12T00:00:00Z,0.41646168
2018-03-11T00:00:00Z,0.44024038
2018-03-10T00:00:00Z,0.39162194
2018-03-09T00:00:00Z,0.42698351
2018-03-08T00:00:00Z,0.42342691
2018-03-07T00:00:00Z,0.454243
2018-03-06T00:00:00Z,0.49680789
2018-03-05T00:00:00Z,0.52688872
2018-03-04T00:00:00Z,0.53308441
2018-03-03T00:00:00Z,0.53158974
2018-03-02T00:00:00Z,0.51409316
2018-03-01T00:00:00Z,0.50996956
2018-02-28T00:00:00Z,0.4824607
2018-02-27T00:00:00Z,0.49802623
2018-02-26T00:00:00Z,0.48286325
2018-02-25T00:00:00Z,0.44305871
2018-02-24T00:00:00Z,0.4512248
2018-02-23T00:00:00Z,0.47894588
2018-02-22T00:00:00Z,0.46227316
2018-02-21T00:00:00Z,0.49849567
2018-02-20T00:00:00Z,0.53090491
2018-02-19T00:00:00Z,0.53238397
2018-02-18T00:00:00Z,0.50341806
2018-02-17T00:00:00Z,0.52863119
2018-02-16T00:00:00Z,0.49141111
2018-02-15T00:00:00Z,0.48578454
2018-02-14T00:00:00Z,0.45537885
2018-02-13T00:00:00Z,0.3938606
2018-02-12T00:00:00Z,0.42054151
2018-02-11T00:00:00Z,0.36067506
2018-02-10T00:00:00Z,0.39579544
2018-02-09T00:00:00Z,0.40697768
2018-02-08T00:00:00Z,0.37142421
2018-02-07T00:00:00Z,0.32427168
2018-02-06T00:00:00Z,0.33699717
2018-02-05T00:00:00Z,0.24835203
2018-02-04T00:00:00Z,0.36149213
2018-02-03T00:00:00Z,0.42422193
2018-02-02T00:00:00Z,0.40556095
2018-02-01T00:00:00Z,0.41712667
2018-01-31T00:00:00Z,0.47433538
2018-01-30T00:00:00Z,0.46851648
2018-01-29T00:00:00Z,0.52187111
2018-01-28T00:00:00Z,0.54614646
2018-01-27T00:00:00Z,0.53719433
2018-01-26T00:00:00Z,0.5218088
2018-01-25T00:00:00Z,0.52372205
2018-01-24T00:00:00Z,0.52781394
2018-01-23T00:00:00Z,0.51023279
2018-01-22T00:00:00Z,0.50206265
2018-01-21T00:00:00Z,0.53259839
2018-01-20T00:00:00Z,0.58331801
2018-01-19T00:00:00Z,0.53783146
2018-01-18T00:00:00Z,0.52466523
2018-01-17T00:00:00Z,0.51515971
2018-01-16T00:00:00Z,0.52556126
2018-01-15T00:00:00Z,0.60466708
2018-01-14T00:00:00Z,0.60674879
2018-01-13T00:00:00Z,0.62323661
2018-01-12T00:00:00Z,0.61411536
2018-01-11T00:00:00Z,0.60174304
2018-01-10T00:00:00Z,0.64292622
2018-01-09T00:00:00Z,0.63345566
2018-01-08T00:00:00Z,0.64880992
2018-01-07T00:00:00Z,0.67569084
2018-01-06T00:00:00Z,0.69774974
2018-01-05T00:00:00Z,0.6985112
2018-01-04T00:00:00Z,0.66691352
2018-01-03T00:00:00Z,0.66856352
2018-01-02T00:00:00Z,0.66485568
2018-01-01T00:00:00Z,0.63271729
2017-12-31T00:00:00Z,0.64475152
2017-12-30T00:00:00Z,0.60878427
2017-12-29T00:00:00Z,0.66102034
2017-12-28T00:00:00Z,0.65517427
2017-12-27T00:00:00Z,0.68635704
2017-12-26T00:00:00Z,0.69457286
2017-12-25T00:00:00Z,0.6591743
2017-12-24T00:00:00Z,0.64826118
2017-12-23T00:00:00Z,0.66811072
2017-12-22T00:00:00Z,0.65944599
2017-12-21T00:00:00Z,0.69646747
2017-12-20T00:00:00Z,0.71757773
2017-12-19T00:00:00Z,0.74114362
2017-12-18T00:00:00Z,0.76064449
2017-12-17T00:00:00Z,0.76754898
2017-12-16T00:00:00Z,0.77644273
2017-12-15T00:00:00Z,0.75669374
2017-12-14T00:00:00Z,0.74618698
2017-12-13T00:00:00Z,0.74561511
2017-12-12T00:00:00Z,0.76523911
2017-12-11T00:00:00Z,0.76725143
2017-12-10T00:00:00Z,0.74932739
2017-12-09T00:00:00Z,0.74495072
2017-12-08T00:00:00Z,0.7707113
2017-12-07T00:00:00Z,0.79526298
2017-12-06T00:00:00Z,0.76243579
2017-12-05T00:00:00Z,0.72639054
2017-12-04T00:00:00Z,0.72871229
2017-12-03T00:00:00Z,0.72336709
2017-12-02T00:00:00Z,0.71891741
2017-12-01T00:00:00Z,0.72048566
2017-11-30T00:00:00Z,0.70200947
2017-11-29T00:00:00Z,0.69915636
2017-11-28T00:00:00Z,0.70937861
2017-11-27T00:00:00Z,0.71100533
2017-11-26T00:00:00Z,0.70227391
2017-11-25T00:00:00Z,0.68992933
2017-11-24T00:00:00Z,0.67341166
2017-11-23T00:00:00Z,0.67057674
2017-11-22T00:00:00Z,0.68003246
2017-11-21T00:00:00Z,0.67499684
2017-11-20T00:00:00Z,0.6865654
2017-11-19T00:00:00Z,0.68250153
2017-11-18T00:00:00Z,0.67532302
2017-11-17T00:00:00Z,0.67482805
2017-11-16T00:00:00Z,0.684352
2017-11-15T00:00:00Z,0.66709053
2017-11-14T00:00:00Z,0.63565389
2017-11-13T00:00:00Z,0.63441081
2017-11-12T00:00:00Z,0.59645441
2017-11-11T00:00:00Z,0.63424909
2017-11-10T00:00:00Z,0.65163764
2017-11-09T00:00:00Z,0.68014712
2017-11-08T00:00:00Z,0.69770877
2017-11-07T00:00:00Z,0.68542647
2017-11-06T00:00:00Z,0.68263608
2017-11-05T00:00:00Z,0.70153818
2017-11-04T00:00:00Z,0.70637793
2017-11-03T00:00:00Z,0.6991177
2017-11-02T00:00:00Z,0.69726906
2017-11-01T00:00:00Z,0.68858885
2017-10-31T00:00:00Z,0.67730919
2017-10-30T00:00:00Z,0.66361602
2017-10-29T00:00:00Z,0.66865631
2017-10-28T00:00:00Z,0.64585444
2017-10-27T00:00:00Z,0.64658426
2017-10-26T00:00:00Z,0.6572369
2017-10-25T00:00:00Z,0.6497013
2017-10-24T00:00:00Z,0.63691985
2017-10-23T00:00:00Z,0.663433
2017-10-22T00:00:00Z,0.67409769
2017-10-21T00:00:00Z,0.67888716
2017-10-20T00:00:00Z,0.68012124
2017-10-19T00:00:00Z,0.66502747
2017-10-18T00:00:00Z,0.66004573
2017-10-17T00:00:00Z,0.66390437
2017-10-16T00:00:00Z,0.67503095
2017-10-15T00:00:00Z,0.67457833
2017-10-14T00:00:00Z,0.68216501
2017-10-13T00:00:00Z,0.67492416
2017-10-12T00:00:00Z,0.66845129
2017-10-11T00:00:00Z,0.628969
2017-10-10T00:00:00Z,0.62496629
2017-10-09T00:00:00Z,0.63032104
2017-10-08T00:00:00Z,0.62004088
2017-10-07T00:00:00Z,0.606597
2017-10-06T00:00:00Z,0.6024968
2017-10-05T00:00:00Z,0.59966118
2017-10-04T00:00:00Z,0.59262716
2017-10-03T00:00:00Z,0.60175937
2017-10-02T00:00:00Z,0.61084847
2017-10-01T00:00:00Z,0.61128806
2017-09-30T00:00:00Z,0.60820953
2017-09-29T00:00:00Z,0.59472821
2017-09-28T00:00:00Z,0.59849558
2017-09-27T00:00:00Z,0.60124424
2017-09-26T00:00:00Z,0.57102573
2017-09-25T00:00:00Z,0.57582487
2017-09-24T00:00:00Z,0.55123205
2017-09-23T00:00:00Z,0.56523134
2017-09-22T00:00:00Z,0.5439951
2017-09-21T00:00:00Z,0.54519539
2017-09-20T00:00:00Z,0.57783228
2017-09-19T00:00:00Z,0.58348904
2017-09-18T00:00:00Z,0.59848516
2017-09-17T00:00:00Z,0.55987749
2017-09-16T00:00:00Z,0.56235634
2017-09-15T00:00:00Z,0.56106501
2017-09-14T00:00:00Z,0.49936822
2017-09-13T00:00:00Z,0.57674887
2017-09-12T00:00:00Z,0.60683024
2017-09-11T00:00:00Z,0.61159206
2017-09-10T00:00:00Z,0.61641963
2017-09-09T00:00:00Z,0.62522587
2017-09-08T00:00:00Z,0.62503189
2017-09-07T00:00:00Z,0.65010477
2017-09-06T00:00:00Z,0.6530278
2017-09-05T00:00:00Z,0.64007271
2017-09-04T00:00:00Z,0.63247232
2017-09-03T00:00:00Z,0.65995616
2017-09-02T00:00:00Z,0.65453395
2017-09-01T00:00:00Z,0.6833021
2017-08-31T00:00:00Z,0.67516357
2017-08-30T00:00:00Z,0.66898194
2017-08-29T00:00:00Z,0.67265351
2017-08-28T00:00:00Z,0.66074338
2017-08-27T00:00:00Z,0.66057847
2017-08-26T00:00:00Z,0.66218096
2017-08-25T00:00:00Z,0.66406721
2017-08-24T00:00:00Z,0.66513187
2017-08-23T00:00:00Z,0.6518164
2017-08-22T00:00:00Z,0.6505799
2017-08-21T00:00:00Z,0.64475076
2017-08-20T00:00:00Z,0.65788908
2017-08-19T00:00:00Z,0.66436611
2017-08-18T00:00:00Z,0.66482462
2017-08-17T00:00:00Z,0.68186997
2017-08-16T00:00:00Z,0.69405128
2017-08-15T00:00:00Z,0.68072348
2017-08-14T00:00:00Z,0.69601114
2017-08-13T00:00:00Z,0.68253829
2017-08-12T00:00:00Z,0.67082288
2017-08-11T00:00:00Z,0.65625225
2017-08-10T00:00:00Z,0.63643492
2017-08-09T00:00:00Z,0.63077552
2017-08-08T00:00:00Z,0.64292233
2017-08-07T00:00:00Z,0.64653345
2017-08-06T00:00:00Z,0.63444804
2017-08-05T00:00:00Z,0.6465308
2017-08-04T00:00:00Z,0.60461869
2017-08-03T00:00:00Z,0.60402104
2017-08-02T00:00:00Z,0.5956496
2017-08-01T00:00:00Z,0.60320567
2017-07-31T00:00:00Z,0.62672842
2017-07-30T00:00:00Z,0.62097715
2017-07-29T00:00:00Z,0.62482985
2017-07-28T00:00:00Z,0.64216071
2017-07-27T00:00:00Z,0.63036518
2017-07-26T00:00:00Z,0.61358093
2017-07-25T00:00:00Z,0.62130817
2017-07-24T00:00:00Z,0.6512117
2017-07-23T00:00:00Z,0.65159737
2017-07-22T00:00:00Z,0.66354238
2017-07-21T00:00:00Z,0.64481182
2017-07-20T00:00:00Z,0.66760774
2017-07-19T00:00:00Z,0.58693303
2017-07-18T00:00:00Z,0.59586114
2017-07-17T00:00:00Z,0.58156743
2017-07-16T00:00:00Z,0.51400109
2017-07-15T00:00:00Z,0.53531944
2017-07-14T00:00:00Z,0.58043937
2017-07-13T00:00:00Z,0.60211211
2017-07-12T00:00:00Z,0.60952314
2017-07-11T00:00:00Z,0.60049188
2017-07-10T00:00:00Z,0.6040316
2017-07-09T00:00:00Z,0.62885629
2017-07-08T00:00:00Z,0.63658912
2017-07-07T00:00:00Z,0.62385604
2017-07-06T00:00:00Z,0.64643565
2017-07-05T00:00:00Z,0.64962321
2017-07-04T00:00:00Z,0.64848337
2017-07-03T00:00:00Z,0.6421857
2017-07-02T00:00:00Z,0.64096989
2017-07-01T00:00:00Z,0.61818035
2017-06-30T00:00:00Z,0.63286718
2017-06-29T00:00:00Z,0.6403815
2017-06-28T00:00:00Z,0.65129416
2017-06-27T00:00:00Z,0.65344241
2017-06-26T00:00:00Z,0.63382558
2017-06-25T00:00:00Z,0.64384334
2017-06-24T00:00:00Z,0.65099178
2017-06-23T00:00:00Z,0.67327004
2017-06-22T00:00:00Z,0.67372032
2017-06-21T00:00:00Z,0.67057891
2017-06-20T00:00:00Z,0.67957151
2017-06-19T00:00:00Z,0.66790807
2017-06-18T00:00:00Z,0.66015371
2017-06-17T00:00:00Z,0.67977519
2017-06-16T00:00:00Z,0.65943978
2017-06-15T00:00:00Z,0.64908182
2017-06-14T00:00:00Z,0.65501155
2017-06-13T00:00:00Z,0.69066735
2017-06-12T00:00:00Z,0.69065154
2017-06-11T00:00:00Z,0.72641571
2017-06-10T00:00:00Z,0.72244105
2017-06-09T00:00:00Z,0.71598789
2017-06-08T00:00:00Z,0.71769199
2017-06-07T00:00:00Z,0.70716848
2017-06-06T00:00:00Z,0.72735828
2017-06-05T00:00:00Z,0.71384546
2017-06-04T00:00:00Z,0.69872895
2017-06-03T00:00:00Z,0.69891574
2017-06-02T00:00:00Z,0.69577578
2017-06-01T00:00:00Z,0.69054461
2017-05-31T00:00:00Z,0.67747626
2017-05-30T00:00:00Z,0.66503712
2017-05-29T00:00:00Z,0.67776454
2017-05-28T00:00:00Z,0.67386948
2017-05-27T00:00:00Z,0.63842196
2017-05-26T00:00:00Z,0.68427304
2017-05-25T00:00:00Z,0.68750601
2017-05-24T00:00:00Z,0.71529601
2017-05-23T00:00:00Z,0.69998075
2017-05-22T00:00:00Z,0.67591021
2017-05-21T00:00:00Z,0.67808635
2017-05-20T00:00:00Z,0.68388774
2017-05-19T00:00:00Z,0.67078851
2017-05-18T00:00:00Z,0.66545609
2017-05-17T00:00:00Z,0.65182991
2017-05-16T00:00:00Z,0.64421001
2017-05-15T00:00:00Z,0.63951632
2017-05-14T00:00:00Z,0.6508937
2017-05-13T00:00:00Z,0.6530947
2017-05-12T00:00:00Z,0.63444383
2017-05-11T00:00:00Z,0.66397725
2017-05-10T00:00:00Z,0.65809864
2017-05-09T00:00:00Z,0.6516954
2017-05-08T00:00:00Z,0.64712811
2017-05-07T00:00:00Z,0.63219523
2017-05-06T00:00:00Z,0.62896331
2017-05-05T00:00:00Z,0.6160197
2017-05-04T00:00:00Z,0.62493779
2017-05-03T00:00:00Z,0.62866458
2017-05-02T00:00:00Z,0.61198068
2017-05-01T00:00:00Z,0.61615806
2017-04-30T00:00:00Z,0.58993588
2017-04-29T00:00:00Z,0.59123211
2017-04-28T00:00:00Z,0.58611459
2017-04-27T00:00:00Z,0.58458165
2017-04-26T00:00:00Z,0.58505997
2017-04-25T00:00:00Z,0.57570634
2017-04-24T00:00:00Z,0.5765531
2017-04-23T00:00:00Z,0.58469946
2017-04-22T00:00:00Z,0.5564317
2017-04-21T00:00:00Z,0.56111767
2017-04-20T00:00:00Z,0.57609738
2017-04-19T00:00:00Z,0.55215251
2017-04-18T00:00:00Z,0.54562613
2017-04-17T00:00:00Z,0.54890652
2017-04-16T00:00:00Z,0.53714259
2017-04-15T00:00:00Z,0.54511009
2017-04-14T00:00:00Z,0.53797875
2017-04-13T00:00:00Z,0.53994346
2017-04-12T00:00:00Z,0.55559691
2017-04-11T00:00:00Z,0.56103343
2017-04-10T00:00:00Z,0.55618866
2017-04-09T00:00:00Z,0.556837
2017-04-08T00:00:00Z,0.54704493
2017-04-07T00:00:00Z,0.55301062
2017-04-06T00:00:00Z,0.55368958
2017-04-05T00:00:00Z,0.53199913
2017-04-04T00:00:00Z,0.53654837
2017-04-03T00:00:00Z,0.53810864
2017-04-02T00:00:00Z,0.52361865
2017-04-01T00:00:00Z,0.51774414
2017-03-31T00:00:00Z,0.51416603
2017-03-30T00:00:00Z,0.4925239
2017-03-29T00:00:00Z,0.49669002
2017-03-28T00:00:00Z,0.50010543
2017-03-27T00:00:00Z,0.49895916
2017-03-26T00:00:00Z,0.46091592
2017-03-25T00:00:00Z,0.46123196
2017-03-24T00:00:00Z,0.4438485
2017-03-23T00:00:00Z,0.49324756
2017-03-22T00:00:00Z,0.49660185
2017-03-21T00:00:00Z,0.53281774
2017-03-20T00:00:00Z,0.50133776
2017-03-19T00:00:00Z,0.48815449
2017-03-18T00:00:00Z,0.46151874
2017-03-17T00:00:00Z,0.51704256
2017-03-16T00:00:00Z,0.56024133
2017-03-15T00:00:00Z,0.58959373
2017-03-14T00:00:00Z,0.58704855
2017-03-13T00:00:00Z,0.58699078
2017-03-12T00:00:00Z,0.58665469
2017-03-11T00:00:00Z,0.56855842
2017-03-10T00:00:00Z,0.5422474
2017-03-09T00:00:00Z,0.57336846
2017-03-08T00:00:00Z,0.55921849
2017-03-07T00:00:00Z,0.58888813
2017-03-06T00:00:00Z,0.60670384
2017-03-05T00:00:00Z,0.60643368
2017-03-04T00:00:00Z,0.6032871
2017-03-03T00:00:00Z,0.61243758
2017-03-02T00:00:00Z,0.60552127
2017-03-01T00:00:00Z,0.5976157
2017-02-28T00:00:00Z,0.58805346
2017-02-27T00:00:00Z,0.58862097
2017-02-26T00:00:00Z,0.5855122
2017-02-25T00:00:00Z,0.5769256
2017-02-24T00:00:00Z,0.58877416
2017-02-23T00:00:00Z,0.59487483
2017-02-22T00:00:00Z,0.57509141
2017-02-21T00:00:00Z,0.57607247
2017-02-20T00:00:00Z,0.56230712
2017-02-19T00:00:00Z,0.55052061
2017-02-18T00:00:00Z,0.55135643
2017-02-17T00:00:00Z,0.55074645
2017-02-16T00:00:00Z,0.54272533
2017-02-15T00:00:00Z,0.53471169
2017-02-14T00:00:00Z,0.53128189
2017-02-13T00:00:00Z,0.53030426
2017-02-12T00:00:00Z,0.53275984
2017-02-11T00:00:00Z,0.53827575
2017-02-10T00:00:00Z,0.53182177
2017-02-09T00:00:00Z,0.52627216
2017-02-08T00:00:00Z,0.55667269
2017-02-07T00:00:00Z,0.55798719
2017-02-06T00:00:00Z,0.54629766
2017-02-05T00:00:00Z,0.5443166
2017-02-04T00:00:00Z,0.55264657
2017-02-03T00:00:00Z,0.54661651
2017-02-02T00:00:00Z,0.54448192
2017-02-01T00:00:00Z,0.53730623
2017-01-31T00:00:00Z,0.52780758
2017-01-30T00:00:00Z,0.50581271
2017-01-29T00:00:00Z,0.50063533
2017-01-28T00:00:00Z,0.50776943
2017-01-27T00:00:00Z,0.50815417
2017-01-26T00:00:00Z,0.50599251
2017-01-25T00:00:00Z,0.49488861
2017-01-24T00:00:00Z,0.48949196
2017-01-23T00:00:00Z,0.50944728
2017-01-22T00:00:00Z,0.51133248
2017-01-21T00:00:00Z,0.51367473
2017-01-20T00:00:00Z,0.49907189
2017-01-19T00:00:00Z,0.50342388
2017-01-18T00:00:00Z,0.49511687
2017-01-17T00:00:00Z,0.50598085
2017-01-16T00:00:00Z,0.46543389
2017-01-15T00:00:00Z,0.46108382
2017-01-14T00:00:00Z,0.45576962
2017-01-13T00:00:00Z,0.46209287
2017-01-12T00:00:00Z,0.44609356
2017-01-11T00:00:00Z,0.42663664
2017-01-10T00:00:00Z,0.50650531
2017-01-09T00:00:00Z,0.50314711
2017-01-08T00:00:00Z,0.51502534
2017-01-07T00:00:00Z,0.50640157
2017-01-06T00:00:00Z,0.50127526
2017-01-05T00:00:00Z,0.5541641
2017-01-04T00:00:00Z,0.6082614
2017-01-03T00:00:00Z,0.57464849
2017-01-02T00:00:00Z,0.57159659
2017-01-01T00:00:00Z,0.56494126
2016-12-31T00:00:00Z,0.55578878
2016-12-30T00:00:00Z,0.55181422
2016-12-29T00:00:00Z,0.55919123
2016-12-28T00:00:00Z,0.56439069
2016-12-27T00:00:00Z,0.54371478
2016-12-26T00:00:00Z,0.53135674
2016-12-25T00:00:00Z,0.52951585
2016-12-24T00:00:00Z,0.52795421
2016-12-23T00:00:00Z,0.54115517
2016-12-22T00:00:00Z,0.51421533
2016-12-21T00:00:00Z,0.49815402
2016-12-20T00:00:00Z,0.48419142
2016-12-19T00:00:00Z,0.47806297
2016-12-18T00:00:00Z,0.48078907
2016-12-17T00:00:00Z,0.47905745
2016-12-16T00:00:00Z,0.47565635
2016-12-15T00:00:00Z,0.47134087
2016-12-14T00:00:00Z,0.47176271
2016-12-13T00:00:00Z,0.47468244
2016-12-12T00:00:00Z,0.47540478
2016-12-11T00:00:00Z,0.47060448
2016-12-10T00:00:00Z,0.47429496
2016-12-09T00:00:00Z,0.47028849
2016-12-08T00:00:00Z,0.4705062
2016-12-07T00:00:00Z,0.46959068
2016-12-06T00:00:00Z,0.46595401
2016-12-05T00:00:00Z,0.46174212
2016-12-04T00:00:00Z,0.47362245
2016-12-03T00:00:00Z,0.47256975
2016-12-02T00:00:00Z,0.4795155
2016-12-01T00:00:00Z,0.46754845
2016-11-30T00:00:00Z,0.46135004
2016-11-29T00:00:00Z,0.45521112
2016-11-28T00:00:00Z,0.45418768
2016-11-27T00:00:00Z,0.45341375
2016-11-26T00:00:00Z,0.45622665
2016-11-25T00:00:00Z,0.4624198
2016-11-24T00:00:00Z,0.46025768
2016-11-23T00:00:00Z,0.46552836
2016-11-22T00:00:00Z,0.47239679
2016-11-21T00:00:00Z,0.46392051
2016-11-20T00:00:00Z,0.45800085
2016-11-19T00:00:00Z,0.4753261
2016-11-18T00:00:00Z,0.47410761
2016-11-17T00:00:00Z,0.46535488
2016-11-16T00:00:00Z,0.47014739
2016-11-15T00:00:00Z,0.45158099
2016-11-14T00:00:00Z,0.44550777
2016-11-13T00:00:00Z,0.44567726
2016-11-12T00:00:00Z,0.44463938
2016-11-11T00:00:00Z,0.45627361
2016-11-10T00:00:00Z,0.45392965
2016-11-09T00:00:00Z,0.4608017
2016-11-08T00:00:00Z,0.45390567
2016-11-07T00:00:00Z,0.45138809
2016-11-06T00:00:00Z,0.45715563
2016-11-05T00:00:00Z,0.45267957
2016-11-04T00:00:00Z,0.45104767
2016-11-03T00:00:00Z,0.44013815
2016-11-02T00:00:00Z,0.47422858
2016-11-01T00:00:00Z,0.47240755
2016-10-31T00:00:00Z,0.44892889
2016-10-30T00:00:00Z,0.4502819
2016-10-29T00:00:00Z,0.46128069
2016-10-28T00:00:00Z,0.44492148
2016-10-27T00:00:00Z,0.44277556
2016-10-26T00:00:00Z,0.43396589
2016-10-25T00:00:00Z,0.41845671
2016-10-24T00:00:00Z,0.41531162
2016-10-23T00:00:00Z,0.4210955
2016-10-22T00:00:00Z,0.42374227
2016-10-21T00:00:00Z,0.39876621
2016-10-20T00:00:00Z,0.3979087
2016-10-19T00:00:00Z,0.39846549
2016-10-18T00:00:00Z,0.40448284
2016-10-17T00:00:00Z,0.40907928
2016-10-16T00:00:00Z,0.41256722
2016-10-15T00:00:00Z,0.40708554
2016-10-14T00:00:00Z,0.40928687
2016-10-13T00:00:00Z,0.40621914
2016-10-12T00:00:00Z,0.40787633
2016-10-11T00:00:00Z,0.41442985
2016-10-10T00:00:00Z,0.39399608
2016-10-09T00:00:00Z,0.39229665
2016-10-08T00:00:00Z,0.39378085
2016-10-07T00:00:00Z,0.39356049
2016-10-06T00:00:00Z,0.38791208
2016-10-05T00:00:00Z,0.3877366
2016-10-04T00:00:00Z,0.38743797
2016-10-03T00:00:00Z,0.38947573
2016-10-02T00:00:00Z,0.38970442
2016-10-01T00:00:00Z,0.39215351
2016-09-30T00:00:00Z,0.38734052
2016-09-29T00:00:00Z,0.3842819
2016-09-28T00:00:00Z,0.38353558
2016-09-27T00:00:00Z,0.38438189
2016-09-26T00:00:00Z,0.38596111
2016-09-25T00:00:00Z,0.38061123
2016-09-24T00:00:00Z,0.38342588
2016-09-23T00:00:00Z,0.38173294
2016-09-22T00:00:00Z,0.37537217
2016-09-21T00:00:00Z,0.37679963
2016-09-20T00:00:00Z,0.38731119
2016-09-19T00:00:00Z,0.3897075
2016-09-18T00:00:00Z,0.3921681
2016-09-17T00:00:00Z,0.38919553
2016-09-16T00:00:00Z,0.38902167
2016-09-15T00:00:00Z,0.38730765
2016-09-14T00:00:00Z,0.39103044
2016-09-13T00:00:00Z,0.39127735
2016-09-12T00:00:00Z,0.39041361
2016-09-11T00:00:00Z,0.39031554
2016-09-10T00:00:00Z,0.40678198
2016-09-09T00:00:00Z,0.40594613
2016-09-08T00:00:00Z,0.41231478
2016-09-07T00:00:00Z,0.40125811
2016-09-06T00:00:00Z,0.39807284
2016-09-05T00:00:00Z,0.39224419
2016-09-04T00:00:00Z,0.39977445
2016-09-03T00:00:00Z,0.38592551
2016-09-02T00:00:00Z,0.35992164
2016-09-01T00:00:00Z,0.35853272
2016-08-31T00:00:00Z,0.36289355
2016-08-30T00:00:00Z,0.36133046
2016-08-29T00:00:00Z,0.36102048
2016-08-28T00:00:00Z,0.36163333
2016-08-27T00:00:00Z,0.35608291
2016-08-26T00:00:00Z,0.36609093
2016-08-25T00:00:00Z,0.36241247
2016-08-24T00:00:00Z,0.3659365
2016-08-23T00:00:00Z,0.36990522
2016-08-22T00:00:00Z,0.37406973
2016-08-21T00:00:00Z,0.36913715
2016-08-20T00:00:00Z,0.36873416
2016-08-19T00:00:00Z,0.36352609
2016-08-18T00:00:00Z,0.36318738
2016-08-17T00:00:00Z,0.36403897
2016-08-16T00:00:00Z,0.3678568
2016-08-15T00:00:00Z,0.35654163
2016-08-14T00:00:00Z,0.35939052
2016-08-13T00:00:00Z,0.37643882
2016-08-12T00:00:00Z,0.37824113
2016-08-11T00:00:00Z,0.37705529
2016-08-10T00:00:00Z,0.38470144
2016-08-09T00:00:00Z,0.37584329
2016-08-08T00:00:00Z,0.38168698
2016-08-07T00:00:00Z,0.38473354
2016-08-06T00:00:00Z,0.38119174
2016-08-05T00:00:00Z,0.36423342
2016-08-04T00:00:00Z,0.3726426
2016-08-03T00:00:00Z,0.36195764
2016-08-02T00:00:00Z,0.32313965
2016-08-01T00:00:00Z,0.39291738
2016-07-31T00:00:00Z,0.41411654
2016-07-30T00:00:00Z,0.43954713
2016-07-29T00:00:00Z,0.4415955
2016-07-28T00:00:00Z,0.4390318
2016-07-27T00:00:00Z,0.44197882
2016-07-26T00:00:00Z,0.43988641
2016-07-25T00:00:00Z,0.43953464
2016-07-24T00:00:00Z,0.44861678
2016-07-23T00:00:00Z,0.44495427
2016-07-22T00:00:00Z,0.44143018
2016-07-21T00:00:00Z,0.45237948
2016-07-20T00:00:00Z,0.45335742
2016-07-19T00:00:00Z,0.4594825
2016-07-18T00:00:00Z,0.46098369
2016-07-17T00:00:00Z,0.46464737
2016-07-16T00:00:00Z,0.45318244
2016-07-15T00:00:00Z,0.45566201
2016-07-14T00:00:00Z,0.45233049
2016-07-13T00:00:00Z,0.4468896
2016-07-12T00:00:00Z,0.45589675
2016-07-11T00:00:00Z,0.4422562
2016-07-10T00:00:00Z,0.44339972
2016-07-09T00:00:00Z,0.44630979
2016-07-08T00:00:00Z,0.45783531
2016-07-07T00:00:00Z,0.43925236
2016-07-06T00:00:00Z,0.46957007
2016-07-05T00:00:00Z,0.46274776
2016-07-04T00:00:00Z,0.47213004
2016-07-03T00:00:00Z,0.46237717
2016-07-02T00:00:00Z,0.48975873
2016-07-01T00:00:00Z,0.47381013
2016-06-30T00:00:00Z,0.4684608
2016-06-29T00:00:00Z,0.43969714
2016-06-28T00:00:00Z,0.44758034
2016-06-27T00:00:00Z,0.45559911
2016-06-26T00:00:00Z,0.44256775
2016-06-25T00:00:00Z,0.46332047
2016-06-24T00:00:00Z,0.46574257
2016-06-23T00:00:00Z,0.44146796
2016-06-22T00:00:00Z,0.39495421
2016-06-21T00:00:00Z,0.46910402
2016-06-20T00:00:00Z,0.51289657
2016-06-19T00:00:00Z,0.53902501
2016-06-18T00:00:00Z,0.53526238
2016-06-17T00:00:00Z,0.53419215
2016-06-16T00:00:00Z,0.54537448
2016-06-15T00:00:00Z,0.50416717
2016-06-14T00:00:00Z,0.49825328
2016-06-13T00:00:00Z,0.5145963
2016-06-12T00:00:00Z,0.49673959
2016-06-11T00:00:00Z,0.44618054
2016-06-10T00:00:00Z,0.42376972
2016-06-09T00:00:00Z,0.42083716
2016-06-08T00:00:00Z,0.42953865
2016-06-07T00:00:00Z,0.42659744
2016-06-06T00:00:00Z,0.43404399
2016-06-05T00:00:00Z,0.42378531
2016-06-04T00:00:00Z,0.42724501
2016-06-03T00:00:00Z,0.42231387
2016-06-02T00:00:00Z,0.38941735
2016-06-01T00:00:00Z,0.38837596
2016-05-31T00:00:00Z,0.38531651
2016-05-30T00:00:00Z,0.3872873
2016-05-29T00:00:00Z,0.37968911
2016-05-28T00:00:00Z,0.37737242
2016-05-27T00:00:00Z,0.31594606
2016-05-26T00:00:00Z,0.293027
2016-05-25T00:00:00Z,0.28661996
2016-05-24T00:00:00Z,0.28188343
2016-05-23T00:00:00Z,0.27826605
2016-05-22T00:00:00Z,0.27503715
2016-05-21T00:00:00Z,0.28156727
2016-05-20T00:00:00Z,0.275739
2016-05-19T00:00:00Z,0.26040132
2016-05-18T00:00:00Z,0.29476766
2016-05-17T00:00:00Z,0.29445379
2016-05-16T00:00:00Z,0.29737158
2016-05-15T00:00:00Z,0.30799961
2016-05-14T00:00:00Z,0.30468209
2016-05-13T00:00:00Z,0.30314733
2016-05-12T00:00:00Z,0.29993128
2016-05-11T00:00:00Z,0.29920768
2016-05-10T00:00:00Z,0.29710152
2016-05-09T00:00:00Z,0.31473448
2016-05-08T00:00:00Z,0.31282969
2016-05-07T00:00:00Z,0.31216009
2016-05-06T00:00:00Z,0.31164088
2016-05-05T00:00:00Z,0.29497969
2016-05-04T00:00:00Z,0.29133109
2016-05-03T00:00:00Z,0.29919511
2016-05-02T00:00:00Z,0.29048208
2016-05-01T00:00:00Z,0.30263967
2016-04-30T00:00:00Z,0.30070115
2016-04-29T00:00:00Z,0.30734198
2016-04-28T00:00:00Z,0.29746682
2016-04-27T00:00:00Z,0.29273493
2016-04-26T00:00:00Z,0.32685121
2016-04-25T00:00:00Z,0.32494433
2016-04-24T00:00:00Z,0.32213366
2016-04-23T00:00:00Z,0.30777449
2016-04-22T00:00:00Z,0.2995907
2016-04-21T00:00:00Z,0.3061388
2016-04-20T00:00:00Z,0.29219955
2016-04-19T00:00:00Z,0.28347994
2016-04-18T00:00:00Z,0.26841461
2016-04-17T00:00:00Z,0.27137718
2016-04-16T00:00:00Z,0.27774626
2016-04-15T00:00:00Z,0.27297226
2016-04-14T00:00:00Z,0.26592019
2016-04-13T00:00:00Z,0.26496103
2016-04-12T00:00:00Z,0.26714098
2016-04-11T00:00:00Z,0.26245928
2016-04-10T00:00:00Z,0.25937329
2016-04-09T00:00:00Z,0.25649562
2016-04-08T00:00:00Z,0.25629386
2016-04-07T00:00:00Z,0.26073274
2016-04-06T00:00:00Z,0.26404906
2016-04-05T00:00:00Z,0.26424938
2016-04-04T00:00:00Z,0.26015859
2016-04-03T00:00:00Z,0.26048274
2016-04-02T00:00:00Z,0.2609639
2016-04-01T00:00:00Z,0.25694193
2016-03-31T00:00:00Z,0.25490755
2016-03-30T00:00:00Z,0.24800623
2016-03-29T00:00:00Z,0.25520637
2016-03-28T00:00:00Z,0.26757438
2016-03-27T00:00:00Z,0.27155626
2016-03-26T00:00:00Z,0.25753068
2016-03-25T00:00:00Z,0.25712199
2016-03-24T00:00:00Z,0.25172241
2016-03-23T00:00:00Z,0.26019266
2016-03-22T00:00:00Z,0.25873443
2016-03-21T00:00:00Z,0.24433849
2016-03-20T00:00:00Z,0.25163924
2016-03-19T00:00:00Z,0.24890801
2016-03-18T00:00:00Z,0.24712653
2016-03-17T00:00:00Z,0.26293357
2016-03-16T00:00:00Z,0.26273689
2016-03-15T00:00:00Z,0.25741098
2016-03-14T00:00:00Z,0.26039099
2016-03-13T00:00:00Z,0.24795764
2016-03-12T00:00:00Z,0.24957227
2016-03-11T00:00:00Z,0.26563953
2016-03-10T00:00:00Z,0.26136442
2016-03-09T00:00:00Z,0.25324378
2016-03-08T00:00:00Z,0.25263842
2016-03-07T00:00:00Z,0.26017881
2016-03-06T00:00:00Z,0.23861149
2016-03-05T00:00:00Z,0.21882729
2016-03-04T00:00:00Z,0.24606687
2016-03-03T00:00:00Z,0.26814228
2016-03-02T00:00:00Z,0.27046393
2016-03-01T00:00:00Z,0.28924056
2016-02-29T00:00:00Z,0.29725065
2016-02-28T00:00:00Z,0.29235542
2016-02-27T00:00:00Z,0.29219085
2016-02-26T00:00:00Z,0.28840751
2016-02-25T00:00:00Z,0.27959604
2016-02-24T00:00:00Z,0.27749341
2016-02-23T00:00:00Z,0.27363914
2016-02-22T00:00:00Z,0.30262184
2016-02-21T00:00:00Z,0.30501296
2016-02-20T00:00:00Z,0.30389949
2016-02-19T00:00:00Z,0.27711056
2016-02-18T00:00:00Z,0.27914452
2016-02-17T00:00:00Z,0.26898308
2016-02-16T00:00:00Z,0.25644387
2016-02-15T00:00:00Z,0.24254944
2016-02-14T00:00:00Z,0.2572626
2016-02-13T00:00:00Z,0.22461874
2016-02-12T00:00:00Z,0.21097265
2016-02-11T00:00:00Z,0.20295924
2016-02-10T00:00:00Z,0.20340223
2016-02-09T00:00:00Z,0.1914842
2016-02-08T00:00:00Z,0.18784575
2016-02-07T00:00:00Z,0.19809324
2016-02-06T00:00:00Z,0.19701231
2016-02-05T00:00:00Z,0.21486783
2016-02-04T00:00:00Z,0.22624169
2016-02-03T00:00:00Z,0.18247241
2016-02-02T00:00:00Z,0.19149254
2016-02-01T00:00:00Z,0.18606024
2016-01-31T00:00:00Z,0.17843537
2016-01-30T00:00:00Z,0.2002297
2016-01-29T00:00:00Z,0.20220949
2016-01-28T00:00:00Z,0.20255546
2016-01-27T00:00:00Z,0.23172792
2016-01-26T00:00:00Z,0.22870322
2016-01-25T00:00:00Z,0.22654878
2016-01-24T00:00:00Z,0.24876828
2016-01-23T00:00:00Z,0.21721924
2016-01-22T00:00:00Z,0.20926764
2016-01-21T00:00:00Z,0.25725571
2016-01-20T00:00:00Z,0.27590185
2016-01-19T00:00:00Z,0.19474296
2016-01-18T00:00:00Z,0.2118091
2016-01-17T00:00:00Z,0.19818974
2016-01-16T00:00:00Z,0.2187767
2016-01-15T00:00:00Z,0.16604647
2016-01-14T00:00:00Z,0.2917414
2016-01-13T00:00:00Z,0.29599348
2016-01-12T00:00:00Z,0.31004698
2016-01-11T00:00:00Z,0.32168588
2016-01-10T00:00:00Z,0.3226264
2016-01-09T00:00:00Z,0.32440899
2016-01-08T00:00:00Z,0.33208512
2016-01-07T00:00:00Z,0.3400847
2016-01-06T00:00:00Z,0.2985354
2016-01-05T00:00:00Z,0.30377469
2016-01-04T00:00:00Z,0.30497634
2016-01-03T00:00:00Z,0.30285957
2016-01-02T00:00:00Z,0.30632222
2016-01-01T00:00:00Z,0.30678157
2015-12-31T00:00:00Z,0.30130793
2015-12-30T00:00:00Z,0.29762356
2015-12-29T00:00:00Z,0.30400156
2015-12-28T00:00:00Z,0.28695429
2015-12-27T00:00:00Z,0.28918488
2015-12-26T00:00:00Z,0.2834087
2015-12-25T00:00:00Z,0.34016605
2015-12-24T00:00:00Z,0.34225116
2015-12-23T00:00:00Z,0.32076353
2015-12-22T00:00:00Z,0.31232497
2015-12-21T00:00:00Z,0.31581936
2015-12-20T00:00:00Z,0.32294665
2015-12-19T00:00:00Z,0.35322139
2015-12-18T00:00:00Z,0.3555077
2015-12-17T00:00:00Z,0.34741262
2015-12-16T00:00:00Z,0.34472568
2015-12-15T00:00:00Z,0.36157876
2015-12-14T00:00:00Z,0.33292409
2015-12-13T00:00:00Z,0.32023668
2015-12-12T00:00:00Z,0.32460962
2015-12-11T00:00:00Z,0.35541488
2015-12-10T00:00:00Z,0.29304305
2015-12-09T00:00:00Z,0.30116806
2015-12-08T00:00:00Z,0.30768887
2015-12-07T00:00:00Z,0.26556427
2015-12-06T00:00:00Z,0.25758752
2015-12-05T00:00:00Z,0.2554934
2015-12-04T00:00:00Z,0.20386082
2015-12-03T00:00:00Z,0.19853231
2015-12-02T00:00:00Z,0.19367281
2015-12-01T00:00:00Z,0.20153917
2015-11-30T00:00:00Z,0.23218042
2015-11-29T00:00:00Z,0.21912563
2015-11-28T00:00:00Z,0.1939222
2015-11-27T00:00:00Z,0.19524301
2015-11-26T00:00:00Z,0.18580687
2015-11-25T00:00:00Z,0.12642426
2015-11-24T00:00:00Z,0.10374645
2015-11-23T00:00:00Z,0.10981887
2015-11-22T00:00:00Z,0.11287371
2015-11-21T00:00:00Z,0.12017262
2015-11-20T00:00:00Z,0.1092559
2015-11-19T00:00:00Z,0.118284
2015-11-18T00:00:00Z,0.14301226
2015-11-17T00:00:00Z,0.14436705
2015-11-16T00:00:00Z,0.13669686
2015-11-15T00:00:00Z,0.10341077
2015-11-14T00:00:00Z,0.13886223
2015-11-13T00:00:00Z,0.14784892
2015-11-12T00:00:00Z,0.15103605
2015-11-11T00:00:00Z,0.07812874
2015-11-10T00:00:00Z,0.14650575
2015-11-09T00:00:00Z,0.24016792
2015-11-08T00:00:00Z,0.22207757
2015-11-07T00:00:00Z,0.25217178
2015-11-06T00:00:00Z,0.2297852
2015-11-05T00:00:00Z,0.25113062
2015-11-04T00:00:00Z,0.29288905
2015-11-03T00:00:00Z,0.29986053
2015-11-02T00:00:00Z,0.22902544
2015-11-01T00:00:00Z,0.14901035
2015-10-31T00:00:00Z,0.11011202
2015-10-30T00:00:00Z,0.14972026
2015-10-29T00:00:00Z,0.11558695
2015-10-28T00:00:00Z,0.08542827
2015-10-27T00:00:00Z,0.06011258
2015-10-26T00:00:00Z,0.02963065
2015-10-25T00:00:00Z,0.03514501
2015-10-24T00:00:00Z,0.02605323
2015-10-23T00:00:00Z,0.0081143
2015-10-22T00:00:00Z,-0.00314792
2015-10-21T00:00:00Z,-0.03151018
2015-10-20T00:00:00Z,-0.02000184
2015-10-19T00:00:00Z,-0.04331847
2015-10-18T00:00:00Z,-0.04291024
2015-10-17T00:00:00Z,-0.01041307
2015-10-16T00:00:00Z,-0.04773255
2015-10-15T00:00:00Z,-0.08721859
2015-10-14T00:00:00Z,-0.08931598
2015-10-13T00:00:00Z,-0.10147911
2015-10-12T00:00:00Z,-0.11966853
2015-10-11T00:00:00Z,-0.10990828
2015-10-10T00:00:00Z,-0.12334284
2015-10-09T00:00:00Z,-0.13072947
2015-10-08T00:00:00Z,-0.1378327
2015-10-07T00:00:00Z,-0.13232055
2015-10-06T00:00:00Z,-0.1206082
2015-10-05T00:00:00Z,-0.14794069
2015-10-04T00:00:00Z,-0.15385642
2015-10-03T00:00:00Z,-0.15363607
2015-10-02T00:00:00Z,-0.16144224
2015-10-01T00:00:00Z,-0.16040856
2015-09-30T00:00:00Z,-0.16725131
2015-09-29T00:00:00Z,-0.16818208
2015-09-28T00:00:00Z,-0.15298604
2015-09-27T00:00:00Z,-0.18576543
2015-09-26T00:00:00Z,-0.17840275
2015-09-25T00:00:00Z,-0.17714682
2015-09-24T00:00:00Z,-0.17780657
2015-09-23T00:00:00Z,-0.20466127
2015-09-22T00:00:00Z,-0.19976551
2015-09-21T00:00:00Z,-0.22077778
2015-09-20T00:00:00Z,-0.1957237
2015-09-19T00:00:00Z,-0.19105933
2015-09-18T00:00:00Z,-0.19014753
2015-09-17T00:00:00Z,-0.19046821
2015-09-16T00:00:00Z,-0.21271896
2015-09-15T00:00:00Z,-0.20320086
2015-09-14T00:00:00Z,-0.20273614
2015-09-13T00:00:00Z,-0.20183805
2015-09-12T00:00:00Z,-0.17742907
2015-09-11T00:00:00Z,-0.15503454
2015-09-10T00:00:00Z,-0.16654276
2015-09-09T00:00:00Z,-0.16594464
2015-09-08T00:00:00Z,-0.13969724
2015-09-07T00:00:00Z,-0.15926539
2015-09-06T00:00:00Z,-0.15660355
2015-09-05T00:00:00Z,-0.18036869
2015-09-04T00:00:00Z,-0.20439636
2015-09-03T00:00:00Z,-0.22558553
2015-09-02T00:00:00Z,-0.22400494
2015-09-01T00:00:00Z,-0.2243691
2015-08-31T00:00:00Z,-0.20978926
2015-08-30T00:00:00Z,-0.2156126
2015-08-29T00:00:00Z,-0.21148729
2015-08-28T00:00:00Z,-0.20488933
2015-08-27T00:00:00Z,-0.2362089
2015-08-26T00:00:00Z,-0.2338748
2015-08-25T00:00:00Z,-0.2575937
2015-08-24T00:00:00Z,-0.33612746
2015-08-23T00:00:00Z,-0.22980735
2015-08-22T00:00:00Z,-0.22559948
2015-08-21T00:00:00Z,-0.23475655
2015-08-20T00:00:00Z,-0.20062016
2015-08-19T00:00:00Z,-0.24174729
2015-08-18T00:00:00Z,-0.44481874
2015-08-17T00:00:00Z,-0.10160508
2015-08-16T00:00:00Z,-0.09640294
2015-08-15T00:00:00Z,-0.08605442
2015-08-14T00:00:00Z,-0.06933767
2015-08-13T00:00:00Z,-0.07560166
2015-08-12T00:00:00Z,-0.06466905
2015-08-11T00:00:00Z,-0.05015228
2015-08-10T00:00:00Z,-0.07440939
2015-08-09T00:00:00Z,-0.06488804
2015-08-08T00:00:00Z,-0.09517692
2015-08-07T00:00:00Z,-0.02514127
2015-08-06T00:00:00Z,-0.02597559
2015-08-05T00:00:00Z,-0.01309457
2015-08-04T00:00:00Z,-0.00336303
2015-08-03T00:00:00Z,-0.01277389
2015-08-02T00:00:00Z,-0.01419442
2015-08-01T00:00:00Z,-0.01712004
2015-07-31T00:00:00Z,-0.00796917
2015-07-30T00:00:00Z,0.00634104
2015-07-29T00:00:00Z,0.01181589
2015-07-28T00:00:00Z,0.03015593
2015-07-27T00:00:00Z,0.02669994
2015-07-26T00:00:00Z,0.02275536
2015-07-25T00:00:00Z,0.01063868
2015-07-24T00:00:00Z,0.00930352
2015-07-23T00:00:00Z,-0.03233358
2015-07-22T00:00:00Z,-0.0308967
2015-07-21T00:00:00Z,-0.03451942
2015-07-20T00:00:00Z,-0.02644969
2015-07-19T00:00:00Z,-0.04234972
2015-07-18T00:00:00Z,-0.03425401
2015-07-17T00:00:00Z,-0.02560488
2015-07-16T00:00:00Z,-0.02654892
2015-07-15T00:00:00Z,-0.00407298
2015-07-14T00:00:00Z,0.00351339
2015-07-13T00:00:00Z,0.02191801
2015-07-12T00:00:00Z,0.07866098
2015-07-11T00:00:00Z,0.02486514
2015-07-10T00:00:00Z,-0.00045125
2015-07-09T00:00:00Z,-0.06281846
2015-07-08T00:00:00Z,-0.05900085
2015-07-07T00:00:00Z,-0.07754821
2015-07-06T00:00:00Z,-0.06581794
2015-07-05T00:00:00Z,-0.05174823
2015-07-04T00:00:00Z,-0.09782917
2015-07-03T00:00:00Z,-0.1166498
2015-07-02T00:00:00Z,-0.12587394
2015-07-01T00:00:00Z,-0.1104725
2015-06-30T00:00:00Z,-0.08842497
2015-06-29T00:00:00Z,-0.11517368
2015-06-28T00:00:00Z,-0.15132816
2015-06-27T00:00:00Z,-0.13808106
2015-06-26T00:00:00Z,-0.17835653
2015-06-25T00:00:00Z,-0.18139786
2015-06-24T00:00:00Z,-0.19471343
2015-06-23T00:00:00Z,-0.17295079
2015-06-22T00:00:00Z,-0.16247816
2015-06-21T00:00:00Z,-0.172095
2015-06-20T00:00:00Z,-0.17035265
2015-06-19T00:00:00Z,-0.16821094
2015-06-18T00:00:00Z,-0.15113759
2015-06-17T00:00:00Z,-0.15181377
2015-06-16T00:00:00Z,-0.13963255
2015-06-15T00:00:00Z,-0.21133378
2015-06-14T00:00:00Z,-0.22393544
2015-06-13T00:00:00Z,-0.23096494
2015-06-12T00:00:00Z,-0.24812703
2015-06-11T00:00:00Z,-0.24946156
2015-06-10T00:00:00Z,-0.25525301
2015-06-09T00:00:00Z,-0.25300892
2015-06-08T00:00:00Z,-0.25636056
2015-06-07T00:00:00Z,-0.286336
2015-06-06T00:00:00Z,-0.27377527
2015-06-05T00:00:00Z,-0.27828975
2015-06-04T00:00:00Z,-0.28156432
2015-06-03T00:00:00Z,-0.2778987
2015-06-02T00:00:00Z,-0.27822897
2015-06-01T00:00:00Z,-0.29776064
2015-05-31T00:00:00Z,-0.2612199
2015-05-30T00:00:00Z,-0.24237621
2015-05-29T00:00:00Z,-0.22436181
2015-05-28T00:00:00Z,-0.22292897
2015-05-27T00:00:00Z,-0.21891533
2015-05-26T00:00:00Z,-0.22724529
2015-05-25T00:00:00Z,-0.22279274
2015-05-24T00:00:00Z,-0.20558931
2015-05-23T00:00:00Z,-0.21375196
2015-05-22T00:00:00Z,-0.20456728
2015-05-21T00:00:00Z,-0.23337277
2015-05-20T00:00:00Z,-0.23994592
2015-05-19T00:00:00Z,-0.25358668
2015-05-18T00:00:00Z,-0.25168401
2015-05-17T00:00:00Z,-0.23009263
2015-05-16T00:00:00Z,-0.21999558
2015-05-15T00:00:00Z,-0.22206101
2015-05-14T00:00:00Z,-0.22888048
2015-05-13T00:00:00Z,-0.23185355
2015-05-12T00:00:00Z,-0.20372679
2015-05-11T00:00:00Z,-0.20100093
2015-05-10T00:00:00Z,-0.2114601
2015-05-09T00:00:00Z,-0.20094897
2015-05-08T00:00:00Z,-0.19232877
2015-05-07T00:00:00Z,-0.23157832
2015-05-06T00:00:00Z,-0.27170419
2015-05-05T00:00:00Z,-0.23464725
2015-05-04T00:00:00Z,-0.22270089
2015-05-03T00:00:00Z,-0.21427004
2015-05-02T00:00:00Z,-0.24193764
2015-05-01T00:00:00Z,-0.2604899
2015-04-30T00:00:00Z,-0.23733275
2015-04-29T00:00:00Z,-0.29304047
2015-04-28T00:00:00Z,-0.30017689
2015-04-27T00:00:00Z,-0.28603718
2015-04-26T00:00:00Z,-0.33211173
2015-04-25T00:00:00Z,-0.29446618
2015-04-24T00:00:00Z,-0.26034313
2015-04-23T00:00:00Z,-0.23801461
2015-04-22T00:00:00Z,-0.25049908
2015-04-21T00:00:00Z,-0.24836253
2015-04-20T00:00:00Z,-0.30041253
2015-04-19T00:00:00Z,-0.31885965
2015-04-18T00:00:00Z,-0.3120561
2015-04-17T00:00:00Z,-0.31188439
2015-04-16T00:00:00Z,-0.28039271
2015-04-15T00:00:00Z,-0.31122937
2015-04-14T00:00:00Z,-0.34272792
2015-04-13T00:00:00Z,-0.30952748
2015-04-12T00:00:00Z,-0.24943211
2015-04-11T00:00:00Z,-0.2482822
2015-04-10T00:00:00Z,-0.25217561
2015-04-09T00:00:00Z,-0.21705353
2015-04-08T00:00:00Z,-0.20867446
2015-04-07T00:00:00Z,-0.16807381
2015-04-06T00:00:00Z,-0.15814577
2015-04-05T00:00:00Z,-0.14040056
2015-04-04T00:00:00Z,-0.17110099
2015-04-03T00:00:00Z,-0.16811471
2015-04-02T00:00:00Z,-0.17204702
2015-04-01T00:00:00Z,-0.20104674
2015-03-31T00:00:00Z,-0.21818233
2015-03-30T00:00:00Z,-0.20191728
2015-03-29T00:00:00Z,-0.23170368
2015-03-28T00:00:00Z,-0.17797426
2015-03-27T00:00:00Z,-0.21035277
2015-03-26T00:00:00Z,-0.19727421
2015-03-25T00:00:00Z,-0.21476226
2015-03-24T00:00:00Z,-0.21557799
2015-03-23T00:00:00Z,-0.11880239
2015-03-22T00:00:00Z,-0.11386007
2015-03-21T00:00:00Z,-0.14996152
2015-03-20T00:00:00Z,-0.14300331
2015-03-19T00:00:00Z,-0.14622622
2015-03-18T00:00:00Z,-0.16369649
2015-03-17T00:00:00Z,-0.05214862
2015-03-16T00:00:00Z,-0.03137027
2015-03-15T00:00:00Z,-0.04770572
2015-03-14T00:00:00Z,-0.05822955
2015-03-13T00:00:00Z,-0.04880894
2015-03-12T00:00:00Z,-0.01826346
2015-03-11T00:00:00Z,-0.01556638
2015-03-10T00:00:00Z,-0.02660205
2015-03-09T00:00:00Z,-0.02935352
2015-03-08T00:00:00Z,-0.08878895
2015-03-07T00:00:00Z,-0.08468779
2015-03-06T00:00:00Z,-0.10107467
2015-03-05T00:00:00Z,-0.08398331
2015-03-04T00:00:00Z,-0.0952407
2015-03-03T00:00:00Z,-0.06212042
2015-03-02T00:00:00Z,-0.08818031
2015-03-01T00:00:00Z,-0.14817356
2015-02-28T00:00:00Z,-0.17687959
2015-02-27T00:00:00Z,-0.18144554
2015-02-26T00:00:00Z,-0.2706272
2015-02-25T00:00:00Z,-0.26609191
2015-02-24T00:00:00Z,-0.25895666
2015-02-23T00:00:00Z,-0.26274014
2015-02-22T00:00:00Z,-0.27607023
2015-02-21T00:00:00Z,-0.23139039
2015-02-20T00:00:00Z,-0.23667451
2015-02-19T00:00:00Z,-0.25449088
2015-02-18T00:00:00Z,-0.28091578
2015-02-17T00:00:00Z,-0.24636351
2015-02-16T00:00:00Z,-0.27890491
2015-02-15T00:00:00Z,-0.28465632
2015-02-14T00:00:00Z,-0.16724634
2015-02-13T00:00:00Z,-0.27933691
2015-02-12T00:00:00Z,-0.36109621
2015-02-11T00:00:00Z,-0.3816171
2015-02-10T00:00:00Z,-0.37414433
2015-02-09T00:00:00Z,-0.37875974
2015-02-08T00:00:00Z,-0.35743807
2015-02-07T00:00:00Z,-0.32911555
2015-02-06T00:00:00Z,-0.36676325
2015-02-05T00:00:00Z,-0.40291722
2015-02-04T00:00:00Z,-0.34509198
2015-02-03T00:00:00Z,-0.34150692
2015-02-02T00:00:00Z,-0.2759236
2015-02-01T00:00:00Z,-0.34388605
2015-01-31T00:00:00Z,-0.40895491
2015-01-30T00:00:00Z,-0.35597612
2015-01-29T00:00:00Z,-0.30468788
2015-01-28T00:00:00Z,-0.3015896
2015-01-27T00:00:00Z,-0.15444918
2015-01-26T00:00:00Z,-0.11274412
2015-01-25T00:00:00Z,-0.21098541
2015-01-24T00:00:00Z,-0.23114036
2015-01-23T00:00:00Z,-0.31770887
2015-01-22T00:00:00Z,-0.31963631
2015-01-21T00:00:00Z,-0.35195629
2015-01-20T00:00:00Z,-0.46096444
2015-01-19T00:00:00Z,-0.43299566
2015-01-18T00:00:00Z,-0.4749053
2015-01-17T00:00:00Z,-0.54331714
2015-01-16T00:00:00Z,-0.49002726
2015-01-15T00:00:00Z,-0.4618586
2015-01-14T00:00:00Z,-0.77374601
2015-01-13T00:00:00Z,-0.38954488
2015-01-12T00:00:00Z,-0.17162991
2015-01-11T00:00:00Z,-0.16777297
2015-01-10T00:00:00Z,-0.14428896
2015-01-09T00:00:00Z,-0.08914256
2015-01-08T00:00:00Z,-0.11141149
2015-01-07T00:00:00Z,-0.06476563
2015-01-06T00:00:00Z,-0.1021326
2015-01-05T00:00:00Z,-0.15593699
2015-01-04T00:00:00Z,-0.20913868
2015-01-03T00:00:00Z,-0.10100762
2015-01-02T00:00:00Z,-0.0126534
2015-01-01T00:00:00Z,-0.01568264
2014-12-31T00:00:00Z,0.0073028
2014-12-30T00:00:00Z,-0.03433403
2014-12-29T00:00:00Z,-0.02842844
2014-12-28T00:00:00Z,-0.0170448
2014-12-27T00:00:00Z,-0.01954636
2014-12-26T00:00:00Z,0.01759902
2014-12-25T00:00:00Z,-0.00865433
2014-12-24T00:00:00Z,0.00366715
2014-12-23T00:00:00Z,0.03927132
2014-12-22T00:00:00Z,0.02549912
2014-12-21T00:00:00Z,-0.01046074
2014-12-20T00:00:00Z,0.01302404
2014-12-19T00:00:00Z,-0.02211828
2014-12-18T00:00:00Z,-0.04207521
2014-12-17T00:00:00Z,-0.02157507
2014-12-16T00:00:00Z,-0.00305241
2014-12-15T00:00:00Z,0.05664086
2014-12-14T00:00:00Z,0.07515551
2014-12-13T00:00:00Z,0.0570257
2014-12-12T00:00:00Z,0.07153037
2014-12-11T00:00:00Z,0.06121154
2014-12-10T00:00:00Z,0.05130974
2014-12-09T00:00:00Z,0.06679512
2014-12-08T00:00:00Z,0.09311314
2014-12-07T00:00:00Z,0.11891386
2014-12-06T00:00:00Z,0.11374129
2014-12-05T00:00:00Z,0.11593167
2014-12-04T00:00:00Z,0.10509228
2014-12-03T00:00:00Z,0.11523931
2014-12-02T00:00:00Z,0.12400038
2014-12-01T00:00:00Z,0.12877385
2014-11-30T00:00:00Z,0.12315987
2014-11-29T00:00:00Z,0.11609169
2014-11-28T00:00:00Z,0.11944027
2014-11-27T00:00:00Z,0.09125313
2014-11-26T00:00:00Z,0.08661749
2014-11-25T00:00:00Z,0.10626864
2014-11-24T00:00:00Z,0.10531159
2014-11-23T00:00:00Z,0.086317
2014-11-22T00:00:00Z,0.04127565
2014-11-21T00:00:00Z,0.03892065
2014-11-20T00:00:00Z,0.05371372
2014-11-19T00:00:00Z,0.09956017
2014-11-18T00:00:00Z,0.09290156
2014-11-17T00:00:00Z,0.12781299
2014-11-16T00:00:00Z,0.13680614
2014-11-15T00:00:00Z,0.10346498
2014-11-14T00:00:00Z,0.11402275
2014-11-13T00:00:00Z,0.19211852
2014-11-12T00:00:00Z,0.21504255
2014-11-11T00:00:00Z,0.08159706
2014-11-10T00:00:00Z,0.07573325
2014-11-09T00:00:00Z,0.04544552
2014-11-08T00:00:00Z,0.02341883
2014-11-07T00:00:00Z,0.03185569
2014-11-06T00:00:00Z,0.03460892
2014-11-05T00:00:00Z,0.00551668
2014-11-04T00:00:00Z,-0.02502819
2014-11-03T00:00:00Z,-0.00997822
2014-11-02T00:00:00Z,-0.04313634
2014-11-01T00:00:00Z,-0.04101411
2014-10-31T00:00:00Z,-0.00648992
2014-10-30T00:00:00Z,0.01505813
2014-10-29T00:00:00Z,-0.02040635
2014-10-28T00:00:00Z,0.05433113
2014-10-27T00:00:00Z,0.02916239
2014-10-26T00:00:00Z,0.03878039
2014-10-25T00:00:00Z,0.01770597
2014-10-24T00:00:00Z,0.0439162
2014-10-23T00:00:00Z,0.04675233
2014-10-22T00:00:00Z,0.09868076
2014-10-21T00:00:00Z,0.1105107
2014-10-20T00:00:00Z,0.12967452
2014-10-19T00:00:00Z,0.120543
2014-10-18T00:00:00Z,0.0815992
2014-10-17T00:00:00Z,0.10656972
2014-10-16T00:00:00Z,0.10107341
2014-10-15T00:00:00Z,0.1319736
2014-10-14T00:00:00Z,0.14056595
2014-10-13T00:00:00Z,0.11856725
2014-10-12T00:00:00Z,0.0989907
2014-10-11T00:00:00Z,0.09168749
2014-10-10T00:00:00Z,0.04479656
2014-10-09T00:00:00Z,0.05760363
2014-10-08T00:00:00Z,0.0283395
2014-10-07T00:00:00Z,-0.02419323
2014-10-06T00:00:00Z,-0.05148391
2014-10-05T00:00:00Z,-0.08504378
2014-10-04T00:00:00Z,-0.05374173
2014-10-03T00:00:00Z,0.04687837
2014-10-02T00:00:00Z,0.05871469
2014-10-01T00:00:00Z,0.15406866
2014-09-30T00:00:00Z,0.09643051
2014-09-29T00:00:00Z,0.06166622
2014-09-28T00:00:00Z,0.11022987
2014-09-27T00:00:00Z,0.1207016
2014-09-26T00:00:00Z,0.13022842
2014-09-25T00:00:00Z,0.14053229
2014-09-24T00:00:00Z,0.16964299
2014-09-23T00:00:00Z,0.19422123
2014-09-22T00:00:00Z,0.1268657
2014-09-21T00:00:00Z,0.1442082
2014-09-20T00:00:00Z,0.20164552
2014-09-19T00:00:00Z,0.1003895
2014-09-18T00:00:00Z,0.16506174
2014-09-17T00:00:00Z,0.22297348
2014-09-16T00:00:00Z,0.23787319
2014-09-15T00:00:00Z,0.25145197
2014-09-14T00:00:00Z,0.25905695
2014-09-13T00:00:00Z,0.25600733
2014-09-12T00:00:00Z,0.25028702
2014-09-11T00:00:00Z,0.25499139
2014-09-10T00:00:00Z,0.25558654
2014-09-09T00:00:00Z,0.24723248
2014-09-08T00:00:00Z,0.24308969
2014-09-07T00:00:00Z,0.25698291
2014-09-06T00:00:00Z,0.32010701
2014-09-05T00:00:00Z,0.25985634
2014-09-04T00:00:00Z,0.27186693
2014-09-03T00:00:00Z,0.24784996
2014-09-02T00:00:00Z,0.25039309
2014-09-01T00:00:00Z,0.24903331
2014-08-31T00:00:00Z,0.25120018
2014-08-30T00:00:00Z,0.31980384
2014-08-29T00:00:00Z,0.32059577
2014-08-28T00:00:00Z,0.29452842
2014-08-27T00:00:00Z,0.31778304
2014-08-26T00:00:00Z,0.30630586
2014-08-25T00:00:00Z,0.28469616
2014-08-24T00:00:00Z,0.31801795
2014-08-23T00:00:00Z,0.28227568
2014-08-22T00:00:00Z,0.30464335
2014-08-21T00:00:00Z,0.29108139
2014-08-20T00:00:00Z,0.30177358
2014-08-19T00:00:00Z,0.26111062
2014-08-18T00:00:00Z,0.23495492
2014-08-17T00:00:00Z,0.27721385
2014-08-16T00:00:00Z,0.30969205
2014-08-15T00:00:00Z,0.27594596
2014-08-14T00:00:00Z,0.28459282
2014-08-13T00:00:00Z,0.34114099
2014-08-12T00:00:00Z,0.36724053
2014-08-11T00:00:00Z,0.37128129
2014-08-10T00:00:00Z,0.38784012
2014-08-09T00:00:00Z,0.39008646
2014-08-08T00:00:00Z,0.39116505
2014-08-07T00:00:00Z,0.38091565
2014-08-06T00:00:00Z,0.38202501
2014-08-05T00:00:00Z,0.38246545
2014-08-04T00:00:00Z,0.40120369
2014-08-03T00:00:00Z,0.38391568
2014-08-02T00:00:00Z,0.3960659
2014-08-01T00:00:00Z,0.40089824
2014-07-31T00:00:00Z,0.38621306
2014-07-30T00:00:00Z,0.37255703
2014-07-29T00:00:00Z,0.38971951
2014-07-28T00:00:00Z,0.39858322
2014-07-27T00:00:00Z,0.39828228
2014-07-26T00:00:00Z,0.40683907
2014-07-25T00:00:00Z,0.40302316
2014-07-24T00:00:00Z,0.40921196
2014-07-23T00:00:00Z,0.42514434
2014-07-22T00:00:00Z,0.42581955
2014-07-21T00:00:00Z,0.4361683
2014-07-20T00:00:00Z,0.43164263
2014-07-19T00:00:00Z,0.43725782
2014-07-18T00:00:00Z,0.43373774
2014-07-17T00:00:00Z,0.43197647
2014-07-16T00:00:00Z,0.43374593
2014-07-15T00:00:00Z,0.42920262
2014-07-14T00:00:00Z,0.43516155
2014-07-13T00:00:00Z,0.43560878
2014-07-12T00:00:00Z,0.44725309
2014-07-11T00:00:00Z,0.43888882
2014-07-10T00:00:00Z,0.42548417
2014-07-09T00:00:00Z,0.43813958
2014-07-08T00:00:00Z,0.43674811
2014-07-07T00:00:00Z,0.43413546
2014-07-06T00:00:00Z,0.44995254
2014-07-05T00:00:00Z,0.44087711
2014-07-04T00:00:00Z,0.44520183
2014-07-03T00:00:00Z,0.45543853
2014-07-02T00:00:00Z,0.45770888
2014-07-01T00:00:00Z,0.45963767
2014-06-30T00:00:00Z,0.45196155
2014-06-29T00:00:00Z,0.42256536
2014-06-28T00:00:00Z,0.41668687
2014-06-27T00:00:00Z,0.41853713
2014-06-26T00:00:00Z,0.40210952
2014-06-25T00:00:00Z,0.38528242
2014-06-24T00:00:00Z,0.40216573
2014-06-23T00:00:00Z,0.40684736
2014-06-22T00:00:00Z,0.41894783
2014-06-21T00:00:00Z,0.41855015
2014-06-20T00:00:00Z,0.41719415
2014-06-19T00:00:00Z,0.42058325
2014-06-18T00:00:00Z,0.43212483
2014-06-17T00:00:00Z,0.43636649
2014-06-16T00:00:00Z,0.42130402
2014-06-15T00:00:00Z,0.41366386
2014-06-14T00:00:00Z,0.39464211
2014-06-13T00:00:00Z,0.42917323
2014-06-12T00:00:00Z,0.42166985
2014-06-11T00:00:00Z,0.46726172
2014-06-10T00:00:00Z,0.47568316
2014-06-09T00:00:00Z,0.47956703
2014-06-08T00:00:00Z,0.48547219
2014-06-07T00:00:00Z,0.48867964
2014-06-06T00:00:00Z,0.48106071
2014-06-05T00:00:00Z,0.48817317
2014-06-04T00:00:00Z,0.47716639
2014-06-03T00:00:00Z,0.5023093
2014-06-02T00:00:00Z,0.49724855
2014-06-01T00:00:00Z,0.46759563
2014-05-31T00:00:00Z,0.47081159
2014-05-30T00:00:00Z,0.46503441
2014-05-29T00:00:00Z,0.42123786
2014-05-28T00:00:00Z,0.43151118
2014-05-27T00:00:00Z,0.42727615
2014-05-26T00:00:00Z,0.44392119
2014-05-25T00:00:00Z,0.43146626
2014-05-24T00:00:00Z,0.38618682
2014-05-23T00:00:00Z,0.37639779
2014-05-22T00:00:00Z,0.38298657
2014-05-21T00:00:00Z,0.34446307
2014-05-20T00:00:00Z,0.34322998
2014-05-19T00:00:00Z,0.27332691
2014-05-18T00:00:00Z,0.27611483
2014-05-17T00:00:00Z,0.28647536
2014-05-16T00:00:00Z,0.28648516
2014-05-15T00:00:00Z,0.2795224
2014-05-14T00:00:00Z,0.27286765
2014-05-13T00:00:00Z,0.26456388
2014-05-12T00:00:00Z,0.264343
2014-05-11T00:00:00Z,0.25953204
2014-05-10T00:00:00Z,0.28870719
2014-05-09T00:00:00Z,0.28547785
2014-05-08T00:00:00Z,0.26446792
2014-05-07T00:00:00Z,0.26376798
2014-05-06T00:00:00Z,0.24868705
2014-05-05T00:00:00Z,0.24337052
2014-05-04T00:00:00Z,0.2514842
2014-05-03T00:00:00Z,0.26295145
2014-05-02T00:00:00Z,0.27792813
2014-05-01T00:00:00Z,0.2956381
2014-04-30T00:00:00Z,0.27471215
2014-04-29T00:00:00Z,0.27164566
2014-04-28T00:00:00Z,0.25993456
2014-04-27T00:00:00Z,0.25924398
2014-04-26T00:00:00Z,0.29741839
2014-04-25T00:00:00Z,0.29901284
2014-04-24T00:00:00Z,0.35292365
2014-04-23T00:00:00Z,0.34215998
2014-04-22T00:00:00Z,0.33542575
2014-04-21T00:00:00Z,0.34405388
2014-04-20T00:00:00Z,0.34989626
2014-04-19T00:00:00Z,0.35436191
2014-04-18T00:00:00Z,0.32910445
2014-04-17T00:00:00Z,0.35315211
2014-04-16T00:00:00Z,0.38753132
2014-04-15T00:00:00Z,0.38069751
2014-04-14T00:00:00Z,0.29612468
2014-04-13T00:00:00Z,0.22187725
2014-04-12T00:00:00Z,0.27734056
2014-04-11T00:00:00Z,0.23087481
2014-04-10T00:00:00Z,0.11691857
2014-04-09T00:00:00Z,0.29232995
2014-04-08T00:00:00Z,0.28920945
2014-04-07T00:00:00Z,0.27013107
2014-04-06T00:00:00Z,0.29292982
2014-04-05T00:00:00Z,0.29634773
2014-04-04T00:00:00Z,0.28568962
2014-04-03T00:00:00Z,0.28980423
2014-04-02T00:00:00Z,0.24954748
2014-04-01T00:00:00Z,0.32762673
2014-03-31T00:00:00Z,0.27912305
2014-03-30T00:00:00Z,0.27875985
2014-03-29T00:00:00Z,0.32905334
2014-03-28T00:00:00Z,0.33901271
2014-03-27T00:00:00Z,0.30460251
2014-03-26T00:00:00Z,0.43358349
2014-03-25T00:00:00Z,0.43077255
2014-03-24T00:00:00Z,0.4346105
2014-03-23T00:00:00Z,0.4237701
2014-03-22T00:00:00Z,0.42183559
2014-03-21T00:00:00Z,0.41950931
2014-03-20T00:00:00Z,0.44124158
2014-03-19T00:00:00Z,0.45850099
2014-03-18T00:00:00Z,0.46797238
2014-03-17T00:00:00Z,0.48330611
2014-03-16T00:00:00Z,0.47793707
2014-03-15T00:00:00Z,0.4903013
2014-03-14T00:00:00Z,0.47577328
2014-03-13T00:00:00Z,0.49628479
2014-03-12T00:00:00Z,0.47988593
2014-03-11T00:00:00Z,0.4890362
2014-03-10T00:00:00Z,0.47756635
2014-03-09T00:00:00Z,0.4905369
2014-03-08T00:00:00Z,0.48189759
2014-03-07T00:00:00Z,0.49648285
2014-03-06T00:00:00Z,0.53626272
2014-03-05T00:00:00Z,0.53669221
2014-03-04T00:00:00Z,0.53987986
2014-03-03T00:00:00Z,0.54685526
2014-03-02T00:00:00Z,0.44541738
2014-03-01T00:00:00Z,0.45549719
2014-02-28T00:00:00Z,0.44100393
2014-02-27T00:00:00Z,0.47499981
2014-02-26T00:00:00Z,0.47327719
2014-02-25T00:00:00Z,0.42881479
2014-02-24T00:00:00Z,0.43015592
2014-02-23T00:00:00Z,0.48608528
2014-02-22T00:00:00Z,0.48969913
2014-02-21T00:00:00Z,0.45400361
2014-02-20T00:00:00Z,0.44503034
2014-02-19T00:00:00Z,0.49917923
2014-02-18T00:00:00Z,0.50784823
2014-02-17T00:00:00Z,0.50926027
2014-02-16T00:00:00Z,0.49543442
2014-02-15T00:00:00Z,0.52484345
2014-02-14T00:00:00Z,0.53319504
2014-02-13T00:00:00Z,0.48502207
2014-02-12T00:00:00Z,0.52030697
2014-02-11T00:00:00Z,0.53960433
2014-02-10T00:00:00Z,0.54350213
2014-02-09T00:00:00Z,0.54313575
2014-02-08T00:00:00Z,0.53887568
2014-02-07T00:00:00Z,0.55836456
2014-02-06T00:00:00Z,0.58862769
2014-02-05T00:00:00Z,0.59942242
2014-02-04T00:00:00Z,0.6216517
2014-02-03T00:00:00Z,0.6299176
2014-02-02T00:00:00Z,0.62830114
2014-02-01T00:00:00Z,0.62884174
2014-01-31T00:00:00Z,0.62916324
2014-01-30T00:00:00Z,0.62770352
2014-01-29T00:00:00Z,0.6223202
2014-01-28T00:00:00Z,0.61795411
2014-01-27T00:00:00Z,0.60370147
2014-01-26T00:00:00Z,0.63875322
2014-01-25T00:00:00Z,0.62776315
2014-01-24T00:00:00Z,0.61914073
2014-01-23T00:00:00Z,0.63354555
2014-01-22T00:00:00Z,0.63767985
2014-01-21T00:00:00Z,0.64196219
2014-01-20T00:00:00Z,0.65055765
2014-01-19T00:00:00Z,0.64998287
2014-01-18T00:00:00Z,0.63856732
2014-01-17T00:00:00Z,0.63077831
2014-01-16T00:00:00Z,0.64112345
2014-01-15T00:00:00Z,0.65404797
2014-01-14T00:00:00Z,0.64436618
2014-01-13T00:00:00Z,0.65077119
2014-01-12T00:00:00Z,0.66557144
2014-01-11T00:00:00Z,0.68194755
2014-01-10T00:00:00Z,0.66887249
2014-01-09T00:00:00Z,0.65816948
2014-01-08T00:00:00Z,0.65640616
2014-01-07T00:00:00Z,0.65417334
2014-01-06T00:00:00Z,0.69361153
2014-01-05T00:00:00Z,0.69367174
2014-01-04T00:00:00Z,0.66878436
2014-01-03T00:00:00Z,0.66639235
2014-01-02T00:00:00Z,0.65798092
2014-01-01T00:00:00Z,0.64508223
2013-12-31T00:00:00Z,0.638769
2013-12-30T00:00:00Z,0.63711309
2013-12-29T00:00:00Z,0.63330438
2013-12-28T00:00:00Z,0.62611412
2013-12-27T00:00:00Z,0.62848724
2013-12-26T00:00:00Z,0.64635954
2013-12-25T00:00:00Z,0.61009623
2013-12-24T00:00:00Z,0.60235594
2013-12-23T00:00:00Z,0.6067147
2013-12-22T00:00:00Z,0.58190102
2013-12-21T00:00:00Z,0.56618884
2013-12-20T00:00:00Z,0.58175498
2013-12-19T00:00:00Z,0.62793075
2013-12-18T00:00:00Z,0.50803477
2013-12-17T00:00:00Z,0.62374176
2013-12-16T00:00:00Z,0.63834291
2013-12-15T00:00:00Z,0.70347168
2013-12-14T00:00:00Z,0.70043045
2013-12-13T00:00:00Z,0.71142824
2013-12-12T00:00:00Z,0.71085399
2013-12-11T00:00:00Z,0.71297329
2013-12-10T00:00:00Z,0.74136293
2013-12-09T00:00:00Z,0.72561899
2013-12-08T00:00:00Z,0.68997458
2013-12-07T00:00:00Z,0.64914978
2013-12-06T00:00:00Z,0.69816409
2013-12-05T00:00:00Z,0.76746909
2013-12-04T00:00:00Z,0.79287017
2013-12-03T00:00:00Z,0.78469358
2013-12-02T00:00:00Z,0.78084545
2013-12-01T00:00:00Z,0.77231354
2013-11-30T00:00:00Z,0.80576292
2013-11-29T00:00:00Z,0.8151507
2013-11-28T00:00:00Z,0.8025821
2013-11-27T00:00:00Z,0.80710393
2013-11-26T00:00:00Z,0.8159235
2013-11-25T00:00:00Z,0.80714141
2013-11-24T00:00:00Z,0.81424056
2013-11-23T00:00:00Z,0.82610963
2013-11-22T00:00:00Z,0.82689312
2013-11-21T00:00:00Z,0.81279281
2013-11-20T00:00:00Z,0.79858808
2013-11-19T00:00:00Z,0.78612233
2013-11-18T00:00:00Z,0.83080822
2013-11-17T00:00:00Z,0.79398917
2013-11-16T00:00:00Z,0.77419302
2013-11-15T00:00:00Z,0.76624759
2013-11-14T00:00:00Z,0.77782747
2013-11-13T00:00:00Z,0.76998584
2013-11-12T00:00:00Z,0.75056753
2013-11-11T00:00:00Z,0.74627969
2013-11-10T00:00:00Z,0.73919943
2013-11-09T00:00:00Z,0.7493379
2013-11-08T00:00:00Z,0.75513692
2013-11-07T00:00:00Z,0.72786664
2013-11-06T00:00:00Z,0.70975013
2013-11-05T00:00:00Z,0.69327662
2013-11-04T00:00:00Z,0.67728017
2013-11-03T00:00:00Z,0.65778086
2013-11-02T00:00:00Z,0.64910243
2013-11-01T00:00:00Z,0.64921357
2013-10-31T00:00:00Z,0.65027679
2013-10-30T00:00:00Z,0.64649005
2013-10-29T00:00:00Z,0.64182638
2013-10-28T00:00:00Z,0.63864003
2013-10-27T00:00:00Z,0.6401802
2013-10-26T00:00:00Z,0.62914958
2013-10-25T00:00:00Z,0.63820659
2013-10-24T00:00:00Z,0.65905202
2013-10-23T00:00:00Z,0.67914986
2013-10-22T00:00:00Z,0.66596208
2013-10-21T00:00:00Z,0.64426195
2013-10-20T00:00:00Z,0.63078487
2013-10-19T00:00:00Z,0.6313559
2013-10-18T00:00:00Z,0.59318542
2013-10-17T00:00:00Z,0.58025763
2013-10-16T00:00:00Z,0.5628645
2013-10-15T00:00:00Z,0.57757976
2013-10-14T00:00:00Z,0.56187462
2013-10-13T00:00:00Z,0.55120457
2013-10-12T00:00:00Z,0.53505069
2013-10-11T00:00:00Z,0.53710311
2013-10-10T00:00:00Z,0.53331533
2013-10-09T00:00:00Z,0.52528745
2013-10-08T00:00:00Z,0.52763635
2013-10-07T00:00:00Z,0.52556541
2013-10-06T00:00:00Z,0.52380987
2013-10-05T00:00:00Z,0.52295716
2013-10-04T00:00:00Z,0.52484091
2013-10-03T00:00:00Z,0.50940777
2013-10-02T00:00:00Z,0.44339232
2013-10-01T00:00:00Z,0.54561521
2013-09-30T00:00:00Z,0.54100209
2013-09-29T00:00:00Z,0.54474182
2013-09-28T00:00:00Z,0.54628257
2013-09-27T00:00:00Z,0.54491711
2013-09-26T00:00:00Z,0.53872102
2013-09-25T00:00:00Z,0.53621264
2013-09-24T00:00:00Z,0.5383905
2013-09-23T00:00:00Z,0.53417754
2013-09-22T00:00:00Z,0.53547367
2013-09-21T00:00:00Z,0.53896335
2013-09-20T00:00:00Z,0.53647242
2013-09-19T00:00:00Z,0.54240321
2013-09-18T00:00:00Z,0.5551941
2013-09-17T00:00:00Z,0.55634353
2013-09-16T00:00:00Z,0.55190675
2013-09-15T00:00:00Z,0.55074248
2013-09-14T00:00:00Z,0.54927856
2013-09-13T00:00:00Z,0.56057412
2013-09-12T00:00:00Z,0.55972982
2013-09-11T00:00:00Z,0.56146302
2013-09-10T00:00:00Z,0.54696452
2013-09-09T00:00:00Z,0.54296491
2013-09-08T00:00:00Z,0.53384873
2013-09-07T00:00:00Z,0.54134884
2013-09-06T00:00:00Z,0.53218637
2013-09-05T00:00:00Z,0.55280253
2013-09-04T00:00:00Z,0.55170346
2013-09-03T00:00:00Z,0.57645088
2013-09-02T00:00:00Z,0.58012522
2013-09-01T00:00:00Z,0.58517257
2013-08-31T00:00:00Z,0.5811863
2013-08-30T00:00:00Z,0.57077253
2013-08-29T00:00:00Z,0.54970495
2013-08-28T00:00:00Z,0.54948446
2013-08-27T00:00:00Z,0.5497472
2013-08-26T00:00:00Z,0.52822527
2013-08-25T00:00:00Z,0.53451443
2013-08-24T00:00:00Z,0.51417463
2013-08-23T00:00:00Z,0.51280202
2013-08-22T00:00:00Z,0.5192731
2013-08-21T00:00:00Z,0.52840446
2013-08-20T00:00:00Z,0.49875889
2013-08-19T00:00:00Z,0.49198208
2013-08-18T00:00:00Z,0.47594375
2013-08-17T00:00:00Z,0.47850953
2013-08-16T00:00:00Z,0.47201376
2013-08-15T00:00:00Z,0.47129097
2013-08-14T00:00:00Z,0.47823679
2013-08-13T00:00:00Z,0.47309534
2013-08-12T00:00:00Z,0.46111305
2013-08-11T00:00:00Z,0.45326556
2013-08-10T00:00:00Z,0.45056379
2013-08-09T00:00:00Z,0.44627127
2013-08-08T00:00:00Z,0.45550611
2013-08-07T00:00:00Z,0.47111678
2013-08-06T00:00:00Z,0.47590252
2013-08-05T00:00:00Z,0.47404009
2013-08-04T00:00:00Z,0.46930791
2013-08-03T00:00:00Z,0.46515446
2013-08-02T00:00:00Z,0.47318747
2013-08-01T00:00:00Z,0.47652082
2013-07-31T00:00:00Z,0.48401707
2013-07-30T00:00:00Z,0.48001073
2013-07-29T00:00:00Z,0.46154162
2013-07-28T00:00:00Z,0.455788
2013-07-27T00:00:00Z,0.42883792
2013-07-26T00:00:00Z,0.44156969
2013-07-25T00:00:00Z,0.44330896
2013-07-24T00:00:00Z,0.4316554
2013-07-23T00:00:00Z,0.4231584
2013-07-22T00:00:00Z,0.41428724
2013-07-21T00:00:00Z,0.41373712
2013-07-20T00:00:00Z,0.40641025
2013-07-19T00:00:00Z,0.41741273
2013-07-18T00:00:00Z,0.40708207
2013-07-17T00:00:00Z,0.44648313
2013-07-16T00:00:00Z,0.44955428
2013-07-15T00:00:00Z,0.46324807
2013-07-14T00:00:00Z,0.44076387
2013-07-13T00:00:00Z,0.45123936
2013-07-12T00:00:00Z,0.43377702
2013-07-11T00:00:00Z,0.42872625
2013-07-10T00:00:00Z,0.40955863
2013-07-09T00:00:00Z,0.33683631
2013-07-08T00:00:00Z,0.33066939
2013-07-07T00:00:00Z,0.30929968
2013-07-06T00:00:00Z,0.24703094
2013-07-05T00:00:00Z,0.25155445
2013-07-04T00:00:00Z,0.35971365
2013-07-03T00:00:00Z,0.3451895
2013-07-02T00:00:00Z,0.42084482
2013-07-01T00:00:00Z,0.39219842
2013-06-30T00:00:00Z,0.43370991
2013-06-29T00:00:00Z,0.42829476
2013-06-28T00:00:00Z,0.42853056
2013-06-27T00:00:00Z,0.471866
2013-06-26T00:00:00Z,0.48497317
2013-06-25T00:00:00Z,0.47880065
2013-06-24T00:00:00Z,0.48483043
2013-06-23T00:00:00Z,0.49394054
2013-06-22T00:00:00Z,0.49304042
2013-06-21T00:00:00Z,0.4978344
2013-06-20T00:00:00Z,0.51372152
2013-06-19T00:00:00Z,0.51713252
2013-06-18T00:00:00Z,0.51232678
2013-06-17T00:00:00Z,0.4949681
2013-06-16T00:00:00Z,0.4859526
2013-06-15T00:00:00Z,0.48959172
2013-06-14T00:00:00Z,0.48742814
2013-06-13T00:00:00Z,0.50651427
2013-06-12T00:00:00Z,0.52361789
2013-06-11T00:00:00Z,0.52693387
2013-06-10T00:00:00Z,0.51348103
2013-06-09T00:00:00Z,0.48708159
2013-06-08T00:00:00Z,0.53462429
2013-06-07T00:00:00Z,0.54088909
2013-06-06T00:00:00Z,0.57395569
2013-06-05T00:00:00Z,0.58313327
2013-06-04T00:00:00Z,0.58188338
2013-06-03T00:00:00Z,0.59230731
2013-06-02T00:00:00Z,0.59493732
2013-06-01T00:00:00Z,0.61132844
2013-05-31T00:00:00Z,0.60967061
2013-05-30T00:00:00Z,0.60738732
2013-05-29T00:00:00Z,0.61974396
2013-05-28T00:00:00Z,0.6069306
2013-05-27T00:00:00Z,0.61004224
2013-05-26T00:00:00Z,0.62121693
2013-05-25T00:00:00Z,0.6198571
2013-05-24T00:00:00Z,0.62320701
2013-05-23T00:00:00Z,0.61035472
2013-05-22T00:00:00Z,0.59590369
2013-05-21T00:00:00Z,0.58953444
2013-05-20T00:00:00Z,0.59385242
2013-05-19T00:00:00Z,0.5951812
2013-05-18T00:00:00Z,0.59666573
2013-05-17T00:00:00Z,0.59557719
2013-05-16T00:00:00Z,0.58762353
2013-05-15T00:00:00Z,0.56516067
2013-05-14T00:00:00Z,0.57699854
2013-05-13T00:00:00Z,0.59979497
2013-05-12T00:00:00Z,0.58788262
2013-05-11T00:00:00Z,0.59322853
2013-05-10T00:00:00Z,0.60301331
2013-05-09T00:00:00Z,0.58400235
2013-05-08T00:00:00Z,0.58723457
2013-05-07T00:00:00Z,0.58381017
2013-05-06T00:00:00Z,0.58411103
2013-05-05T00:00:00Z,0.5997653
2013-05-04T00:00:00Z,0.58483974
2013-05-03T00:00:00Z,0.52867333
2013-05-02T00:00:00Z,0.5554953
2013-05-01T00:00:00Z,0.59633615
2013-04-30T00:00:00Z,0.66287087
2013-04-29T00:00:00Z,0.67699578
2013-04-28T00:00:00Z,0.65816565
2013-04-27T00:00:00Z,0.64127374
2013-04-26T00:00:00Z,0.66781007
2013-04-25T00:00:00Z,0.68026477
2013-04-24T00:00:00Z,0.71539691
2013-04-23T00:00:00Z,0.70494814
2013-04-22T00:00:00Z,0.67070887
2013-04-21T00:00:00Z,0.6502837
2013-04-20T00:00:00Z,0.68018772
2013-04-19T00:00:00Z,0.66318769
2013-04-18T00:00:00Z,0.63301257
2013-04-17T00:00:00Z,0.58543174
2013-04-16T00:00:00Z,0.43095528
2013-04-15T00:00:00Z,0.52558255
2013-04-14T00:00:00Z,0.54766412
2013-04-13T00:00:00Z,0.59505409
2013-04-12T00:00:00Z,0.64476924
2013-04-11T00:00:00Z,0.61330302
2013-04-10T00:00:00Z,0.72424882
2013-04-09T00:00:00Z,0.82828389
2013-04-08T00:00:00Z,0.8158887
2013-04-07T00:00:00Z,0.80464759
2013-04-06T00:00:00Z,0.78673776
2013-04-05T00:00:00Z,0.78978643
2013-04-04T00:00:00Z,0.79123317
2013-04-03T00:00:00Z,0.80176381
2013-04-02T00:00:00Z,0.79323359
2013-04-01T00:00:00Z,0.77544486
2013-03-31T00:00:00Z,0.76397138
2013-03-30T00:00:00Z,0.7650489
2013-03-29T00:00:00Z,0.76847591
2013-03-28T00:00:00Z,0.76380054
2013-03-27T00:00:00Z,0.77795934
2013-03-26T00:00:00Z,0.75906619
2013-03-25T00:00:00Z,0.74955238
2013-03-24T00:00:00Z,0.75103299
2013-03-23T00:00:00Z,0.73009978
2013-03-22T00:00:00Z,0.75351702
2013-03-21T00:00:00Z,0.76433987
2013-03-20T00:00:00Z,0.75334881
2013-03-19T00:00:00Z,0.74007095
2013-03-18T00:00:00Z,0.71350756
2013-03-17T00:00:00Z,0.69376789
2013-03-16T00:00:00Z,0.69358237
2013-03-15T00:00:00Z,0.69542326
2013-03-14T00:00:00Z,0.70021081
2013-03-13T00:00:00Z,0.70218159
2013-03-12T00:00:00Z,0.689594
2013-03-11T00:00:00Z,0.71808874
2013-03-10T00:00:00Z,0.70766958
2013-03-09T00:00:00Z,0.71570945
2013-03-08T00:00:00Z,0.70483832
2013-03-07T00:00:00Z,0.69393811
2013-03-06T00:00:00Z,0.69398592
2013-03-05T00:00:00Z,0.69857658
2013-03-04T00:00:00Z,0.67370478
2013-03-03T00:00:00Z,0.6620612
2013-03-02T00:00:00Z,0.66140767
2013-03-01T00:00:00Z,0.66620688
2013-02-28T00:00:00Z,0.65956468
2013-02-27T00:00:00Z,0.64151331
2013-02-26T00:00:00Z,0.64508911
2013-02-25T00:00:00Z,0.64059775
2013-02-24T00:00:00Z,0.64378047
2013-02-23T00:00:00Z,0.64523271
2013-02-22T00:00:00Z,0.65264963
2013-02-21T00:00:00Z,0.65050804
2013-02-20T00:00:00Z,0.6519828
2013-02-19T00:00:00Z,0.65294499
2013-02-18T00:00:00Z,0.62685694
2013-02-17T00:00:00Z,0.62759944
2013-02-16T00:00:00Z,0.63579995
2013-02-15T00:00:00Z,0.63754985
2013-02-14T00:00:00Z,0.64475627
2013-02-13T00:00:00Z,0.6070007
2013-02-12T00:00:00Z,0.62519231
2013-02-11T00:00:00Z,0.6205852
2013-02-10T00:00:00Z,0.61297441
2013-02-09T00:00:00Z,0.60984961
2013-02-08T00:00:00Z,0.5965851
2013-02-07T00:00:00Z,0.59150168
2013-02-06T00:00:00Z,0.57614361
2013-02-05T00:00:00Z,0.56710462
2013-02-04T00:00:00Z,0.56586976
2013-02-03T00:00:00Z,0.57092238
2013-02-02T00:00:00Z,0.5525864
2013-02-01T00:00:00Z,0.57216576
2013-01-31T00:00:00Z,0.57862807
2013-01-30T00:00:00Z,0.56929107
2013-01-29T00:00:00Z,0.5708715
2013-01-28T00:00:00Z,0.5591238
2013-01-27T00:00:00Z,0.54019842
2013-01-26T00:00:00Z,0.54534503
2013-01-25T00:00:00Z,0.53546569
2013-01-24T00:00:00Z,0.52392057
2013-01-23T00:00:00Z,0.54239989
2013-01-22T00:00:00Z,0.53848737
2013-01-21T00:00:00Z,0.53179865
2013-01-20T00:00:00Z,0.50261701
2013-01-19T00:00:00Z,0.50080749
2013-01-18T00:00:00Z,0.5047065
2013-01-17T00:00:00Z,0.50036737
2013-01-16T00:00:00Z,0.47785283
2013-01-15T00:00:00Z,0.46223831
2013-01-14T00:00:00Z,0.46511609
2013-01-13T00:00:00Z,0.45906576
2013-01-12T00:00:00Z,0.46434553
2013-01-11T00:00:00Z,0.46131585
2013-01-10T00:00:00Z,0.4624644
2013-01-09T00:00:00Z,0.44999749
2013-01-08T00:00:00Z,0.449516
2013-01-07T00:00:00Z,0.44466355
2013-01-06T00:00:00Z,0.43986858
2013-01-05T00:00:00Z,0.4395856
2013-01-04T00:00:00Z,0.44237678
2013-01-03T00:00:00Z,0.43907437
2013-01-02T00:00:00Z,0.4346749
2013-01-01T00:00:00Z,0.43590587
2012-12-31T00:00:00Z,0.44458415
2012-12-30T00:00:00Z,0.44382703
2012-12-29T00:00:00Z,0.44226582
2012-12-28T00:00:00Z,0.44341402
2012-12-27T00:00:00Z,0.44396508
2012-12-26T00:00:00Z,0.44620268
2012-12-25T00:00:00Z,0.44180929
2012-12-24T00:00:00Z,0.44326108
2012-12-23T00:00:00Z,0.44064935
2012-12-22T00:00:00Z,0.44325686
2012-12-21T00:00:00Z,0.44861922
2012-12-20T00:00:00Z,0.45048147
2012-12-19T00:00:00Z,0.45457659
2012-12-18T00:00:00Z,0.44356831
2012-12-17T00:00:00Z,0.44225293
2012-12-16T00:00:00Z,0.44440518
2012-12-15T00:00:00Z,0.45257228
2012-12-14T00:00:00Z,0.45724742
2012-12-13T00:00:00Z,0.46200601
2012-12-12T00:00:00Z,0.46412472
2012-12-11T00:00:00Z,0.46027914
2012-12-10T00:00:00Z,0.45654716
2012-12-09T00:00:00Z,0.45567192
2012-12-08T00:00:00Z,0.45801935
2012-12-07T00:00:00Z,0.46181513
2012-12-06T00:00:00Z,0.45589728
2012-12-05T00:00:00Z,0.4600195
2012-12-04T00:00:00Z,0.46334143
2012-12-03T00:00:00Z,0.43727741
2012-12-02T00:00:00Z,0.43034147
2012-12-01T00:00:00Z,0.43351613
2012-11-30T00:00:00Z,0.43425314
2012-11-29T00:00:00Z,0.43028144
2012-11-28T00:00:00Z,0.42636476
2012-11-27T00:00:00Z,0.42050684
2012-11-26T00:00:00Z,0.42333364
2012-11-25T00:00:00Z,0.43544764
2012-11-24T00:00:00Z,0.43358022
2012-11-23T00:00:00Z,0.43173749
2012-11-22T00:00:00Z,0.4364749
2012-11-21T00:00:00Z,0.40719406
2012-11-20T00:00:00Z,0.40619907
2012-11-19T00:00:00Z,0.41017074
2012-11-18T00:00:00Z,0.40400785
2012-11-17T00:00:00Z,0.41158142
2012-11-16T00:00:00Z,0.4106039
2012-11-15T00:00:00Z,0.38434686
2012-11-14T00:00:00Z,0.37145215
2012-11-13T00:00:00Z,0.3719626
2012-11-12T00:00:00Z,0.37590739
2012-11-11T00:00:00Z,0.36905125
2012-11-10T00:00:00Z,0.37076108
2012-11-09T00:00:00Z,0.36675244
2012-11-08T00:00:00Z,0.37333874
2012-11-07T00:00:00Z,0.37354091
2012-11-06T00:00:00Z,0.37307914
2012-11-05T00:00:00Z,0.3647854
2012-11-04T00:00:00Z,0.36814907
2012-11-03T00:00:00Z,0.35992548
2012-11-02T00:00:00Z,0.34958737
2012-11-01T00:00:00Z,0.35505118
2012-10-31T00:00:00Z,0.39036859
2012-10-30T00:00:00Z,0.37420338
2012-10-29T00:00:00Z,0.35784457
2012-10-28T00:00:00Z,0.3639395
2012-10-27T00:00:00Z,0.33710246
2012-10-26T00:00:00Z,0.33020342
2012-10-25T00:00:00Z,0.37126775
2012-10-24T00:00:00Z,0.41328802
2012-10-23T00:00:00Z,0.414018
2012-10-22T00:00:00Z,0.41736415
2012-10-21T00:00:00Z,0.41378207
2012-10-20T00:00:00Z,0.42086978
2012-10-19T00:00:00Z,0.42118172
2012-10-18T00:00:00Z,0.43118534
2012-10-17T00:00:00Z,0.4259199
2012-10-16T00:00:00Z,0.42918901
2012-10-15T00:00:00Z,0.4293264
2012-10-14T00:00:00Z,0.42519273
2012-10-13T00:00:00Z,0.43155046
2012-10-12T00:00:00Z,0.43823727
2012-10-11T00:00:00Z,0.44009712
2012-10-10T00:00:00Z,0.44459638
2012-10-09T00:00:00Z,0.43493509
2012-10-08T00:00:00Z,0.42934849
2012-10-07T00:00:00Z,0.4317026
2012-10-06T00:00:00Z,0.46305081
2012-10-05T00:00:00Z,0.47111902
2012-10-04T00:00:00Z,0.47830684
2012-10-03T00:00:00Z,0.48144608
2012-10-02T00:00:00Z,0.48144476
2012-10-01T00:00:00Z,0.46554873
2012-09-30T00:00:00Z,0.46644929
2012-09-29T00:00:00Z,0.46590528
2012-09-28T00:00:00Z,0.46840579
2012-09-27T00:00:00Z,0.46723694
2012-09-26T00:00:00Z,0.46705775
2012-09-25T00:00:00Z,0.46522506
2012-09-24T00:00:00Z,0.46238973
2012-09-23T00:00:00Z,0.46751718
2012-09-22T00:00:00Z,0.47026049
2012-09-21T00:00:00Z,0.47693548
2012-09-20T00:00:00Z,0.47538763
2012-09-19T00:00:00Z,0.4902282
2012-09-18T00:00:00Z,0.47992549
2012-09-17T00:00:00Z,0.46660391
2012-09-16T00:00:00Z,0.46726891
2012-09-15T00:00:00Z,0.46332375
2012-09-14T00:00:00Z,0.4614788
2012-09-13T00:00:00Z,0.45016152
2012-09-12T00:00:00Z,0.44940456
2012-09-11T00:00:00Z,0.44904599
2012-09-10T00:00:00Z,0.44237344
2012-09-09T00:00:00Z,0.44364553
2012-09-08T00:00:00Z,0.44591149
2012-09-07T00:00:00Z,0.44494047
2012-09-06T00:00:00Z,0.45440565
2012-09-05T00:00:00Z,0.4470827
2012-09-04T00:00:00Z,0.4169871
2012-09-03T00:00:00Z,0.42613555
2012-09-02T00:00:00Z,0.40893888
2012-09-01T00:00:00Z,0.39553318
2012-08-31T00:00:00Z,0.40606448
2012-08-30T00:00:00Z,0.44457777
2012-08-29T00:00:00Z,0.45197441
2012-08-28T00:00:00Z,0.45403627
2012-08-27T00:00:00Z,0.45649528
2012-08-26T00:00:00Z,0.44527829
2012-08-25T00:00:00Z,0.44190689
2012-08-24T00:00:00Z,0.44716667
2012-08-23T00:00:00Z,0.4224696
2012-08-22T00:00:00Z,0.40650463
2012-08-21T00:00:00Z,0.41380171
2012-08-20T00:00:00Z,0.42458269
2012-08-19T00:00:00Z,0.28361894
2012-08-18T00:00:00Z,0.50086061
2012-08-17T00:00:00Z,0.50156914
2012-08-16T00:00:00Z,0.57323303
2012-08-15T00:00:00Z,0.56926782
2012-08-14T00:00:00Z,0.53591114
2012-08-13T00:00:00Z,0.53268754
2012-08-12T00:00:00Z,0.51909641
2012-08-11T00:00:00Z,0.51574926
2012-08-10T00:00:00Z,0.51212978
2012-08-09T00:00:00Z,0.49980853
2012-08-08T00:00:00Z,0.50115313
2012-08-07T00:00:00Z,0.50597206
2012-08-06T00:00:00Z,0.49657722
2012-08-05T00:00:00Z,0.49917327
2012-08-04T00:00:00Z,0.50677718
2012-08-03T00:00:00Z,0.50878897
2012-08-02T00:00:00Z,0.49203787
2012-08-01T00:00:00Z,0.44636952
2012-07-31T00:00:00Z,0.43679756
2012-07-30T00:00:00Z,0.42431869
2012-07-29T00:00:00Z,0.40048985
2012-07-28T00:00:00Z,0.41370638
2012-07-27T00:00:00Z,0.41583568
2012-07-26T00:00:00Z,0.41731191
2012-07-25T00:00:00Z,0.41322914
2012-07-24T00:00:00Z,0.40130152
2012-07-23T00:00:00Z,0.39183415
2012-07-22T00:00:00Z,0.38992542
2012-07-21T00:00:00Z,0.4203085
2012-07-20T00:00:00Z,0.40043552
2012-07-19T00:00:00Z,0.42461689
2012-07-18T00:00:00Z,0.44230918
2012-07-17T00:00:00Z,0.42614776
2012-07-16T00:00:00Z,0.41351731
2012-07-15T00:00:00Z,0.3513265
2012-07-14T00:00:00Z,0.34528719
2012-07-13T00:00:00Z,0.35123206
2012-07-12T00:00:00Z,0.36178721
2012-07-11T00:00:00Z,0.30971078
2012-07-10T00:00:00Z,0.31598831
2012-07-09T00:00:00Z,0.2924473
2012-07-08T00:00:00Z,0.27083386
2012-07-07T00:00:00Z,0.26799105
2012-07-06T00:00:00Z,0.25492411
2012-07-05T00:00:00Z,0.25796713
2012-07-04T00:00:00Z,0.24070311
2012-07-03T00:00:00Z,0.23438345
2012-07-02T00:00:00Z,0.26916701
2012-07-01T00:00:00Z,0.2559814
2012-06-30T00:00:00Z,0.26314972
2012-06-29T00:00:00Z,0.25934284
2012-06-28T00:00:00Z,0.25510913
2012-06-27T00:00:00Z,0.26045797
2012-06-26T00:00:00Z,0.23572544
2012-06-25T00:00:00Z,0.22306119
2012-06-24T00:00:00Z,0.22868905
2012-06-23T00:00:00Z,0.23837793
2012-06-22T00:00:00Z,0.25272594
2012-06-21T00:00:00Z,0.26861255
2012-06-20T00:00:00Z,0.26880273
2012-06-19T00:00:00Z,0.25007265
2012-06-18T00:00:00Z,0.22878613
2012-06-17T00:00:00Z,0.21144734
2012-06-16T00:00:00Z,0.24131647
2012-06-15T00:00:00Z,0.25444794
2012-06-14T00:00:00Z,0.1902666
2012-06-13T00:00:00Z,0.18738344
2012-06-12T00:00:00Z,0.15646093
2012-06-11T00:00:00Z,0.13886829
2012-06-10T00:00:00Z,0.12321817
2012-06-09T00:00:00Z,0.13777234
2012-06-08T00:00:00Z,0.1493092
2012-06-07T00:00:00Z,0.1440119
2012-06-06T00:00:00Z,0.1247273
2012-06-05T00:00:00Z,0.12225642
2012-06-04T00:00:00Z,0.09445336
2012-06-03T00:00:00Z,0.08421644
2012-06-02T00:00:00Z,0.09190755
2012-06-01T00:00:00Z,0.09660839
2012-05-31T00:00:00Z,0.08089009
2012-05-30T00:00:00Z,0.06855788
2012-05-29T00:00:00Z,0.07120612
2012-05-28T00:00:00Z,0.06869718
2012-05-27T00:00:00Z,0.06928201
2012-05-26T00:00:00Z,0.06310215
2012-05-25T00:00:00Z,0.06807437
2012-05-24T00:00:00Z,0.06348939
2012-05-23T00:00:00Z,0.0645207
2012-05-22T00:00:00Z,0.05743594
2012-05-21T00:00:00Z,0.05720497
2012-05-20T00:00:00Z,0.05258683
2012-05-19T00:00:00Z,0.05071535
2012-05-18T00:00:00Z,0.05415653
2012-05-17T00:00:00Z,0.0491333
2012-05-16T00:00:00Z,0.04589057
2012-05-15T00:00:00Z,0.0349617
2012-05-14T00:00:00Z,0.02928751
2012-05-13T00:00:00Z,0.01398291
2012-05-12T00:00:00Z,0.01611385
2012-05-11T00:00:00Z,0.0215219
2012-05-10T00:00:00Z,-0.00104621
2012-05-09T00:00:00Z,0.03673652
2012-05-08T00:00:00Z,0.03805715
2012-05-07T00:00:00Z,0.0398784
2012-05-06T00:00:00Z,0.03795162
2012-05-05T00:00:00Z,0.04090359
2012-05-04T00:00:00Z,0.03911912
2012-05-03T00:00:00Z,0.05165576
2012-05-02T00:00:00Z,0.04068417
2012-05-01T00:00:00Z,0.02675131
2012-04-30T00:00:00Z,0.01685607
2012-04-29T00:00:00Z,0.00522674
2012-04-28T00:00:00Z,0.01970235
2012-04-27T00:00:00Z,0.04433358
2012-04-26T00:00:00Z,0.04219509
2012-04-25T00:00:00Z,0.04734301
2012-04-24T00:00:00Z,0.04583076
2012-04-23T00:00:00Z,0.01957853
2012-04-22T00:00:00Z,0.0637506
2012-04-21T00:00:00Z,0.07458335
2012-04-20T00:00:00Z,0.09022551
2012-04-19T00:00:00Z,0.05450985
2012-04-18T00:00:00Z,0.05156436
2012-04-17T00:00:00Z,0.02549218
2012-04-16T00:00:00Z,0.01708557
2012-04-15T00:00:00Z,0.02474135
2012-04-14T00:00:00Z,0.02348853
2012-04-13T00:00:00Z,0.01991976
2012-04-12T00:00:00Z,0.01621993
2012-04-11T00:00:00Z,0.01857873
2012-04-10T00:00:00Z,0.00060128
2012-04-09T00:00:00Z,0.00749837
2012-04-08T00:00:00Z,-0.00789506
2012-04-07T00:00:00Z,-0.03056191
2012-04-06T00:00:00Z,0.0234674
2012-04-05T00:00:00Z,0.01791296
2012-04-04T00:00:00Z,0.0163533
2012-04-03T00:00:00Z,0.02470764
2012-04-02T00:00:00Z,0.026009
2012-04-01T00:00:00Z,-0.00325927
2012-03-31T00:00:00Z,0.01326068
2012-03-30T00:00:00Z,0.00363867
2012-03-29T00:00:00Z,-0.02198706
2012-03-28T00:00:00Z,-0.02692412
2012-03-27T00:00:00Z,-0.02196987
2012-03-26T00:00:00Z,-0.06442551
2012-03-25T00:00:00Z,-0.0813031
2012-03-24T00:00:00Z,-0.05341689
2012-03-23T00:00:00Z,-0.05247626
2012-03-22T00:00:00Z,-0.04844212
2012-03-21T00:00:00Z,-0.02576789
2012-03-20T00:00:00Z,-0.02311327
2012-03-19T00:00:00Z,-0.05506196
2012-03-18T00:00:00Z,0.05984624
2012-03-17T00:00:00Z,0.0478094
2012-03-16T00:00:00Z,0.07048857
2012-03-15T00:00:00Z,0.06863774
2012-03-14T00:00:00Z,0.07869007
2012-03-13T00:00:00Z,0.06093933
2012-03-12T00:00:00Z,-0.01060188
2012-03-11T00:00:00Z,-0.0067559
2012-03-10T00:00:00Z,-0.02363526
2012-03-09T00:00:00Z,-0.01811751
2012-03-08T00:00:00Z,-0.00410817
2012-03-07T00:00:00Z,-0.00277833
2012-03-06T00:00:00Z,0.00791771
2012-03-05T00:00:00Z,0.00717449
2012-03-04T00:00:00Z,-0.02618096
2012-03-03T00:00:00Z,-0.07167823
2012-03-02T00:00:00Z,-0.05240646
2012-03-01T00:00:00Z,-0.00729527
2012-02-29T00:00:00Z,-0.01961165
2012-02-28T00:00:00Z,-0.02544861
2012-02-27T00:00:00Z,-0.00693094
2012-02-26T00:00:00Z,-0.01358648
2012-02-25T00:00:00Z,-0.04524727
2012-02-24T00:00:00Z,0.0080233
2012-02-23T00:00:00Z,0.0060268
2012-02-22T00:00:00Z,-0.12458031
2012-02-21T00:00:00Z,-0.16579102
2012-02-20T00:00:00Z,-0.14355038
2012-02-19T00:00:00Z,-0.13793117
2012-02-18T00:00:00Z,-0.18345969
2012-02-17T00:00:00Z,-0.1372067
2012-02-16T00:00:00Z,-0.174656
2012-02-15T00:00:00Z,-0.16430631
2012-02-14T00:00:00Z,-0.13307532
2012-02-13T00:00:00Z,0.03042666
2012-02-12T00:00:00Z,0.06696029
2012-02-11T00:00:00Z,0.08107024
2012-02-10T00:00:00Z,0.13107779
2012-02-09T00:00:00Z,0.1186226
2012-02-08T00:00:00Z,0.08274578
2012-02-07T00:00:00Z,0.09702025
2012-02-06T00:00:00Z,0.05797939
2012-02-05T00:00:00Z,0.0952445
2012-02-04T00:00:00Z,0.1234202
2012-02-03T00:00:00Z,0.135996
2012-02-02T00:00:00Z,0.15616182
2012-02-01T00:00:00Z,0.15359288
2012-01-31T00:00:00Z,0.06419177
2012-01-30T00:00:00Z,0.06430132
2012-01-29T00:00:00Z,0.04479782
2012-01-28T00:00:00Z,0.08563152
2012-01-27T00:00:00Z,0.02765227
2012-01-26T00:00:00Z,0.03480197
2012-01-25T00:00:00Z,0.10093469
2012-01-24T00:00:00Z,0.17719465
2012-01-23T00:00:00Z,0.18625309
2012-01-22T00:00:00Z,0.18089506
2012-01-21T00:00:00Z,0.1641357
2012-01-20T00:00:00Z,0.2041673
2012-01-19T00:00:00Z,0.18861223
2012-01-18T00:00:00Z,0.1313976
2012-01-17T00:00:00Z,0.08139652
2012-01-16T00:00:00Z,0.22852334
2012-01-15T00:00:00Z,0.26454898
2012-01-14T00:00:00Z,0.23846329
2012-01-13T00:00:00Z,0.19996991
2012-01-12T00:00:00Z,0.2465818
2012-01-11T00:00:00Z,0.26136506
2012-01-10T00:00:00Z,0.20134192
2012-01-09T00:00:00Z,0.19675092
2012-01-08T00:00:00Z,0.28794255
2012-01-07T00:00:00Z,0.25928308
2012-01-06T00:00:00Z,0.24908401
2012-01-05T00:00:00Z,0.28014065
2012-01-04T00:00:00Z,0.11444573
2012-01-03T00:00:00Z,-0.00739617
2012-01-02T00:00:00Z,0.05805959
2012-01-01T00:00:00Z,0.06625432
2011-12-31T00:00:00Z,-0.03865879
2011-12-30T00:00:00Z,-0.15234097
2011-12-29T00:00:00Z,-0.17423111
2011-12-28T00:00:00Z,-0.16864288
2011-12-27T00:00:00Z,-0.20090347
2011-12-26T00:00:00Z,-0.21592234
2011-12-25T00:00:00Z,-0.1559457
2011-12-24T00:00:00Z,-0.23966518
2011-12-23T00:00:00Z,-0.23790534
2011-12-22T00:00:00Z,-0.25480707
2011-12-21T00:00:00Z,-0.25385923
2011-12-20T00:00:00Z,-0.23369238
2011-12-19T00:00:00Z,-0.37957724
2011-12-18T00:00:00Z,-0.51825432
2011-12-17T00:00:00Z,-0.51563563
2011-12-16T00:00:00Z,-0.51631682
2011-12-15T00:00:00Z,-0.51651672
2011-12-14T00:00:00Z,-0.54049625
2011-12-13T00:00:00Z,-0.49591286
2011-12-12T00:00:00Z,-0.55068407
2011-12-11T00:00:00Z,-0.49586906
2011-12-10T00:00:00Z,-0.59133052
2011-12-09T00:00:00Z,-0.63423074
2011-12-08T00:00:00Z,-0.62960515
2011-12-07T00:00:00Z,-0.62462299
2011-12-06T00:00:00Z,-0.61306986
2011-12-05T00:00:00Z,-0.69516188
2011-12-04T00:00:00Z,-0.72736415
2011-12-03T00:00:00Z,-0.74841699
2011-12-02T00:00:00Z,-0.57652441
2011-12-01T00:00:00Z,-0.60423169
2011-11-30T00:00:00Z,-0.6519166
2011-11-29T00:00:00Z,-0.77794972
2011-11-28T00:00:00Z,-0.91230618
2011-11-27T00:00:00Z,-0.98725756
2011-11-26T00:00:00Z,-0.99633167
2011-11-25T00:00:00Z,-0.97726803
2011-11-24T00:00:00Z,-1.03737734
2011-11-23T00:00:00Z,-1.12290896
2011-11-22T00:00:00Z,-1.12860434
2011-11-21T00:00:00Z,-1.16397526
2011-11-20T00:00:00Z,-1.25618263
2011-11-19T00:00:00Z,-1.26431084
2011-11-18T00:00:00Z,-1.42318096
2011-11-17T00:00:00Z,-1.23143657
2011-11-16T00:00:00Z,-0.97353259
2011-11-15T00:00:00Z,-1.31220122
2011-11-14T00:00:00Z,-1.42875874
2011-11-13T00:00:00Z,-0.80502115
2011-11-12T00:00:00Z,-0.78590742
2011-11-11T00:00:00Z,-0.75840403
2011-11-10T00:00:00Z,-0.90899713
2011-11-09T00:00:00Z,-0.83965857
2011-11-08T00:00:00Z,-0.84455849
2011-11-07T00:00:00Z,-0.8648769
2011-11-06T00:00:00Z,-0.89610922
2011-11-05T00:00:00Z,-0.89078426
2011-11-04T00:00:00Z,-0.80818227
2011-11-03T00:00:00Z,-0.78584303
2011-11-02T00:00:00Z,-0.73433808
2011-11-01T00:00:00Z,-0.79282469
2011-10-31T00:00:00Z,-0.74070665
2011-10-30T00:00:00Z,-0.73064241
2011-10-29T00:00:00Z,-0.58120341
2011-10-28T00:00:00Z,-0.77547261
2011-10-27T00:00:00Z,-0.86280085
2011-10-26T00:00:00Z,-1.04302794
2011-10-25T00:00:00Z,-1.05289211
2011-10-24T00:00:00Z,-1.23650287
2011-10-23T00:00:00Z,-0.79968648
2011-10-22T00:00:00Z,-0.80733731
2011-10-21T00:00:00Z,-1.22451811
2011-10-20T00:00:00Z,-1.43833259
2011-10-19T00:00:00Z,-1.52560171
2011-10-18T00:00:00Z,-1.38475834
2011-10-17T00:00:00Z,-1.26203184
2011-10-16T00:00:00Z,-0.63992057
2011-10-15T00:00:00Z,-0.52037241
2011-10-14T00:00:00Z,-0.46645172
2011-10-13T00:00:00Z,-0.44797726
2011-10-12T00:00:00Z,-0.41317009
2011-10-11T00:00:00Z,-0.49478804
2011-10-10T00:00:00Z,-0.43772225
2011-10-09T00:00:00Z,-0.43799812
2011-10-08T00:00:00Z,-0.47486824
2011-10-07T00:00:00Z,-0.38527888
2011-10-06T00:00:00Z,-0.25390943
2011-10-05T00:00:00Z,-0.21996101
2011-10-04T00:00:00Z,-0.19907177
2011-10-03T00:00:00Z,-0.18483614
2011-10-02T00:00:00Z,-0.18530213
2011-10-01T00:00:00Z,-0.18577011
2011-09-30T00:00:00Z,-0.1629859
2011-09-29T00:00:00Z,-0.25074467
2011-09-28T00:00:00Z,-0.25335473
2011-09-27T00:00:00Z,-0.21820635
2011-09-26T00:00:00Z,-0.23079293
2011-09-25T00:00:00Z,-0.12600728
2011-09-24T00:00:00Z,-0.10439672
2011-09-23T00:00:00Z,-0.08964568
2011-09-22T00:00:00Z,-0.11404417
2011-09-21T00:00:00Z,-0.07971304
2011-09-20T00:00:00Z,0.00769311
2011-09-19T00:00:00Z,-0.11103109
2011-09-18T00:00:00Z,-0.16786348
2011-09-17T00:00:00Z,-0.2734822
2011-09-16T00:00:00Z,-0.26158132
2011-09-15T00:00:00Z,-0.25971011
2011-09-14T00:00:00Z,-0.08744323
2011-09-13T00:00:00Z,-0.05480848
2011-09-12T00:00:00Z,-0.00946456
2011-09-11T00:00:00Z,-0.04852977
2011-09-10T00:00:00Z,-0.34002782
2011-09-09T00:00:00Z,-0.27445204
2011-09-08T00:00:00Z,0.01466163
2011-09-07T00:00:00Z,0.1013035
2011-09-06T00:00:00Z,0.057875
2011-09-05T00:00:00Z,0.14796625
2011-09-04T00:00:00Z,0.20563647
2011-09-03T00:00:00Z,0.23347196
2011-09-02T00:00:00Z,0.24770116
2011-09-01T00:00:00Z,0.20891219
2011-08-31T00:00:00Z,0.2068778
2011-08-30T00:00:00Z,0.25973969
2011-08-29T00:00:00Z,0.27409394
2011-08-28T00:00:00Z,0.28306408
2011-08-27T00:00:00Z,0.24353993
2011-08-26T00:00:00Z,0.15978607
2011-08-25T00:00:00Z,0.28865427
2011-08-24T00:00:00Z,0.37188172
2011-08-23T00:00:00Z,0.37725551
2011-08-22T00:00:00Z,0.37468426
2011-08-21T00:00:00Z,0.3980017
2011-08-20T00:00:00Z,0.40575302
2011-08-19T00:00:00Z,0.41650654
2011-08-18T00:00:00Z,0.37350438
2011-08-17T00:00:00Z,0.38072397
2011-08-16T00:00:00Z,0.38278245
2011-08-15T00:00:00Z,0.39421795
2011-08-14T00:00:00Z,0.37579088
2011-08-13T00:00:00Z,0.33539614
2011-08-12T00:00:00Z,0.28909526
2011-08-11T00:00:00Z,0.28925818
2011-08-10T00:00:00Z,0.32504399
2011-08-09T00:00:00Z,0.32546733
2011-08-08T00:00:00Z,0.13936084
2011-08-07T00:00:00Z,0.1368936
2011-08-06T00:00:00Z,-0.04611485
2011-08-05T00:00:00Z,0.29189209
2011-08-04T00:00:00Z,0.35191134
2011-08-03T00:00:00Z,0.24760068
2011-08-02T00:00:00Z,0.41616323
2011-08-01T00:00:00Z,0.46222003
2011-07-31T00:00:00Z,0.47247412
2011-07-30T00:00:00Z,0.47946164
2011-07-29T00:00:00Z,0.47928736
2011-07-28T00:00:00Z,0.47968175
2011-07-27T00:00:00Z,0.49612001
2011-07-26T00:00:00Z,0.49500662
2011-07-25T00:00:00Z,0.50168842
2011-07-24T00:00:00Z,0.50020928
2011-07-23T00:00:00Z,0.49023344
2011-07-22T00:00:00Z,0.49137299
2011-07-21T00:00:00Z,0.48854177
2011-07-20T00:00:00Z,0.49185817
2011-07-19T00:00:00Z,0.4927612
2011-07-18T00:00:00Z,0.48038005
2011-07-17T00:00:00Z,0.45025646
2011-07-16T00:00:00Z,0.47305014
2011-07-15T00:00:00Z,0.4768555
2011-07-14T00:00:00Z,0.48419804
2011-07-13T00:00:00Z,0.48342201
2011-07-12T00:00:00Z,0.48652255
2011-07-11T00:00:00Z,0.494286
2011-07-10T00:00:00Z,0.51834095
2011-07-09T00:00:00Z,0.50400641
2011-07-08T00:00:00Z,0.50199982
2011-07-07T00:00:00Z,0.51771554
2011-07-06T00:00:00Z,0.51890891
2011-07-05T00:00:00Z,0.4504694
2011-07-04T00:00:00Z,0.48939318
2011-07-03T00:00:00Z,0.54011374
2011-07-02T00:00:00Z,0.53999576
2011-07-01T00:00:00Z,0.53968505
2011-06-30T00:00:00Z,0.55914038
2011-06-29T00:00:00Z,0.58168232
2011-06-28T00:00:00Z,0.58703018
2011-06-27T00:00:00Z,0.58714391
2011-06-26T00:00:00Z,0.58611753
2011-06-25T00:00:00Z,0.61369175
2011-06-24T00:00:00Z,0.61495006
2011-06-23T00:00:00Z,0.61755208
2011-06-22T00:00:00Z,0.61941603
2011-06-21T00:00:00Z,0.62094819
2011-06-20T00:00:00Z,0.62555002
2011-06-19T00:00:00Z,0.62847049
2011-06-18T00:00:00Z,0.62129569
2011-06-17T00:00:00Z,0.59564945
2011-06-16T00:00:00Z,0.63128953
2011-06-15T00:00:00Z,0.68222894
2011-06-14T00:00:00Z,0.69851458
2011-06-13T00:00:00Z,0.72758789
2011-06-12T00:00:00Z,0.71882771
2011-06-11T00:00:00Z,0.68192388
2011-06-10T00:00:00Z,0.80352362
2011-06-09T00:00:00Z,0.84838552
2011-06-08T00:00:00Z,0.86603925
2011-06-07T00:00:00Z,0.86452566
2011-06-06T00:00:00Z,0.83446095
2011-06-05T00:00:00Z,0.84862144
2011-06-04T00:00:00Z,0.8742586
2011-06-03T00:00:00Z,0.84447608
2011-06-02T00:00:00Z,0.8102657
2011-06-01T00:00:00Z,0.79780798
2011-05-31T00:00:00Z,0.78267868
2011-05-30T00:00:00Z,0.7878583
2011-05-29T00:00:00Z,0.78250722
2011-05-28T00:00:00Z,0.78138042
2011-05-27T00:00:00Z,0.78830918
2011-05-26T00:00:00Z,0.80656416
2011-05-25T00:00:00Z,0.80284114
2011-05-24T00:00:00Z,0.78214154
2011-05-23T00:00:00Z,0.77870331
2011-05-22T00:00:00Z,0.76860156
2011-05-21T00:00:00Z,0.7545246
2011-05-20T00:00:00Z,0.72720978
2011-05-19T00:00:00Z,0.77896724
2011-05-18T00:00:00Z,0.78519729
2011-05-17T00:00:00Z,0.79808633
2011-05-16T00:00:00Z,0.82390365
2011-05-15T00:00:00Z,0.81405221
2011-05-14T00:00:00Z,0.82965757
2011-05-13T00:00:00Z,0.85366974
2011-05-12T00:00:00Z,0.83768078
2011-05-11T00:00:00Z,0.8271908
2011-05-10T00:00:00Z,0.84382421
2011-05-09T00:00:00Z,0.79003537
2011-05-08T00:00:00Z,0.79733468
2011-05-07T00:00:00Z,0.79168956
2011-05-06T00:00:00Z,0.78371142
2011-05-05T00:00:00Z,0.78514542
2011-05-04T00:00:00Z,0.79301818
