Datetime,Realized Price
2026-09-03T00:00:00Z,53141.18299228
2026-09-02T00:00:00Z,53106.74485408
2026-09-01T00:00:00Z,53102.71003027
2026-08-31T00:00:00Z,53092.784471
2026-08-30T00:00:00Z,53074.25921101
2026-08-29T00:00:00Z,53064.73214559
2026-08-28T00:00:00Z,53063.78128233
2026-08-27T00:00:00Z,53044.13109819
2026-08-26T00:00:00Z,53010.73942811
2026-08-25T00:00:00Z,52979.10860185
2026-08-24T00:00:00Z,52932.71896658
2026-08-23T00:00:00Z,52854.40384021
2026-08-22T00:00:00Z,52842.03321977
2026-08-21T00:00:00Z,52812.10948684
2026-08-20T00:00:00Z,52726.63246535
2026-08-19T00:00:00Z,52681.56501801
2026-08-18T00:00:00Z,52677.33679032
2026-08-17T00:00:00Z,52689.26385717
2026-08-16T00:00:00Z,52692.42754494
2026-08-15T00:00:00Z,52706.12487431
2026-08-14T00:00:00Z,52707.42921288
2026-08-13T00:00:00Z,52720.38595273
2026-08-12T00:00:00Z,52724.74902268
2026-08-11T00:00:00Z,52744.41515995
2026-08-10T00:00:00Z,52756.26907384
2026-08-09T00:00:00Z,52763.78160343
2026-08-08T00:00:00Z,52767.71422164
2026-08-07T00:00:00Z,52761.49047832
2026-08-06T00:00:00Z,52771.08374027
2026-08-05T00:00:00Z,52767.59814386
2026-08-04T00:00:00Z,52784.99356979
2026-08-03T00:00:00Z,52791.91887126
2026-08-02T00:00:00Z,52820.50842713
2026-08-01T00:00:00Z,52823.39050645
2026-07-31T00:00:00Z,52873.53521033
2026-07-30T00:00:00Z,52891.32981069
2026-07-29T00:00:00Z,52895.37883305
2026-07-28T00:00:00Z,52897.63750989
2026-07-27T00:00:00Z,52907.9307621
2026-07-26T00:00:00Z,52915.0763611
2026-07-25T00:00:00Z,52914.80029251
2026-07-24T00:00:00Z,52893.02476858
2026-07-23T00:00:00Z,52909.47114708
2026-07-22T00:00:00Z,52916.11913985
2026-07-21T00:00:00Z,52922.41839605
2026-07-20T00:00:00Z,52901.33991238
2026-07-19T00:00:00Z,52893.19359124
2026-07-18T00:00:00Z,52887.53644115
2026-07-17T00:00:00Z,52890.09075008
2026-07-16T00:00:00Z,52903.47324367
2026-07-15T00:00:00Z,52904.36519999
2026-07-14T00:00:00Z,52918.36841438
2026-07-13T00:00:00Z,52941.50124815
2026-07-12T00:00:00Z,53033.08536388
2026-07-11T00:00:00Z,53032.55088394
2026-07-10T00:00:00Z,53031.44698512
2026-07-09T00:00:00Z,53074.68389079
2026-07-08T00:00:00Z,53079.31562201
2026-07-07T00:00:00Z,53096.14853487
2026-07-06T00:00:00Z,53099.98368994
2026-07-05T00:00:00Z,53103.5141797
2026-07-04T00:00:00Z,53103.28843666
2026-07-03T00:00:00Z,53101.36415852
2026-07-02T00:00:00Z,53100.97190435
2026-07-01T00:00:00Z,53113.40753355
2026-06-30T00:00:00Z,53131.39877557
2026-06-29T00:00:00Z,53202.99808231
2026-06-28T00:00:00Z,53254.05606992
2026-06-27T00:00:00Z,53261.86889483
2026-06-26T00:00:00Z,53262.73721027
2026-06-25T00:00:00Z,53319.69089917
2026-06-24T00:00:00Z,53386.84282847
2026-06-23T00:00:00Z,53417.1369896
2026-06-22T00:00:00Z,53452.92219037
2026-06-21T00:00:00Z,53456.30921421
2026-06-20T00:00:00Z,53423.51478404
2026-06-19T00:00:00Z,53423.42187314
2026-06-18T00:00:00Z,53442.16484727
2026-06-17T00:00:00Z,53470.20962353
2026-06-16T00:00:00Z,53481.27603106
2026-06-15T00:00:00Z,53495.46129334
2026-06-14T00:00:00Z,53504.46403016
2026-06-13T00:00:00Z,53502.65972499
2026-06-12T00:00:00Z,53503.20276276
2026-06-11T00:00:00Z,53512.831472
2026-06-10T00:00:00Z,53541.02110928
2026-06-09T00:00:00Z,53586.66197575
2026-06-08T00:00:00Z,53618.79763718
2026-06-07T00:00:00Z,53633.71038676
2026-06-06T00:00:00Z,53628.66159063
2026-06-05T00:00:00Z,53659.96383025
2026-06-04T00:00:00Z,53736.41121501
2026-06-03T00:00:00Z,53817.77721849
2026-06-02T00:00:00Z,53905.4106329
2026-06-01T00:00:00Z,54010.87638078
2026-05-31T00:00:00Z,54049.25245404
2026-05-30T00:00:00Z,54050.23980841
2026-05-29T00:00:00Z,54060.08731643
2026-05-28T00:00:00Z,54100.8598677
2026-05-27T00:00:00Z,54168.78408049
2026-05-26T00:00:00Z,54186.9283946
2026-05-25T00:00:00Z,54201.38463814
2026-05-24T00:00:00Z,54194.84591891
2026-05-23T00:00:00Z,54193.7298446
2026-05-22T00:00:00Z,54199.13840725
2026-05-21T00:00:00Z,54219.50140794
2026-05-20T00:00:00Z,54224.30054944
2026-05-19T00:00:00Z,54229.74231842
2026-05-18T00:00:00Z,54251.5059398
2026-05-17T00:00:00Z,54267.80554118
2026-05-16T00:00:00Z,54267.22142892
2026-05-15T00:00:00Z,54270.9361996
2026-05-14T00:00:00Z,54275.89259273
2026-05-13T00:00:00Z,54274.3978896
2026-05-12T00:00:00Z,54274.71776199
2026-05-11T00:00:00Z,54269.97104841
2026-05-10T00:00:00Z,54259.01433489
2026-05-09T00:00:00Z,54249.74665425
2026-05-08T00:00:00Z,54244.16859062
2026-05-07T00:00:00Z,54241.83072612
2026-05-06T00:00:00Z,54240.36315231
2026-05-05T00:00:00Z,54224.28839804
2026-05-04T00:00:00Z,54197.79528771
2026-05-03T00:00:00Z,54141.29044848
2026-05-02T00:00:00Z,54129.97659124
2026-05-01T00:00:00Z,54125.58755095
2026-04-30T00:00:00Z,54099.57724062
2026-04-29T00:00:00Z,54113.93087023
2026-04-28T00:00:00Z,54134.60907507
2026-04-27T00:00:00Z,54139.43970839
2026-04-26T00:00:00Z,54136.31699968
2026-04-25T00:00:00Z,54129.07153157
2026-04-24T00:00:00Z,54128.21845514
2026-04-23T00:00:00Z,54198.76668127
2026-04-22T00:00:00Z,54199.34067317
2026-04-21T00:00:00Z,54206.69232456
2026-04-20T00:00:00Z,54202.6261502
2026-04-19T00:00:00Z,54212.59281621
2026-04-18T00:00:00Z,54219.60359635
2026-04-17T00:00:00Z,54220.68952506
2026-04-16T00:00:00Z,54194.89241457
2026-04-15T00:00:00Z,54189.04654049
2026-04-14T00:00:00Z,54194.8184706
2026-04-13T00:00:00Z,54188.04334017
2026-04-12T00:00:00Z,54172.86593611
2026-04-11T00:00:00Z,54177.5133042
2026-04-10T00:00:00Z,54163.41895156
2026-04-09T00:00:00Z,54152.01404886
2026-04-08T00:00:00Z,54151.50523048
2026-04-07T00:00:00Z,54138.32611223
2026-04-06T00:00:00Z,54141.59225538
2026-04-05T00:00:00Z,54138.4371136
2026-04-04T00:00:00Z,54125.17165506
2026-04-03T00:00:00Z,54126.84286169
2026-04-02T00:00:00Z,54137.30075408
2026-04-01T00:00:00Z,54172.13902289
2026-03-31T00:00:00Z,54173.06376593
2026-03-30T00:00:00Z,54176.89028984
2026-03-29T00:00:00Z,54210.61605037
2026-03-28T00:00:00Z,54216.74664147
2026-03-27T00:00:00Z,54231.69286586
2026-03-26T00:00:00Z,54284.61392559
2026-03-25T00:00:00Z,54300.2894782
2026-03-24T00:00:00Z,54313.34602373
2026-03-23T00:00:00Z,54356.13669698
2026-03-22T00:00:00Z,54357.31640659
2026-03-21T00:00:00Z,54336.59260709
2026-03-20T00:00:00Z,54336.78309624
2026-03-19T00:00:00Z,54350.47442051
2026-03-18T00:00:00Z,54373.2635988
2026-03-17T00:00:00Z,54399.57942097
2026-03-16T00:00:00Z,54400.69059841
2026-03-15T00:00:00Z,54380.86169861
2026-03-14T00:00:00Z,54375.04168844
2026-03-13T00:00:00Z,54391.55404423
2026-03-12T00:00:00Z,54385.65874715
2026-03-11T00:00:00Z,54402.74569457
2026-03-10T00:00:00Z,54460.03373255
2026-03-09T00:00:00Z,54459.73791353
2026-03-08T00:00:00Z,54468.73555557
2026-03-07T00:00:00Z,54474.11904204
2026-03-06T00:00:00Z,54484.83018621
2026-03-05T00:00:00Z,54537.51005603
2026-03-04T00:00:00Z,54552.0895235
2026-03-03T00:00:00Z,54543.87533358
2026-03-02T00:00:00Z,54554.30213979
2026-03-01T00:00:00Z,54559.52654132
2026-02-28T00:00:00Z,54566.51346078
2026-02-27T00:00:00Z,54576.11749659
2026-02-26T00:00:00Z,54609.59217372
2026-02-25T00:00:00Z,54617.58894801
2026-02-24T00:00:00Z,54627.9563538
2026-02-23T00:00:00Z,54698.36612223
2026-02-22T00:00:00Z,54747.54831603
2026-02-21T00:00:00Z,54752.75340081
2026-02-20T00:00:00Z,54751.87998638
2026-02-19T00:00:00Z,54805.18608671
2026-02-18T00:00:00Z,54824.79834618
2026-02-17T00:00:00Z,54864.28454814
2026-02-16T00:00:00Z,54887.79656231
2026-02-15T00:00:00Z,54915.96814345
2026-02-14T00:00:00Z,54918.66673882
2026-02-13T00:00:00Z,54915.39845542
2026-02-12T00:00:00Z,54953.81151339
2026-02-11T00:00:00Z,55019.73424753
2026-02-10T00:00:00Z,55082.80603475
2026-02-09T00:00:00Z,55128.92126559
2026-02-08T00:00:00Z,55178.68591848
2026-02-07T00:00:00Z,55171.439726
2026-02-06T00:00:00Z,55241.16053662
2026-02-05T00:00:00Z,55321.62560447
2026-02-04T00:00:00Z,55581.13549802
2026-02-03T00:00:00Z,55685.28244317
2026-02-02T00:00:00Z,55786.71711671
2026-02-01T00:00:00Z,55835.50768225
2026-01-31T00:00:00Z,55861.03187897
2026-01-30T00:00:00Z,55907.04674593
2026-01-29T00:00:00Z,55953.40699613
2026-01-28T00:00:00Z,55986.48277604
2026-01-27T00:00:00Z,55989.04413554
2026-01-26T00:00:00Z,55985.55277415
2026-01-25T00:00:00Z,55992.93040476
2026-01-24T00:00:00Z,56003.39830033
2026-01-23T00:00:00Z,56005.76778478
2026-01-22T00:00:00Z,56231.97916785
2026-01-21T00:00:00Z,56240.4740929
2026-01-20T00:00:00Z,56264.19265164
2026-01-19T00:00:00Z,56299.97750917
2026-01-18T00:00:00Z,56301.98746993
2026-01-17T00:00:00Z,56294.40034878
2026-01-16T00:00:00Z,56278.64490754
2026-01-15T00:00:00Z,56268.51496706
2026-01-14T00:00:00Z,56241.73775967
2026-01-13T00:00:00Z,56196.71035247
2026-01-12T00:00:00Z,56156.05658996
2026-01-11T00:00:00Z,56159.04598836
2026-01-10T00:00:00Z,56170.09722919
2026-01-09T00:00:00Z,56168.6094737
2026-01-08T00:00:00Z,56186.44220693
2026-01-07T00:00:00Z,56198.26557652
2026-01-06T00:00:00Z,56184.87589748
2026-01-05T00:00:00Z,56168.48203915
2026-01-04T00:00:00Z,56136.49952846
2026-01-03T00:00:00Z,56129.12445663
2026-01-02T00:00:00Z,56126.21109539
2026-01-01T00:00:00Z,56124.36303416
2025-12-31T00:00:00Z,56127.064632
2025-12-30T00:00:00Z,56156.4411061
2025-12-29T00:00:00Z,56177.02881054
2025-12-28T00:00:00Z,56182.82022091
2025-12-27T00:00:00Z,56192.97849609
2025-12-26T00:00:00Z,56192.95848711
2025-12-25T00:00:00Z,56237.79797863
2025-12-24T00:00:00Z,56232.92259158
2025-12-23T00:00:00Z,56253.75413628
2025-12-22T00:00:00Z,56258.79608909
2025-12-21T00:00:00Z,56253.5481616
2025-12-20T00:00:00Z,56248.11518456
2025-12-19T00:00:00Z,56281.22517118
2025-12-18T00:00:00Z,56285.77014065
2025-12-17T00:00:00Z,56291.79855542
2025-12-16T00:00:00Z,56315.56063173
2025-12-15T00:00:00Z,56324.96214756
2025-12-14T00:00:00Z,56385.20737834
2025-12-13T00:00:00Z,56390.74924092
2025-12-12T00:00:00Z,56389.5144309
2025-12-11T00:00:00Z,56407.5899828
2025-12-10T00:00:00Z,56412.6198282
2025-12-09T00:00:00Z,56337.07615902
2025-12-08T00:00:00Z,56328.75951952
2025-12-07T00:00:00Z,56337.81021821
2025-12-06T00:00:00Z,56340.92477789
2025-12-05T00:00:00Z,56340.08910525
2025-12-04T00:00:00Z,56391.00388168
2025-12-03T00:00:00Z,56387.73762443
2025-12-02T00:00:00Z,56364.96578463
2025-12-01T00:00:00Z,56391.47633783
2025-11-30T00:00:00Z,56428.41311229
2025-11-29T00:00:00Z,56434.52311496
2025-11-28T00:00:00Z,56436.39011133
2025-11-27T00:00:00Z,56449.93142561
2025-11-26T00:00:00Z,56455.07228513
2025-11-25T00:00:00Z,56388.88420055
2025-11-24T00:00:00Z,56396.37691754
2025-11-23T00:00:00Z,56397.54834844
2025-11-22T00:00:00Z,56039.75493994
2025-11-21T00:00:00Z,55897.59556188
2025-11-20T00:00:00Z,56055.05184094
2025-11-19T00:00:00Z,56084.63214595
2025-11-18T00:00:00Z,56135.45169883
2025-11-17T00:00:00Z,56108.44069043
2025-11-16T00:00:00Z,56136.68526917
2025-11-15T00:00:00Z,56146.00889164
2025-11-14T00:00:00Z,56140.52615714
2025-11-13T00:00:00Z,56206.90063457
2025-11-12T00:00:00Z,56226.33490829
2025-11-11T00:00:00Z,56205.17043698
2025-11-10T00:00:00Z,56184.40970398
2025-11-09T00:00:00Z,56140.20807015
2025-11-08T00:00:00Z,56128.53144998
2025-11-07T00:00:00Z,56109.37267161
2025-11-06T00:00:00Z,55953.39610316
2025-11-05T00:00:00Z,55956.9528989
2025-11-04T00:00:00Z,55965.08279496
2025-11-03T00:00:00Z,55991.78783797
2025-11-02T00:00:00Z,55965.05513434
2025-11-01T00:00:00Z,55953.72921898
2025-10-31T00:00:00Z,55915.3364719
2025-10-30T00:00:00Z,55888.77965533
2025-10-29T00:00:00Z,55812.6961138
2025-10-28T00:00:00Z,55739.05648357
2025-10-27T00:00:00Z,55631.03127613
2025-10-26T00:00:00Z,55563.4242402
2025-10-25T00:00:00Z,55516.85250459
2025-10-24T00:00:00Z,55496.56431074
2025-10-23T00:00:00Z,55469.79910039
2025-10-22T00:00:00Z,55426.69588383
2025-10-21T00:00:00Z,55341.42666335
2025-10-20T00:00:00Z,55292.34947732
2025-10-19T00:00:00Z,55272.9027506
2025-10-18T00:00:00Z,55267.19034584
2025-10-17T00:00:00Z,55254.15211051
2025-10-16T00:00:00Z,55224.72067318
2025-10-15T00:00:00Z,55245.85613103
2025-10-14T00:00:00Z,55049.41913725
2025-10-13T00:00:00Z,54956.64498954
2025-10-12T00:00:00Z,54943.43915587
2025-10-11T00:00:00Z,54925.8905298
2025-10-10T00:00:00Z,54929.76721612
2025-10-09T00:00:00Z,54916.46814463
2025-10-08T00:00:00Z,54821.52047834
2025-10-07T00:00:00Z,54722.66810953
2025-10-06T00:00:00Z,54530.67621133
2025-10-05T00:00:00Z,54444.4404941
2025-10-04T00:00:00Z,54396.13700842
2025-10-03T00:00:00Z,54334.48293415
2025-10-02T00:00:00Z,54218.01893657
2025-10-01T00:00:00Z,54105.27811456
2025-09-30T00:00:00Z,53918.15277477
2025-09-29T00:00:00Z,53839.8760353
2025-09-28T00:00:00Z,53791.85208106
2025-09-27T00:00:00Z,53776.34883155
2025-09-26T00:00:00Z,53765.18892355
2025-09-25T00:00:00Z,53745.54714698
2025-09-24T00:00:00Z,53699.80484523
2025-09-23T00:00:00Z,53644.18666699
2025-09-22T00:00:00Z,53591.51012834
2025-09-21T00:00:00Z,53596.66761987
2025-09-20T00:00:00Z,53576.12072247
2025-09-19T00:00:00Z,53553.09783602
2025-09-18T00:00:00Z,53457.18313855
2025-09-17T00:00:00Z,53403.86208657
2025-09-16T00:00:00Z,53332.09321037
2025-09-15T00:00:00Z,53284.26264313
2025-09-14T00:00:00Z,53234.22161639
2025-09-13T00:00:00Z,53215.89279318
2025-09-12T00:00:00Z,53184.17689304
2025-09-11T00:00:00Z,53136.12481148
2025-09-10T00:00:00Z,53086.55040905
2025-09-09T00:00:00Z,53045.65742746
2025-09-08T00:00:00Z,53018.47363275
2025-09-07T00:00:00Z,52983.81282316
2025-09-06T00:00:00Z,52964.10691189
2025-09-05T00:00:00Z,52949.29874707
2025-09-04T00:00:00Z,52836.17102881
2025-09-03T00:00:00Z,52793.95648333
2025-09-02T00:00:00Z,52769.85044933
2025-09-01T00:00:00Z,52744.67890624
2025-08-31T00:00:00Z,52721.99502423
2025-08-30T00:00:00Z,52712.50185512
2025-08-29T00:00:00Z,52699.22168514
2025-08-28T00:00:00Z,52483.11932102
2025-08-27T00:00:00Z,52425.75301241
2025-08-26T00:00:00Z,52400.7600859
2025-08-25T00:00:00Z,52383.14020169
2025-08-24T00:00:00Z,52368.78061024
2025-08-23T00:00:00Z,52357.04348081
2025-08-22T00:00:00Z,52335.16705087
2025-08-21T00:00:00Z,52259.48541211
2025-08-20T00:00:00Z,52235.91534409
2025-08-19T00:00:00Z,52210.99863461
2025-08-18T00:00:00Z,52153.40790024
2025-08-17T00:00:00Z,52151.24147946
2025-08-16T00:00:00Z,52134.91906939
2025-08-15T00:00:00Z,51965.0916597
2025-08-14T00:00:00Z,51929.37366644
2025-08-13T00:00:00Z,51849.26634704
2025-08-12T00:00:00Z,51769.71298303
2025-08-11T00:00:00Z,51703.64048257
2025-08-10T00:00:00Z,51645.11105136
2025-08-09T00:00:00Z,51617.00841152
2025-08-08T00:00:00Z,51598.04410213
2025-08-07T00:00:00Z,51542.55591182
2025-08-06T00:00:00Z,51470.41949268
2025-08-05T00:00:00Z,51452.86701266
2025-08-04T00:00:00Z,51418.14346346
2025-08-03T00:00:00Z,51384.852695
2025-08-02T00:00:00Z,51348.76472635
2025-08-01T00:00:00Z,51339.82849411
2025-07-31T00:00:00Z,51322.69435371
2025-07-30T00:00:00Z,51278.96682052
2025-07-29T00:00:00Z,51209.31663724
2025-07-28T00:00:00Z,51116.01921802
2025-07-27T00:00:00Z,51050.34608725
2025-07-26T00:00:00Z,51020.45417827
2025-07-25T00:00:00Z,50991.30432618
2025-07-24T00:00:00Z,50893.87442164
2025-07-23T00:00:00Z,50820.05384339
2025-07-22T00:00:00Z,50714.96158018
2025-07-21T00:00:00Z,50586.66112987
2025-07-20T00:00:00Z,50495.83948589
2025-07-19T00:00:00Z,50468.22063796
2025-07-18T00:00:00Z,50405.99177193
2025-07-17T00:00:00Z,50313.69531269
2025-07-16T00:00:00Z,50109.69428741
2025-07-15T00:00:00Z,49778.01136996
2025-07-14T00:00:00Z,49693.80045354
2025-07-13T00:00:00Z,49490.66545188
2025-07-12T00:00:00Z,49446.44934369
2025-07-11T00:00:00Z,49364.50156391
2025-07-10T00:00:00Z,49183.00601505
2025-07-09T00:00:00Z,49105.02178595
2025-07-08T00:00:00Z,48988.82934488
2025-07-07T00:00:00Z,48904.97677543
2025-07-06T00:00:00Z,48822.17811177
2025-07-05T00:00:00Z,48804.5660625
2025-07-04T00:00:00Z,48792.92044947
2025-07-03T00:00:00Z,48334.73407363
2025-07-02T00:00:00Z,48253.6830344
2025-07-01T00:00:00Z,48203.88908977
2025-06-30T00:00:00Z,48167.58959115
2025-06-29T00:00:00Z,48046.16384393
2025-06-28T00:00:00Z,48020.55738299
2025-06-27T00:00:00Z,48006.09962122
2025-06-26T00:00:00Z,47898.88748724
2025-06-25T00:00:00Z,47789.41156811
2025-06-24T00:00:00Z,47712.52326691
2025-06-23T00:00:00Z,47643.68810695
2025-06-22T00:00:00Z,47607.39227146
2025-06-21T00:00:00Z,47591.05228867
2025-06-20T00:00:00Z,47578.35140736
2025-06-19T00:00:00Z,47549.15697043
2025-06-18T00:00:00Z,47521.66593669
2025-06-17T00:00:00Z,47485.36472673
2025-06-16T00:00:00Z,47471.09752509
2025-06-15T00:00:00Z,47369.74713494
2025-06-14T00:00:00Z,47349.96869793
2025-06-13T00:00:00Z,47337.84505676
2025-06-12T00:00:00Z,47265.98854681
2025-06-11T00:00:00Z,47245.39499663
2025-06-10T00:00:00Z,47190.9158313
2025-06-09T00:00:00Z,47111.81162594
2025-06-08T00:00:00Z,47067.67326472
2025-06-07T00:00:00Z,47042.14813421
2025-06-06T00:00:00Z,47012.41739475
2025-06-05T00:00:00Z,46989.16200247
2025-06-04T00:00:00Z,46977.96499459
2025-06-03T00:00:00Z,46897.81919053
2025-06-02T00:00:00Z,46788.65262583
2025-06-01T00:00:00Z,46670.23406976
2025-05-31T00:00:00Z,46659.03313197
2025-05-30T00:00:00Z,46655.30528175
2025-05-29T00:00:00Z,46611.81456092
2025-05-28T00:00:00Z,46528.68237687
2025-05-27T00:00:00Z,46461.3219364
2025-05-26T00:00:00Z,46322.99123429
2025-05-25T00:00:00Z,46200.4803793
2025-05-24T00:00:00Z,46175.94842376
2025-05-23T00:00:00Z,46156.07328765
2025-05-22T00:00:00Z,46061.51115093
2025-05-21T00:00:00Z,45929.5863131
2025-05-20T00:00:00Z,45807.8448382
2025-05-19T00:00:00Z,45710.73728908
2025-05-18T00:00:00Z,45608.57974984
2025-05-17T00:00:00Z,45579.40252764
2025-05-16T00:00:00Z,45560.15117902
2025-05-15T00:00:00Z,45498.5925075
2025-05-14T00:00:00Z,45395.86061255
2025-05-13T00:00:00Z,45338.97370425
2025-05-12T00:00:00Z,45215.83969534
2025-05-11T00:00:00Z,45145.83841338
2025-05-10T00:00:00Z,45114.87138787
2025-05-09T00:00:00Z,45090.42110561
2025-05-08T00:00:00Z,44974.72918685
2025-05-07T00:00:00Z,44887.11864758
2025-05-06T00:00:00Z,44824.43344062
2025-05-05T00:00:00Z,44756.67592166
2025-05-04T00:00:00Z,44668.11484126
2025-05-03T00:00:00Z,44662.05293997
2025-05-02T00:00:00Z,44636.84719278
2025-05-01T00:00:00Z,44569.68352143
2025-04-30T00:00:00Z,44508.30039042
2025-04-29T00:00:00Z,44467.44742981
2025-04-28T00:00:00Z,44392.74214821
2025-04-27T00:00:00Z,44333.23894607
2025-04-26T00:00:00Z,44317.20269558
2025-04-25T00:00:00Z,44294.16217861
2025-04-24T00:00:00Z,44145.24005239
2025-04-23T00:00:00Z,44080.80645733
2025-04-22T00:00:00Z,43930.50227606
2025-04-21T00:00:00Z,43872.36944782
2025-04-20T00:00:00Z,43841.61711196
2025-04-19T00:00:00Z,43835.50294206
2025-04-18T00:00:00Z,43833.16126472
2025-04-17T00:00:00Z,43822.6407086
2025-04-16T00:00:00Z,43918.60347297
2025-04-15T00:00:00Z,43905.69982985
2025-04-14T00:00:00Z,43930.67905554
2025-04-13T00:00:00Z,43907.66522401
2025-04-12T00:00:00Z,43887.56216193
2025-04-11T00:00:00Z,43872.37486194
2025-04-10T00:00:00Z,43864.16739812
2025-04-09T00:00:00Z,43832.04180526
2025-04-08T00:00:00Z,43824.96719778
2025-04-07T00:00:00Z,43827.74897733
2025-04-06T00:00:00Z,43831.54198517
2025-04-05T00:00:00Z,43832.83255285
2025-04-04T00:00:00Z,43827.2677243
2025-04-03T00:00:00Z,43816.40709881
2025-04-02T00:00:00Z,43761.30597886
2025-04-01T00:00:00Z,43724.59785375
2025-03-31T00:00:00Z,43726.11340093
2025-03-30T00:00:00Z,43734.43660598
2025-03-29T00:00:00Z,43742.11940221
2025-03-28T00:00:00Z,43748.3968098
2025-03-27T00:00:00Z,43701.60038191
2025-03-26T00:00:00Z,43690.95959812
2025-03-25T00:00:00Z,43676.94968591
2025-03-24T00:00:00Z,43663.90360702
2025-03-23T00:00:00Z,43635.74457695
2025-03-22T00:00:00Z,43629.59998028
2025-03-21T00:00:00Z,43614.01533498
2025-03-20T00:00:00Z,43618.47031814
2025-03-19T00:00:00Z,43591.12960575
2025-03-18T00:00:00Z,43569.71126824
2025-03-17T00:00:00Z,43568.83839441
2025-03-16T00:00:00Z,43571.04431092
2025-03-15T00:00:00Z,43566.4362696
2025-03-14T00:00:00Z,43559.30208071
2025-03-13T00:00:00Z,43539.99740239
2025-03-12T00:00:00Z,43538.10304743
2025-03-11T00:00:00Z,43519.48887825
2025-03-10T00:00:00Z,43519.98112791
2025-03-09T00:00:00Z,43526.7417054
2025-03-08T00:00:00Z,43530.44624229
2025-03-07T00:00:00Z,43529.98275505
2025-03-06T00:00:00Z,43526.07745941
2025-03-05T00:00:00Z,43460.95923834
2025-03-04T00:00:00Z,43439.14701461
2025-03-03T00:00:00Z,43464.81384679
2025-03-02T00:00:00Z,43426.99616527
2025-03-01T00:00:00Z,43393.59821154
2025-02-28T00:00:00Z,43391.69680905
2025-02-27T00:00:00Z,43427.35309855
2025-02-26T00:00:00Z,43421.64054033
2025-02-25T00:00:00Z,43449.39170151
2025-02-24T00:00:00Z,43459.46453431
2025-02-23T00:00:00Z,43441.78483537
2025-02-22T00:00:00Z,43432.59817376
2025-02-21T00:00:00Z,43406.54442931
2025-02-20T00:00:00Z,43379.87237148
2025-02-19T00:00:00Z,43352.56802104
2025-02-18T00:00:00Z,43339.04559169
2025-02-17T00:00:00Z,43324.35856603
2025-02-16T00:00:00Z,43315.7740642
2025-02-15T00:00:00Z,43309.39900637
2025-02-14T00:00:00Z,43289.04154304
2025-02-13T00:00:00Z,43265.46292934
2025-02-12T00:00:00Z,43252.29702208
2025-02-11T00:00:00Z,43237.45432881
2025-02-10T00:00:00Z,43195.34891363
2025-02-09T00:00:00Z,43173.85695624
2025-02-08T00:00:00Z,43100.83013538
2025-02-07T00:00:00Z,43088.23749361
2025-02-06T00:00:00Z,43067.44308247
2025-02-05T00:00:00Z,43010.3952387
2025-02-04T00:00:00Z,42928.33257493
2025-02-03T00:00:00Z,42816.09859966
2025-02-02T00:00:00Z,42790.61801305
2025-02-01T00:00:00Z,42787.40363987
2025-01-31T00:00:00Z,42775.18317239
2025-01-30T00:00:00Z,42733.09749571
2025-01-29T00:00:00Z,42669.6108392
2025-01-28T00:00:00Z,42641.29591743
2025-01-27T00:00:00Z,42590.54021465
2025-01-26T00:00:00Z,42549.48351133
2025-01-25T00:00:00Z,42528.81762074
2025-01-24T00:00:00Z,42503.94823937
2025-01-23T00:00:00Z,42446.21454561
2025-01-22T00:00:00Z,42211.18798255
2025-01-21T00:00:00Z,42098.50274654
2025-01-20T00:00:00Z,41999.88195084
2025-01-19T00:00:00Z,41899.33377944
2025-01-18T00:00:00Z,41847.71905926
2025-01-17T00:00:00Z,41787.72516107
2025-01-16T00:00:00Z,41673.30211665
2025-01-15T00:00:00Z,41567.12279136
2025-01-14T00:00:00Z,41483.97506445
2025-01-13T00:00:00Z,41438.23782377
2025-01-12T00:00:00Z,41427.39169696
2025-01-11T00:00:00Z,41412.49047898
2025-01-10T00:00:00Z,41397.47457109
2025-01-09T00:00:00Z,41373.6299463
2025-01-08T00:00:00Z,41375.83670328
2025-01-07T00:00:00Z,41364.46790293
2025-01-06T00:00:00Z,41259.57154079
2025-01-05T00:00:00Z,41188.71231769
2025-01-04T00:00:00Z,41170.12437887
2025-01-03T00:00:00Z,41144.20691179
2025-01-02T00:00:00Z,41106.06393944
2025-01-01T00:00:00Z,41046.45034405
2024-12-31T00:00:00Z,40984.59609984
2024-12-30T00:00:00Z,40892.98381637
2024-12-29T00:00:00Z,40764.7791268
2024-12-28T00:00:00Z,40710.67018241
2024-12-27T00:00:00Z,40691.32432657
2024-12-26T00:00:00Z,40621.41975174
2024-12-25T00:00:00Z,40576.01478537
2024-12-24T00:00:00Z,40547.78151998
2024-12-23T00:00:00Z,40419.05508957
2024-12-22T00:00:00Z,40098.22250948
2024-12-21T00:00:00Z,40072.66950739
2024-12-20T00:00:00Z,40048.32367837
2024-12-19T00:00:00Z,39946.35236503
2024-12-18T00:00:00Z,39691.78907069
2024-12-17T00:00:00Z,39562.1172286
2024-12-16T00:00:00Z,39326.19610963
2024-12-15T00:00:00Z,39127.89652476
2024-12-14T00:00:00Z,39058.54224899
2024-12-13T00:00:00Z,39014.43469077
2024-12-12T00:00:00Z,38920.74806274
2024-12-11T00:00:00Z,38836.34301458
2024-12-10T00:00:00Z,38687.33588625
2024-12-09T00:00:00Z,38543.2690648
2024-12-08T00:00:00Z,38246.17742284
2024-12-07T00:00:00Z,38207.39458331
2024-12-06T00:00:00Z,38164.32470707
2024-12-05T00:00:00Z,37887.16072259
2024-12-04T00:00:00Z,37433.8838182
2024-12-03T00:00:00Z,37289.37086651
2024-12-02T00:00:00Z,37169.50832216
2024-12-01T00:00:00Z,37047.80079543
2024-11-30T00:00:00Z,37009.36509037
2024-11-29T00:00:00Z,36974.4018709
2024-11-28T00:00:00Z,36866.23766744
2024-11-27T00:00:00Z,36776.07180117
2024-11-26T00:00:00Z,36660.18685974
2024-11-25T00:00:00Z,36570.03114875
2024-11-24T00:00:00Z,36432.21245536
2024-11-23T00:00:00Z,36358.38993045
2024-11-22T00:00:00Z,36205.87205116
2024-11-21T00:00:00Z,35936.09441972
2024-11-20T00:00:00Z,35404.03981416
2024-11-19T00:00:00Z,35201.57014283
2024-11-18T00:00:00Z,34961.90035565
2024-11-17T00:00:00Z,34838.54243467
2024-11-16T00:00:00Z,34802.50574051
2024-11-15T00:00:00Z,34741.79317459
2024-11-14T00:00:00Z,34579.25325318
2024-11-13T00:00:00Z,34334.79416347
2024-11-12T00:00:00Z,34094.23122651
2024-11-11T00:00:00Z,33833.90151263
2024-11-10T00:00:00Z,33624.29517642
2024-11-09T00:00:00Z,33536.56914114
2024-11-08T00:00:00Z,33511.42586344
2024-11-07T00:00:00Z,33429.85641832
2024-11-06T00:00:00Z,33348.54516302
2024-11-05T00:00:00Z,33166.56440372
2024-11-04T00:00:00Z,33140.47863988
2024-11-03T00:00:00Z,33110.58686469
2024-11-02T00:00:00Z,33102.99074032
2024-11-01T00:00:00Z,33089.15363089
2024-10-31T00:00:00Z,33061.51232696
2024-10-30T00:00:00Z,33029.88953308
2024-10-29T00:00:00Z,32981.82239832
2024-10-28T00:00:00Z,32883.84965065
2024-10-27T00:00:00Z,32846.91946506
2024-10-26T00:00:00Z,32836.11854881
2024-10-25T00:00:00Z,32825.86028685
2024-10-24T00:00:00Z,32801.63322617
2024-10-23T00:00:00Z,32777.13959921
2024-10-22T00:00:00Z,32763.14231097
2024-10-21T00:00:00Z,32739.55998923
2024-10-20T00:00:00Z,32648.95679273
2024-10-19T00:00:00Z,32572.63947944
2024-10-18T00:00:00Z,32549.86400355
2024-10-17T00:00:00Z,32510.7098608
2024-10-16T00:00:00Z,32478.33302643
2024-10-15T00:00:00Z,32432.06282386
2024-10-14T00:00:00Z,32354.12940691
2024-10-13T00:00:00Z,32317.30198311
2024-10-12T00:00:00Z,32307.20784634
2024-10-11T00:00:00Z,32280.87364748
2024-10-10T00:00:00Z,32197.30323056
2024-10-09T00:00:00Z,32212.32566756
2024-10-08T00:00:00Z,32201.84219284
2024-10-07T00:00:00Z,31934.84435524
2024-10-06T00:00:00Z,31914.11537307
2024-10-05T00:00:00Z,31906.582488
2024-10-04T00:00:00Z,31899.87051106
2024-10-03T00:00:00Z,31880.59995156
2024-10-02T00:00:00Z,31886.91727367
2024-10-01T00:00:00Z,31895.8942525
2024-09-30T00:00:00Z,31895.44354406
2024-09-29T00:00:00Z,31889.86428844
2024-09-28T00:00:00Z,31880.88943401
2024-09-27T00:00:00Z,31854.07628709
2024-09-26T00:00:00Z,31819.69396736
2024-09-25T00:00:00Z,31782.51681422
2024-09-24T00:00:00Z,31739.85678981
2024-09-23T00:00:00Z,31719.2574235
2024-09-22T00:00:00Z,31677.87764364
2024-09-21T00:00:00Z,31669.74145813
2024-09-20T00:00:00Z,31654.7905657
2024-09-19T00:00:00Z,31603.23848862
2024-09-18T00:00:00Z,31559.10017645
2024-09-17T00:00:00Z,31537.98818019
2024-09-16T00:00:00Z,31516.84098827
2024-09-15T00:00:00Z,31512.33169051
2024-09-14T00:00:00Z,31506.11153511
2024-09-13T00:00:00Z,31497.07474382
2024-09-12T00:00:00Z,31461.29453118
2024-09-11T00:00:00Z,31447.63383496
2024-09-10T00:00:00Z,31452.25815978
2024-09-09T00:00:00Z,31454.47481842
2024-09-08T00:00:00Z,31434.02578232
2024-09-07T00:00:00Z,31436.8636847
2024-09-06T00:00:00Z,31442.53070616
2024-09-05T00:00:00Z,31457.15414098
2024-09-04T00:00:00Z,31467.36857164
2024-09-03T00:00:00Z,31467.49336507
2024-09-02T00:00:00Z,31473.95460149
2024-09-01T00:00:00Z,31477.77384205
2024-08-31T00:00:00Z,31484.32071666
2024-08-30T00:00:00Z,31477.06269955
2024-08-29T00:00:00Z,31476.61678228
2024-08-28T00:00:00Z,31432.07837782
2024-08-27T00:00:00Z,31448.97292685
2024-08-26T00:00:00Z,31458.45599724
2024-08-25T00:00:00Z,31442.74354023
2024-08-24T00:00:00Z,31435.2860414
2024-08-23T00:00:00Z,31407.85390518
2024-08-22T00:00:00Z,31375.77885961
2024-08-21T00:00:00Z,31361.19091837
2024-08-20T00:00:00Z,31351.82252904
2024-08-19T00:00:00Z,31348.27132663
2024-08-18T00:00:00Z,31351.18410339
2024-08-17T00:00:00Z,31345.74913843
2024-08-16T00:00:00Z,31344.33754251
2024-08-15T00:00:00Z,31344.24947139
2024-08-14T00:00:00Z,31351.16871904
2024-08-13T00:00:00Z,31353.47653072
2024-08-12T00:00:00Z,31361.97700145
2024-08-11T00:00:00Z,31355.98999806
2024-08-10T00:00:00Z,31356.08116003
2024-08-09T00:00:00Z,31315.6541756
2024-08-08T00:00:00Z,31284.46574752
2024-08-07T00:00:00Z,31258.70232954
2024-08-06T00:00:00Z,31251.50477381
2024-08-05T00:00:00Z,31266.28536178
2024-08-04T00:00:00Z,31366.49782821
2024-08-03T00:00:00Z,31372.1617612
2024-08-02T00:00:00Z,31371.04765965
2024-08-01T00:00:00Z,31371.39218279
2024-07-31T00:00:00Z,31360.05725788
2024-07-30T00:00:00Z,31352.99518762
2024-07-29T00:00:00Z,31340.73266759
2024-07-28T00:00:00Z,31290.40473856
2024-07-27T00:00:00Z,31281.3208626
2024-07-26T00:00:00Z,31252.42350286
2024-07-25T00:00:00Z,31208.45255276
2024-07-24T00:00:00Z,31204.24887361
2024-07-23T00:00:00Z,31185.74405721
2024-07-22T00:00:00Z,31085.53690781
2024-07-21T00:00:00Z,31050.78913445
2024-07-20T00:00:00Z,31034.15371686
2024-07-19T00:00:00Z,31012.24144523
2024-07-18T00:00:00Z,30943.43365338
2024-07-17T00:00:00Z,30913.73381676
2024-07-16T00:00:00Z,30878.98341414
2024-07-15T00:00:00Z,30844.80473916
2024-07-14T00:00:00Z,30789.40624547
2024-07-13T00:00:00Z,30773.11548572
2024-07-12T00:00:00Z,30762.85469651
2024-07-11T00:00:00Z,30756.36685968
2024-07-10T00:00:00Z,30757.12077415
2024-07-09T00:00:00Z,30741.7747982
2024-07-08T00:00:00Z,30720.04235585
2024-07-07T00:00:00Z,30746.49642569
2024-07-06T00:00:00Z,30741.52198881
2024-07-05T00:00:00Z,30739.03853446
2024-07-04T00:00:00Z,30743.53838786
2024-07-03T00:00:00Z,30735.29092969
2024-07-02T00:00:00Z,30710.27058528
2024-07-01T00:00:00Z,30708.93745165
2024-06-30T00:00:00Z,30681.96993636
2024-06-29T00:00:00Z,30674.57208266
2024-06-28T00:00:00Z,30670.97646289
2024-06-27T00:00:00Z,30665.11800207
2024-06-26T00:00:00Z,30610.88072036
2024-06-25T00:00:00Z,30608.41644256
2024-06-24T00:00:00Z,30612.08448584
2024-06-23T00:00:00Z,30630.93325026
2024-06-22T00:00:00Z,30629.02466464
2024-06-21T00:00:00Z,30540.26812622
2024-06-20T00:00:00Z,30520.49691241
2024-06-19T00:00:00Z,30513.2396287
2024-06-18T00:00:00Z,30497.12054297
2024-06-17T00:00:00Z,30498.72936639
2024-06-16T00:00:00Z,30487.19297651
2024-06-15T00:00:00Z,30480.33436334
2024-06-14T00:00:00Z,30466.46820011
2024-06-13T00:00:00Z,30457.51395184
2024-06-12T00:00:00Z,30449.62086266
2024-06-11T00:00:00Z,30418.70330993
2024-06-10T00:00:00Z,30355.45477488
2024-06-09T00:00:00Z,30337.02154097
2024-06-08T00:00:00Z,30325.09553391
2024-06-07T00:00:00Z,30312.6905588
2024-06-06T00:00:00Z,30273.22805448
2024-06-05T00:00:00Z,30188.9128476
2024-06-04T00:00:00Z,30138.0893853
2024-06-03T00:00:00Z,30096.46283295
2024-06-02T00:00:00Z,30038.833634
2024-06-01T00:00:00Z,30025.8477403
2024-05-31T00:00:00Z,30016.12260251
2024-05-30T00:00:00Z,29998.01449346
2024-05-29T00:00:00Z,29975.66832824
2024-05-28T00:00:00Z,29960.01441623
2024-05-27T00:00:00Z,29450.54000942
2024-05-26T00:00:00Z,29411.44132713
2024-05-25T00:00:00Z,29389.37245075
2024-05-24T00:00:00Z,29375.61699609
2024-05-23T00:00:00Z,29352.89779774
2024-05-22T00:00:00Z,29318.81920872
2024-05-21T00:00:00Z,29276.42583657
2024-05-20T00:00:00Z,29195.01696536
2024-05-19T00:00:00Z,29147.47571332
2024-05-18T00:00:00Z,29129.8917525
2024-05-17T00:00:00Z,29117.71807971
2024-05-16T00:00:00Z,29083.55556985
2024-05-15T00:00:00Z,29043.62812714
2024-05-14T00:00:00Z,28958.54520856
2024-05-13T00:00:00Z,28942.66345574
2024-05-12T00:00:00Z,28921.83353785
2024-05-11T00:00:00Z,28909.10759853
2024-05-10T00:00:00Z,28900.95328075
2024-05-09T00:00:00Z,28898.28551979
2024-05-08T00:00:00Z,28887.77953522
2024-05-07T00:00:00Z,28866.17427507
2024-05-06T00:00:00Z,28853.4147472
2024-05-05T00:00:00Z,28827.0998959
2024-05-04T00:00:00Z,28817.66077572
2024-05-03T00:00:00Z,28800.79231749
2024-05-02T00:00:00Z,28785.07242564
2024-05-01T00:00:00Z,28790.50894174
2024-04-30T00:00:00Z,28825.32061343
2024-04-29T00:00:00Z,28812.11867415
2024-04-28T00:00:00Z,28797.30222678
2024-04-27T00:00:00Z,28768.39769096
2024-04-26T00:00:00Z,28754.99319132
2024-04-25T00:00:00Z,28748.09844156
2024-04-24T00:00:00Z,28737.38709604
2024-04-23T00:00:00Z,28596.20836422
2024-04-22T00:00:00Z,28578.85984982
2024-04-21T00:00:00Z,28549.07803969
2024-04-20T00:00:00Z,28536.76287718
2024-04-19T00:00:00Z,28529.49877637
2024-04-18T00:00:00Z,28493.02039329
2024-04-17T00:00:00Z,28462.67243575
2024-04-16T00:00:00Z,28465.10551759
2024-04-15T00:00:00Z,28441.16470593
2024-04-14T00:00:00Z,28425.00107032
2024-04-13T00:00:00Z,28423.56979915
2024-04-12T00:00:00Z,28428.52628066
2024-04-11T00:00:00Z,28397.13536906
2024-04-10T00:00:00Z,28364.29382047
2024-04-09T00:00:00Z,28342.3496351
2024-04-08T00:00:00Z,28309.06602287
2024-04-07T00:00:00Z,28243.47220631
2024-04-06T00:00:00Z,28222.03152
2024-04-05T00:00:00Z,28192.04275675
2024-04-04T00:00:00Z,28173.21997367
2024-04-03T00:00:00Z,28143.99820039
2024-04-02T00:00:00Z,28103.8341621
2024-04-01T00:00:00Z,28021.820662
2024-03-31T00:00:00Z,27877.53728294
2024-03-30T00:00:00Z,27854.90489415
2024-03-29T00:00:00Z,27832.73751305
2024-03-28T00:00:00Z,27803.3325763
2024-03-27T00:00:00Z,27684.49772559
2024-03-26T00:00:00Z,27641.01477667
2024-03-25T00:00:00Z,27590.07171079
2024-03-24T00:00:00Z,27316.37010365
2024-03-23T00:00:00Z,27289.8692289
2024-03-22T00:00:00Z,27013.84448726
2024-03-21T00:00:00Z,26949.2625016
2024-03-20T00:00:00Z,26877.66170835
2024-03-19T00:00:00Z,26851.59937297
2024-03-18T00:00:00Z,26862.90022921
2024-03-17T00:00:00Z,26810.24844995
2024-03-16T00:00:00Z,26740.15759888
2024-03-15T00:00:00Z,26716.6652305
2024-03-14T00:00:00Z,26670.72518079
2024-03-13T00:00:00Z,26554.61932125
2024-03-12T00:00:00Z,26072.04174511
2024-03-11T00:00:00Z,25935.01459129
2024-03-10T00:00:00Z,25703.43031385
2024-03-09T00:00:00Z,25642.85133075
2024-03-08T00:00:00Z,25589.22553076
2024-03-07T00:00:00Z,25431.37830962
2024-03-06T00:00:00Z,25242.77019533
2024-03-05T00:00:00Z,24856.08471371
2024-03-04T00:00:00Z,24644.60985148
2024-03-03T00:00:00Z,24473.40326974
2024-03-02T00:00:00Z,24439.69954372
2024-03-01T00:00:00Z,24415.16362593
2024-02-29T00:00:00Z,24251.82158229
2024-02-28T00:00:00Z,24113.68384859
2024-02-27T00:00:00Z,23780.69133766
2024-02-26T00:00:00Z,23654.77609127
2024-02-25T00:00:00Z,23600.48738923
2024-02-24T00:00:00Z,23586.29472091
2024-02-23T00:00:00Z,23572.16161704
2024-02-22T00:00:00Z,23527.74748023
2024-02-21T00:00:00Z,23481.46523919
2024-02-20T00:00:00Z,23449.36772365
2024-02-19T00:00:00Z,23424.94671852
2024-02-18T00:00:00Z,23347.58476764
2024-02-17T00:00:00Z,23326.78847874
2024-02-16T00:00:00Z,23310.09137966
2024-02-15T00:00:00Z,23272.00656718
2024-02-14T00:00:00Z,23220.09896581
2024-02-13T00:00:00Z,23099.05583978
2024-02-12T00:00:00Z,23060.59867882
2024-02-11T00:00:00Z,23004.51753787
2024-02-10T00:00:00Z,22982.99280118
2024-02-09T00:00:00Z,22963.83462993
2024-02-08T00:00:00Z,22920.26538619
2024-02-07T00:00:00Z,22888.14345292
2024-02-06T00:00:00Z,22870.88202436
2024-02-05T00:00:00Z,22841.20901035
2024-02-04T00:00:00Z,22827.62186037
2024-02-03T00:00:00Z,22821.71215719
2024-02-02T00:00:00Z,22817.35743447
2024-02-01T00:00:00Z,22802.93708017
2024-01-31T00:00:00Z,22797.00693811
2024-01-30T00:00:00Z,22761.65487897
2024-01-29T00:00:00Z,22703.45021112
2024-01-28T00:00:00Z,22685.24781218
2024-01-27T00:00:00Z,22677.20329594
2024-01-26T00:00:00Z,22667.19894247
2024-01-25T00:00:00Z,22651.33529173
2024-01-24T00:00:00Z,22633.39248541
2024-01-23T00:00:00Z,22590.41296216
2024-01-22T00:00:00Z,22586.30509466
2024-01-21T00:00:00Z,22585.07908343
2024-01-20T00:00:00Z,22581.93960253
2024-01-19T00:00:00Z,22578.82558485
2024-01-18T00:00:00Z,22567.77487374
2024-01-17T00:00:00Z,22520.81036231
2024-01-16T00:00:00Z,22510.28255305
2024-01-15T00:00:00Z,22403.93125159
2024-01-14T00:00:00Z,22397.97867843
2024-01-13T00:00:00Z,22394.59185288
2024-01-12T00:00:00Z,22392.98458708
2024-01-11T00:00:00Z,22389.25205246
2024-01-10T00:00:00Z,22344.67696951
2024-01-09T00:00:00Z,22314.77240461
2024-01-08T00:00:00Z,22262.53691514
2024-01-07T00:00:00Z,22230.39216889
2024-01-06T00:00:00Z,22219.95303004
2024-01-05T00:00:00Z,22209.38063009
2024-01-04T00:00:00Z,22180.33811074
2024-01-03T00:00:00Z,22013.01908985
2024-01-02T00:00:00Z,21987.35322215
2024-01-01T00:00:00Z,21940.34431787
2023-12-31T00:00:00Z,21930.34828589
2023-12-30T00:00:00Z,21916.89919599
2023-12-29T00:00:00Z,21904.61643419
2023-12-28T00:00:00Z,21874.96055537
2023-12-27T00:00:00Z,21857.57254627
2023-12-26T00:00:00Z,21791.25507503
2023-12-25T00:00:00Z,21760.15763579
2023-12-24T00:00:00Z,21751.51147229
2023-12-23T00:00:00Z,21724.04823074
2023-12-22T00:00:00Z,21709.72080359
2023-12-21T00:00:00Z,21683.32739402
2023-12-20T00:00:00Z,21660.88595645
2023-12-19T00:00:00Z,21626.16024674
2023-12-18T00:00:00Z,21597.14665938
2023-12-17T00:00:00Z,21572.98020475
2023-12-16T00:00:00Z,21568.06123578
2023-12-15T00:00:00Z,21552.4237914
2023-12-14T00:00:00Z,21519.17236506
2023-12-13T00:00:00Z,21496.06237892
2023-12-12T00:00:00Z,21479.36596281
2023-12-11T00:00:00Z,21435.87121492
2023-12-10T00:00:00Z,21417.92275975
2023-12-09T00:00:00Z,21406.69308807
2023-12-08T00:00:00Z,21385.35464542
2023-12-07T00:00:00Z,21355.19649154
2023-12-06T00:00:00Z,21317.0822657
2023-12-05T00:00:00Z,21243.68236314
2023-12-04T00:00:00Z,21195.77603211
2023-12-03T00:00:00Z,21130.29159866
2023-12-02T00:00:00Z,21115.28497092
2023-12-01T00:00:00Z,21101.80053133
2023-11-30T00:00:00Z,21071.66489287
2023-11-29T00:00:00Z,21058.85133884
2023-11-28T00:00:00Z,21040.84141058
2023-11-27T00:00:00Z,21025.11073605
2023-11-26T00:00:00Z,21020.0087036
2023-11-25T00:00:00Z,21012.29593483
2023-11-24T00:00:00Z,21005.56425719
2023-11-23T00:00:00Z,20991.21322813
2023-11-22T00:00:00Z,20979.82506736
2023-11-21T00:00:00Z,20964.22967276
2023-11-20T00:00:00Z,20936.38346323
2023-11-19T00:00:00Z,20915.13887899
2023-11-18T00:00:00Z,20907.34552761
2023-11-17T00:00:00Z,20901.22282758
2023-11-16T00:00:00Z,20890.29594467
2023-11-15T00:00:00Z,20871.00890726
2023-11-14T00:00:00Z,20852.39644813
2023-11-13T00:00:00Z,20843.76679205
2023-11-12T00:00:00Z,20831.0993471
2023-11-11T00:00:00Z,20823.61185061
2023-11-10T00:00:00Z,20813.29258418
2023-11-09T00:00:00Z,20785.35538538
2023-11-08T00:00:00Z,20730.8781253
2023-11-07T00:00:00Z,20712.39211489
2023-11-06T00:00:00Z,20695.46099222
2023-11-05T00:00:00Z,20681.56408605
2023-11-04T00:00:00Z,20674.39381921
2023-11-03T00:00:00Z,20665.57307646
2023-11-02T00:00:00Z,20649.06938933
2023-11-01T00:00:00Z,20627.74657537
2023-10-31T00:00:00Z,20591.48403218
2023-10-30T00:00:00Z,20575.62661012
2023-10-29T00:00:00Z,20557.68759397
2023-10-28T00:00:00Z,20548.1327199
2023-10-27T00:00:00Z,20536.51032488
2023-10-26T00:00:00Z,20521.8119523
2023-10-25T00:00:00Z,20485.4790302
2023-10-24T00:00:00Z,20455.28441677
2023-10-23T00:00:00Z,20382.51579455
2023-10-22T00:00:00Z,20352.45594085
2023-10-21T00:00:00Z,20347.73818798
2023-10-20T00:00:00Z,20342.21654822
2023-10-19T00:00:00Z,20327.32715572
2023-10-18T00:00:00Z,20336.40112777
2023-10-17T00:00:00Z,20329.18334333
2023-10-16T00:00:00Z,20323.42371136
2023-10-15T00:00:00Z,20314.15828719
2023-10-14T00:00:00Z,20313.01587259
2023-10-13T00:00:00Z,20303.35549091
2023-10-12T00:00:00Z,20304.24743496
2023-10-11T00:00:00Z,20307.8797869
2023-10-10T00:00:00Z,20309.48854801
2023-10-09T00:00:00Z,20309.11444191
2023-10-08T00:00:00Z,20303.24962987
2023-10-07T00:00:00Z,20301.77521449
2023-10-06T00:00:00Z,20295.77093178
2023-10-05T00:00:00Z,20289.47516048
2023-10-04T00:00:00Z,20290.59339728
2023-10-03T00:00:00Z,20284.78978878
2023-10-02T00:00:00Z,20283.20089239
2023-10-01T00:00:00Z,20276.196316
2023-09-30T00:00:00Z,20274.38248879
2023-09-29T00:00:00Z,20271.52033419
2023-09-28T00:00:00Z,20267.58305099
2023-09-27T00:00:00Z,20266.2012802
2023-09-26T00:00:00Z,20267.95499893
2023-09-25T00:00:00Z,20268.86445366
2023-09-24T00:00:00Z,20270.69240457
2023-09-23T00:00:00Z,20270.51798899
2023-09-22T00:00:00Z,20270.57409238
2023-09-21T00:00:00Z,20271.21191648
2023-09-20T00:00:00Z,20272.84885016
2023-09-19T00:00:00Z,20273.53579233
2023-09-18T00:00:00Z,20258.90956431
2023-09-17T00:00:00Z,20251.575731
2023-09-16T00:00:00Z,20250.86193598
2023-09-15T00:00:00Z,20250.18543021
2023-09-14T00:00:00Z,20247.8378029
2023-09-13T00:00:00Z,20241.08683501
2023-09-12T00:00:00Z,20241.38357204
2023-09-11T00:00:00Z,20243.37774399
2023-09-10T00:00:00Z,20250.18973513
2023-09-09T00:00:00Z,20250.79570534
2023-09-08T00:00:00Z,20253.26333401
2023-09-07T00:00:00Z,20254.15137977
2023-09-06T00:00:00Z,20257.07229505
2023-09-05T00:00:00Z,20261.06771936
2023-09-04T00:00:00Z,20266.47796536
2023-09-03T00:00:00Z,20268.52611521
2023-09-02T00:00:00Z,20270.24100854
2023-09-01T00:00:00Z,20271.79620735
2023-08-31T00:00:00Z,20279.99199988
2023-08-30T00:00:00Z,20283.19350149
2023-08-29T00:00:00Z,20280.80227378
2023-08-28T00:00:00Z,20291.65042779
2023-08-27T00:00:00Z,20295.51034772
2023-08-26T00:00:00Z,20293.5379118
2023-08-25T00:00:00Z,20295.47689085
2023-08-24T00:00:00Z,20303.37151387
2023-08-23T00:00:00Z,20311.91866249
2023-08-22T00:00:00Z,20315.94320978
2023-08-21T00:00:00Z,20323.54356541
2023-08-20T00:00:00Z,20332.86973908
2023-08-19T00:00:00Z,20333.91086296
2023-08-18T00:00:00Z,20337.30636888
2023-08-17T00:00:00Z,20355.68238837
2023-08-16T00:00:00Z,20363.70687959
2023-08-15T00:00:00Z,20363.88742652
2023-08-14T00:00:00Z,20362.13860627
2023-08-13T00:00:00Z,20359.22131328
2023-08-12T00:00:00Z,20356.37084692
2023-08-11T00:00:00Z,20353.04615912
2023-08-10T00:00:00Z,20349.30886122
2023-08-09T00:00:00Z,20348.55187625
2023-08-08T00:00:00Z,20342.82455507
2023-08-07T00:00:00Z,20340.79604534
2023-08-06T00:00:00Z,20341.13106591
2023-08-05T00:00:00Z,20339.39143388
2023-08-04T00:00:00Z,20339.0445135
2023-08-03T00:00:00Z,20337.35126671
2023-08-02T00:00:00Z,20336.60543059
2023-08-01T00:00:00Z,20340.65818856
2023-07-31T00:00:00Z,20341.41321879
2023-07-30T00:00:00Z,20342.91739464
2023-07-29T00:00:00Z,20342.48916293
2023-07-28T00:00:00Z,20341.27212091
2023-07-27T00:00:00Z,20403.92743294
2023-07-26T00:00:00Z,20420.61962867
2023-07-25T00:00:00Z,20420.27707247
2023-07-24T00:00:00Z,20421.10860597
2023-07-23T00:00:00Z,20423.07837522
2023-07-22T00:00:00Z,20419.99032584
2023-07-21T00:00:00Z,20417.06514548
2023-07-20T00:00:00Z,20425.43621309
2023-07-19T00:00:00Z,20421.36015153
2023-07-18T00:00:00Z,20410.18874203
2023-07-17T00:00:00Z,20400.95201135
2023-07-16T00:00:00Z,20405.56391627
2023-07-15T00:00:00Z,20403.70993805
2023-07-14T00:00:00Z,20403.6848716
2023-07-13T00:00:00Z,20396.39678492
2023-07-12T00:00:00Z,20394.19574216
2023-07-11T00:00:00Z,20386.31392819
2023-07-10T00:00:00Z,20375.24841298
2023-07-09T00:00:00Z,20368.71949931
2023-07-08T00:00:00Z,20365.53711177
2023-07-07T00:00:00Z,20362.83601603
2023-07-06T00:00:00Z,20359.72364307
2023-07-05T00:00:00Z,20380.46866686
2023-07-04T00:00:00Z,20376.19049456
2023-07-03T00:00:00Z,20368.63799006
2023-07-02T00:00:00Z,20359.05517622
2023-07-01T00:00:00Z,20353.46131451
2023-06-30T00:00:00Z,20325.42426693
2023-06-29T00:00:00Z,20307.2784687
2023-06-28T00:00:00Z,20306.25499467
2023-06-27T00:00:00Z,20286.63761036
2023-06-26T00:00:00Z,20264.51802287
2023-06-25T00:00:00Z,20252.42808929
2023-06-24T00:00:00Z,20244.90729177
2023-06-23T00:00:00Z,20232.13964112
2023-06-22T00:00:00Z,20211.60567277
2023-06-21T00:00:00Z,20189.85462211
2023-06-20T00:00:00Z,20161.74278611
2023-06-19T00:00:00Z,20161.79249082
2023-06-18T00:00:00Z,20174.44693731
2023-06-17T00:00:00Z,20167.50369365
2023-06-16T00:00:00Z,20166.24519881
2023-06-15T00:00:00Z,20165.09099709
2023-06-14T00:00:00Z,20173.63806023
2023-06-13T00:00:00Z,20172.87737061
2023-06-12T00:00:00Z,20173.92089813
2023-06-11T00:00:00Z,20177.31272232
2023-06-10T00:00:00Z,20178.03248741
2023-06-09T00:00:00Z,20184.60879059
2023-06-08T00:00:00Z,20183.94201044
2023-06-07T00:00:00Z,20183.2502195
2023-06-06T00:00:00Z,20181.40176369
2023-06-05T00:00:00Z,20180.99383546
2023-06-04T00:00:00Z,20186.48362659
2023-06-03T00:00:00Z,20185.95371558
2023-06-02T00:00:00Z,20186.06476491
2023-06-01T00:00:00Z,20182.5764564
2023-05-31T00:00:00Z,20179.26351635
2023-05-30T00:00:00Z,20179.20391945
2023-05-29T00:00:00Z,20170.55429175
2023-05-28T00:00:00Z,20163.54218624
2023-05-27T00:00:00Z,20157.56402087
2023-05-26T00:00:00Z,20157.25076762
2023-05-25T00:00:00Z,20156.05100179
2023-05-24T00:00:00Z,20145.22185496
2023-05-23T00:00:00Z,20148.71004971
2023-05-22T00:00:00Z,20144.04409013
2023-05-21T00:00:00Z,20117.21915682
2023-05-20T00:00:00Z,20116.25969928
2023-05-19T00:00:00Z,20114.98130497
2023-05-18T00:00:00Z,20118.66450958
2023-05-17T00:00:00Z,20119.91600165
2023-05-16T00:00:00Z,20119.02724409
2023-05-15T00:00:00Z,20112.78855041
2023-05-14T00:00:00Z,20089.90641019
2023-05-13T00:00:00Z,20087.67254426
2023-05-12T00:00:00Z,20087.58330763
2023-05-11T00:00:00Z,20090.000565
2023-05-10T00:00:00Z,20094.49438548
2023-05-09T00:00:00Z,20094.51084301
2023-05-08T00:00:00Z,20098.68964872
2023-05-07T00:00:00Z,20091.68021891
2023-05-06T00:00:00Z,19988.71794744
2023-05-05T00:00:00Z,19987.02386254
2023-05-04T00:00:00Z,19980.18068601
2023-05-03T00:00:00Z,19976.46874381
2023-05-02T00:00:00Z,19945.55606006
2023-05-01T00:00:00Z,19941.43934869
2023-04-30T00:00:00Z,19944.85039341
2023-04-29T00:00:00Z,19942.66156235
2023-04-28T00:00:00Z,19934.72468273
2023-04-27T00:00:00Z,19924.28245121
2023-04-26T00:00:00Z,19916.55310316
2023-04-25T00:00:00Z,19901.44946137
2023-04-24T00:00:00Z,19902.10523528
2023-04-23T00:00:00Z,19903.9263349
2023-04-22T00:00:00Z,19899.68185915
2023-04-21T00:00:00Z,19900.67904563
2023-04-20T00:00:00Z,19897.78807562
2023-04-19T00:00:00Z,19898.94100575
2023-04-18T00:00:00Z,19885.22145579
2023-04-17T00:00:00Z,19870.75795246
2023-04-16T00:00:00Z,19869.61464802
2023-04-15T00:00:00Z,19865.17149416
2023-04-14T00:00:00Z,19861.51159149
2023-04-13T00:00:00Z,19839.32498418
2023-04-12T00:00:00Z,19822.29571299
2023-04-11T00:00:00Z,19815.72125936
2023-04-10T00:00:00Z,19779.07485628
2023-04-09T00:00:00Z,19766.80742913
2023-04-08T00:00:00Z,19764.61359034
2023-04-07T00:00:00Z,19762.18512231
2023-04-06T00:00:00Z,19766.365777
2023-04-05T00:00:00Z,19764.7924434
2023-04-04T00:00:00Z,19746.77098882
2023-04-03T00:00:00Z,19740.76839231
2023-04-02T00:00:00Z,19734.28862308
2023-04-01T00:00:00Z,19731.28244669
2023-03-31T00:00:00Z,19722.14102637
2023-03-30T00:00:00Z,19704.29588144
2023-03-29T00:00:00Z,20003.62248199
2023-03-28T00:00:00Z,19986.65872507
2023-03-27T00:00:00Z,19981.61110203
2023-03-26T00:00:00Z,19952.7725455
2023-03-25T00:00:00Z,19944.73592237
2023-03-24T00:00:00Z,19942.75751795
2023-03-23T00:00:00Z,19933.14742661
2023-03-22T00:00:00Z,19906.04081472
2023-03-21T00:00:00Z,19891.60658965
2023-03-20T00:00:00Z,19871.76978245
2023-03-19T00:00:00Z,19850.59789094
2023-03-18T00:00:00Z,19837.77692815
2023-03-17T00:00:00Z,19824.54755612
2023-03-16T00:00:00Z,19779.04594748
2023-03-15T00:00:00Z,19768.84005652
2023-03-14T00:00:00Z,19756.52527805
2023-03-13T00:00:00Z,19725.21570459
2023-03-12T00:00:00Z,19698.45224629
2023-03-11T00:00:00Z,19699.83785366
2023-03-10T00:00:00Z,19703.91004445
2023-03-09T00:00:00Z,19724.64471725
2023-03-08T00:00:00Z,19736.10553241
2023-03-07T00:00:00Z,19741.27844868
2023-03-06T00:00:00Z,19808.15966611
2023-03-05T00:00:00Z,19812.76150597
2023-03-04T00:00:00Z,19824.53232949
2023-03-03T00:00:00Z,19826.37103876
2023-03-02T00:00:00Z,19834.10458757
2023-03-01T00:00:00Z,19836.65226014
2023-02-28T00:00:00Z,19845.24377867
2023-02-27T00:00:00Z,19862.22998717
2023-02-26T00:00:00Z,19858.56877783
2023-02-25T00:00:00Z,19857.32405246
2023-02-24T00:00:00Z,19861.48162239
2023-02-23T00:00:00Z,19863.80790221
2023-02-22T00:00:00Z,19858.64179685
2023-02-21T00:00:00Z,19863.60240605
2023-02-20T00:00:00Z,19859.94090435
2023-02-19T00:00:00Z,19854.84884614
2023-02-18T00:00:00Z,19851.29550679
2023-02-17T00:00:00Z,19847.03716797
2023-02-16T00:00:00Z,19842.33767402
2023-02-15T00:00:00Z,19822.95969084
2023-02-14T00:00:00Z,19814.46109918
2023-02-13T00:00:00Z,19814.66558011
2023-02-12T00:00:00Z,19818.41652176
2023-02-11T00:00:00Z,19819.55258725
2023-02-10T00:00:00Z,19820.74256931
2023-02-09T00:00:00Z,19829.12947047
2023-02-08T00:00:00Z,19829.85492851
2023-02-07T00:00:00Z,19826.07532797
2023-02-06T00:00:00Z,19824.23507852
2023-02-05T00:00:00Z,19822.21180698
2023-02-04T00:00:00Z,19821.8733452
2023-02-03T00:00:00Z,19814.40350098
2023-02-02T00:00:00Z,19809.02618661
2023-02-01T00:00:00Z,19800.13408068
2023-01-31T00:00:00Z,19780.99571592
2023-01-30T00:00:00Z,19774.92181926
2023-01-29T00:00:00Z,19770.6175604
2023-01-28T00:00:00Z,19764.43004375
2023-01-27T00:00:00Z,19761.10725344
2023-01-26T00:00:00Z,19772.50628937
2023-01-25T00:00:00Z,19781.32187682
2023-01-24T00:00:00Z,19775.6997854
2023-01-23T00:00:00Z,19769.25894436
2023-01-22T00:00:00Z,19764.18703071
2023-01-21T00:00:00Z,19756.94413015
2023-01-20T00:00:00Z,19743.48016822
2023-01-19T00:00:00Z,19734.33150012
2023-01-18T00:00:00Z,19740.45347142
2023-01-17T00:00:00Z,19740.08835605
2023-01-16T00:00:00Z,19727.33665671
2023-01-15T00:00:00Z,19718.21834109
2023-01-14T00:00:00Z,19714.95906963
2023-01-13T00:00:00Z,19700.97140021
2023-01-12T00:00:00Z,19690.61433843
2023-01-11T00:00:00Z,19682.2769128
2023-01-10T00:00:00Z,19698.79254962
2023-01-09T00:00:00Z,19709.62624447
2023-01-08T00:00:00Z,19710.81164273
2023-01-07T00:00:00Z,19713.02760487
2023-01-06T00:00:00Z,19717.76214399
2023-01-05T00:00:00Z,19729.56619037
2023-01-04T00:00:00Z,19736.73569674
2023-01-03T00:00:00Z,19748.1590791
2023-01-02T00:00:00Z,19757.10506844
2023-01-01T00:00:00Z,19758.84500838
2022-12-31T00:00:00Z,19762.33402753
2022-12-30T00:00:00Z,19804.09180913
2022-12-29T00:00:00Z,19812.01924365
2022-12-28T00:00:00Z,19832.20456864
2022-12-27T00:00:00Z,19859.7872137
2022-12-26T00:00:00Z,19869.88967697
2022-12-25T00:00:00Z,19872.65190976
2022-12-24T00:00:00Z,19883.59081641
2022-12-23T00:00:00Z,19887.81551667
2022-12-22T00:00:00Z,19896.20352332
2022-12-21T00:00:00Z,19903.74722155
2022-12-20T00:00:00Z,19918.44997136
2022-12-19T00:00:00Z,19923.85638703
2022-12-18T00:00:00Z,19951.70825111
2022-12-17T00:00:00Z,19955.54506735
2022-12-16T00:00:00Z,19963.97007998
2022-12-15T00:00:00Z,19973.7238249
2022-12-14T00:00:00Z,19980.02888174
2022-12-13T00:00:00Z,19995.29443568
2022-12-12T00:00:00Z,20006.21084346
2022-12-11T00:00:00Z,20011.65359286
2022-12-10T00:00:00Z,20018.17510941
2022-12-09T00:00:00Z,20018.67807401
2022-12-08T00:00:00Z,20035.59921961
2022-12-07T00:00:00Z,20045.61306516
2022-12-06T00:00:00Z,20050.0424104
2022-12-05T00:00:00Z,20068.31149339
2022-12-04T00:00:00Z,20123.43766968
2022-12-03T00:00:00Z,20134.15443037
2022-12-02T00:00:00Z,20139.20860672
2022-12-01T00:00:00Z,20152.83255448
2022-11-30T00:00:00Z,20161.15583518
2022-11-29T00:00:00Z,20172.11607544
2022-11-28T00:00:00Z,20180.88008097
2022-11-27T00:00:00Z,20208.75889933
2022-11-26T00:00:00Z,20213.63633202
2022-11-25T00:00:00Z,20226.12540664
2022-11-24T00:00:00Z,20239.11190894
2022-11-23T00:00:00Z,20251.34931191
2022-11-22T00:00:00Z,20241.80343235
2022-11-21T00:00:00Z,20270.81591627
2022-11-20T00:00:00Z,20306.97218026
2022-11-19T00:00:00Z,20320.97996762
2022-11-18T00:00:00Z,20332.7457162
2022-11-17T00:00:00Z,20556.77731188
2022-11-16T00:00:00Z,20642.51347499
2022-11-15T00:00:00Z,20689.57433301
2022-11-14T00:00:00Z,20727.14161941
2022-11-13T00:00:00Z,20762.38453399
2022-11-12T00:00:00Z,20775.89365408
2022-11-11T00:00:00Z,20826.82594625
2022-11-10T00:00:00Z,20862.08465798
2022-11-09T00:00:00Z,20903.79206392
2022-11-08T00:00:00Z,21006.47112702
2022-11-07T00:00:00Z,21040.81187963
2022-11-06T00:00:00Z,21095.85989976
2022-11-05T00:00:00Z,21104.23900597
2022-11-04T00:00:00Z,21102.82805409
2022-11-03T00:00:00Z,21077.5733276
2022-11-02T00:00:00Z,21081.04398893
2022-11-01T00:00:00Z,21086.14361011
2022-10-31T00:00:00Z,21091.97892231
2022-10-30T00:00:00Z,21097.66277542
2022-10-29T00:00:00Z,21102.49361459
2022-10-28T00:00:00Z,21101.60700328
2022-10-27T00:00:00Z,21105.18616847
2022-10-26T00:00:00Z,21103.89532226
2022-10-25T00:00:00Z,21094.7611536
2022-10-24T00:00:00Z,21089.79579713
2022-10-23T00:00:00Z,21093.44567686
2022-10-22T00:00:00Z,21095.1712085
2022-10-21T00:00:00Z,21108.83340789
2022-10-20T00:00:00Z,21114.56934638
2022-10-19T00:00:00Z,21121.5442738
2022-10-18T00:00:00Z,21132.68390378
2022-10-17T00:00:00Z,21119.90542681
2022-10-16T00:00:00Z,21138.81776674
2022-10-15T00:00:00Z,21142.2483386
2022-10-14T00:00:00Z,21145.63809774
2022-10-13T00:00:00Z,21150.2549584
2022-10-12T00:00:00Z,21157.73311823
2022-10-11T00:00:00Z,21181.26407366
2022-10-10T00:00:00Z,21189.8454227
2022-10-09T00:00:00Z,21199.22892541
2022-10-08T00:00:00Z,21201.23404276
2022-10-07T00:00:00Z,21215.10541991
2022-10-06T00:00:00Z,21220.2259773
2022-10-05T00:00:00Z,21225.55948009
2022-10-04T00:00:00Z,21231.31901557
2022-10-03T00:00:00Z,21234.52498299
2022-10-02T00:00:00Z,21239.26545793
2022-10-01T00:00:00Z,21243.30432608
2022-09-30T00:00:00Z,21247.20657717
2022-09-29T00:00:00Z,21260.39488158
2022-09-28T00:00:00Z,21269.31453582
2022-09-27T00:00:00Z,21287.24994885
2022-09-26T00:00:00Z,21296.66244593
2022-09-25T00:00:00Z,21301.11421984
2022-09-24T00:00:00Z,21306.39707872
2022-09-23T00:00:00Z,21309.17418538
2022-09-22T00:00:00Z,21316.94907098
2022-09-21T00:00:00Z,21323.43982273
2022-09-20T00:00:00Z,21337.34427634
2022-09-19T00:00:00Z,21354.46154617
2022-09-18T00:00:00Z,21375.57160593
2022-09-17T00:00:00Z,21381.66333852
2022-09-16T00:00:00Z,21385.24888346
2022-09-15T00:00:00Z,21393.99029649
2022-09-14T00:00:00Z,21420.78191785
2022-09-13T00:00:00Z,21445.87274136
2022-09-12T00:00:00Z,21500.32795832
2022-09-11T00:00:00Z,21496.89205954
2022-09-10T00:00:00Z,21500.50824554
2022-09-09T00:00:00Z,21499.33870566
2022-09-08T00:00:00Z,21488.44967045
2022-09-07T00:00:00Z,21500.05254073
2022-09-06T00:00:00Z,21514.54334649
2022-09-05T00:00:00Z,21540.91242255
2022-09-04T00:00:00Z,21547.29182677
2022-09-03T00:00:00Z,21545.6487763
2022-09-02T00:00:00Z,21549.50380364
2022-09-01T00:00:00Z,21564.65085675
2022-08-31T00:00:00Z,21580.65429679
2022-08-30T00:00:00Z,21589.61658222
2022-08-29T00:00:00Z,21616.40353938
2022-08-28T00:00:00Z,21619.39316897
2022-08-27T00:00:00Z,21620.2227945
2022-08-26T00:00:00Z,21636.87542647
2022-08-25T00:00:00Z,21649.82123476
2022-08-24T00:00:00Z,21658.99884787
2022-08-23T00:00:00Z,21666.69947206
2022-08-22T00:00:00Z,21673.8021637
2022-08-21T00:00:00Z,21688.5776424
2022-08-20T00:00:00Z,21691.02375985
2022-08-19T00:00:00Z,21697.20906575
2022-08-18T00:00:00Z,21737.74099443
2022-08-17T00:00:00Z,21740.23260526
2022-08-16T00:00:00Z,21751.70284123
2022-08-15T00:00:00Z,21754.01251897
2022-08-14T00:00:00Z,21760.35460914
2022-08-13T00:00:00Z,21762.15037728
2022-08-12T00:00:00Z,21761.14898438
2022-08-11T00:00:00Z,21758.26235999
2022-08-10T00:00:00Z,21758.53133717
2022-08-09T00:00:00Z,21745.43116597
2022-08-08T00:00:00Z,21773.79018203
2022-08-07T00:00:00Z,21769.7761993
2022-08-06T00:00:00Z,21770.3185971
2022-08-05T00:00:00Z,21769.76819081
2022-08-04T00:00:00Z,21770.40527624
2022-08-03T00:00:00Z,21789.27787116
2022-08-02T00:00:00Z,21792.20466393
2022-08-01T00:00:00Z,21801.08340016
2022-07-31T00:00:00Z,21802.79953212
2022-07-30T00:00:00Z,21808.79752292
2022-07-29T00:00:00Z,21807.5865844
2022-07-28T00:00:00Z,21806.45583126
2022-07-27T00:00:00Z,21793.83333015
2022-07-26T00:00:00Z,21787.97650275
2022-07-25T00:00:00Z,21811.16639572
2022-07-24T00:00:00Z,21836.59293948
2022-07-23T00:00:00Z,21841.21369913
2022-07-22T00:00:00Z,21856.40750816
2022-07-21T00:00:00Z,21889.49813238
2022-07-20T00:00:00Z,21931.78572121
2022-07-19T00:00:00Z,21919.05782197
2022-07-18T00:00:00Z,21948.66711485
2022-07-17T00:00:00Z,21947.29042967
2022-07-16T00:00:00Z,21950.0008484
2022-07-15T00:00:00Z,21950.4305904
2022-07-14T00:00:00Z,22032.19080482
2022-07-13T00:00:00Z,22052.61924031
2022-07-12T00:00:00Z,22060.35260545
2022-07-11T00:00:00Z,22077.49804153
2022-07-10T00:00:00Z,22148.67025819
2022-07-09T00:00:00Z,22155.41513975
2022-07-08T00:00:00Z,22187.73551481
2022-07-07T00:00:00Z,22194.98490755
2022-07-06T00:00:00Z,22199.26679919
2022-07-05T00:00:00Z,22243.50777963
2022-07-04T00:00:00Z,22254.09139858
2022-07-03T00:00:00Z,22256.96990604
2022-07-02T00:00:00Z,22271.50671066
2022-07-01T00:00:00Z,22285.54526504
2022-06-30T00:00:00Z,22315.77557424
2022-06-29T00:00:00Z,22400.50550669
2022-06-28T00:00:00Z,22426.05245914
2022-06-27T00:00:00Z,22446.983032
2022-06-26T00:00:00Z,22475.32088826
2022-06-25T00:00:00Z,22479.14623051
2022-06-24T00:00:00Z,22474.31200308
2022-06-23T00:00:00Z,22496.28752547
2022-06-22T00:00:00Z,22507.80001433
2022-06-21T00:00:00Z,22553.99770291
2022-06-20T00:00:00Z,22588.98013793
2022-06-19T00:00:00Z,22611.64676886
2022-06-18T00:00:00Z,22621.05685328
2022-06-17T00:00:00Z,22732.31680715
2022-06-16T00:00:00Z,22806.74199222
2022-06-15T00:00:00Z,22890.70342593
2022-06-14T00:00:00Z,23021.74693211
2022-06-13T00:00:00Z,23197.27417065
2022-06-12T00:00:00Z,23420.18940967
2022-06-11T00:00:00Z,23441.94742307
2022-06-10T00:00:00Z,23468.18335265
2022-06-09T00:00:00Z,23489.39659334
2022-06-08T00:00:00Z,23519.79789988
2022-06-07T00:00:00Z,23529.84542481
2022-06-06T00:00:00Z,23568.25722714
2022-06-05T00:00:00Z,23576.11297831
2022-06-04T00:00:00Z,23582.51048423
2022-06-03T00:00:00Z,23604.38887243
2022-06-02T00:00:00Z,23625.06451235
2022-06-01T00:00:00Z,23680.78887608
2022-05-31T00:00:00Z,23712.72500982
2022-05-30T00:00:00Z,23694.97316416
2022-05-29T00:00:00Z,23686.67178996
2022-05-28T00:00:00Z,23687.14488238
2022-05-27T00:00:00Z,23689.23607743
2022-05-26T00:00:00Z,23733.98607401
2022-05-25T00:00:00Z,23757.0345458
2022-05-24T00:00:00Z,23763.68655139
2022-05-23T00:00:00Z,23776.46648232
2022-05-22T00:00:00Z,23797.71032877
2022-05-21T00:00:00Z,23797.86509623
2022-05-20T00:00:00Z,23803.34652425
2022-05-19T00:00:00Z,23834.44032026
2022-05-18T00:00:00Z,23862.49665983
2022-05-17T00:00:00Z,23893.55716166
2022-05-16T00:00:00Z,23912.16629238
2022-05-15T00:00:00Z,23935.12788193
2022-05-14T00:00:00Z,23937.11710151
2022-05-13T00:00:00Z,23908.5676876
2022-05-12T00:00:00Z,23944.19932281
2022-05-11T00:00:00Z,24024.02971101
2022-05-10T00:00:00Z,24155.88237792
2022-05-09T00:00:00Z,24217.00957878
2022-05-08T00:00:00Z,24348.54917183
2022-05-07T00:00:00Z,24374.13842443
2022-05-06T00:00:00Z,24385.34393881
2022-05-05T00:00:00Z,24411.30911896
2022-05-04T00:00:00Z,24447.29799023
2022-05-03T00:00:00Z,24429.60117902
2022-05-02T00:00:00Z,24461.76913696
2022-05-01T00:00:00Z,24493.76434786
2022-04-30T00:00:00Z,24506.03587458
2022-04-29T00:00:00Z,24513.72455211
2022-04-28T00:00:00Z,24532.90830919
2022-04-27T00:00:00Z,24532.79825504
2022-04-26T00:00:00Z,24535.770915
2022-04-25T00:00:00Z,24563.39171901
2022-04-24T00:00:00Z,24575.9198409
2022-04-23T00:00:00Z,24579.49467082
2022-04-22T00:00:00Z,24582.35502408
2022-04-21T00:00:00Z,24605.78035246
2022-04-20T00:00:00Z,24552.95458027
2022-04-19T00:00:00Z,24545.37715584
2022-04-18T00:00:00Z,24535.83544859
2022-04-17T00:00:00Z,24541.50652408
2022-04-16T00:00:00Z,24542.54063019
2022-04-15T00:00:00Z,24544.88795125
2022-04-14T00:00:00Z,24542.99592525
2022-04-13T00:00:00Z,24523.28484542
2022-04-12T00:00:00Z,24517.72837744
2022-04-11T00:00:00Z,24495.47514902
2022-04-10T00:00:00Z,24532.66279926
2022-04-09T00:00:00Z,24532.01191927
2022-04-08T00:00:00Z,24534.88444789
2022-04-07T00:00:00Z,24542.46305829
2022-04-06T00:00:00Z,24554.0105115
2022-04-05T00:00:00Z,24581.86986734
2022-04-04T00:00:00Z,24572.35515414
2022-04-03T00:00:00Z,24561.70415728
2022-04-02T00:00:00Z,24553.70921748
2022-04-01T00:00:00Z,24549.37316169
2022-03-31T00:00:00Z,24529.19236149
2022-03-30T00:00:00Z,24531.81990739
2022-03-29T00:00:00Z,24514.59164408
2022-03-28T00:00:00Z,24465.45634453
2022-03-27T00:00:00Z,24381.1364054
2022-03-26T00:00:00Z,24360.6484809
2022-03-25T00:00:00Z,24354.86276575
2022-03-24T00:00:00Z,24232.24478484
2022-03-23T00:00:00Z,24204.67511507
2022-03-22T00:00:00Z,24196.9284455
2022-03-21T00:00:00Z,24169.43767721
2022-03-20T00:00:00Z,24168.623746
2022-03-19T00:00:00Z,24167.29485792
2022-03-18T00:00:00Z,24157.36890875
2022-03-17T00:00:00Z,24146.34638641
2022-03-16T00:00:00Z,24156.52205044
2022-03-15T00:00:00Z,24132.12617442
2022-03-14T00:00:00Z,24139.27814597
2022-03-13T00:00:00Z,24138.66249009
2022-03-12T00:00:00Z,24141.67530581
2022-03-11T00:00:00Z,24138.222493
2022-03-10T00:00:00Z,24117.0684728
2022-03-09T00:00:00Z,24149.0958805
2022-03-08T00:00:00Z,24130.40760706
2022-03-07T00:00:00Z,24127.57862515
2022-03-06T00:00:00Z,24135.79686876
2022-03-05T00:00:00Z,24138.54021952
2022-03-04T00:00:00Z,24143.87602166
2022-03-03T00:00:00Z,24169.88353248
2022-03-02T00:00:00Z,24149.9545562
2022-03-01T00:00:00Z,24134.39562875
2022-02-28T00:00:00Z,24102.34854969
2022-02-27T00:00:00Z,24044.58363658
2022-02-26T00:00:00Z,24044.55034297
2022-02-25T00:00:00Z,24048.01143294
2022-02-24T00:00:00Z,24050.32487668
2022-02-23T00:00:00Z,24087.5694864
2022-02-22T00:00:00Z,24077.3672039
2022-02-21T00:00:00Z,24092.8835002
2022-02-20T00:00:00Z,24108.81087463
2022-02-19T00:00:00Z,24125.10509519
2022-02-18T00:00:00Z,24128.66719188
2022-02-17T00:00:00Z,24148.17957189
2022-02-16T00:00:00Z,24165.25399531
2022-02-15T00:00:00Z,24154.65070381
2022-02-14T00:00:00Z,24126.24181035
2022-02-13T00:00:00Z,24128.46154218
2022-02-12T00:00:00Z,24125.91944159
2022-02-11T00:00:00Z,24116.86384409
2022-02-10T00:00:00Z,24109.72842663
2022-02-09T00:00:00Z,24085.14677939
2022-02-08T00:00:00Z,24070.77277587
2022-02-07T00:00:00Z,24050.18061575
2022-02-06T00:00:00Z,24008.98948452
2022-02-05T00:00:00Z,24006.11478155
2022-02-04T00:00:00Z,23987.55958213
2022-02-03T00:00:00Z,23953.88794226
2022-02-02T00:00:00Z,23971.676021
2022-02-01T00:00:00Z,23986.65309061
2022-01-31T00:00:00Z,23856.5543702
2022-01-30T00:00:00Z,23865.78071511
2022-01-29T00:00:00Z,23886.02955977
2022-01-28T00:00:00Z,23926.8398619
2022-01-27T00:00:00Z,23956.21437214
2022-01-26T00:00:00Z,23982.0712339
2022-01-25T00:00:00Z,23990.14289538
2022-01-24T00:00:00Z,23992.38235882
2022-01-23T00:00:00Z,24040.37007944
2022-01-22T00:00:00Z,24048.84713514
2022-01-21T00:00:00Z,24100.30083267
2022-01-20T00:00:00Z,24232.25528213
2022-01-19T00:00:00Z,24242.66873568
2022-01-18T00:00:00Z,24273.28901215
2022-01-17T00:00:00Z,24285.93523084
2022-01-16T00:00:00Z,24309.40719348
2022-01-15T00:00:00Z,24307.9471357
2022-01-14T00:00:00Z,24303.76591609
2022-01-13T00:00:00Z,24308.43575855
2022-01-12T00:00:00Z,24318.70448407
2022-01-11T00:00:00Z,24301.77618961
2022-01-10T00:00:00Z,24310.20592605
2022-01-09T00:00:00Z,24325.07943389
2022-01-08T00:00:00Z,24329.36446159
2022-01-07T00:00:00Z,24340.35721344
2022-01-06T00:00:00Z,24386.98816669
2022-01-05T00:00:00Z,24432.55986081
2022-01-04T00:00:00Z,24441.1099312
2022-01-03T00:00:00Z,24454.64554349
2022-01-02T00:00:00Z,24465.68782108
2022-01-01T00:00:00Z,24466.05579722
2021-12-31T00:00:00Z,24460.682878
2021-12-30T00:00:00Z,24457.05330911
2021-12-29T00:00:00Z,24454.17385232
2021-12-28T00:00:00Z,24471.05620617
2021-12-27T00:00:00Z,24492.66503363
2021-12-26T00:00:00Z,24470.85699378
2021-12-25T00:00:00Z,24467.94049358
2021-12-24T00:00:00Z,24469.20326037
2021-12-23T00:00:00Z,24445.80177787
2021-12-22T00:00:00Z,24424.22703291
2021-12-21T00:00:00Z,24413.368403
2021-12-20T00:00:00Z,24391.00600888
2021-12-19T00:00:00Z,24410.30564928
2021-12-18T00:00:00Z,24408.12625478
2021-12-17T00:00:00Z,24409.95194198
2021-12-16T00:00:00Z,24432.82865859
2021-12-15T00:00:00Z,24427.78489145
2021-12-14T00:00:00Z,24426.40743705
2021-12-13T00:00:00Z,24415.48988478
2021-12-12T00:00:00Z,24433.64155277
2021-12-11T00:00:00Z,24428.70979336
2021-12-10T00:00:00Z,24418.87039493
2021-12-09T00:00:00Z,24430.44678375
2021-12-08T00:00:00Z,24460.19024988
2021-12-07T00:00:00Z,24471.12710923
2021-12-06T00:00:00Z,24400.32680063
2021-12-05T00:00:00Z,24429.98839287
2021-12-04T00:00:00Z,24441.43616003
2021-12-03T00:00:00Z,24554.53345485
2021-12-02T00:00:00Z,24569.73044585
2021-12-01T00:00:00Z,24569.95123025
2021-11-30T00:00:00Z,24526.50416994
2021-11-29T00:00:00Z,24505.5771157
2021-11-28T00:00:00Z,24456.46100258
2021-11-27T00:00:00Z,24444.06375987
2021-11-26T00:00:00Z,24447.91612396
2021-11-25T00:00:00Z,24491.9370745
2021-11-24T00:00:00Z,24314.07353081
2021-11-23T00:00:00Z,24300.78960125
2021-11-22T00:00:00Z,24295.14026531
2021-11-21T00:00:00Z,24312.08746042
2021-11-20T00:00:00Z,24303.7408269
2021-11-19T00:00:00Z,24285.96300947
2021-11-18T00:00:00Z,24284.8090736
2021-11-17T00:00:00Z,24310.0216628
2021-11-16T00:00:00Z,24276.71043667
2021-11-15T00:00:00Z,24242.32352685
2021-11-14T00:00:00Z,24175.07691303
2021-11-13T00:00:00Z,24157.74058874
2021-11-12T00:00:00Z,24135.65082167
2021-11-11T00:00:00Z,23822.18800761
2021-11-10T00:00:00Z,23775.23220466
2021-11-09T00:00:00Z,23698.32119248
2021-11-08T00:00:00Z,23601.04672909
2021-11-07T00:00:00Z,23462.53050137
2021-11-06T00:00:00Z,23440.27641323
2021-11-05T00:00:00Z,23413.0920444
2021-11-04T00:00:00Z,23352.77821909
2021-11-03T00:00:00Z,23338.62014344
2021-11-02T00:00:00Z,23246.01602031
2021-11-01T00:00:00Z,23106.31189874
2021-10-31T00:00:00Z,22996.53897586
2021-10-30T00:00:00Z,22951.2707329
2021-10-29T00:00:00Z,22929.24041513
2021-10-28T00:00:00Z,22872.63992665
2021-10-27T00:00:00Z,22819.93141631
2021-10-26T00:00:00Z,22830.47731815
2021-10-25T00:00:00Z,22778.10445906
2021-10-24T00:00:00Z,22683.01911961
2021-10-23T00:00:00Z,22635.23928353
2021-10-22T00:00:00Z,22614.4249864
2021-10-21T00:00:00Z,22598.44604455
2021-10-20T00:00:00Z,22501.62702359
2021-10-19T00:00:00Z,22343.85183605
2021-10-18T00:00:00Z,22178.36264432
2021-10-17T00:00:00Z,22091.73062113
2021-10-16T00:00:00Z,22065.60233178
2021-10-15T00:00:00Z,22013.65030717
2021-10-14T00:00:00Z,21904.21263651
2021-10-13T00:00:00Z,21835.4831274
2021-10-12T00:00:00Z,21783.79309069
2021-10-11T00:00:00Z,21724.32031726
2021-10-10T00:00:00Z,21664.56910151
2021-10-09T00:00:00Z,21628.38706521
2021-10-08T00:00:00Z,21600.48242217
2021-10-07T00:00:00Z,21558.50759275
2021-10-06T00:00:00Z,21465.02050804
2021-10-05T00:00:00Z,21314.9999201
2021-10-04T00:00:00Z,21257.79856996
2021-10-03T00:00:00Z,21228.1800498
2021-10-02T00:00:00Z,21212.15639652
2021-10-01T00:00:00Z,21176.38748531
2021-09-30T00:00:00Z,21118.7816431
2021-09-29T00:00:00Z,21090.18167875
2021-09-28T00:00:00Z,21086.89896937
2021-09-27T00:00:00Z,21104.30833809
2021-09-26T00:00:00Z,21093.44503207
2021-09-25T00:00:00Z,20951.5277281
2021-09-24T00:00:00Z,20951.21874387
2021-09-23T00:00:00Z,20971.73151464
2021-09-22T00:00:00Z,20961.83862332
2021-09-21T00:00:00Z,20946.91514218
2021-09-20T00:00:00Z,20979.97602858
2021-09-19T00:00:00Z,21013.28081037
2021-09-18T00:00:00Z,21005.63260568
2021-09-17T00:00:00Z,20989.18269751
2021-09-16T00:00:00Z,20975.21298617
2021-09-15T00:00:00Z,20947.31379345
2021-09-14T00:00:00Z,20906.22573759
2021-09-13T00:00:00Z,20877.71639635
2021-09-12T00:00:00Z,20884.61661032
2021-09-11T00:00:00Z,20874.77243359
2021-09-10T00:00:00Z,20870.09053544
2021-09-09T00:00:00Z,20869.37567288
2021-09-08T00:00:00Z,20832.64968303
2021-09-07T00:00:00Z,20830.78211983
2021-09-06T00:00:00Z,20843.87203168
2021-09-05T00:00:00Z,20811.14335979
2021-09-04T00:00:00Z,20794.20980148
2021-09-03T00:00:00Z,20772.37034784
2021-09-02T00:00:00Z,20740.45914723
2021-09-01T00:00:00Z,20696.32991525
2021-08-31T00:00:00Z,20669.03264076
2021-08-30T00:00:00Z,20645.89013362
2021-08-29T00:00:00Z,20626.24964102
2021-08-28T00:00:00Z,20614.72918448
2021-08-27T00:00:00Z,20596.31923527
2021-08-26T00:00:00Z,20574.30025803
2021-08-25T00:00:00Z,20548.79387995
2021-08-24T00:00:00Z,20457.34309501
2021-08-23T00:00:00Z,20442.71847216
2021-08-22T00:00:00Z,20385.84512816
2021-08-21T00:00:00Z,20365.33944692
2021-08-20T00:00:00Z,20336.10604125
2021-08-19T00:00:00Z,20292.82336316
2021-08-18T00:00:00Z,20265.08092736
2021-08-17T00:00:00Z,20237.4956322
2021-08-16T00:00:00Z,20223.60863783
2021-08-15T00:00:00Z,20197.62193592
2021-08-14T00:00:00Z,20187.21240657
2021-08-13T00:00:00Z,20139.77291353
2021-08-12T00:00:00Z,20101.9129514
2021-08-11T00:00:00Z,20087.58435445
2021-08-10T00:00:00Z,20057.83088879
2021-08-09T00:00:00Z,20022.15908333
2021-08-08T00:00:00Z,19971.31471876
2021-08-07T00:00:00Z,19953.66064161
2021-08-06T00:00:00Z,19930.55718083
2021-08-05T00:00:00Z,19896.19651189
2021-08-04T00:00:00Z,19883.07008426
2021-08-03T00:00:00Z,19869.42062899
2021-08-02T00:00:00Z,19875.60928196
2021-08-01T00:00:00Z,19869.23324911
2021-07-31T00:00:00Z,19861.06251931
2021-07-30T00:00:00Z,19845.98905014
2021-07-29T00:00:00Z,19827.31996756
2021-07-28T00:00:00Z,19596.4186795
2021-07-27T00:00:00Z,19501.61589477
2021-07-26T00:00:00Z,19371.61838794
2021-07-25T00:00:00Z,19272.61154881
2021-07-24T00:00:00Z,19270.09187493
2021-07-23T00:00:00Z,19264.7287818
2021-07-22T00:00:00Z,19312.47878837
2021-07-21T00:00:00Z,19301.33256733
2021-07-20T00:00:00Z,19298.92646647
2021-07-19T00:00:00Z,19309.83092742
2021-07-18T00:00:00Z,19319.98077885
2021-07-17T00:00:00Z,19328.23507498
2021-07-16T00:00:00Z,19252.16092375
2021-07-15T00:00:00Z,19268.51693771
2021-07-14T00:00:00Z,19293.35831321
2021-07-13T00:00:00Z,19307.46853768
2021-07-12T00:00:00Z,19319.27309159
2021-07-11T00:00:00Z,19310.83966378
2021-07-10T00:00:00Z,19308.71924796
2021-07-09T00:00:00Z,19309.75471301
2021-07-08T00:00:00Z,19307.47899019
2021-07-07T00:00:00Z,19327.8015477
2021-07-06T00:00:00Z,19323.95133257
2021-07-05T00:00:00Z,19326.25062069
2021-07-04T00:00:00Z,19331.17558056
2021-07-03T00:00:00Z,19324.56859817
2021-07-02T00:00:00Z,19321.29215133
2021-07-01T00:00:00Z,19375.40564405
2021-06-30T00:00:00Z,19395.99316121
2021-06-29T00:00:00Z,19410.64510719
2021-06-28T00:00:00Z,19404.40454164
2021-06-27T00:00:00Z,19399.56637486
2021-06-26T00:00:00Z,19390.30533909
2021-06-25T00:00:00Z,19417.25176849
2021-06-24T00:00:00Z,19600.54897907
2021-06-23T00:00:00Z,19602.77992942
2021-06-22T00:00:00Z,19603.47555618
2021-06-21T00:00:00Z,19635.08300478
2021-06-20T00:00:00Z,19683.64188087
2021-06-19T00:00:00Z,19690.98212039
2021-06-18T00:00:00Z,19698.23257665
2021-06-17T00:00:00Z,19711.83302307
2021-06-16T00:00:00Z,19732.21209191
2021-06-15T00:00:00Z,19727.89348617
2021-06-14T00:00:00Z,19708.77987328
2021-06-13T00:00:00Z,19670.43552317
2021-06-12T00:00:00Z,19663.75991769
2021-06-11T00:00:00Z,19674.80567967
2021-06-10T00:00:00Z,19663.52340081
2021-06-09T00:00:00Z,19656.96275074
2021-06-08T00:00:00Z,19630.15225885
2021-06-07T00:00:00Z,19701.41013694
2021-06-06T00:00:00Z,19719.70875965
2021-06-05T00:00:00Z,19728.67985766
2021-06-04T00:00:00Z,19740.72316216
2021-06-03T00:00:00Z,19769.22316312
2021-06-02T00:00:00Z,19752.77704132
2021-06-01T00:00:00Z,19752.52426629
2021-05-31T00:00:00Z,19738.65140735
2021-05-30T00:00:00Z,19743.06036409
2021-05-29T00:00:00Z,19726.14196078
2021-05-28T00:00:00Z,19747.92269449
2021-05-27T00:00:00Z,19782.07675348
2021-05-26T00:00:00Z,19797.6168654
2021-05-25T00:00:00Z,19782.23271997
2021-05-24T00:00:00Z,19810.76129021
2021-05-23T00:00:00Z,19766.54244683
2021-05-22T00:00:00Z,19799.4414563
2021-05-21T00:00:00Z,19836.26735685
2021-05-20T00:00:00Z,19873.34931151
2021-05-19T00:00:00Z,19950.45986717
2021-05-18T00:00:00Z,20092.76294723
2021-05-17T00:00:00Z,20109.01460588
2021-05-16T00:00:00Z,20160.30018699
2021-05-15T00:00:00Z,20169.33216325
2021-05-14T00:00:00Z,20166.5322623
2021-05-13T00:00:00Z,20160.97497387
2021-05-12T00:00:00Z,20175.80396836
2021-05-11T00:00:00Z,20087.01168146
2021-05-10T00:00:00Z,20068.01070758
2021-05-09T00:00:00Z,20021.79230345
2021-05-08T00:00:00Z,19977.34916288
2021-05-07T00:00:00Z,19930.32255243
2021-05-06T00:00:00Z,19790.24966329
2021-05-05T00:00:00Z,19722.18976997
2021-05-04T00:00:00Z,19665.43432607
2021-05-03T00:00:00Z,19631.2061973
2021-05-02T00:00:00Z,19572.29579686
2021-05-01T00:00:00Z,19542.08091386
2021-04-30T00:00:00Z,19505.57194823
2021-04-29T00:00:00Z,19415.4404792
2021-04-28T00:00:00Z,19347.49932569
2021-04-27T00:00:00Z,19310.02537152
2021-04-26T00:00:00Z,19222.07547738
2021-04-25T00:00:00Z,19162.34979906
2021-04-24T00:00:00Z,19160.30727992
2021-04-23T00:00:00Z,19124.68083211
2021-04-22T00:00:00Z,19133.48030253
2021-04-21T00:00:00Z,19074.05739076
2021-04-20T00:00:00Z,19056.30968804
2021-04-19T00:00:00Z,19019.45514317
2021-04-18T00:00:00Z,19005.55782357
2021-04-17T00:00:00Z,18795.64602584
2021-04-16T00:00:00Z,18744.82602844
2021-04-15T00:00:00Z,18691.75833537
2021-04-14T00:00:00Z,18577.63263953
2021-04-13T00:00:00Z,18420.11984691
2021-04-12T00:00:00Z,18288.71171785
2021-04-11T00:00:00Z,18201.48094986
2021-04-10T00:00:00Z,18132.93802472
2021-04-09T00:00:00Z,18071.73720855
2021-04-08T00:00:00Z,18027.51505162
2021-04-07T00:00:00Z,17978.6101415
2021-04-06T00:00:00Z,17939.06562833
2021-04-05T00:00:00Z,17643.93132714
2021-04-04T00:00:00Z,17597.35050941
2021-04-03T00:00:00Z,17568.29072489
2021-04-02T00:00:00Z,17545.40932377
2021-04-01T00:00:00Z,17471.99515555
2021-03-31T00:00:00Z,17362.29087958
2021-03-30T00:00:00Z,17276.28187141
2021-03-29T00:00:00Z,17189.901672
2021-03-28T00:00:00Z,17113.89384868
2021-03-27T00:00:00Z,17078.44238092
2021-03-26T00:00:00Z,16995.90195623
2021-03-25T00:00:00Z,16939.09315425
2021-03-24T00:00:00Z,16871.64983848
2021-03-23T00:00:00Z,16798.2629017
2021-03-22T00:00:00Z,16699.47147674
2021-03-21T00:00:00Z,16632.4721288
2021-03-20T00:00:00Z,16589.41852541
2021-03-19T00:00:00Z,16534.30248818
2021-03-18T00:00:00Z,16485.10946365
2021-03-17T00:00:00Z,16425.46142604
2021-03-16T00:00:00Z,16339.93607908
2021-03-15T00:00:00Z,16238.98205808
2021-03-14T00:00:00Z,16179.6170065
2021-03-13T00:00:00Z,16080.1402962
2021-03-12T00:00:00Z,15978.82682048
2021-03-11T00:00:00Z,15846.05399804
2021-03-10T00:00:00Z,15675.98553067
2021-03-09T00:00:00Z,15570.74981363
2021-03-08T00:00:00Z,15475.92572026
2021-03-07T00:00:00Z,15390.57520607
2021-03-06T00:00:00Z,15355.85308383
2021-03-05T00:00:00Z,15327.7906523
2021-03-04T00:00:00Z,15282.6102006
2021-03-03T00:00:00Z,15236.51491563
2021-03-02T00:00:00Z,15173.49109518
2021-03-01T00:00:00Z,15097.16053747
2021-02-28T00:00:00Z,15027.0918074
2021-02-27T00:00:00Z,15012.19695091
2021-02-26T00:00:00Z,15023.42476233
2021-02-25T00:00:00Z,14901.99170178
2021-02-24T00:00:00Z,14804.77653198
2021-02-23T00:00:00Z,14681.12422163
2021-02-22T00:00:00Z,14539.06368674
2021-02-21T00:00:00Z,14429.44741413
2021-02-20T00:00:00Z,14304.25510725
2021-02-19T00:00:00Z,14103.56709238
2021-02-18T00:00:00Z,13835.54237571
2021-02-17T00:00:00Z,13668.00396418
2021-02-16T00:00:00Z,13516.86241967
2021-02-15T00:00:00Z,13426.67375308
2021-02-14T00:00:00Z,13277.80803168
2021-02-13T00:00:00Z,13224.0854324
2021-02-12T00:00:00Z,13166.62616729
2021-02-11T00:00:00Z,13041.84003582
2021-02-10T00:00:00Z,12920.5544497
2021-02-09T00:00:00Z,12773.12840632
2021-02-08T00:00:00Z,12492.93127148
2021-02-07T00:00:00Z,12349.05094159
2021-02-06T00:00:00Z,12292.94650769
2021-02-05T00:00:00Z,12225.27743398
2021-02-04T00:00:00Z,12122.80791451
2021-02-03T00:00:00Z,12041.45089035
2021-02-02T00:00:00Z,11987.77979626
2021-02-01T00:00:00Z,11933.18018944
2021-01-31T00:00:00Z,11909.3598951
2021-01-30T00:00:00Z,11873.86519856
2021-01-29T00:00:00Z,11844.12088284
2021-01-28T00:00:00Z,11733.65435986
2021-01-27T00:00:00Z,11684.16568812
2021-01-26T00:00:00Z,11618.79946877
2021-01-25T00:00:00Z,11610.04538568
2021-01-24T00:00:00Z,11582.57444884
2021-01-23T00:00:00Z,11572.26803644
2021-01-22T00:00:00Z,11555.48824294
2021-01-21T00:00:00Z,11546.77663532
2021-01-20T00:00:00Z,11540.26585079
2021-01-19T00:00:00Z,11517.90020037
2021-01-18T00:00:00Z,11462.88383172
2021-01-17T00:00:00Z,11397.7833064
2021-01-16T00:00:00Z,11369.07398012
2021-01-15T00:00:00Z,11327.45809498
2021-01-14T00:00:00Z,11260.7673288
2021-01-13T00:00:00Z,11139.32959291
2021-01-12T00:00:00Z,11078.02260831
2021-01-11T00:00:00Z,11004.63666803
2021-01-10T00:00:00Z,10946.44382479
2021-01-09T00:00:00Z,10852.22082753
2021-01-08T00:00:00Z,10668.20055207
2021-01-07T00:00:00Z,10393.25585175
2021-01-06T00:00:00Z,10091.72348055
2021-01-05T00:00:00Z,9918.39132596
2021-01-04T00:00:00Z,9775.16698453
2021-01-03T00:00:00Z,9630.04004062
2021-01-02T00:00:00Z,9460.9137429
2021-01-01T00:00:00Z,9298.65602792
2020-12-31T00:00:00Z,9196.8003445
2020-12-30T00:00:00Z,9123.44033063
2020-12-29T00:00:00Z,9027.22083782
2020-12-28T00:00:00Z,8893.05483978
2020-12-27T00:00:00Z,8690.23068454
2020-12-26T00:00:00Z,8587.8218492
2020-12-25T00:00:00Z,8535.94992976
2020-12-24T00:00:00Z,8513.72054025
2020-12-23T00:00:00Z,8438.43044935
2020-12-22T00:00:00Z,8353.90560873
2020-12-21T00:00:00Z,8264.43913927
2020-12-20T00:00:00Z,8225.04582975
2020-12-19T00:00:00Z,8176.70891942
2020-12-18T00:00:00Z,8134.99387721
2020-12-17T00:00:00Z,8000.17184504
2020-12-16T00:00:00Z,7870.04036535
2020-12-15T00:00:00Z,7803.7653457
2020-12-14T00:00:00Z,7776.79019243
2020-12-13T00:00:00Z,7756.67926631
2020-12-12T00:00:00Z,7695.86991641
2020-12-11T00:00:00Z,7674.84494626
2020-12-10T00:00:00Z,7662.54759311
2020-12-09T00:00:00Z,7634.2369584
2020-12-08T00:00:00Z,7619.50777119
2020-12-07T00:00:00Z,7599.74455469
2020-12-06T00:00:00Z,7579.4465472
2020-12-05T00:00:00Z,7569.14014972
2020-12-04T00:00:00Z,7559.8859661
2020-12-03T00:00:00Z,7535.43286417
2020-12-02T00:00:00Z,7504.49584311
2020-12-01T00:00:00Z,7467.75921404
2020-11-30T00:00:00Z,7425.87115404
2020-11-29T00:00:00Z,7374.53912013
2020-11-28T00:00:00Z,7360.88036791
2020-11-27T00:00:00Z,7350.97504528
2020-11-26T00:00:00Z,7335.07200604
2020-11-25T00:00:00Z,7315.59982824
2020-11-24T00:00:00Z,7289.60897359
2020-11-23T00:00:00Z,7235.95498343
2020-11-22T00:00:00Z,7211.52445446
2020-11-21T00:00:00Z,7196.81880622
2020-11-20T00:00:00Z,7161.80665666
2020-11-19T00:00:00Z,7089.89706614
2020-11-18T00:00:00Z,7066.84878535
2020-11-17T00:00:00Z,6994.28858651
2020-11-16T00:00:00Z,6949.63812014
2020-11-15T00:00:00Z,6928.85198372
2020-11-14T00:00:00Z,6921.07509583
2020-11-13T00:00:00Z,6908.94811706
2020-11-12T00:00:00Z,6885.46916973
2020-11-11T00:00:00Z,6858.57866107
2020-11-10T00:00:00Z,6839.37764885
2020-11-09T00:00:00Z,6822.83734328
2020-11-08T00:00:00Z,6803.95839754
2020-11-07T00:00:00Z,6776.88020951
2020-11-06T00:00:00Z,6766.5595031
2020-11-05T00:00:00Z,6730.09514429
2020-11-04T00:00:00Z,6679.45202391
2020-11-03T00:00:00Z,6659.44710809
2020-11-02T00:00:00Z,6564.88834436
2020-11-01T00:00:00Z,6547.21377019
2020-10-31T00:00:00Z,6534.11235661
2020-10-30T00:00:00Z,6522.79990545
2020-10-29T00:00:00Z,6513.65231585
2020-10-28T00:00:00Z,6499.07811291
2020-10-27T00:00:00Z,6483.60731371
2020-10-26T00:00:00Z,6463.21293191
2020-10-25T00:00:00Z,6455.77292012
2020-10-24T00:00:00Z,6448.40586247
2020-10-23T00:00:00Z,6435.33940568
2020-10-22T00:00:00Z,6402.86465451
2020-10-21T00:00:00Z,6365.24314098
2020-10-20T00:00:00Z,6342.49500102
2020-10-19T00:00:00Z,6330.45582274
2020-10-18T00:00:00Z,6312.72195171
2020-10-17T00:00:00Z,6310.48320043
2020-10-16T00:00:00Z,6308.73822718
2020-10-15T00:00:00Z,6306.02538245
2020-10-14T00:00:00Z,6299.55327425
2020-10-13T00:00:00Z,6293.60678705
2020-10-12T00:00:00Z,6288.31433645
2020-10-11T00:00:00Z,6281.03139408
2020-10-10T00:00:00Z,6278.07064838
2020-10-09T00:00:00Z,6273.2315239
2020-10-08T00:00:00Z,6265.68545972
2020-10-07T00:00:00Z,6261.28487519
2020-10-06T00:00:00Z,6258.33819974
2020-10-05T00:00:00Z,6256.78961269
2020-10-04T00:00:00Z,6253.84174192
2020-10-03T00:00:00Z,6252.60218931
2020-10-02T00:00:00Z,6251.97914699
2020-10-01T00:00:00Z,6251.20647084
2020-09-30T00:00:00Z,6250.38304696
2020-09-29T00:00:00Z,6248.57331026
2020-09-28T00:00:00Z,6239.97942445
2020-09-27T00:00:00Z,6236.54244972
2020-09-26T00:00:00Z,6235.30533892
2020-09-25T00:00:00Z,6233.02064721
2020-09-24T00:00:00Z,6228.74787397
2020-09-23T00:00:00Z,6229.86477126
2020-09-22T00:00:00Z,6230.81694832
2020-09-21T00:00:00Z,6225.70680854
2020-09-20T00:00:00Z,6227.40784031
2020-09-19T00:00:00Z,6225.39883731
2020-09-18T00:00:00Z,6219.63423591
2020-09-17T00:00:00Z,6214.62816355
2020-09-16T00:00:00Z,6211.18727747
2020-09-15T00:00:00Z,6203.47919671
2020-09-14T00:00:00Z,6198.10427782
2020-09-13T00:00:00Z,6195.73235226
2020-09-12T00:00:00Z,6195.14154837
2020-09-11T00:00:00Z,6195.5063285
2020-09-10T00:00:00Z,6196.40038518
2020-09-09T00:00:00Z,6195.56992692
2020-09-08T00:00:00Z,6196.46358733
2020-09-07T00:00:00Z,6198.12628341
2020-09-06T00:00:00Z,6201.58031888
2020-09-05T00:00:00Z,6202.23436877
2020-09-04T00:00:00Z,6205.3457921
2020-09-03T00:00:00Z,6208.52188929
2020-09-02T00:00:00Z,6209.023231
2020-09-01T00:00:00Z,6206.36182405
2020-08-31T00:00:00Z,6193.15448159
2020-08-30T00:00:00Z,6184.00438257
2020-08-29T00:00:00Z,6179.71776925
2020-08-28T00:00:00Z,6178.4383346
2020-08-27T00:00:00Z,6171.8148813
2020-08-26T00:00:00Z,6168.98685343
2020-08-25T00:00:00Z,6165.60032336
2020-08-24T00:00:00Z,6162.25073238
2020-08-23T00:00:00Z,6155.61757897
2020-08-22T00:00:00Z,6153.52676315
2020-08-21T00:00:00Z,6151.78029324
2020-08-20T00:00:00Z,6143.59093331
2020-08-19T00:00:00Z,6137.64101906
2020-08-18T00:00:00Z,6134.88737181
2020-08-17T00:00:00Z,6126.62515642
2020-08-16T00:00:00Z,6106.90948431
2020-08-15T00:00:00Z,6102.22051518
2020-08-14T00:00:00Z,6096.79415131
2020-08-13T00:00:00Z,6086.01656891
2020-08-12T00:00:00Z,6079.29879144
2020-08-11T00:00:00Z,6072.83567218
2020-08-10T00:00:00Z,6061.80039164
2020-08-09T00:00:00Z,6052.61303944
2020-08-08T00:00:00Z,6044.94409805
2020-08-07T00:00:00Z,6033.02423642
2020-08-06T00:00:00Z,6014.92568199
2020-08-05T00:00:00Z,5989.09234463
2020-08-04T00:00:00Z,5974.78011169
2020-08-03T00:00:00Z,5969.17699463
2020-08-02T00:00:00Z,5948.12649635
2020-08-01T00:00:00Z,5942.54151394
2020-07-31T00:00:00Z,5932.85537628
2020-07-30T00:00:00Z,5921.97609726
2020-07-29T00:00:00Z,5912.58480706
2020-07-28T00:00:00Z,5900.59096341
2020-07-27T00:00:00Z,5879.15134613
2020-07-26T00:00:00Z,5859.49166243
2020-07-25T00:00:00Z,5855.18676458
2020-07-24T00:00:00Z,5852.31213635
2020-07-23T00:00:00Z,5849.1804892
2020-07-22T00:00:00Z,5844.60348248
2020-07-21T00:00:00Z,5841.2273022
2020-07-20T00:00:00Z,5839.37714514
2020-07-19T00:00:00Z,5838.85230056
2020-07-18T00:00:00Z,5837.59933871
2020-07-17T00:00:00Z,5837.05556819
2020-07-16T00:00:00Z,5836.89772576
2020-07-15T00:00:00Z,5836.92228449
2020-07-14T00:00:00Z,5834.09356868
2020-07-13T00:00:00Z,5830.64941922
2020-07-12T00:00:00Z,5830.04713099
2020-07-11T00:00:00Z,5829.35997536
2020-07-10T00:00:00Z,5828.72494346
2020-07-09T00:00:00Z,5828.77609025
2020-07-08T00:00:00Z,5826.74718127
2020-07-07T00:00:00Z,5818.9305606
2020-07-06T00:00:00Z,5817.33027179
2020-07-05T00:00:00Z,5815.02304319
2020-07-04T00:00:00Z,5814.97957605
2020-07-03T00:00:00Z,5814.46152224
2020-07-02T00:00:00Z,5813.94510598
2020-07-01T00:00:00Z,5813.82760662
2020-06-30T00:00:00Z,5812.37989912
2020-06-29T00:00:00Z,5809.25521225
2020-06-28T00:00:00Z,5808.34021639
2020-06-27T00:00:00Z,5808.55340265
2020-06-26T00:00:00Z,5808.33252964
2020-06-25T00:00:00Z,5790.96623608
2020-06-24T00:00:00Z,5792.06689321
2020-06-23T00:00:00Z,5793.44429493
2020-06-22T00:00:00Z,5789.23323126
2020-06-21T00:00:00Z,5785.48034976
2020-06-20T00:00:00Z,5783.84632837
2020-06-19T00:00:00Z,5782.87219827
2020-06-18T00:00:00Z,5782.64778165
2020-06-17T00:00:00Z,5767.64393965
2020-06-16T00:00:00Z,5766.5236882
2020-06-15T00:00:00Z,5762.44386303
2020-06-14T00:00:00Z,5764.30558798
2020-06-13T00:00:00Z,5763.22160622
2020-06-12T00:00:00Z,5762.37332492
2020-06-11T00:00:00Z,5761.63146566
2020-06-10T00:00:00Z,5761.06909132
2020-06-09T00:00:00Z,5757.80623584
2020-06-08T00:00:00Z,5754.52968075
2020-06-07T00:00:00Z,5744.817277
2020-06-06T00:00:00Z,5743.55263048
2020-06-05T00:00:00Z,5741.70322273
2020-06-04T00:00:00Z,5739.02639883
2020-06-03T00:00:00Z,5735.06089536
2020-06-02T00:00:00Z,5732.48355725
2020-06-01T00:00:00Z,5722.28756872
2020-05-31T00:00:00Z,5713.99256255
2020-05-30T00:00:00Z,5711.99285626
2020-05-29T00:00:00Z,5710.24143239
2020-05-28T00:00:00Z,5707.98646492
2020-05-27T00:00:00Z,5704.11759859
2020-05-26T00:00:00Z,5700.76718757
2020-05-25T00:00:00Z,5701.39898342
2020-05-24T00:00:00Z,5707.64624955
2020-05-23T00:00:00Z,5706.59019255
2020-05-22T00:00:00Z,5705.16353181
2020-05-21T00:00:00Z,5705.47230746
2020-05-20T00:00:00Z,5707.17722618
2020-05-19T00:00:00Z,5702.02150369
2020-05-18T00:00:00Z,5695.57115582
2020-05-17T00:00:00Z,5685.05505025
2020-05-16T00:00:00Z,5681.60607075
2020-05-15T00:00:00Z,5679.7210554
2020-05-14T00:00:00Z,5675.1491131
2020-05-13T00:00:00Z,5666.02649265
2020-05-12T00:00:00Z,5659.70172203
2020-05-11T00:00:00Z,5662.46856559
2020-05-10T00:00:00Z,5665.92418102
2020-05-09T00:00:00Z,5669.8465833
2020-05-08T00:00:00Z,5664.63730811
2020-05-07T00:00:00Z,5646.38400389
2020-05-06T00:00:00Z,5618.91169688
2020-05-05T00:00:00Z,5605.9759387
2020-05-04T00:00:00Z,5602.45512464
2020-05-03T00:00:00Z,5598.36338887
2020-05-02T00:00:00Z,5589.38032169
2020-05-01T00:00:00Z,5584.98193074
2020-04-30T00:00:00Z,5576.79467679
2020-04-29T00:00:00Z,5553.95216507
2020-04-28T00:00:00Z,5525.05532623
2020-04-27T00:00:00Z,5523.417055
2020-04-26T00:00:00Z,5513.02440473
2020-04-25T00:00:00Z,5511.82088379
2020-04-24T00:00:00Z,5510.44728633
2020-04-23T00:00:00Z,5506.7322933
2020-04-22T00:00:00Z,5502.21394989
2020-04-21T00:00:00Z,5501.4509927
2020-04-20T00:00:00Z,5503.76480694
2020-04-19T00:00:00Z,5505.41268595
2020-04-18T00:00:00Z,5505.278778
2020-04-17T00:00:00Z,5504.12782284
2020-04-16T00:00:00Z,5503.42414818
2020-04-15T00:00:00Z,5503.88938262
2020-04-14T00:00:00Z,5505.37723998
2020-04-13T00:00:00Z,5505.37180132
2020-04-12T00:00:00Z,5508.78892895
2020-04-11T00:00:00Z,5508.55267297
2020-04-10T00:00:00Z,5509.39958607
2020-04-09T00:00:00Z,5529.94876377
2020-04-08T00:00:00Z,5528.42370863
2020-04-07T00:00:00Z,5525.66808325
2020-04-06T00:00:00Z,5524.25236187
2020-04-05T00:00:00Z,5517.88963713
2020-04-04T00:00:00Z,5517.49119555
2020-04-03T00:00:00Z,5518.27159359
2020-04-02T00:00:00Z,5517.38389268
2020-04-01T00:00:00Z,5515.61727698
2020-03-31T00:00:00Z,5538.29663098
2020-03-30T00:00:00Z,5540.08964162
2020-03-29T00:00:00Z,5542.85021289
2020-03-28T00:00:00Z,5547.33380478
2020-03-27T00:00:00Z,5551.0738862
2020-03-26T00:00:00Z,5551.37839726
2020-03-25T00:00:00Z,5550.47196142
2020-03-24T00:00:00Z,5552.92841195
2020-03-23T00:00:00Z,5546.09678289
2020-03-22T00:00:00Z,5548.27254636
2020-03-21T00:00:00Z,5547.00576545
2020-03-20T00:00:00Z,5548.68522407
2020-03-19T00:00:00Z,5551.43783807
2020-03-18T00:00:00Z,5551.87662295
2020-03-17T00:00:00Z,5557.46059221
2020-03-16T00:00:00Z,5571.61709495
2020-03-15T00:00:00Z,5598.10923415
2020-03-14T00:00:00Z,5606.48567636
2020-03-13T00:00:00Z,5620.29299817
2020-03-12T00:00:00Z,5688.20677774
2020-03-11T00:00:00Z,5765.57690715
2020-03-10T00:00:00Z,5780.22511437
2020-03-09T00:00:00Z,5786.56467812
2020-03-08T00:00:00Z,5798.77518549
2020-03-07T00:00:00Z,5800.64888176
2020-03-06T00:00:00Z,5800.13846667
2020-03-05T00:00:00Z,5798.07140599
2020-03-04T00:00:00Z,5796.41526908
2020-03-03T00:00:00Z,5805.54237893
2020-03-02T00:00:00Z,5803.20275206
2020-03-01T00:00:00Z,5800.94892477
2020-02-29T00:00:00Z,5802.57634359
2020-02-28T00:00:00Z,5803.5006973
2020-02-27T00:00:00Z,5804.98477091
2020-02-26T00:00:00Z,5810.4694729
2020-02-25T00:00:00Z,5814.45291309
2020-02-24T00:00:00Z,5806.4221146
2020-02-23T00:00:00Z,5804.52735307
2020-02-22T00:00:00Z,5800.90951834
2020-02-21T00:00:00Z,5799.65993065
2020-02-20T00:00:00Z,5797.46454978
2020-02-19T00:00:00Z,5799.40481387
2020-02-18T00:00:00Z,5792.80154218
2020-02-17T00:00:00Z,5786.10245543
2020-02-16T00:00:00Z,5785.87723185
2020-02-15T00:00:00Z,5783.72425162
2020-02-14T00:00:00Z,5782.27977655
2020-02-13T00:00:00Z,5776.69062876
2020-02-12T00:00:00Z,5769.47195231
2020-02-11T00:00:00Z,5761.10802023
2020-02-10T00:00:00Z,5752.23251946
2020-02-09T00:00:00Z,5736.32175642
2020-02-08T00:00:00Z,5730.10329971
2020-02-07T00:00:00Z,5723.1588034
2020-02-06T00:00:00Z,5700.68573171
2020-02-05T00:00:00Z,5684.913765
2020-02-04T00:00:00Z,5679.95449713
2020-02-03T00:00:00Z,5677.69807975
2020-02-02T00:00:00Z,5673.61099215
2020-02-01T00:00:00Z,5673.35020207
2020-01-31T00:00:00Z,5670.72421455
2020-01-30T00:00:00Z,5659.8579998
2020-01-29T00:00:00Z,5650.87458686
2020-01-28T00:00:00Z,5638.41441203
2020-01-27T00:00:00Z,5633.16858228
2020-01-26T00:00:00Z,5629.40764971
2020-01-25T00:00:00Z,5628.09721467
2020-01-24T00:00:00Z,5627.33348202
2020-01-23T00:00:00Z,5624.96474686
2020-01-22T00:00:00Z,5624.03527932
2020-01-21T00:00:00Z,5622.66522829
2020-01-20T00:00:00Z,5621.06653947
2020-01-19T00:00:00Z,5621.27708724
2020-01-18T00:00:00Z,5620.56320558
2020-01-17T00:00:00Z,5618.40260259
2020-01-16T00:00:00Z,5612.42717985
2020-01-15T00:00:00Z,5607.34654002
2020-01-14T00:00:00Z,5597.42672107
2020-01-13T00:00:00Z,5583.18298996
2020-01-12T00:00:00Z,5581.05667694
2020-01-11T00:00:00Z,5579.66905291
2020-01-10T00:00:00Z,5578.31946529
2020-01-09T00:00:00Z,5577.26758054
2020-01-08T00:00:00Z,5574.0689306
2020-01-07T00:00:00Z,5569.19785912
2020-01-06T00:00:00Z,5565.80734268
2020-01-05T00:00:00Z,5564.10426504
2020-01-04T00:00:00Z,5563.58202234
2020-01-03T00:00:00Z,5564.43064908
2020-01-02T00:00:00Z,5563.63194762
2020-01-01T00:00:00Z,5564.2937742
2019-12-31T00:00:00Z,5564.36028663
2019-12-30T00:00:00Z,5566.02239485
2019-12-29T00:00:00Z,5573.04488204
2019-12-28T00:00:00Z,5572.50603254
2019-12-27T00:00:00Z,5572.52373036
2019-12-26T00:00:00Z,5574.68959854
2019-12-25T00:00:00Z,5575.53189714
2019-12-24T00:00:00Z,5585.27760732
2019-12-23T00:00:00Z,5584.98941845
2019-12-22T00:00:00Z,5583.68608091
2019-12-21T00:00:00Z,5583.56629019
2019-12-20T00:00:00Z,5583.94697288
2019-12-19T00:00:00Z,5583.20154502
2019-12-18T00:00:00Z,5582.61400644
2019-12-17T00:00:00Z,5592.41921829
2019-12-16T00:00:00Z,5598.40118012
2019-12-15T00:00:00Z,5601.80234157
2019-12-14T00:00:00Z,5602.11067983
2019-12-13T00:00:00Z,5603.88373027
2019-12-12T00:00:00Z,5604.43216362
2019-12-11T00:00:00Z,5607.22142036
2019-12-10T00:00:00Z,5610.43225224
2019-12-09T00:00:00Z,5613.01031049
2019-12-08T00:00:00Z,5614.01204415
2019-12-07T00:00:00Z,5614.24898486
2019-12-06T00:00:00Z,5613.78126297
2019-12-05T00:00:00Z,5618.32532636
2019-12-04T00:00:00Z,5621.38659802
2019-12-03T00:00:00Z,5622.26906057
2019-12-02T00:00:00Z,5626.5553205
2019-12-01T00:00:00Z,5630.82227908
2019-11-30T00:00:00Z,5633.23490399
2019-11-29T00:00:00Z,5636.12697307
2019-11-28T00:00:00Z,5637.37313109
2019-11-27T00:00:00Z,5637.5722548
2019-11-26T00:00:00Z,5644.33727542
2019-11-25T00:00:00Z,5651.11794985
2019-11-24T00:00:00Z,5659.68384701
2019-11-23T00:00:00Z,5659.53866613
2019-11-22T00:00:00Z,5667.63509548
2019-11-21T00:00:00Z,5683.40871154
2019-11-20T00:00:00Z,5691.0239329
2019-11-19T00:00:00Z,5694.00321517
2019-11-18T00:00:00Z,5696.63309097
2019-11-17T00:00:00Z,5699.46794346
2019-11-16T00:00:00Z,5699.32065721
2019-11-15T00:00:00Z,5700.14824128
2019-11-14T00:00:00Z,5701.01326036
2019-11-13T00:00:00Z,5702.22774294
2019-11-12T00:00:00Z,5690.22717547
2019-11-11T00:00:00Z,5691.60086725
2019-11-10T00:00:00Z,5691.65796557
2019-11-09T00:00:00Z,5690.70948601
2019-11-08T00:00:00Z,5691.68941932
2019-11-07T00:00:00Z,5694.56963652
2019-11-06T00:00:00Z,5692.48652327
2019-11-05T00:00:00Z,5691.64829471
2019-11-04T00:00:00Z,5711.39190183
2019-11-03T00:00:00Z,5708.98756411
2019-11-02T00:00:00Z,5708.82959801
2019-11-01T00:00:00Z,5706.77740163
2019-10-31T00:00:00Z,5698.69717762
2019-10-30T00:00:00Z,5696.88371032
2019-10-29T00:00:00Z,5695.5992693
2019-10-28T00:00:00Z,5688.26526447
2019-10-27T00:00:00Z,5674.04248168
2019-10-26T00:00:00Z,5669.08657082
2019-10-25T00:00:00Z,5651.36613452
2019-10-24T00:00:00Z,5646.53742955
2019-10-23T00:00:00Z,5658.45111235
2019-10-22T00:00:00Z,5668.87408275
2019-10-21T00:00:00Z,5669.53554869
2019-10-20T00:00:00Z,5671.67676831
2019-10-19T00:00:00Z,5671.39061699
2019-10-18T00:00:00Z,5671.32579539
2019-10-17T00:00:00Z,5673.77385193
2019-10-16T00:00:00Z,5674.95780351
2019-10-15T00:00:00Z,5678.83781064
2019-10-14T00:00:00Z,5682.86689965
2019-10-13T00:00:00Z,5657.40340986
2019-10-12T00:00:00Z,5657.86052737
2019-10-11T00:00:00Z,5657.39607636
2019-10-10T00:00:00Z,5658.85022709
2019-10-09T00:00:00Z,5658.63932268
2019-10-08T00:00:00Z,5658.37685936
2019-10-07T00:00:00Z,5658.09841698
2019-10-06T00:00:00Z,5659.14357264
2019-10-05T00:00:00Z,5661.09430879
2019-10-04T00:00:00Z,5661.61003733
2019-10-03T00:00:00Z,5663.47063918
2019-10-02T00:00:00Z,5666.22698283
2019-10-01T00:00:00Z,5668.08301734
2019-09-30T00:00:00Z,5671.95504174
2019-09-29T00:00:00Z,5674.74095514
2019-09-28T00:00:00Z,5676.45441262
2019-09-27T00:00:00Z,5680.48433871
2019-09-26T00:00:00Z,5683.13282479
2019-09-25T00:00:00Z,5703.07840045
2019-09-24T00:00:00Z,5724.7009998
2019-09-23T00:00:00Z,5726.52104912
2019-09-22T00:00:00Z,5727.60490278
2019-09-21T00:00:00Z,5727.12993183
2019-09-20T00:00:00Z,5726.36677363
2019-09-19T00:00:00Z,5724.15792338
2019-09-18T00:00:00Z,5724.93483621
2019-09-17T00:00:00Z,5717.49024297
2019-09-16T00:00:00Z,5714.89927068
2019-09-15T00:00:00Z,5713.9309535
2019-09-14T00:00:00Z,5712.44415091
2019-09-13T00:00:00Z,5710.13660574
2019-09-12T00:00:00Z,5706.46762813
2019-09-11T00:00:00Z,5703.87196453
2019-09-10T00:00:00Z,5688.37121823
2019-09-09T00:00:00Z,5687.54431458
2019-09-08T00:00:00Z,5684.98022016
2019-09-07T00:00:00Z,5682.12029097
2019-09-06T00:00:00Z,5679.87605435
2019-09-05T00:00:00Z,5629.60797735
2019-09-04T00:00:00Z,5624.06173314
2019-09-03T00:00:00Z,5618.81177085
2019-09-02T00:00:00Z,5609.62192227
2019-09-01T00:00:00Z,5606.56171515
2019-08-31T00:00:00Z,5604.6347795
2019-08-30T00:00:00Z,5605.04275003
2019-08-29T00:00:00Z,5605.46260284
2019-08-28T00:00:00Z,5610.59144826
2019-08-27T00:00:00Z,5609.35481344
2019-08-26T00:00:00Z,5605.1205957
2019-08-25T00:00:00Z,5599.9281575
2019-08-24T00:00:00Z,5598.40054293
2019-08-23T00:00:00Z,5597.43972604
2019-08-22T00:00:00Z,5576.24230394
2019-08-21T00:00:00Z,5577.46214978
2019-08-20T00:00:00Z,5578.2758479
2019-08-19T00:00:00Z,5570.115168
2019-08-18T00:00:00Z,5567.00432897
2019-08-17T00:00:00Z,5565.3962378
2019-08-16T00:00:00Z,5566.29003104
2019-08-15T00:00:00Z,5563.75795554
2019-08-14T00:00:00Z,5567.40455285
2019-08-13T00:00:00Z,5562.15763499
2019-08-12T00:00:00Z,5552.26799262
2019-08-11T00:00:00Z,5546.54231946
2019-08-10T00:00:00Z,5541.30109683
2019-08-09T00:00:00Z,5538.24909559
2019-08-08T00:00:00Z,5530.07311851
2019-08-07T00:00:00Z,5513.43390211
2019-08-06T00:00:00Z,5499.29948552
2019-08-05T00:00:00Z,5474.14148278
2019-08-04T00:00:00Z,5443.15243535
2019-08-03T00:00:00Z,5438.72210159
2019-08-02T00:00:00Z,5433.09665173
2019-08-01T00:00:00Z,5426.00820724
2019-07-31T00:00:00Z,5420.91480329
2019-07-30T00:00:00Z,5416.71022311
2019-07-29T00:00:00Z,5415.01699745
2019-07-28T00:00:00Z,5316.68501074
2019-07-27T00:00:00Z,5316.45813016
2019-07-26T00:00:00Z,5316.21905312
2019-07-25T00:00:00Z,5314.05315397
2019-07-24T00:00:00Z,5309.28080527
2019-07-23T00:00:00Z,5294.65570274
2019-07-22T00:00:00Z,5296.0002178
2019-07-21T00:00:00Z,5294.22642195
2019-07-20T00:00:00Z,5288.22025436
2019-07-19T00:00:00Z,5282.11200923
2019-07-18T00:00:00Z,5273.41764018
2019-07-17T00:00:00Z,5258.691378
2019-07-16T00:00:00Z,5252.54067516
2019-07-15T00:00:00Z,5252.89947971
2019-07-14T00:00:00Z,5250.9523301
2019-07-13T00:00:00Z,5253.49615053
2019-07-12T00:00:00Z,5250.88701272
2019-07-11T00:00:00Z,5236.65659603
2019-07-10T00:00:00Z,5231.5083395
2019-07-09T00:00:00Z,5186.36079503
2019-07-08T00:00:00Z,5164.30506433
2019-07-07T00:00:00Z,5146.25751503
2019-07-06T00:00:00Z,5141.85947519
2019-07-05T00:00:00Z,5136.59363519
2019-07-04T00:00:00Z,5133.70894345
2019-07-03T00:00:00Z,5109.711996
2019-07-02T00:00:00Z,5091.34969193
2019-07-01T00:00:00Z,5086.51371122
2019-06-30T00:00:00Z,5084.71570404
2019-06-29T00:00:00Z,5063.12523996
2019-06-28T00:00:00Z,5047.79873062
2019-06-27T00:00:00Z,5010.64118508
2019-06-26T00:00:00Z,4988.32313964
2019-06-25T00:00:00Z,4911.08849042
2019-06-24T00:00:00Z,4885.5267123
2019-06-23T00:00:00Z,4865.84959249
2019-06-22T00:00:00Z,4852.28379251
2019-06-21T00:00:00Z,4822.2418967
2019-06-20T00:00:00Z,4806.80923849
2019-06-19T00:00:00Z,4795.96311829
2019-06-18T00:00:00Z,4783.89521712
2019-06-17T00:00:00Z,4775.91883909
2019-06-16T00:00:00Z,4760.29251064
2019-06-15T00:00:00Z,4748.99639836
2019-06-14T00:00:00Z,4742.60162467
2019-06-13T00:00:00Z,4731.12603081
2019-06-12T00:00:00Z,4726.31009518
2019-06-11T00:00:00Z,4720.38389991
2019-06-10T00:00:00Z,4718.22565473
2019-06-09T00:00:00Z,4710.44017908
2019-06-08T00:00:00Z,4708.73056531
2019-06-07T00:00:00Z,4707.55438608
2019-06-06T00:00:00Z,4702.3232815
2019-06-05T00:00:00Z,4703.54590985
2019-06-04T00:00:00Z,4707.32985379
2019-06-03T00:00:00Z,4727.3787764
2019-06-02T00:00:00Z,4713.94047044
2019-06-01T00:00:00Z,4708.77661171
2019-05-31T00:00:00Z,4703.14199367
2019-05-30T00:00:00Z,4697.00492371
2019-05-29T00:00:00Z,4690.39436835
2019-05-28T00:00:00Z,4623.66576342
2019-05-27T00:00:00Z,4610.85095256
2019-05-26T00:00:00Z,4596.65605893
2019-05-25T00:00:00Z,4589.53974373
2019-05-24T00:00:00Z,4584.13987329
2019-05-23T00:00:00Z,4574.08816707
2019-05-22T00:00:00Z,4570.45951952
2019-05-21T00:00:00Z,4565.96065305
2019-05-20T00:00:00Z,4558.36112429
2019-05-19T00:00:00Z,4551.82523844
2019-05-18T00:00:00Z,4543.08915306
2019-05-17T00:00:00Z,4540.83112922
2019-05-16T00:00:00Z,4543.3735032
2019-05-15T00:00:00Z,4513.49815319
2019-05-14T00:00:00Z,4485.55366014
2019-05-13T00:00:00Z,4455.29399744
2019-05-12T00:00:00Z,4429.70292457
2019-05-11T00:00:00Z,4415.3628338
2019-05-10T00:00:00Z,4396.40348214
2019-05-09T00:00:00Z,4391.39752294
2019-05-08T00:00:00Z,4387.27276507
2019-05-07T00:00:00Z,4382.84159906
2019-05-06T00:00:00Z,4377.3962256
2019-05-05T00:00:00Z,4370.98069377
2019-05-04T00:00:00Z,4368.01117177
2019-05-03T00:00:00Z,4365.91102231
2019-05-02T00:00:00Z,4361.37856042
2019-05-01T00:00:00Z,4360.43063411
2019-04-30T00:00:00Z,4372.81013701
2019-04-29T00:00:00Z,4371.0817787
2019-04-28T00:00:00Z,4372.94208068
2019-04-27T00:00:00Z,4372.44269696
2019-04-26T00:00:00Z,4372.51744449
2019-04-25T00:00:00Z,4376.96069686
2019-04-24T00:00:00Z,4376.27223918
2019-04-23T00:00:00Z,4380.3985419
2019-04-22T00:00:00Z,4375.31554547
2019-04-21T00:00:00Z,4373.70396613
2019-04-20T00:00:00Z,4373.95064621
2019-04-19T00:00:00Z,4373.17372047
2019-04-18T00:00:00Z,4362.85367977
2019-04-17T00:00:00Z,4361.19326914
2019-04-16T00:00:00Z,4358.22050275
2019-04-15T00:00:00Z,4356.85120362
2019-04-14T00:00:00Z,4356.7318618
2019-04-13T00:00:00Z,4361.39818582
2019-04-12T00:00:00Z,4360.24576753
2019-04-11T00:00:00Z,4358.4765477
2019-04-10T00:00:00Z,4358.18100045
2019-04-09T00:00:00Z,4354.58594582
2019-04-08T00:00:00Z,4351.84149408
2019-04-07T00:00:00Z,4348.6428227
2019-04-06T00:00:00Z,4347.41341917
2019-04-05T00:00:00Z,4346.28931237
2019-04-04T00:00:00Z,4346.10099406
2019-04-03T00:00:00Z,4342.64184815
2019-04-02T00:00:00Z,4334.51836324
2019-04-01T00:00:00Z,4321.98519731
2019-03-31T00:00:00Z,4321.66809291
2019-03-30T00:00:00Z,4325.729639
2019-03-29T00:00:00Z,4325.79601432
2019-03-28T00:00:00Z,4323.71844279
2019-03-27T00:00:00Z,4323.96974976
2019-03-26T00:00:00Z,4323.74668052
2019-03-25T00:00:00Z,4325.49727993
2019-03-24T00:00:00Z,4327.15080883
2019-03-23T00:00:00Z,4327.76714483
2019-03-22T00:00:00Z,4328.41762649
2019-03-21T00:00:00Z,4329.55223909
2019-03-20T00:00:00Z,4330.88168852
2019-03-19T00:00:00Z,4331.32863351
2019-03-18T00:00:00Z,4331.10384479
2019-03-17T00:00:00Z,4332.15920635
2019-03-16T00:00:00Z,4332.12071843
2019-03-15T00:00:00Z,4334.62270527
2019-03-14T00:00:00Z,4335.3324455
2019-03-13T00:00:00Z,4336.69952827
2019-03-12T00:00:00Z,4337.52788348
2019-03-11T00:00:00Z,4339.94967864
2019-03-10T00:00:00Z,4341.99949676
2019-03-09T00:00:00Z,4342.9405171
2019-03-08T00:00:00Z,4343.29887421
2019-03-07T00:00:00Z,4344.91310113
2019-03-06T00:00:00Z,4345.41736438
2019-03-05T00:00:00Z,4346.29153997
2019-03-04T00:00:00Z,4346.58684055
2019-03-03T00:00:00Z,4351.49395428
2019-03-02T00:00:00Z,4352.07536422
2019-03-01T00:00:00Z,4353.17171039
2019-02-28T00:00:00Z,4354.00344067
2019-02-27T00:00:00Z,4355.44299715
2019-02-26T00:00:00Z,4357.08258656
2019-02-25T00:00:00Z,4358.10972879
2019-02-24T00:00:00Z,4361.90422428
2019-02-23T00:00:00Z,4363.2831885
2019-02-22T00:00:00Z,4366.00318983
2019-02-21T00:00:00Z,4366.30108848
2019-02-20T00:00:00Z,4368.79074746
2019-02-19T00:00:00Z,4365.5160836
2019-02-18T00:00:00Z,4366.91146924
2019-02-17T00:00:00Z,4367.84738944
2019-02-16T00:00:00Z,4369.55269993
2019-02-15T00:00:00Z,4373.17265994
2019-02-14T00:00:00Z,4375.12669269
2019-02-13T00:00:00Z,4376.50067698
2019-02-12T00:00:00Z,4386.13141275
2019-02-11T00:00:00Z,4388.82187261
2019-02-10T00:00:00Z,4390.68444652
2019-02-09T00:00:00Z,4391.24096804
2019-02-08T00:00:00Z,4391.16728142
2019-02-07T00:00:00Z,4393.03359557
2019-02-06T00:00:00Z,4396.70980728
2019-02-05T00:00:00Z,4401.40495225
2019-02-04T00:00:00Z,4403.56321006
2019-02-03T00:00:00Z,4407.98688641
2019-02-02T00:00:00Z,4409.50787623
2019-02-01T00:00:00Z,4410.94654058
2019-01-31T00:00:00Z,4414.4914069
2019-01-30T00:00:00Z,4417.42094518
2019-01-29T00:00:00Z,4422.7209488
2019-01-28T00:00:00Z,4427.58129381
2019-01-27T00:00:00Z,4433.39025454
2019-01-26T00:00:00Z,4435.46200312
2019-01-25T00:00:00Z,4437.71745239
2019-01-24T00:00:00Z,4440.9080407
2019-01-23T00:00:00Z,4442.68876842
2019-01-22T00:00:00Z,4445.08495066
2019-01-21T00:00:00Z,4454.12872151
2019-01-20T00:00:00Z,4456.47975941
2019-01-19T00:00:00Z,4458.49387827
2019-01-18T00:00:00Z,4460.45253386
2019-01-17T00:00:00Z,4462.6236559
2019-01-16T00:00:00Z,4465.83442207
2019-01-15T00:00:00Z,4466.03915484
2019-01-14T00:00:00Z,4465.50083118
2019-01-13T00:00:00Z,4468.18117036
2019-01-12T00:00:00Z,4470.69621179
2019-01-11T00:00:00Z,4473.02254643
2019-01-10T00:00:00Z,4501.53379802
2019-01-09T00:00:00Z,4517.54731768
2019-01-08T00:00:00Z,4518.13447936
2019-01-07T00:00:00Z,4522.02966147
2019-01-06T00:00:00Z,4523.29678902
2019-01-05T00:00:00Z,4525.94312704
2019-01-04T00:00:00Z,4526.78361639
2019-01-03T00:00:00Z,4529.13806862
2019-01-02T00:00:00Z,4533.41365343
2019-01-01T00:00:00Z,4534.52164247
2018-12-31T00:00:00Z,4537.22446161
2018-12-30T00:00:00Z,4542.74737581
2018-12-29T00:00:00Z,4546.37295875
2018-12-28T00:00:00Z,4554.84532909
2018-12-27T00:00:00Z,4564.03946272
2018-12-26T00:00:00Z,4568.5290646
2018-12-25T00:00:00Z,4571.30486395
2018-12-24T00:00:00Z,4576.49160426
2018-12-23T00:00:00Z,4578.10479579
2018-12-22T00:00:00Z,4580.60492582
2018-12-21T00:00:00Z,4582.18731854
2018-12-20T00:00:00Z,4587.16200819
2018-12-19T00:00:00Z,4587.82150889
2018-12-18T00:00:00Z,4591.3962229
2018-12-17T00:00:00Z,4605.40552021
2018-12-16T00:00:00Z,4609.76865965
2018-12-15T00:00:00Z,4614.17786524
2018-12-14T00:00:00Z,4619.34006655
2018-12-13T00:00:00Z,4630.12415388
2018-12-12T00:00:00Z,4636.30930017
2018-12-11T00:00:00Z,4642.88985233
2018-12-10T00:00:00Z,4664.06722878
2018-12-09T00:00:00Z,4672.46719792
2018-12-08T00:00:00Z,4674.7969738
2018-12-07T00:00:00Z,4679.68076466
2018-12-06T00:00:00Z,4695.47068128
2018-12-05T00:00:00Z,4726.45434457
2018-12-04T00:00:00Z,4781.54539307
2018-12-03T00:00:00Z,4749.25273004
2018-12-02T00:00:00Z,4740.30718896
2018-12-01T00:00:00Z,4743.26990686
2018-11-30T00:00:00Z,4735.98172972
2018-11-29T00:00:00Z,4747.43755435
2018-11-28T00:00:00Z,4744.6785017
2018-11-27T00:00:00Z,4749.70512864
2018-11-26T00:00:00Z,4766.81040857
2018-11-25T00:00:00Z,4781.09396535
2018-11-24T00:00:00Z,4796.36163189
2018-11-23T00:00:00Z,4804.47455475
2018-11-22T00:00:00Z,4814.22230829
2018-11-21T00:00:00Z,4822.71408148
2018-11-20T00:00:00Z,4833.87697797
2018-11-19T00:00:00Z,4871.22155972
2018-11-18T00:00:00Z,4886.89150941
2018-11-17T00:00:00Z,4888.20914957
2018-11-16T00:00:00Z,4890.88346666
2018-11-15T00:00:00Z,4897.99542845
2018-11-14T00:00:00Z,4935.9001331
2018-11-13T00:00:00Z,4942.5276812
2018-11-12T00:00:00Z,4944.21972374
2018-11-11T00:00:00Z,4944.38774994
2018-11-10T00:00:00Z,4944.56535366
2018-11-09T00:00:00Z,4944.69408527
2018-11-08T00:00:00Z,4944.99266638
2018-11-07T00:00:00Z,4945.00469111
2018-11-06T00:00:00Z,4943.94727125
2018-11-05T00:00:00Z,4944.4893329
2018-11-04T00:00:00Z,4945.092079
2018-11-03T00:00:00Z,4945.24306448
2018-11-02T00:00:00Z,4945.82585352
2018-11-01T00:00:00Z,4945.8449163
2018-10-31T00:00:00Z,4948.88020845
2018-10-30T00:00:00Z,4951.62231604
2018-10-29T00:00:00Z,4953.58671469
2018-10-28T00:00:00Z,4955.64331239
2018-10-27T00:00:00Z,4956.48039275
2018-10-26T00:00:00Z,4956.90276577
2018-10-25T00:00:00Z,4961.40249591
2018-10-24T00:00:00Z,4963.36784397
2018-10-23T00:00:00Z,4964.1109615
2018-10-22T00:00:00Z,4965.8728031
2018-10-21T00:00:00Z,4967.40352606
2018-10-20T00:00:00Z,4967.4862417
2018-10-19T00:00:00Z,4991.80257902
2018-10-18T00:00:00Z,4990.28502996
2018-10-17T00:00:00Z,4991.65039623
2018-10-16T00:00:00Z,4993.06460381
2018-10-15T00:00:00Z,4995.70107273
2018-10-14T00:00:00Z,4991.78730233
2018-10-13T00:00:00Z,4993.09483077
2018-10-12T00:00:00Z,4994.44547352
2018-10-11T00:00:00Z,4996.25353692
2018-10-10T00:00:00Z,5018.00407191
2018-10-09T00:00:00Z,5018.20765344
2018-10-08T00:00:00Z,5018.70066981
2018-10-07T00:00:00Z,5018.02986069
2018-10-06T00:00:00Z,5018.43477653
2018-10-05T00:00:00Z,5018.70939219
2018-10-04T00:00:00Z,5019.30749494
2018-10-03T00:00:00Z,5020.06392258
2018-10-02T00:00:00Z,5022.58870528
2018-10-01T00:00:00Z,5024.53346085
2018-09-30T00:00:00Z,5027.56297496
2018-09-29T00:00:00Z,5027.76363316
2018-09-28T00:00:00Z,5029.47282656
2018-09-27T00:00:00Z,5027.81175632
2018-09-26T00:00:00Z,5028.01353169
2018-09-25T00:00:00Z,5028.59259724
2018-09-24T00:00:00Z,5035.2334078
2018-09-23T00:00:00Z,5036.01214274
2018-09-22T00:00:00Z,5035.73552602
2018-09-21T00:00:00Z,5036.12747636
2018-09-20T00:00:00Z,5042.23963608
2018-09-19T00:00:00Z,5044.07349385
2018-09-18T00:00:00Z,5045.55166658
2018-09-17T00:00:00Z,5047.46480865
2018-09-16T00:00:00Z,5049.4735505
2018-09-15T00:00:00Z,5049.93705173
2018-09-14T00:00:00Z,5050.32529244
2018-09-13T00:00:00Z,5050.67577998
2018-09-12T00:00:00Z,5055.26996462
2018-09-11T00:00:00Z,5058.71628851
2018-09-10T00:00:00Z,5063.93494717
2018-09-09T00:00:00Z,5066.91543074
2018-09-08T00:00:00Z,5068.8716825
2018-09-07T00:00:00Z,5071.1116182
2018-09-06T00:00:00Z,5074.71337977
2018-09-05T00:00:00Z,5083.23375242
2018-09-04T00:00:00Z,5086.77045502
2018-09-03T00:00:00Z,5085.0154498
2018-09-02T00:00:00Z,5083.98829213
2018-09-01T00:00:00Z,5082.08778977
2018-08-31T00:00:00Z,5080.39923474
2018-08-30T00:00:00Z,5080.53429042
2018-08-29T00:00:00Z,5078.64906589
2018-08-28T00:00:00Z,5074.3446659
2018-08-27T00:00:00Z,5068.95013717
2018-08-26T00:00:00Z,5066.2797596
2018-08-25T00:00:00Z,5064.12046327
2018-08-24T00:00:00Z,5059.7277828
2018-08-23T00:00:00Z,5060.20033662
2018-08-22T00:00:00Z,5059.84882125
2018-08-21T00:00:00Z,5058.67883519
2018-08-20T00:00:00Z,5059.40237526
2018-08-19T00:00:00Z,5060.20672042
2018-08-18T00:00:00Z,5058.95901674
2018-08-17T00:00:00Z,5060.28118656
2018-08-16T00:00:00Z,5058.89944645
2018-08-15T00:00:00Z,5060.208074
2018-08-14T00:00:00Z,5063.66965481
2018-08-13T00:00:00Z,5073.92343476
2018-08-12T00:00:00Z,5075.40245632
2018-08-11T00:00:00Z,5077.1350136
2018-08-10T00:00:00Z,5081.72307121
2018-08-09T00:00:00Z,5084.86902091
2018-08-08T00:00:00Z,5092.85263959
2018-08-07T00:00:00Z,5101.10521298
2018-08-06T00:00:00Z,5103.76514343
2018-08-05T00:00:00Z,5108.87782823
2018-08-04T00:00:00Z,5111.24174693
2018-08-03T00:00:00Z,5115.31948206
2018-08-02T00:00:00Z,5118.8884875
2018-08-01T00:00:00Z,5120.29918966
2018-07-31T00:00:00Z,5122.08377171
2018-07-30T00:00:00Z,5121.6856927
2018-07-29T00:00:00Z,5120.10430772
2018-07-28T00:00:00Z,5115.94275091
2018-07-27T00:00:00Z,5113.12851453
2018-07-26T00:00:00Z,5110.97654591
2018-07-25T00:00:00Z,5108.70319174
2018-07-24T00:00:00Z,5102.08759872
2018-07-23T00:00:00Z,5094.5143354
2018-07-22T00:00:00Z,5089.90828888
2018-07-21T00:00:00Z,5087.87688739
2018-07-20T00:00:00Z,5086.38059641
2018-07-19T00:00:00Z,5084.45316271
2018-07-18T00:00:00Z,5080.99649119
2018-07-17T00:00:00Z,5076.82655591
2018-07-16T00:00:00Z,5072.62189298
2018-07-15T00:00:00Z,5072.71679668
2018-07-14T00:00:00Z,5072.86178157
2018-07-13T00:00:00Z,5074.64665031
2018-07-12T00:00:00Z,5080.04145595
2018-07-11T00:00:00Z,5085.97648193
2018-07-10T00:00:00Z,5090.89748673
2018-07-09T00:00:00Z,5094.85180556
2018-07-08T00:00:00Z,5095.45321666
2018-07-07T00:00:00Z,5099.6481611
2018-07-06T00:00:00Z,5100.38129895
2018-07-05T00:00:00Z,5105.33535085
2018-07-04T00:00:00Z,5107.1701685
2018-07-03T00:00:00Z,5106.48385205
2018-07-02T00:00:00Z,5107.9902372
2018-07-01T00:00:00Z,5107.6478356
2018-06-30T00:00:00Z,5119.64785527
2018-06-29T00:00:00Z,5119.3784151
2018-06-28T00:00:00Z,5125.11665029
2018-06-27T00:00:00Z,5131.92721213
2018-06-26T00:00:00Z,5176.99226977
2018-06-25T00:00:00Z,5180.90668208
2018-06-24T00:00:00Z,5184.09036951
2018-06-23T00:00:00Z,5190.28712266
2018-06-22T00:00:00Z,5194.74837574
2018-06-21T00:00:00Z,5204.77074782
2018-06-20T00:00:00Z,5203.27216474
2018-06-19T00:00:00Z,5206.23428697
2018-06-18T00:00:00Z,5208.32196816
2018-06-17T00:00:00Z,5212.34261794
2018-06-16T00:00:00Z,5214.99558765
2018-06-15T00:00:00Z,5217.28887395
2018-06-14T00:00:00Z,5222.6056628
2018-06-13T00:00:00Z,5227.38330659
2018-06-12T00:00:00Z,5243.81260153
2018-06-11T00:00:00Z,5251.04522885
2018-06-10T00:00:00Z,5262.94861645
2018-06-09T00:00:00Z,5274.42881051
2018-06-08T00:00:00Z,5276.04678877
2018-06-07T00:00:00Z,5279.41793512
2018-06-06T00:00:00Z,5280.07769378
2018-06-05T00:00:00Z,5280.89878112
2018-06-04T00:00:00Z,5285.05841653
2018-06-03T00:00:00Z,5287.65133719
2018-06-02T00:00:00Z,5286.70114613
2018-06-01T00:00:00Z,5286.40928006
2018-05-31T00:00:00Z,5289.40232176
2018-05-30T00:00:00Z,5292.24480623
2018-05-29T00:00:00Z,5293.40300943
2018-05-28T00:00:00Z,5297.34045652
2018-05-27T00:00:00Z,5305.07082072
2018-05-26T00:00:00Z,5307.83096978
2018-05-25T00:00:00Z,5309.77549721
2018-05-24T00:00:00Z,5314.30969215
2018-05-23T00:00:00Z,5315.97586527
2018-05-22T00:00:00Z,5321.53369967
2018-05-21T00:00:00Z,5324.50197774
2018-05-20T00:00:00Z,5322.27951361
2018-05-19T00:00:00Z,5321.03965319
2018-05-18T00:00:00Z,5319.41095107
2018-05-17T00:00:00Z,5324.72040905
2018-05-16T00:00:00Z,5302.79954905
2018-05-15T00:00:00Z,5309.70002035
2018-05-14T00:00:00Z,5308.82091462
2018-05-13T00:00:00Z,5281.91384348
2018-05-12T00:00:00Z,5281.73124282
2018-05-11T00:00:00Z,5283.37807006
2018-05-10T00:00:00Z,5288.88498875
2018-05-09T00:00:00Z,5284.8265333
2018-05-08T00:00:00Z,5280.00139141
2018-05-07T00:00:00Z,5280.14344035
2018-05-06T00:00:00Z,5279.99041463
2018-05-05T00:00:00Z,5278.57207879
2018-05-04T00:00:00Z,5273.61365357
2018-05-03T00:00:00Z,5265.60056102
2018-05-02T00:00:00Z,5259.66787042
2018-05-01T00:00:00Z,5248.71500361
2018-04-30T00:00:00Z,5248.58539981
2018-04-29T00:00:00Z,5243.99995922
2018-04-28T00:00:00Z,5241.65622695
2018-04-27T00:00:00Z,5238.54738595
2018-04-26T00:00:00Z,5236.60061597
2018-04-25T00:00:00Z,5227.1882981
2018-04-24T00:00:00Z,5221.83037593
2018-04-23T00:00:00Z,5209.87446659
2018-04-22T00:00:00Z,5203.15619067
2018-04-21T00:00:00Z,5198.75685704
2018-04-20T00:00:00Z,5192.04850095
2018-04-19T00:00:00Z,5184.72759451
2018-04-18T00:00:00Z,5168.65412717
2018-04-17T00:00:00Z,5167.07220866
2018-04-16T00:00:00Z,5167.59034089
2018-04-15T00:00:00Z,5168.18925897
2018-04-14T00:00:00Z,5165.8626954
2018-04-13T00:00:00Z,5166.06374966
2018-04-12T00:00:00Z,5157.09264697
2018-04-11T00:00:00Z,5155.51416995
2018-04-10T00:00:00Z,5158.80342527
2018-04-09T00:00:00Z,5163.86732971
2018-04-08T00:00:00Z,5172.06789526
2018-04-07T00:00:00Z,5173.37898074
2018-04-06T00:00:00Z,5176.87025087
2018-04-05T00:00:00Z,5187.03522131
2018-04-04T00:00:00Z,5195.59434607
2018-04-03T00:00:00Z,5203.94922871
2018-04-02T00:00:00Z,5207.65059732
2018-04-01T00:00:00Z,5211.98460409
2018-03-31T00:00:00Z,5220.19572499
2018-03-30T00:00:00Z,5223.36730896
2018-03-29T00:00:00Z,5240.79070322
2018-03-28T00:00:00Z,5256.44332873
2018-03-27T00:00:00Z,5264.24467157
2018-03-26T00:00:00Z,5270.1948093
2018-03-25T00:00:00Z,5282.52902612
2018-03-24T00:00:00Z,5288.65714808
2018-03-23T00:00:00Z,5285.46981284
2018-03-22T00:00:00Z,5289.07198596
2018-03-21T00:00:00Z,5293.44513696
2018-03-20T00:00:00Z,5291.2174668
2018-03-19T00:00:00Z,5292.56757995
2018-03-18T00:00:00Z,5292.59054318
2018-03-17T00:00:00Z,5300.39701934
2018-03-16T00:00:00Z,5306.88802943
2018-03-15T00:00:00Z,5313.36698222
2018-03-14T00:00:00Z,5323.98331793
2018-03-13T00:00:00Z,5336.22116966
2018-03-12T00:00:00Z,5340.58123973
2018-03-11T00:00:00Z,5342.18927694
2018-03-10T00:00:00Z,5340.58886254
2018-03-09T00:00:00Z,5345.57160185
2018-03-08T00:00:00Z,5380.65382756
2018-03-07T00:00:00Z,5390.6239791
2018-03-06T00:00:00Z,5399.54208442
2018-03-05T00:00:00Z,5394.93763638
2018-03-04T00:00:00Z,5374.63201312
2018-03-03T00:00:00Z,5364.7055427
2018-03-02T00:00:00Z,5357.89506629
2018-03-01T00:00:00Z,5349.19798485
2018-02-28T00:00:00Z,5342.63305811
2018-02-27T00:00:00Z,5328.55965504
2018-02-26T00:00:00Z,5318.88447574
2018-02-25T00:00:00Z,5315.78913976
2018-02-24T00:00:00Z,5317.54350792
2018-02-23T00:00:00Z,5316.63417183
2018-02-22T00:00:00Z,5313.68637897
2018-02-21T00:00:00Z,5245.12678752
2018-02-20T00:00:00Z,5239.10359211
2018-02-19T00:00:00Z,5214.7302137
2018-02-18T00:00:00Z,5200.50078831
2018-02-17T00:00:00Z,5192.48684687
2018-02-16T00:00:00Z,5181.81895785
2018-02-15T00:00:00Z,5173.60347679
2018-02-14T00:00:00Z,5154.13221746
2018-02-13T00:00:00Z,5146.3493508
2018-02-12T00:00:00Z,5152.56627964
2018-02-11T00:00:00Z,5148.60155658
2018-02-10T00:00:00Z,5152.12377396
2018-02-09T00:00:00Z,5151.90960047
2018-02-08T00:00:00Z,5161.50988837
2018-02-07T00:00:00Z,5168.82675707
2018-02-06T00:00:00Z,5179.26818709
2018-02-05T00:00:00Z,5211.28649477
2018-02-04T00:00:00Z,5243.94290974
2018-02-03T00:00:00Z,5239.05667984
2018-02-02T00:00:00Z,5247.14755843
2018-02-01T00:00:00Z,5292.07774776
2018-01-31T00:00:00Z,5310.37170973
2018-01-30T00:00:00Z,5318.44603484
2018-01-29T00:00:00Z,5341.12583713
2018-01-28T00:00:00Z,5341.41861552
2018-01-27T00:00:00Z,5315.03343182
2018-01-26T00:00:00Z,5310.20184616
2018-01-25T00:00:00Z,5299.19762658
2018-01-24T00:00:00Z,5296.63797924
2018-01-23T00:00:00Z,5297.30372878
2018-01-22T00:00:00Z,5308.3655244
2018-01-21T00:00:00Z,5316.44919909
2018-01-20T00:00:00Z,5322.22980814
2018-01-19T00:00:00Z,5313.44446618
2018-01-18T00:00:00Z,5313.25791164
2018-01-17T00:00:00Z,5315.79786711
2018-01-16T00:00:00Z,5337.43685684
2018-01-15T00:00:00Z,5358.968599
2018-01-14T00:00:00Z,5350.45557518
2018-01-13T00:00:00Z,5344.21305609
2018-01-12T00:00:00Z,5326.75758859
2018-01-11T00:00:00Z,5307.85792807
2018-01-10T00:00:00Z,5292.23329581
2018-01-09T00:00:00Z,5280.78509387
2018-01-08T00:00:00Z,5257.65674599
2018-01-07T00:00:00Z,5253.31594001
2018-01-06T00:00:00Z,5176.28216609
2018-01-05T00:00:00Z,5118.3811911
2018-01-04T00:00:00Z,5041.36342739
2018-01-03T00:00:00Z,4999.83423326
2018-01-02T00:00:00Z,4969.15177747
2018-01-01T00:00:00Z,4933.16496372
2017-12-31T00:00:00Z,4931.07928371
2017-12-30T00:00:00Z,4921.64461074
2017-12-29T00:00:00Z,4892.71879083
2017-12-28T00:00:00Z,4862.56375167
2017-12-27T00:00:00Z,4851.15216737
2017-12-26T00:00:00Z,4787.9675646
2017-12-25T00:00:00Z,4738.35658592
2017-12-24T00:00:00Z,4726.3064569
2017-12-23T00:00:00Z,4718.66673894
2017-12-22T00:00:00Z,4692.57630562
2017-12-21T00:00:00Z,4688.46173523
2017-12-20T00:00:00Z,4657.88083809
2017-12-19T00:00:00Z,4576.13984871
2017-12-18T00:00:00Z,4522.94335449
2017-12-17T00:00:00Z,4453.90456931
2017-12-16T00:00:00Z,4347.05663788
2017-12-15T00:00:00Z,4269.51999491
2017-12-14T00:00:00Z,4184.30982336
2017-12-13T00:00:00Z,4120.78655205
2017-12-12T00:00:00Z,4026.59478599
2017-12-11T00:00:00Z,3884.40768526
2017-12-10T00:00:00Z,3781.85577119
2017-12-09T00:00:00Z,3726.68796649
2017-12-08T00:00:00Z,3665.94346581
2017-12-07T00:00:00Z,3523.62593444
2017-12-06T00:00:00Z,3280.77059253
2017-12-05T00:00:00Z,3199.84410686
2017-12-04T00:00:00Z,3152.37129464
2017-12-03T00:00:00Z,3105.45324582
2017-12-02T00:00:00Z,3072.14623919
2017-12-01T00:00:00Z,3028.10560677
2017-11-30T00:00:00Z,2988.34196502
2017-11-29T00:00:00Z,2956.13185201
2017-11-28T00:00:00Z,2881.96376221
2017-11-27T00:00:00Z,2816.30012469
2017-11-26T00:00:00Z,2764.71149195
2017-11-25T00:00:00Z,2723.25696606
2017-11-24T00:00:00Z,2688.15984502
2017-11-23T00:00:00Z,2654.81587916
2017-11-22T00:00:00Z,2637.00954733
2017-11-21T00:00:00Z,2617.48753563
2017-11-20T00:00:00Z,2581.50955925
2017-11-19T00:00:00Z,2549.29350456
2017-11-18T00:00:00Z,2529.00403921
2017-11-17T00:00:00Z,2510.23517776
2017-11-16T00:00:00Z,2464.02109287
2017-11-15T00:00:00Z,2427.90832656
2017-11-14T00:00:00Z,2398.86227278
2017-11-13T00:00:00Z,2384.14885007
2017-11-12T00:00:00Z,2359.56146063
2017-11-11T00:00:00Z,2315.60545672
2017-11-10T00:00:00Z,2301.54549074
2017-11-09T00:00:00Z,2283.72103011
2017-11-08T00:00:00Z,2259.40049538
2017-11-07T00:00:00Z,2240.20570548
2017-11-06T00:00:00Z,2221.81434507
2017-11-05T00:00:00Z,2205.57344439
2017-11-04T00:00:00Z,2181.85418607
2017-11-03T00:00:00Z,2164.21374472
2017-11-02T00:00:00Z,2138.21003717
2017-11-01T00:00:00Z,2101.98496734
2017-10-31T00:00:00Z,2077.46265328
2017-10-30T00:00:00Z,2062.84386877
2017-10-29T00:00:00Z,2047.86718201
2017-10-28T00:00:00Z,2037.48248289
2017-10-27T00:00:00Z,2032.42400233
2017-10-26T00:00:00Z,2022.23798706
2017-10-25T00:00:00Z,2012.02590941
2017-10-24T00:00:00Z,2003.56419883
2017-10-23T00:00:00Z,1987.67239696
2017-10-22T00:00:00Z,1951.61691255
2017-10-21T00:00:00Z,1933.84307645
2017-10-20T00:00:00Z,1921.44252623
2017-10-19T00:00:00Z,1908.65269687
2017-10-18T00:00:00Z,1890.27951268
2017-10-17T00:00:00Z,1882.78090143
2017-10-16T00:00:00Z,1869.16324539
2017-10-15T00:00:00Z,1852.20339172
2017-10-14T00:00:00Z,1840.93335716
2017-10-13T00:00:00Z,1828.1025828
2017-10-12T00:00:00Z,1800.71173451
2017-10-11T00:00:00Z,1785.09417068
2017-10-10T00:00:00Z,1778.42091904
2017-10-09T00:00:00Z,1764.34383496
2017-10-08T00:00:00Z,1748.2740701
2017-10-07T00:00:00Z,1740.08584385
2017-10-06T00:00:00Z,1735.73990781
2017-10-05T00:00:00Z,1730.0616965
2017-10-04T00:00:00Z,1718.42939649
2017-10-03T00:00:00Z,1714.71740346
2017-10-02T00:00:00Z,1709.93000772
2017-10-01T00:00:00Z,1699.88625707
2017-09-30T00:00:00Z,1695.10205765
2017-09-29T00:00:00Z,1686.58899108
2017-09-28T00:00:00Z,1682.3443284
2017-09-27T00:00:00Z,1673.97825275
2017-09-26T00:00:00Z,1667.40877495
2017-09-25T00:00:00Z,1662.73080163
2017-09-24T00:00:00Z,1646.30869156
2017-09-23T00:00:00Z,1645.68159305
2017-09-22T00:00:00Z,1643.263929
2017-09-21T00:00:00Z,1641.99877133
2017-09-20T00:00:00Z,1641.4686979
2017-09-19T00:00:00Z,1638.03284397
2017-09-18T00:00:00Z,1634.0345077
2017-09-17T00:00:00Z,1628.05689872
2017-09-16T00:00:00Z,1627.18533187
2017-09-15T00:00:00Z,1623.19006499
2017-09-14T00:00:00Z,1625.80622666
2017-09-13T00:00:00Z,1633.97002172
2017-09-12T00:00:00Z,1637.65813955
2017-09-11T00:00:00Z,1633.58345886
2017-09-10T00:00:00Z,1630.23585993
2017-09-09T00:00:00Z,1623.19603027
2017-09-08T00:00:00Z,1620.75165172
2017-09-07T00:00:00Z,1617.57690968
2017-09-06T00:00:00Z,1598.71829416
2017-09-05T00:00:00Z,1586.59405615
2017-09-04T00:00:00Z,1580.60262444
2017-09-03T00:00:00Z,1571.86662119
2017-09-02T00:00:00Z,1564.75347077
2017-09-01T00:00:00Z,1554.36486846
2017-08-31T00:00:00Z,1536.00041861
2017-08-30T00:00:00Z,1516.56744516
2017-08-29T00:00:00Z,1503.74891298
2017-08-28T00:00:00Z,1484.73631303
2017-08-27T00:00:00Z,1474.86619954
2017-08-26T00:00:00Z,1467.29280702
2017-08-25T00:00:00Z,1459.0661763
2017-08-24T00:00:00Z,1448.62904214
2017-08-23T00:00:00Z,1440.29999656
2017-08-22T00:00:00Z,1425.44333315
2017-08-21T00:00:00Z,1415.76240742
2017-08-20T00:00:00Z,1407.60335056
2017-08-19T00:00:00Z,1390.10551563
2017-08-18T00:00:00Z,1375.03093202
2017-08-17T00:00:00Z,1363.03639613
2017-08-16T00:00:00Z,1341.65549819
2017-08-15T00:00:00Z,1327.60619335
2017-08-14T00:00:00Z,1313.40527694
2017-08-13T00:00:00Z,1290.66400631
2017-08-12T00:00:00Z,1272.88975805
2017-08-11T00:00:00Z,1255.73543453
2017-08-10T00:00:00Z,1244.6396152
2017-08-09T00:00:00Z,1233.30078944
2017-08-08T00:00:00Z,1219.09589718
2017-08-07T00:00:00Z,1197.05681885
2017-08-06T00:00:00Z,1172.7156858
2017-08-05T00:00:00Z,1148.59323241
2017-08-04T00:00:00Z,1127.32238056
2017-08-03T00:00:00Z,1104.54203693
2017-08-02T00:00:00Z,1092.31963018
2017-08-01T00:00:00Z,1082.80109062
2017-07-31T00:00:00Z,1068.71068366
2017-07-30T00:00:00Z,1039.3956789
2017-07-29T00:00:00Z,1018.59839262
2017-07-28T00:00:00Z,1000.72834435
2017-07-27T00:00:00Z,980.87750717
2017-07-26T00:00:00Z,973.27139358
2017-07-25T00:00:00Z,971.50727555
2017-07-24T00:00:00Z,962.82075451
2017-07-23T00:00:00Z,958.1796447
2017-07-22T00:00:00Z,954.95568935
2017-07-21T00:00:00Z,949.1798297
2017-07-20T00:00:00Z,942.88527498
2017-07-19T00:00:00Z,933.92657441
2017-07-18T00:00:00Z,931.05584338
2017-07-17T00:00:00Z,927.39647482
2017-07-16T00:00:00Z,923.64118326
2017-07-15T00:00:00Z,926.85087085
2017-07-14T00:00:00Z,929.54540034
2017-07-13T00:00:00Z,929.50908601
2017-07-12T00:00:00Z,927.87407558
2017-07-11T00:00:00Z,927.57104329
2017-07-10T00:00:00Z,926.94582842
2017-07-09T00:00:00Z,926.7741252
2017-07-08T00:00:00Z,925.17575729
2017-07-07T00:00:00Z,923.2846952
2017-07-06T00:00:00Z,918.57322302
2017-07-05T00:00:00Z,915.67272028
2017-07-04T00:00:00Z,910.82025753
2017-07-03T00:00:00Z,907.51104711
2017-07-02T00:00:00Z,902.88925018
2017-07-01T00:00:00Z,900.72049987
2017-06-30T00:00:00Z,899.80876169
2017-06-29T00:00:00Z,894.60984367
2017-06-28T00:00:00Z,890.54119727
2017-06-27T00:00:00Z,886.06584229
2017-06-26T00:00:00Z,885.08027504
2017-06-25T00:00:00Z,885.03818356
2017-06-24T00:00:00Z,884.12988623
2017-06-23T00:00:00Z,881.89089003
2017-06-22T00:00:00Z,877.73435866
2017-06-21T00:00:00Z,872.29827179
2017-06-20T00:00:00Z,867.32082739
2017-06-19T00:00:00Z,860.18283328
2017-06-18T00:00:00Z,854.16023191
2017-06-17T00:00:00Z,847.41182011
2017-06-16T00:00:00Z,843.96417106
2017-06-15T00:00:00Z,838.73601793
2017-06-14T00:00:00Z,841.01124979
2017-06-13T00:00:00Z,835.84753314
2017-06-12T00:00:00Z,826.00974144
2017-06-11T00:00:00Z,815.98303722
2017-06-10T00:00:00Z,808.8574137
2017-06-09T00:00:00Z,799.32296556
2017-06-08T00:00:00Z,791.65636774
2017-06-07T00:00:00Z,784.76371462
2017-06-06T00:00:00Z,777.83532176
2017-06-05T00:00:00Z,766.87944224
2017-06-04T00:00:00Z,758.83086264
2017-06-03T00:00:00Z,753.53966492
2017-06-02T00:00:00Z,746.98504572
2017-06-01T00:00:00Z,741.82273366
2017-05-31T00:00:00Z,733.71685213
2017-05-30T00:00:00Z,727.3425065
2017-05-29T00:00:00Z,722.89185511
2017-05-28T00:00:00Z,718.98218322
2017-05-27T00:00:00Z,715.51115241
2017-05-26T00:00:00Z,716.27381071
2017-05-25T00:00:00Z,708.90906489
2017-05-24T00:00:00Z,690.3769865
2017-05-23T00:00:00Z,678.25213326
2017-05-22T00:00:00Z,667.25425927
2017-05-21T00:00:00Z,655.1096309
2017-05-20T00:00:00Z,650.09758807
2017-05-19T00:00:00Z,645.11571205
2017-05-18T00:00:00Z,639.16343391
2017-05-17T00:00:00Z,635.8102042
2017-05-16T00:00:00Z,629.57819902
2017-05-15T00:00:00Z,627.20312329
2017-05-14T00:00:00Z,624.45841526
2017-05-13T00:00:00Z,622.24016349
2017-05-12T00:00:00Z,620.18341636
2017-05-11T00:00:00Z,616.42868785
2017-05-10T00:00:00Z,609.06108447
2017-05-09T00:00:00Z,604.36235705
2017-05-08T00:00:00Z,598.0232662
2017-05-07T00:00:00Z,592.59298245
2017-05-06T00:00:00Z,590.53804996
2017-05-05T00:00:00Z,587.9862356
2017-05-04T00:00:00Z,583.09693529
2017-05-03T00:00:00Z,576.49896013
2017-05-02T00:00:00Z,573.28322747
2017-05-01T00:00:00Z,569.72290978
2017-04-30T00:00:00Z,565.27374978
2017-04-29T00:00:00Z,563.70117427
2017-04-28T00:00:00Z,562.09479302
2017-04-27T00:00:00Z,559.34151036
2017-04-26T00:00:00Z,556.89822382
2017-04-25T00:00:00Z,555.04639698
2017-04-24T00:00:00Z,553.24321478
2017-04-23T00:00:00Z,551.66080496
2017-04-22T00:00:00Z,550.68851471
2017-04-21T00:00:00Z,550.07926692
2017-04-20T00:00:00Z,548.90935675
2017-04-19T00:00:00Z,547.28885577
2017-04-18T00:00:00Z,546.2853521
2017-04-17T00:00:00Z,544.75991651
2017-04-16T00:00:00Z,543.15508233
2017-04-15T00:00:00Z,542.8105679
2017-04-14T00:00:00Z,542.28214829
2017-04-13T00:00:00Z,541.37159111
2017-04-12T00:00:00Z,540.9380498
2017-04-11T00:00:00Z,539.46123429
2017-04-10T00:00:00Z,538.01747926
2017-04-09T00:00:00Z,536.69847477
2017-04-08T00:00:00Z,535.5921568
2017-04-07T00:00:00Z,534.86154423
2017-04-06T00:00:00Z,532.8571556
2017-04-05T00:00:00Z,531.08801
2017-04-04T00:00:00Z,530.04683157
2017-04-03T00:00:00Z,528.96161634
2017-04-02T00:00:00Z,527.182248
2017-04-01T00:00:00Z,526.41932104
2017-03-31T00:00:00Z,525.46944231
2017-03-30T00:00:00Z,523.88281228
2017-03-29T00:00:00Z,523.29367366
2017-03-28T00:00:00Z,522.873493
2017-03-27T00:00:00Z,521.72554296
2017-03-26T00:00:00Z,521.03829836
2017-03-25T00:00:00Z,520.26855235
2017-03-24T00:00:00Z,520.66385936
2017-03-23T00:00:00Z,520.52833986
2017-03-22T00:00:00Z,520.49470833
2017-03-21T00:00:00Z,520.1959457
2017-03-20T00:00:00Z,518.57506894
2017-03-19T00:00:00Z,518.80958011
2017-03-18T00:00:00Z,518.37670718
2017-03-17T00:00:00Z,519.06480645
2017-03-16T00:00:00Z,519.04149905
2017-03-15T00:00:00Z,517.60725532
2017-03-14T00:00:00Z,515.44381184
2017-03-13T00:00:00Z,514.0836448
2017-03-12T00:00:00Z,510.62670544
2017-03-11T00:00:00Z,509.70116104
2017-03-10T00:00:00Z,509.03608902
2017-03-09T00:00:00Z,508.06205831
2017-03-08T00:00:00Z,507.56151586
2017-03-07T00:00:00Z,506.69931494
2017-03-06T00:00:00Z,505.31094534
2017-03-05T00:00:00Z,502.95791092
2017-03-04T00:00:00Z,501.75245608
2017-03-03T00:00:00Z,500.30250948
2017-03-02T00:00:00Z,497.0563621
2017-03-01T00:00:00Z,494.29246434
2017-02-28T00:00:00Z,492.07146525
2017-02-27T00:00:00Z,490.69552979
2017-02-26T00:00:00Z,489.11366642
2017-02-25T00:00:00Z,488.42766801
2017-02-24T00:00:00Z,487.57550842
2017-02-23T00:00:00Z,483.75628643
2017-02-22T00:00:00Z,481.54074348
2017-02-21T00:00:00Z,478.92088167
2017-02-20T00:00:00Z,477.17355981
2017-02-19T00:00:00Z,476.35679354
2017-02-18T00:00:00Z,475.704554
2017-02-17T00:00:00Z,474.76444887
2017-02-16T00:00:00Z,472.99014999
2017-02-15T00:00:00Z,472.13400176
2017-02-14T00:00:00Z,471.69103114
2017-02-13T00:00:00Z,470.91214513
2017-02-12T00:00:00Z,470.01208382
2017-02-11T00:00:00Z,469.41844461
2017-02-10T00:00:00Z,468.97413653
2017-02-09T00:00:00Z,468.0389462
2017-02-08T00:00:00Z,467.1876597
2017-02-07T00:00:00Z,465.8765553
2017-02-06T00:00:00Z,464.21036891
2017-02-05T00:00:00Z,463.06270667
2017-02-04T00:00:00Z,462.19662018
2017-02-03T00:00:00Z,461.3016303
2017-02-02T00:00:00Z,459.44933984
2017-02-01T00:00:00Z,458.16008753
2017-01-31T00:00:00Z,457.00912858
2017-01-30T00:00:00Z,456.04661872
2017-01-29T00:00:00Z,455.63112491
2017-01-28T00:00:00Z,454.26908056
2017-01-27T00:00:00Z,453.92823142
2017-01-26T00:00:00Z,453.42722321
2017-01-25T00:00:00Z,452.66684121
2017-01-24T00:00:00Z,452.02491882
2017-01-23T00:00:00Z,451.28947842
2017-01-22T00:00:00Z,450.6420029
2017-01-21T00:00:00Z,449.861463
2017-01-20T00:00:00Z,449.11490609
2017-01-19T00:00:00Z,448.65155369
2017-01-18T00:00:00Z,448.03670174
2017-01-17T00:00:00Z,447.62094504
2017-01-16T00:00:00Z,446.34518707
2017-01-15T00:00:00Z,446.09478808
2017-01-14T00:00:00Z,446.02400911
2017-01-13T00:00:00Z,445.90948755
2017-01-12T00:00:00Z,445.86400574
2017-01-11T00:00:00Z,446.51101242
2017-01-10T00:00:00Z,447.57413593
2017-01-09T00:00:00Z,447.03277801
2017-01-08T00:00:00Z,446.59412219
2017-01-07T00:00:00Z,445.92933122
2017-01-06T00:00:00Z,446.39166499
2017-01-05T00:00:00Z,447.06284994
2017-01-04T00:00:00Z,441.96978472
2017-01-03T00:00:00Z,437.18131126
2017-01-02T00:00:00Z,434.92550955
2017-01-01T00:00:00Z,432.45753493
2016-12-31T00:00:00Z,431.1493955
2016-12-30T00:00:00Z,430.43960552
2016-12-29T00:00:00Z,428.88087095
2016-12-28T00:00:00Z,426.72228704
2016-12-27T00:00:00Z,424.14902122
2016-12-26T00:00:00Z,422.51939039
2016-12-25T00:00:00Z,421.41583652
2016-12-24T00:00:00Z,420.90686436
2016-12-23T00:00:00Z,420.04447143
2016-12-22T00:00:00Z,417.05544343
2016-12-21T00:00:00Z,414.97374128
2016-12-20T00:00:00Z,413.16108133
2016-12-19T00:00:00Z,412.44875384
2016-12-18T00:00:00Z,412.05134609
2016-12-17T00:00:00Z,411.46437154
2016-12-16T00:00:00Z,410.91802015
2016-12-15T00:00:00Z,410.35553608
2016-12-14T00:00:00Z,409.7850908
2016-12-13T00:00:00Z,409.26440664
2016-12-12T00:00:00Z,408.69897838
2016-12-11T00:00:00Z,408.11289902
2016-12-10T00:00:00Z,407.84526109
2016-12-09T00:00:00Z,407.15771195
2016-12-08T00:00:00Z,406.78709891
2016-12-07T00:00:00Z,406.04180154
2016-12-06T00:00:00Z,405.53538524
2016-12-05T00:00:00Z,405.16869371
2016-12-04T00:00:00Z,404.77753251
2016-12-03T00:00:00Z,404.50392363
2016-12-02T00:00:00Z,401.50225249
2016-12-01T00:00:00Z,400.4438017
2016-11-30T00:00:00Z,399.76491561
2016-11-29T00:00:00Z,399.26883441
2016-11-28T00:00:00Z,398.97469126
2016-11-27T00:00:00Z,398.5707906
2016-11-26T00:00:00Z,398.24897381
2016-11-25T00:00:00Z,397.92643117
2016-11-24T00:00:00Z,397.68696454
2016-11-23T00:00:00Z,395.8116398
2016-11-22T00:00:00Z,395.28752471
2016-11-21T00:00:00Z,394.66816174
2016-11-20T00:00:00Z,394.23606321
2016-11-19T00:00:00Z,394.0620059
2016-11-18T00:00:00Z,393.67546949
2016-11-17T00:00:00Z,393.00594511
2016-11-16T00:00:00Z,391.98090094
2016-11-15T00:00:00Z,390.88638407
2016-11-14T00:00:00Z,390.36630042
2016-11-13T00:00:00Z,390.05316591
2016-11-12T00:00:00Z,390.00042115
2016-11-11T00:00:00Z,389.85910485
2016-11-10T00:00:00Z,389.47759018
2016-11-09T00:00:00Z,389.12298958
2016-11-08T00:00:00Z,388.24683368
2016-11-07T00:00:00Z,387.55037092
2016-11-06T00:00:00Z,387.25280708
2016-11-05T00:00:00Z,386.95007214
2016-11-04T00:00:00Z,386.71214133
2016-11-03T00:00:00Z,386.45417938
2016-11-02T00:00:00Z,385.9909097
2016-11-01T00:00:00Z,385.42495332
2016-10-31T00:00:00Z,384.47552881
2016-10-30T00:00:00Z,383.79723595
2016-10-29T00:00:00Z,383.55228924
2016-10-28T00:00:00Z,382.70649126
2016-10-27T00:00:00Z,382.21695966
2016-10-26T00:00:00Z,381.17868998
2016-10-25T00:00:00Z,380.46455243
2016-10-24T00:00:00Z,379.97227412
2016-10-23T00:00:00Z,379.63123063
2016-10-22T00:00:00Z,379.36979574
2016-10-21T00:00:00Z,379.0718909
2016-10-20T00:00:00Z,378.624848
2016-10-19T00:00:00Z,378.50510127
2016-10-18T00:00:00Z,378.32014364
2016-10-17T00:00:00Z,377.87016416
2016-10-16T00:00:00Z,377.26695603
2016-10-15T00:00:00Z,377.05613035
2016-10-14T00:00:00Z,376.89269882
2016-10-13T00:00:00Z,376.68988209
2016-10-12T00:00:00Z,376.46015375
2016-10-11T00:00:00Z,375.67943773
2016-10-10T00:00:00Z,375.00734655
2016-10-09T00:00:00Z,374.85118093
2016-10-08T00:00:00Z,374.74333323
2016-10-07T00:00:00Z,374.54439919
2016-10-06T00:00:00Z,374.38047378
2016-10-05T00:00:00Z,374.20981219
2016-10-04T00:00:00Z,374.03776231
2016-10-03T00:00:00Z,373.67612374
2016-10-02T00:00:00Z,373.29381896
2016-10-01T00:00:00Z,373.2130354
2016-09-30T00:00:00Z,373.03704287
2016-09-29T00:00:00Z,372.99804839
2016-09-28T00:00:00Z,372.89932836
2016-09-27T00:00:00Z,372.80222378
2016-09-26T00:00:00Z,372.60953552
2016-09-25T00:00:00Z,372.39009639
2016-09-24T00:00:00Z,372.09002776
2016-09-23T00:00:00Z,372.11991656
2016-09-22T00:00:00Z,372.05326973
2016-09-21T00:00:00Z,372.03161708
2016-09-20T00:00:00Z,372.08743302
2016-09-19T00:00:00Z,371.54810836
2016-09-18T00:00:00Z,371.43507868
2016-09-17T00:00:00Z,371.306172
2016-09-16T00:00:00Z,371.20899838
2016-09-15T00:00:00Z,370.94845664
2016-09-14T00:00:00Z,370.8268308
2016-09-13T00:00:00Z,370.64844167
2016-09-12T00:00:00Z,370.2553503
2016-09-11T00:00:00Z,370.23698771
2016-09-10T00:00:00Z,370.04939909
2016-09-09T00:00:00Z,369.86387789
2016-09-08T00:00:00Z,369.56855897
2016-09-07T00:00:00Z,369.13441185
2016-09-06T00:00:00Z,368.85494513
2016-09-05T00:00:00Z,368.5023098
2016-09-04T00:00:00Z,368.26398734
2016-09-03T00:00:00Z,367.87838476
2016-09-02T00:00:00Z,367.69338461
2016-09-01T00:00:00Z,367.63772007
2016-08-31T00:00:00Z,367.63487066
2016-08-30T00:00:00Z,367.31801066
2016-08-29T00:00:00Z,367.08934247
2016-08-28T00:00:00Z,367.20766129
2016-08-27T00:00:00Z,367.18191364
2016-08-26T00:00:00Z,367.21084575
2016-08-25T00:00:00Z,367.0897816
2016-08-24T00:00:00Z,366.49171421
2016-08-23T00:00:00Z,366.5497446
2016-08-22T00:00:00Z,366.52604637
2016-08-21T00:00:00Z,366.43965578
2016-08-20T00:00:00Z,366.3211383
2016-08-19T00:00:00Z,365.64056185
2016-08-18T00:00:00Z,365.56865486
2016-08-17T00:00:00Z,365.52319355
2016-08-16T00:00:00Z,365.53091936
2016-08-15T00:00:00Z,365.37386741
2016-08-14T00:00:00Z,365.57634668
2016-08-13T00:00:00Z,365.63133525
2016-08-12T00:00:00Z,365.56312528
2016-08-11T00:00:00Z,365.55808202
2016-08-10T00:00:00Z,365.54105517
2016-08-09T00:00:00Z,365.63532785
2016-08-08T00:00:00Z,365.73882624
2016-08-07T00:00:00Z,365.67138257
2016-08-06T00:00:00Z,365.5183137
2016-08-05T00:00:00Z,365.58386777
2016-08-04T00:00:00Z,365.56434915
2016-08-03T00:00:00Z,365.19723382
2016-08-02T00:00:00Z,365.6639732
2016-08-01T00:00:00Z,366.76146005
2016-07-31T00:00:00Z,367.11314749
2016-07-30T00:00:00Z,367.30904691
2016-07-29T00:00:00Z,367.05629467
2016-07-28T00:00:00Z,366.81801278
2016-07-27T00:00:00Z,366.60317757
2016-07-26T00:00:00Z,366.26305514
2016-07-25T00:00:00Z,366.06558907
2016-07-24T00:00:00Z,365.75703359
2016-07-23T00:00:00Z,365.12018098
2016-07-22T00:00:00Z,365.08644547
2016-07-21T00:00:00Z,364.97276847
2016-07-20T00:00:00Z,364.82925532
2016-07-19T00:00:00Z,364.66833588
2016-07-18T00:00:00Z,364.1135324
2016-07-17T00:00:00Z,363.77543837
2016-07-16T00:00:00Z,363.10550498
2016-07-15T00:00:00Z,362.86564969
2016-07-14T00:00:00Z,362.60887253
2016-07-13T00:00:00Z,362.42317541
2016-07-12T00:00:00Z,362.09098283
2016-07-11T00:00:00Z,361.64665893
2016-07-10T00:00:00Z,361.11905537
2016-07-09T00:00:00Z,360.76163183
2016-07-08T00:00:00Z,360.30502322
2016-07-07T00:00:00Z,359.89644047
2016-07-06T00:00:00Z,360.1513156
2016-07-05T00:00:00Z,359.69037486
2016-07-04T00:00:00Z,359.06068393
2016-07-03T00:00:00Z,358.66165057
2016-07-02T00:00:00Z,358.47808664
2016-07-01T00:00:00Z,357.80108239
2016-06-30T00:00:00Z,357.04342392
2016-06-29T00:00:00Z,356.03879463
2016-06-28T00:00:00Z,356.09285412
2016-06-27T00:00:00Z,355.78230843
2016-06-26T00:00:00Z,355.32961401
2016-06-25T00:00:00Z,355.55698198
2016-06-24T00:00:00Z,354.63886338
2016-06-23T00:00:00Z,353.48591138
2016-06-22T00:00:00Z,354.05733559
2016-06-21T00:00:00Z,354.74319121
2016-06-20T00:00:00Z,354.52204508
2016-06-19T00:00:00Z,353.58877671
2016-06-18T00:00:00Z,352.7011263
2016-06-17T00:00:00Z,351.32330476
2016-06-16T00:00:00Z,349.3064486
2016-06-15T00:00:00Z,344.6770502
2016-06-14T00:00:00Z,342.68366648
2016-06-13T00:00:00Z,341.46672907
2016-06-12T00:00:00Z,337.36039643
2016-06-11T00:00:00Z,334.80692581
2016-06-10T00:00:00Z,334.22499427
2016-06-09T00:00:00Z,333.64636449
2016-06-08T00:00:00Z,333.1275517
2016-06-07T00:00:00Z,332.44733615
2016-06-06T00:00:00Z,331.91039125
2016-06-05T00:00:00Z,330.90462979
2016-06-04T00:00:00Z,330.24479875
2016-06-03T00:00:00Z,329.47532925
2016-06-02T00:00:00Z,328.65026507
2016-06-01T00:00:00Z,327.56596873
2016-05-31T00:00:00Z,326.86443045
2016-05-30T00:00:00Z,325.96315624
2016-05-29T00:00:00Z,324.83278286
2016-05-28T00:00:00Z,323.67678074
2016-05-27T00:00:00Z,322.54090081
2016-05-26T00:00:00Z,321.26057922
2016-05-25T00:00:00Z,321.06649173
2016-05-24T00:00:00Z,320.81857631
2016-05-23T00:00:00Z,320.729401
2016-05-22T00:00:00Z,320.57204709
2016-05-21T00:00:00Z,320.52707281
2016-05-20T00:00:00Z,320.46182824
2016-05-19T00:00:00Z,320.3401107
2016-05-18T00:00:00Z,320.23898986
2016-05-17T00:00:00Z,320.07951513
2016-05-16T00:00:00Z,319.03676636
2016-05-15T00:00:00Z,318.99869194
2016-05-14T00:00:00Z,318.87299896
2016-05-13T00:00:00Z,318.65293843
2016-05-12T00:00:00Z,318.51861551
2016-05-11T00:00:00Z,318.4163574
2016-05-10T00:00:00Z,318.23688573
2016-05-09T00:00:00Z,318.06145412
2016-05-08T00:00:00Z,317.86436829
2016-05-07T00:00:00Z,317.7121785
2016-05-06T00:00:00Z,317.53987597
2016-05-05T00:00:00Z,317.1461493
2016-05-04T00:00:00Z,317.02919311
2016-05-03T00:00:00Z,316.90366132
2016-05-02T00:00:00Z,316.78840638
2016-05-01T00:00:00Z,316.77984127
2016-04-30T00:00:00Z,316.46856928
2016-04-29T00:00:00Z,316.3357888
2016-04-28T00:00:00Z,316.15169214
2016-04-27T00:00:00Z,316.15908699
2016-04-26T00:00:00Z,316.01561913
2016-04-25T00:00:00Z,315.49118686
2016-04-24T00:00:00Z,314.80790667
2016-04-23T00:00:00Z,314.38679386
2016-04-22T00:00:00Z,314.21761992
2016-04-21T00:00:00Z,313.90280857
2016-04-20T00:00:00Z,313.56593
2016-04-19T00:00:00Z,313.28221467
2016-04-18T00:00:00Z,313.12659796
2016-04-17T00:00:00Z,313.04491647
2016-04-16T00:00:00Z,312.98985283
2016-04-15T00:00:00Z,312.84873633
2016-04-14T00:00:00Z,312.69728007
2016-04-13T00:00:00Z,312.6103175
2016-04-12T00:00:00Z,312.5235574
2016-04-11T00:00:00Z,312.25241015
2016-04-10T00:00:00Z,312.13765098
2016-04-09T00:00:00Z,311.73885105
2016-04-08T00:00:00Z,311.71320848
2016-04-07T00:00:00Z,311.6602924
2016-04-06T00:00:00Z,310.963832
2016-04-05T00:00:00Z,310.64188433
2016-04-04T00:00:00Z,310.47441167
2016-04-03T00:00:00Z,310.37135292
2016-04-02T00:00:00Z,310.28365602
2016-04-01T00:00:00Z,310.17001187
2016-03-31T00:00:00Z,310.07137154
2016-03-30T00:00:00Z,309.91389542
2016-03-29T00:00:00Z,309.8675225
2016-03-28T00:00:00Z,309.8160385
2016-03-27T00:00:00Z,309.58019968
2016-03-26T00:00:00Z,309.41134242
2016-03-25T00:00:00Z,309.24981588
2016-03-24T00:00:00Z,309.05458932
2016-03-23T00:00:00Z,308.93292245
2016-03-22T00:00:00Z,308.83066129
2016-03-21T00:00:00Z,308.58328783
2016-03-20T00:00:00Z,308.44404759
2016-03-19T00:00:00Z,308.41695247
2016-03-18T00:00:00Z,308.44457665
2016-03-17T00:00:00Z,308.43281722
2016-03-16T00:00:00Z,308.24528044
2016-03-15T00:00:00Z,308.10596974
2016-03-14T00:00:00Z,307.98668652
2016-03-13T00:00:00Z,307.8563815
2016-03-12T00:00:00Z,307.76559485
2016-03-11T00:00:00Z,307.73610394
2016-03-10T00:00:00Z,307.56896956
2016-03-09T00:00:00Z,307.41852254
2016-03-08T00:00:00Z,307.53929208
2016-03-07T00:00:00Z,307.48298732
2016-03-06T00:00:00Z,307.35954929
2016-03-05T00:00:00Z,307.29409189
2016-03-04T00:00:00Z,307.35056598
2016-03-03T00:00:00Z,307.31958336
2016-03-02T00:00:00Z,307.23910411
2016-03-01T00:00:00Z,307.07731052
2016-02-29T00:00:00Z,306.44741046
2016-02-28T00:00:00Z,305.78010475
2016-02-27T00:00:00Z,305.4833526
2016-02-26T00:00:00Z,305.29148685
2016-02-25T00:00:00Z,305.14121264
2016-02-24T00:00:00Z,305.02445757
2016-02-23T00:00:00Z,304.84579653
2016-02-22T00:00:00Z,304.85291596
2016-02-21T00:00:00Z,304.5708554
2016-02-20T00:00:00Z,304.32105306
2016-02-19T00:00:00Z,303.87379317
2016-02-18T00:00:00Z,303.45708182
2016-02-17T00:00:00Z,303.20416348
2016-02-16T00:00:00Z,302.53479852
2016-02-15T00:00:00Z,302.10790423
2016-02-14T00:00:00Z,301.90993761
2016-02-13T00:00:00Z,301.60487534
2016-02-12T00:00:00Z,301.45917523
2016-02-11T00:00:00Z,301.35770599
2016-02-10T00:00:00Z,301.32107282
2016-02-09T00:00:00Z,301.20612295
2016-02-08T00:00:00Z,301.39856315
2016-02-07T00:00:00Z,301.50115864
2016-02-06T00:00:00Z,301.47968687
2016-02-05T00:00:00Z,301.64989645
2016-02-04T00:00:00Z,301.58550187
2016-02-03T00:00:00Z,301.40773673
2016-02-02T00:00:00Z,301.60521299
2016-02-01T00:00:00Z,301.71483972
2016-01-31T00:00:00Z,302.39207921
2016-01-30T00:00:00Z,302.38282347
2016-01-29T00:00:00Z,302.26147223
2016-01-28T00:00:00Z,302.71779711
2016-01-27T00:00:00Z,303.03426118
2016-01-26T00:00:00Z,302.96869272
2016-01-25T00:00:00Z,302.90751791
2016-01-24T00:00:00Z,302.73398842
2016-01-23T00:00:00Z,302.5060445
2016-01-22T00:00:00Z,302.55990719
2016-01-21T00:00:00Z,303.86407301
2016-01-20T00:00:00Z,303.65657655
2016-01-19T00:00:00Z,303.34797981
2016-01-18T00:00:00Z,303.39253725
2016-01-17T00:00:00Z,303.61716457
2016-01-16T00:00:00Z,303.5878415
2016-01-15T00:00:00Z,303.99162502
2016-01-14T00:00:00Z,304.56536168
2016-01-13T00:00:00Z,304.54637839
2016-01-12T00:00:00Z,304.69277462
2016-01-11T00:00:00Z,304.41925866
2016-01-10T00:00:00Z,304.03863303
2016-01-09T00:00:00Z,303.48454597
2016-01-08T00:00:00Z,303.33834707
2016-01-07T00:00:00Z,302.94045746
2016-01-06T00:00:00Z,301.82825711
2016-01-05T00:00:00Z,301.69334452
2016-01-04T00:00:00Z,301.53652887
2016-01-03T00:00:00Z,301.33693925
2016-01-02T00:00:00Z,301.16868246
2016-01-01T00:00:00Z,301.08858213
2015-12-31T00:00:00Z,300.93252842
2015-12-30T00:00:00Z,300.68159032
2015-12-29T00:00:00Z,300.59617892
2015-12-28T00:00:00Z,300.53070956
2015-12-27T00:00:00Z,300.51811021
2015-12-26T00:00:00Z,300.54662372
2015-12-25T00:00:00Z,300.77211074
2015-12-24T00:00:00Z,300.26070663
2015-12-23T00:00:00Z,299.68317671
2015-12-22T00:00:00Z,299.3742564
2015-12-21T00:00:00Z,299.18976491
2015-12-20T00:00:00Z,299.17633291
2015-12-19T00:00:00Z,299.04877923
2015-12-18T00:00:00Z,298.38180699
2015-12-17T00:00:00Z,297.9648711
2015-12-16T00:00:00Z,297.55008453
2015-12-15T00:00:00Z,297.14607835
2015-12-14T00:00:00Z,296.16040389
2015-12-13T00:00:00Z,295.17602467
2015-12-12T00:00:00Z,294.81062375
2015-12-11T00:00:00Z,294.4656055
2015-12-10T00:00:00Z,293.5061919
2015-12-09T00:00:00Z,293.05840269
2015-12-08T00:00:00Z,291.78831948
2015-12-07T00:00:00Z,291.35065557
2015-12-06T00:00:00Z,290.86041126
2015-12-05T00:00:00Z,290.17791362
2015-12-04T00:00:00Z,289.78670194
2015-12-03T00:00:00Z,289.66645275
2015-12-02T00:00:00Z,289.55743236
2015-12-01T00:00:00Z,289.56980555
2015-11-30T00:00:00Z,289.43737969
2015-11-29T00:00:00Z,288.74391395
2015-11-28T00:00:00Z,288.5287381
2015-11-27T00:00:00Z,288.42181525
2015-11-26T00:00:00Z,288.09590462
2015-11-25T00:00:00Z,287.6898146
2015-11-24T00:00:00Z,287.67050112
2015-11-23T00:00:00Z,287.71524879
2015-11-22T00:00:00Z,287.74743316
2015-11-21T00:00:00Z,287.67949735
2015-11-20T00:00:00Z,287.66647964
2015-11-19T00:00:00Z,287.80091981
2015-11-18T00:00:00Z,287.84920286
2015-11-17T00:00:00Z,287.80420871
2015-11-16T00:00:00Z,287.30728485
2015-11-15T00:00:00Z,287.44959506
2015-11-14T00:00:00Z,287.56180654
2015-11-13T00:00:00Z,287.53641249
2015-11-12T00:00:00Z,287.38089997
2015-11-11T00:00:00Z,287.44711275
2015-11-10T00:00:00Z,288.46484991
2015-11-09T00:00:00Z,289.191962
2015-11-08T00:00:00Z,288.85250385
2015-11-07T00:00:00Z,288.82151539
2015-11-06T00:00:00Z,288.18721333
2015-11-05T00:00:00Z,288.337873
2015-11-04T00:00:00Z,287.44364819
2015-11-03T00:00:00Z,283.54102448
2015-11-02T00:00:00Z,281.4751008
2015-11-01T00:00:00Z,280.53644963
2015-10-31T00:00:00Z,280.12177909
2015-10-30T00:00:00Z,279.76741944
2015-10-29T00:00:00Z,278.74481361
2015-10-28T00:00:00Z,278.12723183
2015-10-27T00:00:00Z,277.66376163
2015-10-26T00:00:00Z,277.33929597
2015-10-25T00:00:00Z,277.27618587
2015-10-24T00:00:00Z,276.99082271
2015-10-23T00:00:00Z,276.8603772
2015-10-22T00:00:00Z,276.70610471
2015-10-21T00:00:00Z,276.61540839
2015-10-20T00:00:00Z,276.56582738
2015-10-19T00:00:00Z,276.38413051
2015-10-18T00:00:00Z,276.37126363
2015-10-17T00:00:00Z,276.32776679
2015-10-16T00:00:00Z,276.15086808
2015-10-15T00:00:00Z,276.0039239
2015-10-14T00:00:00Z,275.95641698
2015-10-13T00:00:00Z,276.13498582
2015-10-12T00:00:00Z,276.08606125
2015-10-11T00:00:00Z,276.38935947
2015-10-10T00:00:00Z,276.40973999
2015-10-09T00:00:00Z,276.45204792
2015-10-08T00:00:00Z,276.45921157
2015-10-07T00:00:00Z,276.5822612
2015-10-06T00:00:00Z,276.74540188
2015-10-05T00:00:00Z,276.70957255
2015-10-04T00:00:00Z,276.74092497
2015-10-03T00:00:00Z,276.77912643
2015-10-02T00:00:00Z,276.77052455
2015-10-01T00:00:00Z,276.77752446
2015-09-30T00:00:00Z,276.86954948
2015-09-29T00:00:00Z,276.90467737
2015-09-28T00:00:00Z,276.91265704
2015-09-27T00:00:00Z,276.99480494
2015-09-26T00:00:00Z,277.03070176
2015-09-25T00:00:00Z,277.07270147
2015-09-24T00:00:00Z,277.10255164
2015-09-23T00:00:00Z,277.12027767
2015-09-22T00:00:00Z,277.39573376
2015-09-21T00:00:00Z,277.47058254
2015-09-20T00:00:00Z,277.5035562
2015-09-19T00:00:00Z,277.56446708
2015-09-18T00:00:00Z,277.62571372
2015-09-17T00:00:00Z,277.65290008
2015-09-16T00:00:00Z,277.69255545
2015-09-15T00:00:00Z,277.78809373
2015-09-14T00:00:00Z,277.88678763
2015-09-13T00:00:00Z,278.01953297
2015-09-12T00:00:00Z,278.12257442
2015-09-11T00:00:00Z,278.17851974
2015-09-10T00:00:00Z,278.22044709
2015-09-09T00:00:00Z,278.47858982
2015-09-08T00:00:00Z,278.50971246
2015-09-07T00:00:00Z,278.47085502
2015-09-06T00:00:00Z,278.4638719
2015-09-05T00:00:00Z,278.43951458
2015-09-04T00:00:00Z,278.46640866
2015-09-03T00:00:00Z,278.5467894
2015-09-02T00:00:00Z,278.76079608
2015-09-01T00:00:00Z,278.88679328
2015-08-31T00:00:00Z,279.01369593
2015-08-30T00:00:00Z,279.07442503
2015-08-29T00:00:00Z,279.13878647
2015-08-28T00:00:00Z,279.27076296
2015-08-27T00:00:00Z,279.30336604
2015-08-26T00:00:00Z,279.3817923
2015-08-25T00:00:00Z,279.95293292
2015-08-24T00:00:00Z,281.51340302
2015-08-23T00:00:00Z,282.20530832
2015-08-22T00:00:00Z,282.23260353
2015-08-21T00:00:00Z,282.46801968
2015-08-20T00:00:00Z,282.77005894
2015-08-19T00:00:00Z,283.16573552
2015-08-18T00:00:00Z,283.72835533
2015-08-17T00:00:00Z,284.05129012
2015-08-16T00:00:00Z,284.18944477
2015-08-15T00:00:00Z,284.41593149
2015-08-14T00:00:00Z,284.53073139
2015-08-13T00:00:00Z,284.70091912
2015-08-12T00:00:00Z,284.8004218
2015-08-11T00:00:00Z,284.82207102
2015-08-10T00:00:00Z,284.87964926
2015-08-09T00:00:00Z,284.99598697
2015-08-08T00:00:00Z,286.45646125
2015-08-07T00:00:00Z,286.39080452
2015-08-06T00:00:00Z,286.42876041
2015-08-05T00:00:00Z,286.47275119
2015-08-04T00:00:00Z,286.49954835
2015-08-03T00:00:00Z,286.62148262
2015-08-02T00:00:00Z,286.61251948
2015-08-01T00:00:00Z,286.6216966
2015-07-31T00:00:00Z,286.66333565
2015-07-30T00:00:00Z,286.62501778
2015-07-29T00:00:00Z,286.71173711
2015-07-28T00:00:00Z,286.76835272
2015-07-27T00:00:00Z,286.6951324
2015-07-26T00:00:00Z,286.65129248
2015-07-25T00:00:00Z,286.57846193
2015-07-24T00:00:00Z,286.4656137
2015-07-23T00:00:00Z,286.38998042
2015-07-22T00:00:00Z,286.35506652
2015-07-21T00:00:00Z,286.38355454
2015-07-20T00:00:00Z,286.42975003
2015-07-19T00:00:00Z,286.67744214
2015-07-18T00:00:00Z,286.70555276
2015-07-17T00:00:00Z,286.7898932
2015-07-16T00:00:00Z,286.79723603
2015-07-15T00:00:00Z,286.88373319
2015-07-14T00:00:00Z,286.84863514
2015-07-13T00:00:00Z,286.79320128
2015-07-12T00:00:00Z,286.840478
2015-07-11T00:00:00Z,286.46536823
2015-07-10T00:00:00Z,286.34915689
2015-07-09T00:00:00Z,286.11072911
2015-07-08T00:00:00Z,286.35382997
2015-07-07T00:00:00Z,286.32610943
2015-07-06T00:00:00Z,286.2254087
2015-07-05T00:00:00Z,286.08603601
2015-07-04T00:00:00Z,286.09428257
2015-07-03T00:00:00Z,286.08823143
2015-07-02T00:00:00Z,286.53491682
2015-07-01T00:00:00Z,286.612953
2015-06-30T00:00:00Z,286.61494654
2015-06-29T00:00:00Z,286.41005624
2015-06-28T00:00:00Z,286.35833907
2015-06-27T00:00:00Z,286.34119404
2015-06-26T00:00:00Z,286.31706956
2015-06-25T00:00:00Z,286.39284903
2015-06-24T00:00:00Z,286.50422877
2015-06-23T00:00:00Z,286.63398441
2015-06-22T00:00:00Z,286.69157242
2015-06-21T00:00:00Z,286.70556146
2015-06-20T00:00:00Z,286.69248875
2015-06-19T00:00:00Z,286.71401007
2015-06-18T00:00:00Z,286.75988483
2015-06-17T00:00:00Z,286.74403724
2015-06-16T00:00:00Z,286.68291616
2015-06-15T00:00:00Z,286.56112315
2015-06-14T00:00:00Z,286.58907417
2015-06-13T00:00:00Z,286.65480631
2015-06-12T00:00:00Z,286.80832332
2015-06-11T00:00:00Z,286.83009072
2015-06-10T00:00:00Z,286.96338958
2015-06-09T00:00:00Z,287.11446436
2015-06-08T00:00:00Z,287.14120585
2015-06-07T00:00:00Z,287.20023932
2015-06-06T00:00:00Z,287.42739075
2015-06-05T00:00:00Z,287.48647781
2015-06-04T00:00:00Z,287.57021759
2015-06-03T00:00:00Z,287.70611429
2015-06-02T00:00:00Z,287.85716424
2015-06-01T00:00:00Z,288.10286257
2015-05-31T00:00:00Z,288.44099127
2015-05-30T00:00:00Z,288.60399341
2015-05-29T00:00:00Z,289.53708139
2015-05-28T00:00:00Z,289.58922997
2015-05-27T00:00:00Z,289.7605523
2015-05-26T00:00:00Z,289.89993469
2015-05-25T00:00:00Z,289.9852985
2015-05-24T00:00:00Z,290.1371226
2015-05-23T00:00:00Z,290.15954329
2015-05-22T00:00:00Z,290.25253077
2015-05-21T00:00:00Z,290.32361617
2015-05-20T00:00:00Z,290.38747486
2015-05-19T00:00:00Z,290.45603375
2015-05-18T00:00:00Z,290.56592494
2015-05-17T00:00:00Z,290.68964629
2015-05-16T00:00:00Z,290.73639064
2015-05-15T00:00:00Z,290.80163805
2015-05-14T00:00:00Z,290.87600908
2015-05-13T00:00:00Z,291.01308208
2015-05-12T00:00:00Z,291.07317529
2015-05-11T00:00:00Z,291.19468549
2015-05-10T00:00:00Z,291.4651844
2015-05-09T00:00:00Z,291.50634351
2015-05-08T00:00:00Z,291.52438403
2015-05-07T00:00:00Z,291.52690426
2015-05-06T00:00:00Z,291.65263865
2015-05-05T00:00:00Z,291.71848746
2015-05-04T00:00:00Z,291.85880053
2015-05-03T00:00:00Z,291.89837599
2015-05-02T00:00:00Z,291.86776431
2015-05-01T00:00:00Z,291.91685686
2015-04-30T00:00:00Z,291.97340854
2015-04-29T00:00:00Z,291.96853733
2015-04-28T00:00:00Z,292.06263571
2015-04-27T00:00:00Z,292.15622161
2015-04-26T00:00:00Z,292.37188256
2015-04-25T00:00:00Z,292.56230099
2015-04-24T00:00:00Z,292.6523359
2015-04-23T00:00:00Z,292.77807603
2015-04-22T00:00:00Z,292.79185491
2015-04-21T00:00:00Z,292.8408824
2015-04-20T00:00:00Z,293.03495874
2015-04-19T00:00:00Z,293.22206639
2015-04-18T00:00:00Z,293.2802928
2015-04-17T00:00:00Z,293.36358752
2015-04-16T00:00:00Z,293.56474796
2015-04-15T00:00:00Z,293.6891535
2015-04-14T00:00:00Z,294.69030902
2015-04-13T00:00:00Z,295.01035086
2015-04-12T00:00:00Z,295.3916751
2015-04-11T00:00:00Z,295.5432948
2015-04-10T00:00:00Z,295.63866193
2015-04-09T00:00:00Z,296.41338798
2015-04-08T00:00:00Z,296.70540727
2015-04-07T00:00:00Z,296.8309175
2015-04-06T00:00:00Z,296.91009471
2015-04-05T00:00:00Z,296.93749909
2015-04-04T00:00:00Z,296.95607922
2015-04-03T00:00:00Z,296.96980222
2015-04-02T00:00:00Z,297.09047938
2015-04-01T00:00:00Z,297.09092097
2015-03-31T00:00:00Z,297.85776041
2015-03-30T00:00:00Z,297.99135018
2015-03-29T00:00:00Z,298.18314403
2015-03-28T00:00:00Z,298.29118181
2015-03-27T00:00:00Z,298.3519566
2015-03-26T00:00:00Z,298.53062331
2015-03-25T00:00:00Z,298.73433442
2015-03-24T00:00:00Z,299.03218613
2015-03-23T00:00:00Z,299.31320231
2015-03-22T00:00:00Z,299.41672417
2015-03-21T00:00:00Z,299.50747849
2015-03-20T00:00:00Z,299.58777267
2015-03-19T00:00:00Z,299.73815614
2015-03-18T00:00:00Z,300.03586561
2015-03-17T00:00:00Z,300.37790983
2015-03-16T00:00:00Z,300.35564905
2015-03-15T00:00:00Z,300.48199932
2015-03-14T00:00:00Z,300.50544591
2015-03-13T00:00:00Z,300.5518452
2015-03-12T00:00:00Z,300.94776632
2015-03-11T00:00:00Z,300.46436511
2015-03-10T00:00:00Z,300.31319641
2015-03-09T00:00:00Z,299.61392768
2015-03-08T00:00:00Z,299.98585517
2015-03-07T00:00:00Z,300.45851822
2015-03-06T00:00:00Z,300.87966502
2015-03-05T00:00:00Z,300.80536972
2015-03-04T00:00:00Z,301.07071615
2015-03-03T00:00:00Z,300.94120063
2015-03-02T00:00:00Z,301.29536335
2015-03-01T00:00:00Z,301.28074248
2015-02-28T00:00:00Z,301.16348586
2015-02-27T00:00:00Z,301.28042795
2015-02-26T00:00:00Z,301.22118174
2015-02-25T00:00:00Z,301.34253439
2015-02-24T00:00:00Z,301.75932105
2015-02-23T00:00:00Z,301.93379431
2015-02-22T00:00:00Z,302.18619026
2015-02-21T00:00:00Z,302.3309691
2015-02-20T00:00:00Z,302.36691687
2015-02-19T00:00:00Z,301.95595568
2015-02-18T00:00:00Z,302.62916119
2015-02-17T00:00:00Z,302.72923293
2015-02-16T00:00:00Z,302.80631531
2015-02-15T00:00:00Z,303.011799
2015-02-14T00:00:00Z,302.98213289
2015-02-13T00:00:00Z,303.03732662
2015-02-12T00:00:00Z,303.06168273
2015-02-11T00:00:00Z,303.22350535
2015-02-10T00:00:00Z,303.54848245
2015-02-09T00:00:00Z,303.74077112
2015-02-08T00:00:00Z,304.05255427
2015-02-07T00:00:00Z,304.1813849
2015-02-06T00:00:00Z,304.30983832
2015-02-05T00:00:00Z,304.46109605
2015-02-04T00:00:00Z,304.85164676
2015-02-03T00:00:00Z,305.2062397
2015-02-02T00:00:00Z,305.23920228
2015-02-01T00:00:00Z,305.51905461
2015-01-31T00:00:00Z,305.74321549
2015-01-30T00:00:00Z,306.24720782
2015-01-29T00:00:00Z,306.66018933
2015-01-28T00:00:00Z,307.13609786
2015-01-27T00:00:00Z,306.88722447
2015-01-26T00:00:00Z,307.11737671
2015-01-25T00:00:00Z,307.73561139
2015-01-24T00:00:00Z,307.76046609
2015-01-23T00:00:00Z,307.77726004
2015-01-22T00:00:00Z,307.89754364
2015-01-21T00:00:00Z,307.92156479
2015-01-20T00:00:00Z,309.87055806
2015-01-19T00:00:00Z,310.17191074
2015-01-18T00:00:00Z,310.40857011
2015-01-17T00:00:00Z,310.57714068
2015-01-16T00:00:00Z,310.93888911
2015-01-15T00:00:00Z,311.41973797
2015-01-14T00:00:00Z,311.86002371
2015-01-13T00:00:00Z,314.03714258
2015-01-12T00:00:00Z,315.18016234
2015-01-11T00:00:00Z,315.61400169
2015-01-10T00:00:00Z,315.78942546
2015-01-09T00:00:00Z,316.09095247
2015-01-08T00:00:00Z,316.87452901
2015-01-07T00:00:00Z,317.36404223
2015-01-06T00:00:00Z,317.63461633
2015-01-05T00:00:00Z,317.75185229
2015-01-04T00:00:00Z,318.5113112
2015-01-03T00:00:00Z,319.18210841
2015-01-02T00:00:00Z,319.8060688
2015-01-01T00:00:00Z,319.8994031
2014-12-31T00:00:00Z,319.93638145
2014-12-30T00:00:00Z,320.42633895
2014-12-29T00:00:00Z,321.87753274
2014-12-28T00:00:00Z,322.31166738
2014-12-27T00:00:00Z,322.40094994
2014-12-26T00:00:00Z,322.5222408
2014-12-25T00:00:00Z,322.61808674
2014-12-24T00:00:00Z,322.73213631
2014-12-23T00:00:00Z,324.28132828
2014-12-22T00:00:00Z,324.30462668
2014-12-21T00:00:00Z,324.44883817
2014-12-20T00:00:00Z,325.25792798
2014-12-19T00:00:00Z,325.44246085
2014-12-18T00:00:00Z,325.82565657
2014-12-17T00:00:00Z,326.29107633
2014-12-16T00:00:00Z,326.66407942
2014-12-15T00:00:00Z,326.88710514
2014-12-14T00:00:00Z,327.1637386
2014-12-13T00:00:00Z,327.1932218
2014-12-12T00:00:00Z,327.33196891
2014-12-11T00:00:00Z,327.49635286
2014-12-10T00:00:00Z,327.67761512
2014-12-09T00:00:00Z,328.47878703
2014-12-08T00:00:00Z,328.52883531
2014-12-07T00:00:00Z,331.35887374
2014-12-06T00:00:00Z,331.40758308
2014-12-05T00:00:00Z,331.43409907
2014-12-04T00:00:00Z,331.48276749
2014-12-03T00:00:00Z,332.51961063
2014-12-02T00:00:00Z,332.57261929
2014-12-01T00:00:00Z,332.80838818
2014-11-30T00:00:00Z,332.84851293
2014-11-29T00:00:00Z,332.80915756
2014-11-28T00:00:00Z,332.85157951
2014-11-27T00:00:00Z,336.23634172
2014-11-26T00:00:00Z,336.30743845
2014-11-25T00:00:00Z,336.48985835
2014-11-24T00:00:00Z,336.55493909
2014-11-23T00:00:00Z,336.4637633
2014-11-22T00:00:00Z,336.51224723
2014-11-21T00:00:00Z,336.57959944
2014-11-20T00:00:00Z,336.90630383
2014-11-19T00:00:00Z,337.39119777
2014-11-18T00:00:00Z,337.68553666
2014-11-17T00:00:00Z,337.89396941
