date,band,label,supply,cost_basis,profit_percent,supply_percent,supply_usd,realized_cap_usd,realized_cap_percent,utxo_count
2026-09-03,range_10y_inf,>10y,3567292.41060217,119.9429683,79.37078452,17.76598734,289895571860.3986,427871640.5367338,0.04009894,16991903
2026-09-03,range_7y_10y,7-10y,1683741.89357619,6533.20427081,79.37078452,8.3854458,136829074525.23235,11000229730.048796,1.03091102,47851589
2026-09-03,range_5y_7y,5-7y,1490657.56953285,30516.23153681,79.37078452,7.42383872,121138101066.07205,45489251533.95745,4.26312649,29011048
2026-09-03,range_3y_5y,3-5y,1811202.84291788,30829.46147715,79.37078452,9.02023246,147187172641.73666,55838408273.0487,5.23302075,28223008
2026-09-03,range_2y_3y,2-3y,1231935.65019699,55849.39117425,79.37078452,6.13534038,100113096629.71623,68802856029.3585,6.44801284,97626022
2026-09-03,range_1m_3m,1-3m,1268617.94489688,63220.34242014,79.37078452,6.31802716,103094078723.4665,80202460876.711,7.51635218,29414733
2026-09-03,range_1w_1m,1w-1m,884501.37350145,71695.06972059,79.37078452,4.40503284,71878893560.9648,63414387641.14114,5.94302052,11647315
2026-09-03,range_3m_6m,3-6m,1155055.40306252,74045.15383205,79.37078452,5.75245797,93865432955.83934,85526255004.30974,8.0152834,33736416
2026-09-03,range_1d_1w,1d-1w,331695.34174131,78192.40110568,79.37078452,1.6519238,26955180486.95532,25936055206.323563,2.43065516,3493921
2026-09-03,range_0d_1d,<1d,194640.22556747,80089.16572531,79.37078452,0.96935585,15817413602.041645,15588573282.284458,1.46091785,750785
2026-09-03,range_18m_2y,1.5-2y,1173103.24060626,87261.45306021,79.37078452,5.84234061,95332088217.97495,102366693364.94633,9.59352258,47399050
2026-09-03,range_6m_12m,6-12m,3630330.62050287,92744.67091091,79.37078452,18.07993302,295018364108.6333,336693818696.3234,31.55401084,44934019
2026-09-03,range_12m_18m,1-1.5y,1656562.14984612,106094.91857346,79.37078452,8.25008404,134620316048.29053,175752826399.80475,16.47106742,33096307
2026-09-02,range_10y_inf,>10y,3567266.99976492,119.91607655,75.12053876,17.76630319,275052997658.72833,427772662.6211488,0.04011666,16975922
2026-09-02,range_7y_10y,7-10y,1683143.63782461,6529.70640662,75.12053876,8.38267508,129778259688.54704,10990433795.16142,1.03068656,47753750
2026-09-02,range_5y_7y,5-7y,1491071.69738414,30489.94903375,75.12053876,7.42608609,114968613259.56894,45462700058.91443,4.26350722,29100020
2026-09-02,range_3y_5y,3-5y,1811457.81245791,30845.32235255,75.12053876,9.02172692,139671883680.6173,55875000153.3057,5.2399762,28118947
2026-09-02,range_2y_3y,2-3y,1232565.38056356,55811.64970066,75.12053876,6.13862945,95036565179.09077,68791507253.17595,6.45129056,97243517
2026-09-02,range_1m_3m,1-3m,1251380.50302837,63151.32548967,75.12053876,6.23233569,96487299266.4476,79026337458.1682,7.41111636,29347830
2026-09-02,range_1w_1m,1w-1m,876639.43200858,70591.30699161,75.12053876,4.36598717,67593007099.18675,61883123265.868706,5.80342,11599965
2026-09-02,range_3m_6m,3-6m,1136775.18840255,74303.29097964,75.12053876,5.66155902,87650692604.39209,84466137602.30713,7.92126264,33627046
2026-09-02,range_0d_1d,<1d,172434.91337174,77126.62163361,75.12053876,0.85878936,13295539646.190132,13299322320.047054,1.2472149,639218
2026-09-02,range_1d_1w,1d-1w,390046.7405071,78715.09042297,75.12053876,1.94257639,30074430988.92342,30702564448.201126,2.87929676,3599922
2026-09-02,range_18m_2y,1.5-2y,1172888.96469242,87217.61679505,75.12053876,5.84141892,90435233942.60985,102296580265.68489,9.59340751,47845093
2026-09-02,range_6m_12m,6-12m,3646536.49806162,92836.7747039,75.12053876,18.16109448,281165047340.1364,338532687320.08575,31.74770865,44899581
2026-09-02,range_12m_18m,1-1.5y,1646628.89848344,106015.06683896,75.12053876,8.20081823,126962802220.63737,174567472731.68265,16.37099598,33111189
2026-09-01,range_10y_inf,>10y,3566638.99945937,119.81465235,75.65171497,17.76355428,276148799457.5222,427335611.773693,0.04007958,16960458
2026-09-01,range_7y_10y,7-10y,1668351.62207739,6488.26053428,75.65171497,8.30918257,129172954588.2036,10824699986.832489,1.01524276,47684339
2026-09-01,range_5y_7y,5-7y,1506519.44605012,30266.2452561,75.65171497,7.50318155,116643017824.12315,45596687037.23624,4.27648865,29159381
2026-09-01,range_3y_5y,3-5y,1811629.53777997,30864.2671524,75.65171497,9.02277456,140266318513.1876,55914618035.22709,5.24420182,28117550
2026-09-01,range_2y_3y,2-3y,1234011.86936001,55761.66461776,75.65171497,6.14596454,95543983086.52866,68810555993.58347,6.45370488,96643253
2026-09-01,range_1m_3m,1-3m,1216020.56207527,63156.6447258,75.65171497,6.0563593,94150997166.70178,76799778618.25177,7.20300975,29278953
2026-09-01,range_1w_1m,1w-1m,846728.29745807,69083.5507688,75.65171497,4.21710862,65558359801.8192,58494997324.82556,5.4862142,11544854
2026-09-01,range_3m_6m,3-6m,1138929.82412734,74450.92079676,75.65171497,5.67241085,88182208417.16974,84794374129.16713,7.95281855,33485999
2026-09-01,range_0d_1d,<1d,226180.8485568,77818.03409423,75.65171497,1.12648793,17512164757.5523,17600948984.45528,1.6507835,709717
2026-09-01,range_1d_1w,1d-1w,393943.58859836,78876.06241999,75.65171497,1.96202596,30501278391.761845,31072719084.238567,2.91429354,3698130
2026-09-01,range_18m_2y,1.5-2y,1170483.2623706,87172.04769119,75.65171497,5.82956194,90625249075.60309,102033422769.11111,9.56965961,48405558
2026-09-01,range_6m_12m,6-12m,3662831.87626354,92971.45463455,75.65171497,18.24264044,283596580814.10565,340538807618.03033,31.93895082,45047695
2026-09-01,range_12m_18m,1-1.5y,1636138.80737412,105925.57562689,75.65171497,8.14874747,126678861379.21776,173308944976.60443,16.25455234,32901264
2026-08-31,range_10y_inf,>10y,3566175.22985228,119.75312288,77.32188102,17.76163703,280033920010.50635,427060620.5180267,0.04006216,16949164
2026-08-31,range_7y_10y,7-10y,1668251.86770527,6484.46483899,77.32188102,8.30886938,130999482629.93982,10817720578.709175,1.01480027,47589438
2026-08-31,range_5y_7y,5-7y,1506538.6582818,30240.47237583,77.32188102,7.50344307,118300952402.5819,45558440678.89192,4.27379481,29240359
2026-08-31,range_3y_5y,3-5y,1812455.3792763,30877.01088975,77.32188102,9.02708715,142323063783.9115,55963204483.09391,5.24985599,28098197
2026-08-31,range_2y_3y,2-3y,1235249.69120092,55717.21502977,77.32188102,6.15226545,96997985495.25836,68824672660.0995,6.45637832,96201895
2026-08-31,range_1m_3m,1-3m,1203621.21101697,63201.31750496,77.32188102,5.99473713,94514358999.35759,76070446313.19186,7.13609758,29017177
2026-08-31,range_1w_1m,1w-1m,851530.92198291,68120.36503167,77.32188102,4.2411217,66866468057.126976,58006597241.22878,5.44154476,11636633
2026-08-31,range_3m_6m,3-6m,1146496.90206083,74513.63049899,77.32188102,5.71022469,90028672477.00972,85429646528.39513,8.01407542,33516755
2026-08-31,range_0d_1d,<1d,186509.08067218,78538.31217654,77.32188102,0.92892423,14645626087.294027,14648108401.590914,1.37412538,741555
2026-08-31,range_1d_1w,1d-1w,438071.39051404,79011.70943481,77.32188102,2.18185157,34399557179.12983,34612769418.99985,3.2469916,3665800
2026-08-31,range_18m_2y,1.5-2y,1171266.37669998,87147.9215911,77.32188102,5.83359115,91973695543.10547,102073430358.93834,9.57541325,48840849
2026-08-31,range_6m_12m,6-12m,3667273.84879388,93137.00656137,77.32188102,18.26516725,287972689348.83673,341558908517.45636,32.04132247,45147065
2026-08-31,range_12m_18m,1-1.5y,1624524.2334936,105879.63630503,77.32188102,8.0910802,127565770029.79181,172004035011.01727,16.13553801,32670839
2026-08-30,range_10y_inf,>10y,3565863.50024854,119.70421038,77.140553,17.76050461,279288215486.8403,426848874.630482,0.04005722,16938996
2026-08-30,range_7y_10y,7-10y,1668256.97521871,6481.60767958,77.140553,8.30909139,130662464659.63507,10812987222.096867,1.0147343,47490485
2026-08-30,range_5y_7y,5-7y,1506677.64723794,30221.91347971,77.140553,7.50431285,118007128254.25478,45534681496.631584,4.27315804,29326534
2026-08-30,range_3y_5y,3-5y,1813040.00938868,30890.76451143,77.140553,9.03021258,142002269238.0444,56006191979.83303,5.25584679,28079897
2026-08-30,range_2y_3y,2-3y,1234886.98796779,55674.43763547,77.140553,6.15060449,96719737918.57275,68751638598.46431,6.45193087,95682821
2026-08-30,range_1m_3m,1-3m,1169921.49646756,63398.70784077,77.140553,5.82703071,91631462333.1332,74171511151.18732,6.96055355,28760584
2026-08-30,range_1w_1m,1w-1m,858276.42835414,66574.051265,77.140553,4.2748194,67222565320.50069,57138938940.78761,5.36214833,11739884
2026-08-30,range_3m_6m,3-6m,1132927.84672663,74626.30667691,77.140553,5.64277636,88734018160.1385,84546220932.63574,7.93415813,33413962
2026-08-30,range_0d_1d,<1d,97726.9777265,78637.43537967,77.140553,0.48674898,7654245097.226517,7684998895.8176365,0.72119127,961079
2026-08-30,range_1d_1w,1d-1w,572628.90092543,78855.80029025,77.140553,2.8520941,44849867041.88397,45155110251.799736,4.23753754,3425062
2026-08-30,range_18m_2y,1.5-2y,1170501.47922285,87105.29014248,77.140553,5.82991943,91676888174.2308,101956870959.9119,9.5680437,49341719
2026-08-30,range_6m_12m,6-12m,3659549.16083919,93237.49709493,77.140553,18.227125,286625933535.00586,341207204252.5047,32.02025927,45314484
2026-08-30,range_12m_18m,1-1.5y,1627232.381227,105826.72730187,77.140553,8.1047601,127449305870.40541,172204677464.88788,16.160381,32431390
2026-08-29,range_10y_inf,>10y,3565259.97377652,119.62753071,77.09390076,17.75794915,278951104484.2018,426503247.0136626,0.04003299,16928627
2026-08-29,range_7y_10y,7-10y,1668646.27477385,6478.31138683,77.09390076,8.31124123,130557301505.43889,10810010162.466185,1.0146628,47394280
2026-08-29,range_5y_7y,5-7y,1506237.11068466,30200.33486469,77.09390076,7.50230901,117850173263.9472,45488865128.30517,4.26973319,29409637
2026-08-29,range_3y_5y,3-5y,1812499.50041759,30905.90069432,77.09390076,9.02774951,141812586245.42673,56016929568.40651,5.25793164,28020223
2026-08-29,range_2y_3y,2-3y,1235132.99943371,55616.26382927,77.09390076,6.15198588,96638594916.25256,68693482760.73952,6.44779425,95451177
2026-08-29,range_1m_3m,1-3m,1116385.98482276,63502.89117718,77.09390076,5.56052734,87347656492.80887,70893737705.9242,6.65431735,28743775
2026-08-29,range_1w_1m,1w-1m,907168.83946096,66066.29823651,77.09390076,4.51845258,70978203997.06664,59933287098.69556,5.62553372,11542502
2026-08-29,range_3m_6m,3-6m,1135351.57129492,74584.96879798,77.09390076,5.65499168,88831551449.28119,84680161519.77107,7.94835604,33269574
2026-08-29,range_0d_1d,<1d,95791.01697036,77932.81467818,77.09390076,0.47711865,7494827917.203039,7465263573.385281,0.70071398,780626
2026-08-29,range_1d_1w,1d-1w,582922.15454599,78857.20332551,77.09390076,2.90343539,45608673711.01479,45967610863.97991,4.31466982,3417403
2026-08-29,range_18m_2y,1.5-2y,1166367.96048259,87025.87076502,77.09390076,5.809479,91258318665.31892,101504187393.41263,9.52751396,49559576
2026-08-29,range_6m_12m,6-12m,3670654.70413388,93386.60177168,77.09390076,18.28290225,287197340847.3969,342789969096.28864,32.17538408,45574408
2026-08-29,range_12m_18m,1-1.5y,1614562.32575317,105731.16984909,77.09390076,8.04185835,126325694995.6322,170709563496.15518,16.02335619,32172319
2026-08-28,range_10y_inf,>10y,3564704.09501422,119.55373674,76.40133351,17.75558391,276951590592.2541,426173694.9224972,0.04000368,16913678
2026-08-28,range_7y_10y,7-10y,1668410.24990544,6474.46741501,76.40133351,8.31025448,129623346049.39725,10802067797.881554,1.01395851,47263510
2026-08-28,range_5y_7y,5-7y,1506351.96542157,30175.32557971,76.40133351,7.50305159,117032595608.36218,45454660994.23437,4.26669609,29531155
2026-08-28,range_3y_5y,3-5y,1811231.60539444,30919.72941643,76.40133351,9.02163936,140719526971.83157,56002791149.286354,5.25681822,28010904
2026-08-28,range_2y_3y,2-3y,1236312.1075406,55551.09522353,76.40133351,6.15799875,96052462006.79811,68678491611.98611,6.44664915,95156842
2026-08-28,range_1m_3m,1-3m,1078716.28117707,63503.5520576,76.40133351,5.3730231,83808412116.89941,68502315517.1081,6.43011201,28767476
2026-08-28,range_1w_1m,1w-1m,926074.68095776,65639.94774029,76.40133351,4.61272416,71949269578.13667,60787493661.66902,5.70594425,11542919
2026-08-28,range_3m_6m,3-6m,1137435.64433565,74551.9470912,76.40133351,5.66550084,88370479708.45026,84798041976.15338,7.9597442,32961568
2026-08-28,range_0d_1d,<1d,228560.31932719,78630.99416333,76.40133351,1.13844567,17757475037.68227,17971925134.985058,1.68697205,622704
2026-08-28,range_1d_1w,1d-1w,468588.28125936,78748.72175408,76.40133351,2.33401099,36405902528.95944,36900728178.11544,3.46376343,3534706
2026-08-28,range_18m_2y,1.5-2y,1165507.78162326,86981.5978615,76.40133351,5.80532652,90551480674.00072,101377729165.60335,9.51603094,49832971
2026-08-28,range_6m_12m,6-12m,3694677.15612237,93561.09026502,76.40133351,18.40297218,287049552456.29565,345678022904.07306,32.44778502,45729986
2026-08-28,range_12m_18m,1-1.5y,1589953.99847203,105635.65309225,76.40133351,7.91946846,123527865738.20412,167955829015.2279,15.76552246,31884679
2026-08-27,range_10y_inf,>10y,3565085.25082598,119.56233748,78.45617418,17.75784729,286131063444.0611,426249925.9163493,0.04002648,16894705
2026-08-27,range_7y_10y,7-10y,1667668.83465011,6470.88536886,78.45617418,8.30673221,133845847590.99382,10791293862.233824,1.01334326,47163375
2026-08-27,range_5y_7y,5-7y,1507276.80703218,30146.30249864,78.45617418,7.50781243,120972903972.14635,45438822573.98126,4.2668771,29625084
2026-08-27,range_3y_5y,3-5y,1807987.79653845,30944.04147791,78.45617418,9.00566717,145107742037.1856,55946449367.64041,5.25358295,27992975
2026-08-27,range_2y_3y,2-3y,1240707.66434674,55354.16729392,78.45617418,6.18001974,99578264878.9339,68678339615.099266,6.44915554,94663531
2026-08-27,range_1m_3m,1-3m,1014836.67948605,63625.93274016,78.45617418,5.05494638,81450029352.3436,64569930311.227394,6.06336039,28789319
2026-08-27,range_1w_1m,1w-1m,971151.17517434,64630.94030287,78.45617418,4.83734695,77943863601.35526,62766413627.75478,5.89400336,11677658
2026-08-27,range_3m_6m,3-6m,1128352.71464111,74536.65991388,78.45617418,5.62037477,90560741038.50748,84103642554.10379,7.89764976,32795424
2026-08-27,range_1d_1w,1d-1w,486046.60827656,78213.27255985,78.45617418,2.42101965,39009735567.28548,38015295849.92407,3.56977989,3367546
2026-08-27,range_0d_1d,<1d,209835.55874441,79964.45546476,78.45617418,1.0452002,16841244275.436684,16779386192.139519,1.57564775,752297
2026-08-27,range_18m_2y,1.5-2y,1168578.90787355,86871.23638606,78.45617418,5.82074322,93789265081.58264,101515894541.64462,9.532726,50317944
2026-08-27,range_6m_12m,6-12m,3727838.98432336,93627.07978253,78.45617418,18.56853083,299193555802.21924,349026678001.67914,32.7749236,45790816
2026-08-27,range_12m_18m,1-1.5y,1580744.68463812,105558.7837167,78.45617418,7.87375918,126869380625.4032,166861486277.032,15.66892392,31622079
2026-08-26,range_10y_inf,>10y,3564624.43560372,119.50006539,77.76449342,17.75595547,281194743781.9818,425972853.1609538,0.04002657,16882942
2026-08-26,range_7y_10y,7-10y,1668985.34457935,6468.83788765,77.76449342,8.31347874,131657602314.95148,10796395630.94214,1.014484,47058082
2026-08-26,range_5y_7y,5-7y,1507137.59042696,30128.0705721,77.76449342,7.5072896,118890271960.03217,45407147686.25009,4.26668552,29716913
2026-08-26,range_3y_5y,3-5y,1803739.97750567,30971.84619153,77.76449342,8.98471278,142287696778.95184,55865157152.827774,5.24937304,27995783
2026-08-26,range_2y_3y,2-3y,1244079.99030792,55192.02008578,77.76449342,6.19695828,98139021498.25706,68663287813.39329,6.4519502,94199900
2026-08-26,range_1m_3m,1-3m,1052147.24546047,63878.59794557,77.76449342,5.24091106,82998442178.96323,67209690872.31085,6.31536288,28863638
2026-08-26,range_1w_1m,1w-1m,916396.6952226,64018.95145376,77.76449342,4.5647162,72289784960.79099,58666755543.83986,5.51262541,11743764
2026-08-26,range_3m_6m,3-6m,1112285.13881063,74530.86031142,77.76449342,5.54046738,87742408848.57462,82899568307.16551,7.78966321,32579452
2026-08-26,range_1d_1w,1d-1w,447688.46842228,76933.04003163,77.76449342,2.23000674,35315822591.231834,34442034862.83085,3.236348,3122269
2026-08-26,range_0d_1d,<1d,258491.74706376,78502.98294163,77.76449342,1.28758808,20391073982.255394,20292373210.297386,1.90677414,805957
2026-08-26,range_18m_2y,1.5-2y,1164029.45892407,86854.7198539,77.76449342,5.79821398,91824250035.30467,101101452556.53564,9.50000442,50712753
2026-08-26,range_6m_12m,6-12m,3755548.5501625,93707.22927137,77.76449342,18.70697854,296255757486.239,351922049029.8277,33.06837771,45862920
2026-08-26,range_12m_18m,1-1.5y,1580500.77406103,105367.51317491,77.76449342,7.87272316,124677513224.20728,166533436133.8306,15.64832491,31461286
2026-08-25,range_10y_inf,>10y,3564621.65183554,119.48971137,77.51445276,17.75636173,279703987789.7744,425935612.3314859,0.04004791,16869289
2026-08-25,range_7y_10y,7-10y,1668624.42331512,6466.35770204,77.51445276,8.3118776,130931400555.32172,10789922391.519014,1.01450507,46959598
2026-08-25,range_5y_7y,5-7y,1507671.53550948,30106.74817963,77.51445276,7.51012695,118301963559.5789,45391087257.18698,4.26782387,29803919
2026-08-25,range_3y_5y,3-5y,1802962.26972237,30985.78906474,77.51445276,8.98105139,141472443903.3162,55866208581.30215,5.25273029,27997236
2026-08-25,range_2y_3y,2-3y,1245474.93122664,55132.17769265,77.51445276,6.20405349,97728269359.77962,68665745220.128716,6.4561861,93822784
2026-08-25,range_1w_1m,1w-1m,932875.4725234,63878.38448233,77.51445276,4.64690953,73199631058.09679,59590578107.98662,5.60290813,11898057
2026-08-25,range_1m_3m,1-3m,1062476.63294999,64045.95424783,77.51445276,5.29248859,83369002434.39229,68047329823.30408,6.39804059,28935473
2026-08-25,range_3m_6m,3-6m,1114949.18689191,74420.17123528,77.51445276,5.55386883,87486348963.8652,82974709407.12697,7.80156342,32203915
2026-08-25,range_1d_1w,1d-1w,421431.22998461,75283.18658262,77.51445276,2.09926497,33068304891.529446,31726685918.675606,2.98305055,3050355
2026-08-25,range_0d_1d,<1d,256223.22096295,79157.06430446,77.51445276,1.2763184,20104982707.14765,20281877978.060318,1.90697091,685246
2026-08-25,range_18m_2y,1.5-2y,1162990.44156138,86838.95067526,77.51445276,5.79317554,91255986199.43425,100992869590.5461,9.49569191,51050342
2026-08-25,range_6m_12m,6-12m,3759552.26904308,93879.1217534,77.51445276,18.72736479,294999544036.8716,352943465203.77686,33.18494088,45935689
2026-08-25,range_12m_18m,1-1.5y,1575327.15102449,105291.60994164,77.51445276,7.8471382,123610674358.1501,165868731916.14578,15.59554038,31303831
2026-08-24,range_10y_inf,>10y,3564362.77870972,119.44173952,77.83104123,17.75546468,281068580720.31824,425733690.5668277,0.04006489,16855023
2026-08-24,range_7y_10y,7-10y,1669269.00482656,6462.58608204,77.83104123,8.31527224,131630560399.03421,10787794637.776052,1.01521638,46880643
2026-08-24,range_5y_7y,5-7y,1507037.63231588,30075.49521972,77.83104123,7.50713525,118837771210.3893,45324903106.65242,4.26543012,29871897
2026-08-24,range_3y_5y,3-5y,1802884.17147297,31020.04723117,77.83104123,8.98086088,142166812622.38675,55925552151.41623,5.26303463,28008255
2026-08-24,range_2y_3y,2-3y,1250243.82663622,55017.86042365,77.83104123,6.22794634,98588241355.77702,68785740349.39836,6.47327956,93287745
2026-08-24,range_1w_1m,1w-1m,922548.40371951,63862.29656752,77.83104123,4.59556914,72747749479.3902,58916059756.22819,5.54446493,11995351
2026-08-24,range_1m_3m,1-3m,1093622.94218341,64223.32969515,77.83104123,5.44775735,86237868389.46306,70236106778.02284,6.60977045,28795928
2026-08-24,range_1d_1w,1d-1w,404204.29587982,73418.16496696,77.83104123,2.01349738,31873615234.283886,29675937675.258945,2.7927393,3106612
2026-08-24,range_3m_6m,3-6m,1118524.71636602,74342.11948855,77.83104123,5.57180268,88201503058.95584,83153498114.97803,7.82539865,31982931
2026-08-24,range_0d_1d,<1d,238041.8441947,78498.02395054,77.83104123,1.18577817,18770839965.97874,18685814386.82681,1.7584822,686527
2026-08-24,range_18m_2y,1.5-2y,1161176.94405194,86819.9305385,77.83104123,5.78426987,91564853493.38638,100813301625.50107,9.48732515,51490128
2026-08-24,range_6m_12m,6-12m,3770711.26403603,94008.46243166,77.83104123,18.78336601,297340234170.0965,354478768205.76013,33.35924207,46022963
2026-08-24,range_12m_18m,1-1.5y,1572108.84215818,105209.7430552,77.83104123,7.83128002,123968975224.01384,165401167338.2725,15.56555166,31167976
2026-08-23,range_10y_inf,>10y,3563913.7634292,119.38069544,76.68645272,17.75362041,276412994565.82745,425462503.5605141,0.04009958,16839719
2026-08-23,range_7y_10y,7-10y,1664687.93679945,6448.83544218,76.68645272,8.29263548,129111254697.02628,10735298567.003181,1.0117954,46800829
2026-08-23,range_5y_7y,5-7y,1511591.26020402,29990.55614032,76.68645272,7.52998507,117237255031.24858,45333462550.35878,4.27265142,29942263
2026-08-23,range_3y_5y,3-5y,1798088.41177185,31050.70607387,76.68645272,8.95716935,139457639938.44272,55831914768.75398,5.26212419,28014101
2026-08-23,range_2y_3y,2-3y,1252475.52851953,54808.63416857,76.68645272,6.23920122,97140541112.69695,68646473047.71623,6.46988855,92703713
2026-08-23,range_1w_1m,1w-1m,949496.35355852,63864.98024877,76.68645272,4.72991182,73641829695.65224,60639565866.29591,5.7152424,11943617
2026-08-23,range_1m_3m,1-3m,1109910.10278266,64339.38243335,76.68645272,5.52901219,86083332979.92694,71410930569.57632,6.730437,28750439
2026-08-23,range_1d_1w,1d-1w,508060.23036995,72515.52641245,76.68645272,2.53089976,39404558869.35825,36842255054.508156,3.47236025,3179812
2026-08-23,range_3m_6m,3-6m,1122704.87480753,74243.11742355,76.68645272,5.59274929,87075680574.43732,83353109852.32669,7.85598018,31821381
2026-08-23,range_0d_1d,<1d,84852.03536664,77233.62790631,76.68645272,0.42269003,6581024892.176631,6553430526.599807,0.61765686,760442
2026-08-23,range_18m_2y,1.5-2y,1156310.5790712,86698.78859944,76.68645272,5.76015596,89682099799.65355,100250726450.18564,9.44857032,51978867
2026-08-23,range_6m_12m,6-12m,3776162.99416899,94146.83922331,76.68645272,18.81093899,292874797335.8888,355513810293.0408,33.50696154,46120366
2026-08-23,range_12m_18m,1-1.5y,1576038.84570142,104996.35116071,76.68645272,7.85103043,122235734591.18404,165478328086.18497,15.59623231,30953804
2026-08-22,range_10y_inf,>10y,3563543.58997623,119.33288912,75.9025247,17.75215222,274137423985.94888,425247952.090938,0.04008959,16819705
2026-08-22,range_7y_10y,7-10y,1664635.48096697,6445.70440342,75.9025247,8.29254974,128057612066.68448,10729748249.757463,1.01153044,46692685
2026-08-22,range_5y_7y,5-7y,1511765.0254441,29967.20658422,75.9025247,7.53101013,116297544644.33601,45303374824.28256,4.27090568,30045604
2026-08-22,range_3y_5y,3-5y,1798128.7094711,31066.64143541,75.9025247,8.95755973,138327021955.37732,55861819871.84766,5.26628677,28013602
2026-08-22,range_2y_3y,2-3y,1251584.46643496,54751.33899128,75.9025247,6.2348944,96282291170.62572,68525925398.00351,6.46017576,92111467
2026-08-22,range_1w_1m,1w-1m,949180.46089125,63881.02733309,75.9025247,4.72843831,73018858862.41078,60634622966.2291,5.71623541,11832787
2026-08-22,range_1m_3m,1-3m,1112017.72222967,64391.93904951,75.9025247,5.53962857,85545655918.52284,71604977391.7837,6.75044863,28801735
2026-08-22,range_1d_1w,1d-1w,478957.59253924,71683.17100836,75.9025247,2.38597561,36845403262.794044,34333199011.74367,3.2367093,3292489
2026-08-22,range_3m_6m,3-6m,1133146.2009039,74095.47271944,75.9025247,5.64488222,87171034301.09346,83961003416.21126,7.9152939,31574200
2026-08-22,range_0d_1d,<1d,111404.96091711,77409.48332,75.9025247,0.55497506,8570196556.870394,8623800463.87811,0.81299547,758947
2026-08-22,range_18m_2y,1.5-2y,1156711.74644642,86615.03233718,75.9025247,5.76227636,88983892145.18484,100188625323.25557,9.44512788,52518916
2026-08-22,range_6m_12m,6-12m,3773816.54403744,94326.93440393,75.9025247,18.79964818,290313369222.70703,355972545601.88403,33.55876184,46036730
2026-08-22,range_12m_18m,1-1.5y,1568975.41629257,104895.8999827,75.9025247,7.81600946,120698643936.77753,164579088342.74435,15.51543932,30804590
2026-08-21,range_10y_inf,>10y,3563824.18915739,119.30664108,77.4855475,17.75395911,279065855132.6169,425187893.3913027,0.04010757,16801056
2026-08-21,range_7y_10y,7-10y,1664909.66589899,6443.68523376,77.4855475,8.29410671,130371032624.51144,10728153829.696793,1.0119765,46596436
2026-08-21,range_5y_7y,5-7y,1511443.68968948,29950.85675337,77.4855475,7.52958284,118353853433.97607,45269033440.68178,4.27018467,30139624
2026-08-21,range_3y_5y,3-5y,1799814.74268982,31076.72772251,77.4855475,8.96616546,140934797450.76273,55932352709.52816,5.27604539,28001241
2026-08-21,range_2y_3y,2-3y,1250830.35875402,54673.1568622,77.4855475,6.2312813,97946482532.31012,68386844412.15929,6.4508657,91586463
2026-08-21,range_1w_1m,1w-1m,969126.41483586,63922.31840692,77.4855475,4.82791233,75887607618.41064,61948807265.69485,5.8435718,11697919
2026-08-21,range_1m_3m,1-3m,1104002.32052655,64433.70829291,77.4855475,5.49982575,86449088196.73788,71134963475.5063,6.71009314,28881736
2026-08-21,range_1d_1w,1d-1w,314510.78025378,67854.81059216,77.4855475,1.56680331,24627819774.886066,21341069423.313866,2.01308269,3468481
2026-08-21,range_3m_6m,3-6m,1141377.4139835,74020.93523219,77.4855475,5.68601784,89375751203.27953,84485823635.96072,7.96946703,31408017
2026-08-21,range_0d_1d,<1d,256647.53112175,77250.05686773,77.4855475,1.27854505,20096828277.351093,19826036374.11801,1.87017107,619609
2026-08-21,range_18m_2y,1.5-2y,1159234.25344266,86506.15134356,77.4855475,5.77497554,90774034033.5037,100280893770.95184,9.4594009,52895646
2026-08-21,range_6m_12m,6-12m,3782148.80855952,94486.92271127,77.4855475,18.8415903,296161801334.26263,357363602156.88196,33.70976717,46018242
2026-08-21,range_12m_18m,1-1.5y,1555535.24763764,104784.57496237,77.4855475,7.74923445,121806450327.0461,162996099762.69183,15.37526636,30792381
2026-08-20,range_10y_inf,>10y,3563781.60258625,119.28952947,73.43663723,17.75412561,260390718189.61868,425121830.5101075,0.0401672,16785711
2026-08-20,range_7y_10y,7-10y,1665996.76463905,6441.73610368,73.43663723,8.29969934,121727463246.09952,10731911507.395472,1.01399371,46502427
2026-08-20,range_5y_7y,5-7y,1511701.22734714,29936.95537997,73.43663723,7.53102644,110453729260.90334,45255732190.92984,4.27594169,30238905
2026-08-20,range_3y_5y,3-5y,1801812.81928936,31081.85320855,73.43663723,8.97631075,131650978196.17671,56003681558.44415,5.29145072,27985127
2026-08-20,range_2y_3y,2-3y,1250382.54637844,54610.77539046,73.43663723,6.22918329,91360258728.2469,68284360392.43011,6.45177814,91142492
2026-08-20,range_1w_1m,1w-1m,968816.86237218,64036.93528556,73.43663723,4.82647316,70787423787.20148,62040062719.291374,5.86179204,11566946
2026-08-20,range_1d_1w,1d-1w,258954.49183794,64380.3374805,73.43663723,1.29006519,18920729053.423256,16671577576.617456,1.575197,3645478
2026-08-20,range_1m_3m,1-3m,1104302.28878303,64477.344411,73.43663723,5.50143744,80686781105.21046,71202479007.72382,6.7274936,29150372
2026-08-20,range_0d_1d,<1d,280171.82344317,71833.61929667,73.43663723,1.39576616,20470991339.62614,20125756102.87044,1.90156154,574646
2026-08-20,range_3m_6m,3-6m,1150108.73967949,74018.46182835,73.43663723,5.72963703,84033668197.84006,85129279846.41867,8.04335317,31231178
2026-08-20,range_18m_2y,1.5-2y,1160680.89331001,86407.78650943,73.43663723,5.78230562,84806131548.19359,100291866834.71121,9.47597473,53251119
2026-08-20,range_6m_12m,6-12m,3804831.93331849,94552.06363335,73.43663723,18.95499546,278003264562.73615,359754711073.31696,33.9910569,45905000
2026-08-20,range_12m_18m,1-1.5y,1551435.29856641,104718.47531408,73.43663723,7.72897451,113356932794.4405,162463939014.31985,15.35023955,30721499
2026-08-19,range_10y_inf,>10y,3563538.42071316,119.23122634,69.02940032,17.75326513,246401482809.44928,424885056.0152086,0.04017997,16770405
2026-08-19,range_7y_10y,7-10y,1665950.86365353,6436.58028054,69.02940032,8.29963477,115192461713.31073,10723026477.341272,1.01404099,46433139
2026-08-19,range_5y_7y,5-7y,1512417.72983729,29911.19388238,69.02940032,7.5347449,104576386518.83249,45238219948.31023,4.27802817,30302225
2026-08-19,range_3y_5y,3-5y,1802178.61083176,31094.15404238,69.02940032,8.97831058,124611952944.10516,56037219337.08593,5.29925367,27946555
2026-08-19,range_2y_3y,2-3y,1250392.912548,54557.85370129,69.02940032,6.22935809,86458635034.04979,68218753591.91778,6.45122089,90718649
2026-08-19,range_1d_1w,1d-1w,266917.71741823,63616.08883888,69.02940032,1.32976285,18456071913.714153,16980261223.95034,1.60576689,3782395
2026-08-19,range_1w_1m,1w-1m,1026822.47882685,64092.15092489,69.02940032,5.11554796,70999818577.61925,65811261286.041016,6.22355234,11557510
2026-08-19,range_1m_3m,1-3m,1107688.24143299,64525.13341552,69.02940032,5.51841477,76591295773.10918,71473731561.27054,6.75903334,29276950
2026-08-19,range_0d_1d,<1d,179840.52280618,67702.04159388,69.02940032,0.89595119,12435104173.733341,12175570555.28868,1.15140326,603604
2026-08-19,range_3m_6m,3-6m,1152653.61232868,73975.99439338,69.02940032,5.74242867,79700434150.67648,85268697163.13481,8.06357741,30877162
2026-08-19,range_18m_2y,1.5-2y,1162396.01015011,86286.48404263,69.02940032,5.79096452,80374073939.53542,100299064781.03067,9.48494934,53644883
2026-08-19,range_6m_12m,6-12m,3829218.81380653,94620.96705065,69.02940032,19.07686373,264771999717.89407,362324387210.9139,34.26381358,45974073
2026-08-19,range_12m_18m,1-1.5y,1552564.48219765,104652.56514788,69.02940032,7.73475283,107352340681.15544,162479855619.47235,15.36518015,30620985
2026-08-18,range_10y_inf,>10y,3564319.78997539,119.26255455,56.21003719,17.7574979,230610007980.26086,425089883.3953423,0.04020333,16755325
2026-08-18,range_7y_10y,7-10y,1666615.60834973,6438.28524493,56.21003719,8.30310547,107829336700.51312,10730146680.21608,1.0148152,46363507
2026-08-18,range_5y_7y,5-7y,1512123.91083482,29893.32508446,56.21003719,7.53342538,97833788125.71944,45202411634.571884,4.27506687,30366497
2026-08-18,range_3y_5y,3-5y,1803378.99196249,31108.00392388,56.21003719,8.98446283,116677870739.19539,56099520758.21821,5.30567273,27907564
2026-08-18,range_2y_3y,2-3y,1247887.28132566,54520.51277819,56.21003719,6.21699429,80737788094.75551,68035454467.25754,6.43452654,90402586
2026-08-18,range_1d_1w,1d-1w,328783.56357571,63544.68986336,56.21003719,1.63800494,21272159819.44667,20892449579.587692,1.97592597,3747092
2026-08-18,range_1w_1m,1w-1m,985534.79452813,64138.40475635,56.21003719,4.90995002,63763691313.602936,63210629552.91175,5.97821352,11653214
2026-08-18,range_0d_1d,<1d,150682.11861833,64483.81556915,56.21003719,0.75070071,9749070404.621471,9716557946.55273,0.91895396,752776
2026-08-18,range_1m_3m,1-3m,1098213.32736664,64613.79586714,56.21003719,5.47131627,71053945524.28706,70959731753.04283,6.71109322,29063846
2026-08-18,range_3m_6m,3-6m,1167153.5413286,73841.29809936,56.21003719,5.81477751,75514348694.80008,86184132572.9713,8.15095736,30775675
2026-08-18,range_18m_2y,1.5-2y,1160318.55144684,86117.94384136,56.21003719,5.78072548,75072127692.18108,99924247851.58365,9.4504436,53905694
2026-08-18,range_6m_12m,6-12m,3833701.35394114,94830.52101211,56.21003719,19.09956113,248038883130.74384,363551896799.07275,34.38331305,45963407
2026-08-18,range_12m_18m,1-1.5y,1553483.20829748,104550.56364515,56.21003719,7.73947806,100509717469.86728,162417545040.77258,15.36081463,30560071
2026-08-17,range_10y_inf,>10y,3564132.21547681,119.20070539,55.35513446,17.75697532,229742765781.7714,424847074.1980164,0.04017221,16737024
2026-08-17,range_7y_10y,7-10y,1666859.00186336,6435.07489217,55.35513446,8.30451071,107445171532.47644,10726362511.683798,1.0142512,46278429
2026-08-17,range_5y_7y,5-7y,1512107.28355756,29877.62672679,55.35513446,7.5335173,97469927735.77577,45178176988.989716,4.27190674,30450194
2026-08-17,range_3y_5y,3-5y,1803755.79159182,31117.03761344,55.35513446,8.98654851,116269492628.72806,56127536812.41498,5.30724387,27893136
2026-08-17,range_2y_3y,2-3y,1247574.97506486,54491.34575476,55.35513446,6.21558256,80418263959.71149,67982039321.24077,6.42816845,89824456
2026-08-17,range_1d_1w,1d-1w,304153.59023174,63464.60086516,55.35513446,1.51533318,19605638292.222374,19302986205.762363,1.82522984,3615109
2026-08-17,range_0d_1d,<1d,178683.49678536,63946.60370869,55.35513446,0.89022467,11517878201.253828,11426202758.217007,1.0804259,805766
2026-08-17,range_1w_1m,1w-1m,962962.045121,64155.30794361,55.35513446,4.79760352,62072210067.93454,61779126542.74866,5.84164047,11972032
2026-08-17,range_1m_3m,1-3m,1113006.07985713,64784.51373501,55.35513446,5.54514263,71743998162.56421,72105557667.65173,6.81807541,28810493
2026-08-17,range_3m_6m,3-6m,1163373.46868744,73742.15084503,55.35513446,5.79607958,74990663133.30612,85789661817.05348,8.11200139,30620724
2026-08-17,range_18m_2y,1.5-2y,1160018.4082396,86063.05840573,55.35513446,5.77936423,74774397063.46037,99834732020.04648,9.44005918,54440774
2026-08-17,range_6m_12m,6-12m,3842025.52914979,94899.41620288,55.35513446,19.14147634,247655675465.15997,364605979752.891,34.47599806,45940644
2026-08-17,range_12m_18m,1-1.5y,1553078.53092449,104490.19209358,55.35513446,7.73764144,100110920582.99213,162281474032.71655,15.34482728,30395864
2026-08-16,range_10y_inf,>10y,3563658.19708684,119.13853225,47.44544671,17.75505045,224115523896.63998,424569007.0416654,0.04014449,16723054
2026-08-16,range_7y_10y,7-10y,1666922.04306449,6431.39048832,47.44544671,8.30502909,104831352030.79974,10720626572.529556,1.0136729,46184349
2026-08-16,range_5y_7y,5-7y,1512335.79855908,29857.70283652,47.44544671,7.53484114,95109550651.8501,45154872862.40846,4.26955185,30539715
2026-08-16,range_3y_5y,3-5y,1803363.02223125,31127.904995,47.44544671,8.98481271,113412012642.95547,56134912827.51484,5.3077532,27884249
2026-08-16,range_2y_3y,2-3y,1248993.46359115,54448.4210594,47.44544671,6.22280273,78548168470.54324,68005722006.043724,6.4301799,89340578
2026-08-16,range_0d_1d,<1d,86800.59918538,63013.98741679,47.44544671,0.43246264,5458818069.835123,5469651864.837622,0.5171748,884863
2026-08-16,range_1d_1w,1d-1w,386000.26076022,63547.28250275,47.44544671,1.92315136,24275237938.148502,24529267616.663105,2.31932842,3453218
2026-08-16,range_1w_1m,1w-1m,950299.54471644,64151.21152829,47.44544671,4.73463375,59763554343.38911,60962867108.341934,5.76425323,12190360
2026-08-16,range_1m_3m,1-3m,1141413.03464991,64961.30983627,47.44544671,5.6868097,71782524051.30554,74147685795.05194,7.01092415,28573386
2026-08-16,range_3m_6m,3-6m,1170647.3349302,73576.90381777,47.44544671,5.83246242,73621045076.81377,86132606366.69212,8.14414049,30511159
2026-08-16,range_18m_2y,1.5-2y,1161429.05782563,85994.32908778,47.44544671,5.78653462,73041315235.04501,99876312610.76494,9.4436562,54903206
2026-08-16,range_6m_12m,6-12m,3832984.61326772,95128.89208154,47.44544671,19.09690308,241053240008.3941,364627579625.73474,34.4768185,45908646
2026-08-16,range_12m_18m,1-1.5y,1546389.69668265,104382.15760892,47.44544671,7.70450632,97251172209.41855,161415493043.94513,15.26240188,30245910
2026-08-15,range_10y_inf,>10y,3563437.50827064,119.10816691,48.39533059,17.75439598,224695493969.21118,424434509.4938837,0.04012235,16711002
2026-08-15,range_7y_10y,7-10y,1667170.21926469,6429.35588972,48.39533059,8.30647378,105124794549.92216,10718830668.398262,1.0132651,46086260
2026-08-15,range_5y_7y,5-7y,1511731.53509287,29839.0259509,48.39533059,7.53201936,95323479993.16394,45108596506.427605,4.26417471,30629444
2026-08-15,range_3y_5y,3-5y,1801898.6852357,31143.91444297,48.39533059,8.97774205,113620209200.18828,56118178487.873146,5.30492491,27868394
2026-08-15,range_2y_3y,2-3y,1251107.31185717,54364.15475631,48.39533059,6.23349072,78889604432.17293,68015391518.55528,6.42958404,89009469
2026-08-15,range_0d_1d,<1d,90167.68375456,63036.34083402,48.39533059,0.44924957,5685597739.33651,5683840845.366197,0.53730092,765548
2026-08-15,range_1d_1w,1d-1w,379361.3365151,63643.39559581,48.39533059,1.89012193,23920942265.225372,24143843613.58728,2.28234916,3481764
2026-08-15,range_1w_1m,1w-1m,966562.96686967,64118.68113994,48.39533059,4.81578297,60947425846.26574,61974742674.386086,5.85855359,11991671
2026-08-15,range_1m_3m,1-3m,1127262.23298285,65103.29094715,48.39533059,5.6164476,71080450740.34178,73388481127.6178,6.93750924,28607953
2026-08-15,range_3m_6m,3-6m,1171959.90712648,73502.44310206,48.39533059,5.83914835,73898899484.75427,86141916391.45862,8.14310817,30582073
2026-08-15,range_18m_2y,1.5-2y,1161288.57517202,85923.98277042,48.39533059,5.78597973,73226009838.38007,99782539524.57053,9.43257414,55206298
2026-08-15,range_6m_12m,6-12m,3831490.58286181,95237.77149085,48.39533059,19.08993797,241597801885.49588,364902624599.955,34.49472301,45653144
2026-08-15,range_12m_18m,1-1.5y,1547294.9965474,104341.54558156,48.39533059,7.70921,97565963415.48686,161447151410.3697,15.26181067,30139639
2026-08-14,range_10y_inf,>10y,3562977.75037827,119.04923271,48.00529883,17.75250608,224436458497.14658,424169767.3602425,0.04009724,16697008
2026-08-14,range_7y_10y,7-10y,1667588.5425317,6426.59000384,48.00529883,8.30874561,105043503759.31992,10716907857.9446,1.01308114,45994874
2026-08-14,range_5y_7y,5-7y,1511179.02372451,29821.2761792,48.00529883,7.52943652,95191071065.1776,45065287022.70834,4.26007136,30714109
2026-08-14,range_3y_5y,3-5y,1802358.17560498,31155.60643869,48.00529883,8.98023415,113532812780.8864,56153561980.70725,5.30825824,27858236
2026-08-14,range_2y_3y,2-3y,1250583.30939359,54330.24175138,48.00529883,6.23102061,78775818621.4158,67944493529.596825,6.42286802,88557154
2026-08-14,range_0d_1d,<1d,177621.19746635,62930.83553624,48.00529883,0.88499609,11188583063.46079,11177850365.504925,1.05665454,742819
2026-08-14,range_1d_1w,1d-1w,296682.97198741,64015.21087381,48.00529883,1.47822036,18688434280.060596,18992223014.44245,1.79535582,3438499
2026-08-14,range_1w_1m,1w-1m,976141.59893591,64106.63940556,48.00529883,4.86361714,61488389433.15278,62577157491.74894,5.91548781,11847622
2026-08-14,range_1m_3m,1-3m,1109984.9321061,65143.00803887,48.00529883,5.5304904,69919349656.51704,72307757355.21597,6.83533217,28704056
2026-08-14,range_3m_6m,3-6m,1187374.61000615,73415.83235745,48.00529883,5.91608381,74794222992.5288,87172095313.7014,8.24047445,30499694
2026-08-14,range_18m_2y,1.5-2y,1162419.41509533,85851.47996005,48.00529883,5.79174476,73222263817.00606,99795427120.23338,9.43377195,55612444
2026-08-14,range_6m_12m,6-12m,3827963.67204974,95425.46828326,48.00529883,19.07279616,241128255633.75037,365285225976.664,34.53081587,45519601
2026-08-14,range_12m_18m,1-1.5y,1537405.21727092,104228.02606631,48.00529883,7.66010831,96843092046.44588,160240711060.19528,15.1477314,30032195
2026-08-13,range_10y_inf,>10y,3562705.20359245,119.00108676,49.38896126,17.75155995,225756603513.98203,423965791.0507466,0.04006903,16682523
2026-08-13,range_7y_10y,7-10y,1667787.89986229,6424.01689846,49.38896126,8.30993169,105682089911.6127,10713897651.755013,1.01257116,45907220
2026-08-13,range_5y_7y,5-7y,1511422.03771191,29805.97397234,49.38896126,7.53082205,95773713010.54047,45049405917.26359,4.25762227,30795811
2026-08-13,range_3y_5y,3-5y,1802479.56134026,31161.17726716,49.38896126,8.98104731,114217045873.23988,56167385131.35127,5.30838321,27842887
2026-08-13,range_2y_3y,2-3y,1251605.10414688,54300.79728575,49.38896126,6.23625637,79309990893.44978,67963155042.084404,6.42320219,88308562
2026-08-13,range_0d_1d,<1d,144549.31233197,63430.53713172,49.38896126,0.72023242,9159602023.608883,9168840523.237223,0.86654771,731117
2026-08-13,range_1w_1m,1w-1m,1004840.63525877,64106.36120133,49.38896126,5.006726,63673359406.80935,64416676713.66991,6.08802429,11669845
2026-08-13,range_1d_1w,1d-1w,326487.21128502,64256.68711925,49.38896126,1.62675747,20688392583.292023,20978986583.97642,1.98272538,3475189
2026-08-13,range_1m_3m,1-3m,1077127.14703214,65217.0165577,49.38896126,5.36690128,68253911668.43742,70247018982.7421,6.63905032,28856480
2026-08-13,range_3m_6m,3-6m,1192480.19663172,73386.51309259,49.38896126,5.94166019,75563445069.1583,87511963562.7639,8.27076135,30558894
2026-08-13,range_18m_2y,1.5-2y,1161698.43296228,85776.86200224,49.38896126,5.78828676,73612908603.44801,99646846172.42897,9.41762989,55822843
2026-08-13,range_6m_12m,6-12m,3838132.80960013,95554.88546362,49.38896126,19.12390747,243209521252.89072,366752341015.49036,34.66178752,45207448
2026-08-13,range_12m_18m,1-1.5y,1528499.23979514,104054.93054863,49.38896126,7.61591104,96855837665.68858,159047882240.52466,15.03162566,29908761
2026-08-12,range_10y_inf,>10y,3562425.02558287,118.97104253,49.45698763,17.75056745,225768088673.46683,423825419.2196651,0.04005336,16670260
2026-08-12,range_7y_10y,7-10y,1668866.40289103,6422.66109398,49.45698763,8.31549449,105764128459.21577,10718563316.898882,1.01295131,45798329
2026-08-12,range_5y_7y,5-7y,1501513.62114791,29669.8226606,49.45698763,7.48162238,95158173976.80525,44549642861.937416,4.21013693,30896232
2026-08-12,range_3y_5y,3-5y,1812528.43314412,31260.0464034,49.45698763,9.0313222,114868685538.24738,56659722927.56192,5.35459268,27809876
2026-08-12,range_2y_3y,2-3y,1252117.58366286,54253.91874197,49.45698763,6.23895169,79352741918.19693,67932285639.431465,6.41989937,87996667
2026-08-12,range_0d_1d,<1d,218218.29282183,63675.21825522,49.45698763,1.08732072,13829547718.245842,13895097422.711132,1.31314774,718014
2026-08-12,range_1w_1m,1w-1m,955737.97763228,64058.07278519,49.45698763,4.76217501,60569734080.89625,61222732934.74324,5.78581717,11901049
2026-08-12,range_1d_1w,1d-1w,306094.53336035,64512.50149434,49.45698763,1.52518344,19398689727.89288,19746924040.81998,1.86617106,3361397
2026-08-12,range_1m_3m,1-3m,1096884.47798303,65700.07419006,49.45698763,5.46546854,69514869874.15376,72065391581.41331,6.81049604,28693831
2026-08-12,range_3m_6m,3-6m,1172630.77983172,73157.07699697,49.45698763,5.84289118,74315279053.19725,85786240249.16512,8.1071765,30492146
2026-08-12,range_18m_2y,1.5-2y,1161442.2289476,85695.5888332,49.45698763,5.78714176,73606206516.93515,99530475705.40327,9.40606712,56105625
2026-08-12,range_6m_12m,6-12m,3838666.35026861,95723.06292016,49.45698763,19.12700071,243274836307.18634,367448900576.2685,34.72553506,45111899
2026-08-12,range_12m_18m,1-1.5y,1522232.83427675,103907.93670341,49.45698763,7.58486043,96471250634.79079,158172072991.8758,14.94795564,29783829
2026-08-11,range_10y_inf,>10y,3562510.7025627,118.98833398,50.30539569,17.75138409,226527487168.87634,423897213.2946332,0.04004609,16653140
2026-08-11,range_7y_10y,7-10y,1668907.37232317,6420.2709781,50.30539569,8.3158812,106119931962.03635,10714837567.659578,1.01224388,45700231
2026-08-11,range_5y_7y,5-7y,1502550.95594521,29658.35414253,50.30539569,7.48695551,95541914343.8969,44563188368.626724,4.20993921,30990992
2026-08-11,range_3y_5y,3-5y,1814819.92596109,31279.10173609,50.30539569,9.04293861,115397996473.73451,56765937096.82769,5.36274789,27791080
2026-08-11,range_2y_3y,2-3y,1252020.90879313,54226.05193123,50.30539569,6.23860695,79611592506.31303,67892150819.20448,6.41385498,87767728
2026-08-11,range_0d_1d,<1d,163326.62341087,63740.53330226,50.30539569,0.81382875,10385363772.36065,10410526078.66638,0.9834952,672581
2026-08-11,range_1w_1m,1w-1m,1022362.87920755,63866.51008474,50.30539569,5.09426011,65008448630.07053,65294749135.176056,6.16847525,12005278
2026-08-11,range_1d_1w,1d-1w,399554.69539681,64673.26966536,50.30539569,1.990913,25406273465.973454,25840508561.459324,2.44118462,3352439
2026-08-11,range_1m_3m,1-3m,979203.26611922,66202.65318466,50.30539569,4.8792031,62264081099.315506,64825854224.17764,6.12417817,28649191
2026-08-11,range_3m_6m,3-6m,1177854.14216694,73044.01304195,50.30539569,5.86904659,74895589474.18584,86035193321.96265,8.12785052,30349951
2026-08-11,range_18m_2y,1.5-2y,1162930.03092485,85611.15197649,50.30539569,5.79468228,73946617892.01839,99559779615.53601,9.40553482,56297736
2026-08-11,range_6m_12m,6-12m,3835591.71652084,95843.17731295,50.30539569,19.11210028,243891745426.67383,367615296986.5793,34.7290692,44936399
2026-08-11,range_12m_18m,1-1.5y,1527284.69721858,103832.24766091,50.30539569,7.61019953,97114645691.73853,158581402930.32162,14.98138016,29751360
2026-08-10,range_10y_inf,>10y,3562445.57406866,118.98924413,51.92949378,17.75141614,227774804520.03745,423892706.1156199,0.04003747,16634136
2026-08-10,range_7y_10y,7-10y,1668966.37579616,6417.95901211,51.92949378,8.31634226,106709978326.29878,10711357792.456427,1.0117081,45559968
2026-08-10,range_5y_7y,5-7y,1502658.63218771,29643.32552046,51.92949378,7.48764245,96076633057.44186,44543798980.07347,4.20724645,31127723
2026-08-10,range_3y_5y,3-5y,1815173.75047873,31291.05374026,51.92949378,9.04488334,116058150949.65642,56798699374.14486,5.36474508,27757948
2026-08-10,range_2y_3y,2-3y,1247593.19393108,54160.71377617,51.92949378,6.21666928,79768319251.43793,67570537885.600006,6.3821657,87333184
2026-08-10,range_1w_1m,1w-1m,986094.09050173,63864.43287931,51.92949378,4.91363761,63048651279.708435,62976339855.528625,5.94823496,12166369
2026-08-10,range_0d_1d,<1d,157485.61535113,64363.26065295,51.92949378,0.78473976,10069278114.010027,10136287709.935656,0.95739163,696008
2026-08-10,range_1d_1w,1d-1w,431868.58978444,64581.17145502,51.92949378,2.15197086,27612711989.912125,27890579442.90778,2.63431822,3327411
2026-08-10,range_1m_3m,1-3m,984451.43991469,66375.94544316,51.92949378,4.9054524,62943623874.07415,65343895067.21748,6.17185505,28469154
2026-08-10,range_3m_6m,3-6m,1193643.3634179,72868.07522489,51.92949378,5.94784106,76318887718.08984,86978494397.22887,8.21528407,30216019
2026-08-10,range_18m_2y,1.5-2y,1161874.48150172,85345.82505809,51.92949378,5.78953895,74287656442.31946,99161136237.70232,9.36595774,56689698
2026-08-10,range_6m_12m,6-12m,3827344.06253252,96070.79276961,51.92949378,19.07138671,244711821569.98444,367695978289.5562,34.72958382,44901984
2026-08-10,range_12m_18m,1-1.5y,1528915.62208449,103674.10061438,51.92949378,7.61847918,97755446281.86206,158508952034.8809,14.97147171,29640963
2026-08-09,range_10y_inf,>10y,3562302.39401048,118.97537235,56.30299977,17.7510869,231054367405.41864,423826253.755999,0.04002636,16619994
2026-08-09,range_7y_10y,7-10y,1668994.66432723,6414.73327215,56.30299977,8.31666323,108252602872.09988,10706155604.306969,1.01109465,45438546
2026-08-09,range_5y_7y,5-7y,1502542.50892464,29616.57528373,56.30299977,7.48722587,97456355609.521,44500163332.56719,4.2026175,31241275
2026-08-09,range_3y_5y,3-5y,1815816.08300567,31303.39318542,56.30299977,9.04827988,117775581626.3323,56841204798.73015,5.36811158,27710740
2026-08-09,range_2y_3y,2-3y,1248066.60625682,54125.37542138,56.30299977,6.21916287,80950803242.68758,67552073614.538605,6.37965135,87026189
2026-08-09,range_1w_1m,1w-1m,925043.71748312,63935.82205073,56.30299977,4.60952766,59999227276.37768,59143430510.14362,5.58553492,12151821
2026-08-09,range_1d_1w,1d-1w,549104.10104784,64363.11211226,56.30299977,2.7362064,35615421341.16661,35342048817.04117,3.33772063,3303992
2026-08-09,range_0d_1d,<1d,86977.85780875,65051.16941933,56.30299977,0.43341394,5641467705.849135,5658011364.046986,0.5343454,787481
2026-08-09,range_1m_3m,1-3m,997494.47291753,66523.53146253,56.30299977,4.9705525,64698453117.81338,66356854952.82444,6.26677431,28370351
2026-08-09,range_3m_6m,3-6m,1196097.46220909,72750.39573393,56.30299977,5.96019867,77580034460.47003,87016563712.05713,8.21788745,30090576
2026-08-09,range_18m_2y,1.5-2y,1162572.77156715,85256.53025932,56.30299977,5.79314388,75405590706.96957,99116920677.7794,9.36065117,57006329
2026-08-09,range_6m_12m,6-12m,3821647.57313227,96166.72776388,56.30299977,19.04341369,247875745737.13528,367515341774.91486,34.70833122,44853786
2026-08-09,range_12m_18m,1-1.5y,1531420.20386037,103626.16348164,56.30299977,7.63112451,99329390741.72098,158695200404.32758,14.98725346,29518997
2026-08-08,range_10y_inf,>10y,3561447.59736509,118.85959635,56.52271268,17.74722261,231241053075.16278,423312223.8280654,0.03997573,16604119
2026-08-08,range_7y_10y,7-10y,1668799.14865608,6408.01924609,56.52271268,8.31587414,108353376529.15866,10693697062.452671,1.00986528,45348152
2026-08-08,range_5y_7y,5-7y,1502599.88122236,29585.27854038,56.52271268,7.4876785,97562232599.33426,44454836020.70634,4.19811736,31323606
2026-08-08,range_3y_5y,3-5y,1816895.02319031,31314.2223625,56.52271268,9.05385789,117969086166.08244,56894654765.501274,5.37287862,27689238
2026-08-08,range_2y_3y,2-3y,1238998.73486853,54032.76394888,56.52271268,6.17411481,80446886940.51363,66946526174.110916,6.32213273,86876077
2026-08-08,range_1w_1m,1w-1m,906688.13247726,63975.74285138,56.52271268,4.5181617,58870308444.21585,58006046809.76574,5.47783355,11986650
2026-08-08,range_1d_1w,1d-1w,521224.86024105,64159.83058192,56.52271268,2.59734093,33842582903.723503,33441698728.14896,3.15808557,3342414
2026-08-08,range_0d_1d,<1d,144165.86212548,65006.81241851,56.52271268,0.71839991,9360538057.628279,9371763156.343502,0.88502771,706764
2026-08-08,range_1m_3m,1-3m,985321.92979724,66704.30328662,56.52271268,4.9100056,63975918340.88368,65725212840.15634,6.20679733,28602066
2026-08-08,range_3m_6m,3-6m,1210573.77472118,72628.92997974,56.52271268,6.03246901,78601284123.57039,87922677919.53186,8.30302739,29688986
2026-08-08,range_18m_2y,1.5-2y,1171640.95698349,84986.95834658,56.52271268,5.838461,76073417146.24702,99574201208.30112,9.40334552,57121073
2026-08-08,range_6m_12m,6-12m,3806002.14058619,96328.41520424,56.52271268,18.96587424,247119722790.98325,366626154466.6256,34.62254646,44788585
2026-08-08,range_12m_18m,1-1.5y,1533275.4993167,103596.74698939,56.52271268,7.64053966,99553968273.64679,158842353967.75043,15.00036676,29514863
2026-08-07,range_10y_inf,>10y,3560926.04742551,118.79284427,56.48050523,17.7450188,231037046987.53076,423012533.399562,0.03995303,16587398
2026-08-07,range_7y_10y,7-10y,1668576.77413438,6402.03052877,56.48050523,8.31495118,108259212753.57558,10682279447.611547,1.00892851,45277091
2026-08-07,range_5y_7y,5-7y,1503210.48439352,29563.67475438,56.48050523,7.49088803,97530054454.8137,44440425847.97699,4.19734505,31414438
2026-08-07,range_3y_5y,3-5y,1816777.78595643,31320.57371044,56.48050523,9.05347529,117874667743.62949,56902522560.530914,5.37437517,27623096
2026-08-07,range_2y_3y,2-3y,1239291.06190705,53986.39834535,56.48050523,6.17570904,80406653631.02727,66904860933.94425,6.31908406,86691302
2026-08-07,range_1d_1w,1d-1w,499635.54432757,63792.07878108,56.48050523,2.48981361,32416938513.76284,31872790005.570675,3.01034688,3314173
2026-08-07,range_1w_1m,1w-1m,849806.70584217,64062.71695001,56.48050523,4.2348074,55136453049.88133,54440926458.58591,5.14188037,11829250
2026-08-07,range_0d_1d,<1d,185153.04604802,64753.87070579,56.48050523,0.92266569,12012946191.513315,11989376404.576622,1.13238226,780840
2026-08-07,range_1m_3m,1-3m,1023116.47884872,66708.89565435,56.48050523,5.09845498,66380993834.00167,68250970429.76694,6.4462225,28827409
2026-08-07,range_3m_6m,3-6m,1221860.02265767,72547.37539686,56.48050523,6.08884565,79275707416.3447,88642737746.16164,8.37220052,29351568
2026-08-07,range_18m_2y,1.5-2y,1172617.72211927,84906.40041347,56.48050523,5.84345849,76080809361.24757,99562749846.18428,9.4035826,57307483
2026-08-07,range_6m_12m,6-12m,3801715.45275455,96508.06168707,56.48050523,18.94493491,246659745244.16135,366896189431.1105,34.65290611,44696430
2026-08-07,range_12m_18m,1-1.5y,1524499.5401361,103486.95814783,56.48050523,7.59697692,98911313292.09697,157765820106.4506,14.90079295,29504836
2026-08-06,range_10y_inf,>10y,3560607.42713325,118.76112052,54.19458296,17.74386762,228824300656.0361,422861727.7751777,0.03993251,16575145
2026-08-06,range_7y_10y,7-10y,1667267.4905236,6392.7219904,54.19458296,8.30863111,107147818267.84344,10658377550.551783,1.00651277,45190585
2026-08-06,range_5y_7y,5-7y,1505723.37029105,29529.2627864,54.19458296,7.50359502,96766100795.81377,44462901084.94929,4.1988077,31494492
2026-08-06,range_3y_5y,3-5y,1818753.75111771,31337.14469206,54.19458296,9.06354504,116883162123.86467,56994549458.00995,5.38222084,27595923
2026-08-06,range_2y_3y,2-3y,1234328.13397887,53947.50968078,54.19458296,6.15112883,79324743830.34952,66588928957.08618,6.28825607,86525161
2026-08-06,range_1d_1w,1d-1w,554084.41336958,63563.01751552,54.19458296,2.76121439,35608524946.48221,35219277272.08989,3.32589572,3338316
2026-08-06,range_1w_1m,1w-1m,767417.196323,64141.22160218,54.19458296,3.82433318,49318467945.06356,49223076450.673996,4.64832989,11874647
2026-08-06,range_0d_1d,<1d,202678.55298601,64511.95854001,54.19458296,1.01002469,13025243331.119267,13075190407.181768,1.23474197,607780
2026-08-06,range_1m_3m,1-3m,1018334.05891174,66915.48146542,54.19458296,5.07474781,65443771500.615135,68142313844.710846,6.43494835,28835822
2026-08-06,range_3m_6m,3-6m,1228762.56489662,72463.64779982,54.19458296,6.12339348,78967069619.11977,89040617732.27428,8.40845788,29280455
2026-08-06,range_18m_2y,1.5-2y,1179360.27775244,84685.96821777,54.19458296,5.877203,75792205768.52188,99875266999.04283,9.43161669,57422848
2026-08-06,range_6m_12m,6-12m,3811506.60452343,96632.72423642,54.19458296,18.99419411,244948467663.04218,368316266640.1947,34.78156256,44633428
2026-08-06,range_12m_18m,1-1.5y,1517869.07474366,103382.75566328,54.19458296,7.56412171,97546650852.01051,156921487683.06815,14.81871705,29402214
2026-08-05,range_10y_inf,>10y,3559906.0085998,118.64990357,55.71725945,17.74072582,230106783871.2063,422382504.6348779,0.03989068,16558181
2026-08-05,range_7y_10y,7-10y,1667729.18551068,6386.27800264,55.71725945,8.31109758,107799418950.65643,10650582211.783825,1.00586311,45119791
2026-08-05,range_5y_7y,5-7y,1506344.11829282,29509.19635851,55.71725945,7.50683808,97367739380.2886,44451004370.19331,4.19804521,31561819
2026-08-05,range_3y_5y,3-5y,1821075.67792783,31334.63491589,55.71725945,9.07529699,117711497556.88896,57062741522.07934,5.38912387,27549512
2026-08-05,range_2y_3y,2-3y,1236349.94718586,53921.28992575,55.71725945,6.16132712,79915736370.2903,66665583951.8914,6.29603626,86306955
2026-08-05,range_1d_1w,1d-1w,543822.05224553,63530.68022427,55.71725945,2.71012715,35151811069.77529,34549384900.11867,3.26291569,3454007
2026-08-05,range_1w_1m,1w-1m,813813.91920164,64016.63474114,55.71725945,4.05562663,52603665143.04876,52097628412.784424,4.92020827,11749612
2026-08-05,range_0d_1d,<1d,214221.90157255,64437.5226328,55.71725945,1.06757089,13846970309.48357,13803928631.02209,1.3036717,670002
2026-08-05,range_1m_3m,1-3m,958183.35391717,67275.04515085,55.71725945,4.77508904,61935480711.05615,64461828397.572556,6.087909,28806036
2026-08-05,range_3m_6m,3-6m,1235581.78187957,72383.76711599,55.71725945,6.15749898,79866083360.4398,89436063952.33221,8.4465277,29228952
2026-08-05,range_18m_2y,1.5-2y,1179723.54865166,84523.23584902,55.71725945,5.87913051,76255494100.5684,99714051739.3255,9.41720222,57626818
2026-08-05,range_6m_12m,6-12m,3840953.91809705,96875.17713189,55.71725945,19.14132288,248273283327.06546,372093091171.0928,35.14124461,44501418
2026-08-05,range_12m_18m,1-1.5y,1488587.5034688,103078.78593175,55.71725945,7.41834832,96219979433.8955,153441792610.7405,14.49136169,29369499
2026-08-04,range_10y_inf,>10y,3559845.77443896,118.62316468,53.15428024,17.74081797,228115078917.6255,422280171.5265839,0.03986876,16544908
2026-08-04,range_7y_10y,7-10y,1668076.11260883,6383.64219462,53.15428024,8.31301032,106890393061.57553,10648401056.282827,1.00534794,44931104
2026-08-04,range_5y_7y,5-7y,1506620.67677857,29491.31335439,53.15428024,7.50838235,96544321400.11319,44432222485.07451,4.19498128,31746076
2026-08-04,range_3y_5y,3-5y,1823663.73541434,31339.19828055,53.15428024,9.08839551,116860454997.89024,57152159401.19833,5.39590922,27486133
2026-08-04,range_2y_3y,2-3y,1224736.78980915,53899.68597559,53.15428024,6.10358814,78481189119.67882,66012928373.462326,6.23248137,86048348
2026-08-04,range_1d_1w,1d-1w,601747.38486799,63626.78422229,53.15428024,2.99886329,38559999754.27868,38287251013.32159,3.61481583,3482933
2026-08-04,range_1w_1m,1w-1m,749731.1489799,63938.19269872,53.15428024,3.73635396,48042806080.133026,47936454675.71052,4.5258265,11664923
2026-08-04,range_0d_1d,<1d,195660.3377347,63938.27377155,53.15428024,0.97509124,12537923329.117992,12510184240.314615,1.18112455,693490
2026-08-04,range_1m_3m,1-3m,956149.06999638,67529.78383069,53.15428024,4.7650566,61270075834.56713,64568540006.77133,6.09611227,28805921
2026-08-04,range_3m_6m,3-6m,1274863.59760245,72129.94797332,53.15428024,6.35339968,81693317239.88072,91955844968.14734,8.68183104,29114271
2026-08-04,range_18m_2y,1.5-2y,1197021.25993386,84117.354965,53.15428024,5.96546525,76705176706.40454,100690262222.50388,9.50647395,57889990
2026-08-04,range_6m_12m,6-12m,3826976.4700982,97224.88184993,53.15428024,19.07208829,245232826028.79956,372077335147.7579,35.12895303,44493669
2026-08-04,range_12m_18m,1-1.5y,1480756.80828763,102975.61228911,53.15428024,7.37948739,94886963532.45229,152481838984.6816,14.39627425,29323750
2026-08-03,range_10y_inf,>10y,3559196.88526243,118.53495929,50.30589432,17.73797368,225861607603.30917,421889257.9136134,0.0398275,16534180
2026-08-03,range_7y_10y,7-10y,1668550.72088537,6378.88524302,50.30589432,8.31555818,105883872214.90924,10643493570.68644,1.00477485,44843922
2026-08-03,range_5y_7y,5-7y,1507214.99104498,29478.41693079,50.30589432,7.51150911,95645734657.392,44430311910.35658,4.19434272,31824066
2026-08-03,range_3y_5y,3-5y,1832178.06406584,31325.33126859,50.30589432,9.13102796,116267432318.48984,57393584799.905235,5.41811107,27426695
2026-08-03,range_2y_3y,2-3y,1226505.0479619,53874.80062933,50.30589432,6.11253464,77832278122.43465,66077714929.80824,6.23791666,85764919
2026-08-03,range_0d_1d,<1d,213866.53566002,63388.89827775,50.30589432,1.0658469,13571668304.36832,13556764073.968353,1.27979553,765868
2026-08-03,range_1d_1w,1d-1w,542043.41715005,63677.94658298,50.30589432,2.70138241,34397309711.98424,34516211762.9383,3.25842461,3347257
2026-08-03,range_1w_1m,1w-1m,753085.68470771,63948.41495094,50.30589432,3.75315401,47789753951.355446,48158635859.30418,4.54630668,11772532
2026-08-03,range_1m_3m,1-3m,975884.89419839,67804.06100497,50.30589432,4.86351869,61928277121.1972,66168958900.05315,6.24653034,28663425
2026-08-03,range_3m_6m,3-6m,1307136.31824055,71841.33542144,50.30589432,6.5143768,82949024656.92427,93906418680.26869,8.86502226,29005479
2026-08-03,range_18m_2y,1.5-2y,1190425.3749122,83955.55846686,50.30589432,5.93272433,75542713026.85097,99942827163.87198,9.4348757,58184744
2026-08-03,range_6m_12m,6-12m,3809743.25227041,97625.76399888,50.30589432,18.9866219,241760926201.25143,371929095642.49304,35.11112187,44576933
2026-08-03,range_12m_18m,1-1.5y,1479577.35519111,102830.37671325,50.30589432,7.37377139,93891889319.3728,152145496810.69226,14.36295021,29215904
2026-08-02,range_10y_inf,>10y,3559633.15076026,118.64255151,50.37011397,17.74056233,225971408036.50653,422323959.4616126,0.03984789,16521791
2026-08-02,range_7y_10y,7-10y,1669501.6419237,6375.09731398,50.37011397,8.32049166,105982729333.83138,10643235433.105978,1.00423011,44769935
2026-08-02,range_5y_7y,5-7y,1508048.51388075,29462.92467626,50.37011397,7.51583872,95733417359.65459,44431519772.6213,4.1922844,31896717
2026-08-02,range_3y_5y,3-5y,1835948.03693307,31333.06003337,50.37011397,9.15003013,116549022165.11224,57525870059.36642,5.4277866,27415905
2026-08-02,range_2y_3y,2-3y,1229665.27452468,53833.07193171,50.37011397,6.12842743,78061188254.35493,66196659175.41884,6.24590883,85489145
2026-08-02,range_0d_1d,<1d,144890.88168556,63301.10864097,50.37011397,0.72210973,9197913144.264336,9171753442.663525,0.86539013,734810
2026-08-02,range_1d_1w,1d-1w,583637.89733737,63820.09109032,50.37011397,2.90874482,37050300370.593994,37247823771.83506,3.51447511,3381040
2026-08-02,range_1w_1m,1w-1m,731350.7664704,63887.29637847,50.37011397,3.64491882,46427357951.92763,46724023174.11648,4.40859089,11863410
2026-08-02,range_1m_3m,1-3m,1005951.83116393,68170.23993364,50.37011397,5.01348044,63859488345.43962,68575977692.12784,6.47040666,28459516
2026-08-02,range_3m_6m,3-6m,1300077.66877512,71681.62414465,50.37011397,6.47934996,82531083661.58118,93191678811.9906,8.79299253,28860943
2026-08-02,range_18m_2y,1.5-2y,1184262.28712401,83791.52003344,50.37011397,5.90214723,75178931415.66866,99231137156.40323,9.3628386,58459460
2026-08-02,range_6m_12m,6-12m,3825571.59153764,97696.48139521,50.37011397,19.06595101,242853620716.38977,373744883818.6995,35.26426407,44481691
2026-08-02,range_12m_18m,1-1.5y,1486400.24943447,102753.89731512,50.37011397,7.40794772,94359149677.76503,152733418599.56403,14.41098417,29217243
2026-08-01,range_10y_inf,>10y,3559004.46897272,118.56118137,47.67069583,17.73782691,223393699572.30325,421959774.343905,0.03981224,16509698
2026-08-01,range_7y_10y,7-10y,1670393.02741688,6372.33814473,47.67069583,8.32512087,104848218480.08105,10644309205.302788,1.00429915,44656854
2026-08-01,range_5y_7y,5-7y,1509070.60549752,29451.00964407,47.67069583,7.52110131,94722237192.13622,44443652956.09733,4.19329446,32005808
2026-08-01,range_3y_5y,3-5y,1841124.64786622,31333.88402767,47.67069583,9.17603521,115564801911.95332,57689586196.72118,5.44305893,27391058
2026-08-01,range_2y_3y,2-3y,1229680.91446043,53754.6580248,47.67069583,6.12864283,77185339655.96829,66101077036.43829,6.23668987,85376791
2026-08-01,range_0d_1d,<1d,180300.56431662,62810.7938404,47.67069583,0.89860528,11317212565.706528,11324821574.598455,1.06850604,777714
2026-08-01,range_1w_1m,1w-1m,738792.22787762,63839.24599776,47.67069583,3.68208828,46372947952.06696,47163938776.71544,4.44995562,11736933
2026-08-01,range_1d_1w,1d-1w,517472.29845958,64032.08767401,47.67069583,2.57904539,32481007592.67542,33134831583.835045,3.12629805,3419313
2026-08-01,range_1m_3m,1-3m,1025446.31495365,68456.39649638,47.67069583,5.11075201,64365821399.60136,70198359522.21896,6.62327177,28366369
2026-08-01,range_3m_6m,3-6m,1296066.57889254,71606.90090484,47.67069583,6.45950429,81352274343.84047,92807311080.8306,8.75644457,28743156
2026-08-01,range_18m_2y,1.5-2y,1174741.55429166,83450.00523635,47.67069583,5.85482894,73736873370.73788,98032188857.00217,9.24941599,58612035
2026-08-01,range_6m_12m,6-12m,3818523.96426668,97800.33258489,47.67069583,19.03125374,239683372898.167,373452913688.6443,35.23558326,44365825
2026-08-01,range_12m_18m,1-1.5y,1503872.62427884,102707.77613968,47.67069583,7.49519494,94395967229.60272,154459412837.02835,14.57337003,29234615
2026-07-31,range_10y_inf,>10y,3558434.36869199,118.48327984,47.9429191,17.73543858,223589082538.88254,421614975.0987091,0.039743,16495189
2026-07-31,range_7y_10y,7-10y,1671548.14262013,6368.17069791,47.9429191,8.33109068,105029312586.53154,10644703901.984404,1.00340952,44548537
2026-07-31,range_5y_7y,5-7y,1511444.0921958,29444.77220451,47.9429191,7.53312302,94969405887.08794,44504126994.554985,4.1951251,32116289
2026-07-31,range_3y_5y,3-5y,1847992.41322745,31335.89409748,47.9429191,9.21049893,116115933413.7788,57908494553.84063,5.45867081,27387508
2026-07-31,range_2y_3y,2-3y,1236770.06753239,53697.98105201,47.9429191,6.16413211,77710660380.33047,66412055652.0488,6.26024822,85085137
2026-07-31,range_0d_1d,<1d,280247.42113103,63364.77721068,47.9429191,1.39676903,17608941821.68309,17757815403.836468,1.67391795,650984
2026-07-31,range_1w_1m,1w-1m,758714.92039218,63673.19566688,47.9429191,3.78147817,47672755875.895294,48309803581.510544,4.55386238,11593472
2026-07-31,range_1d_1w,1d-1w,360851.44166445,64412.85263182,47.9429191,1.79850404,22673578999.925392,23243470733.9124,2.1910163,3530214
2026-07-31,range_1m_3m,1-3m,996010.8829538,68826.47576591,47.9429191,4.96417469,62582904852.125046,68551918898.198326,6.46195971,28486125
2026-07-31,range_3m_6m,3-6m,1316207.18270178,71673.15781419,47.9429191,6.5600512,82701976745.90057,94336725121.9538,8.89253178,28489603
2026-07-31,range_18m_2y,1.5-2y,1180022.92639307,83364.27398602,47.9429191,5.88130115,74145035751.79224,98371754545.6126,9.27288871,58891322
2026-07-31,range_6m_12m,6-12m,3823941.31885116,97967.21548778,47.9429191,19.05874027,240271828163.21924,374620883196.5269,35.31316255,44361696
2026-07-31,range_12m_18m,1-1.5y,1521792.11319573,102359.59589506,47.9429191,7.58469814,95619608836.40295,155770025743.0004,14.68346397,29241882
2026-07-30,range_10y_inf,>10y,3557870.29174141,118.40370084,55.65003296,17.73306081,230286312745.5026,421265009.634048,0.03969762,16481477
2026-07-30,range_7y_10y,7-10y,1672759.23397798,6365.89607819,55.65003296,8.3373307,108270826229.37233,10648611447.33432,1.00346469,44451352
2026-07-30,range_5y_7y,5-7y,1517288.37619914,29414.79584386,55.65003296,7.56243619,98207836957.28572,44630727822.15344,4.2057464,32218745
2026-07-30,range_3y_5y,3-5y,1861445.58461891,31340.84168656,55.65003296,9.27777717,120483717760.40033,58339271375.69618,5.49756172,27409440
2026-07-30,range_2y_3y,2-3y,1249883.90053529,53599.36066643,55.65003296,6.22964453,80899844910.69197,66992977975.95831,6.31303789,84800337
2026-07-30,range_1w_1m,1w-1m,826933.11247935,63580.97428315,55.65003296,4.12158229,53523979725.19237,52577212958.4349,4.95457804,11492083
2026-07-30,range_1d_1w,1d-1w,302733.12204671,64285.16293568,55.65003296,1.50887594,19594670042.889256,19461248076.79874,1.83391753,3575632
2026-07-30,range_0d_1d,<1d,220510.35859909,64668.0520474,55.65003296,1.099063,14272728694.42306,14259975346.87711,1.34377912,763747
2026-07-30,range_1m_3m,1-3m,975414.51287023,69171.35740518,55.65003296,4.8616401,63134570163.71237,67470745887.94633,6.35806003,28422842
2026-07-30,range_3m_6m,3-6m,1331346.84337875,71682.71216001,55.65003296,6.63567039,86172606196.10577,95434552559.06294,8.99321041,28370844
2026-07-30,range_18m_2y,1.5-2y,1185902.67999641,83279.1049433,55.65003296,5.91075071,76758603618.94046,98760913739.96272,9.3066678,59192264
2026-07-30,range_6m_12m,6-12m,3835751.04025543,98071.71515534,55.65003296,19.11806808,248272390851.49585,376178683426.7365,35.44894339,44466631
2026-07-30,range_12m_18m,1-1.5y,1525647.60985226,102257.09221249,55.65003296,7.6041001,98748895775.48477,156008288324.42337,14.70133536,29153838
2026-07-29,range_10y_inf,>10y,3557524.6097072,118.33875167,51.97137547,17.73176043,227390849123.32425,420993021.3568808,0.0396699,16465512
2026-07-29,range_7y_10y,7-10y,1671870.01510248,6360.97571201,51.97137547,8.33309726,106863053405.34732,10634724559.704363,1.00210323,44379366
2026-07-29,range_5y_7y,5-7y,1517919.57403432,29383.03864825,51.97137547,7.56576249,97022806222.83228,44601089508.779236,4.20273188,32286667
2026-07-29,range_3y_5y,3-5y,1861773.53040814,31352.10367836,51.97137547,9.27963285,119001359203.43773,58370516750.97723,5.50021612,27373116
2026-07-29,range_2y_3y,2-3y,1251299.96162844,53535.83645368,51.97137547,6.23685106,79980939557.32114,66989390100.23295,6.312367,84361249
2026-07-29,range_1w_1m,1w-1m,862181.46361485,63351.60206374,51.97137547,4.29736877,55109154993.56368,54620576989.66173,5.14686172,11531548
2026-07-29,range_0d_1d,<1d,248324.74916799,64115.42733454,51.97137547,1.23772439,15872490500.155169,15921447410.6478,1.50026771,716433
2026-07-29,range_1d_1w,1d-1w,231307.36166766,64430.44936385,51.97137547,1.15290467,14784768384.895039,14903237253.413921,1.40432243,3508985
2026-07-29,range_1m_3m,1-3m,983437.21313821,69782.196777,51.97137547,4.90174348,62859613773.235,68626409125.03241,6.46662224,28368380
2026-07-29,range_3m_6m,3-6m,1329540.24622964,71527.47307175,51.97137547,6.62682391,84981923866.06544,95098654160.00087,8.96108481,28194283
2026-07-29,range_18m_2y,1.5-2y,1180605.85134136,83114.37961456,51.97137547,5.8844906,75462293720.73756,98125322903.55417,9.24628585,59605316
2026-07-29,range_6m_12m,6-12m,3846119.29666094,98168.62964546,51.97137547,19.17020216,245837324726.00238,377568260806.1742,35.57801356,44483279
2026-07-29,range_12m_18m,1-1.5y,1521104.66884973,102136.16554216,51.97137547,7.58163795,97226392000.60542,155359798264.5923,14.63945353,29067534
2026-07-28,range_10y_inf,>10y,3557160.26477356,118.28395568,51.75002614,17.73033934,227185613229.8879,420754987.1019062,0.03964666,16452874
2026-07-28,range_7y_10y,7-10y,1672460.56656096,6362.39244359,51.75002614,8.33622642,106815254623.09883,10640850470.88963,1.00265999,44283620
2026-07-28,range_5y_7y,5-7y,1517594.40819009,29365.1362774,51.75002614,7.56431025,96924397720.62448,44564366610.324875,4.19918573,32374180
2026-07-28,range_3y_5y,3-5y,1862550.96621189,31358.95468631,51.75002614,9.2837146,118955782684.61987,58407651350.37502,5.50360288,27347944
2026-07-28,range_2y_3y,2-3y,1249259.2801232,53474.02241855,51.75002614,6.22681839,79786603501.82013,66802918751.89075,6.29466735,83778828
2026-07-28,range_1w_1m,1w-1m,959392.55069311,63081.10296289,51.75002614,4.78200425,61273647722.8347,60519540272.10331,5.70260074,11586239
2026-07-28,range_0d_1d,<1d,160629.57625715,63657.40263569,51.75002614,0.8006434,10258949855.654226,10225261611.001749,0.96350012,625285
2026-07-28,range_1d_1w,1d-1w,242472.37064957,64925.43361658,51.75002614,1.20858131,15486014156.529406,15742623804.46287,1.48338698,3442293
2026-07-28,range_1m_3m,1-3m,985498.99400892,70351.06208475,51.75002614,4.91212942,62940991303.80522,69330900911.9818,6.53287261,28195405
2026-07-28,range_3m_6m,3-6m,1326277.47478256,71660.96134671,51.75002614,6.61070853,84705534469.54233,95042318855.40959,8.95559344,28165293
2026-07-28,range_18m_2y,1.5-2y,1181139.02644879,83013.2164389,51.75002614,5.88727923,75435958478.13252,98050149647.02444,9.23901361,60172746
2026-07-28,range_6m_12m,6-12m,3840707.53518135,98378.5298702,51.75002614,19.14365473,245294963304.7728,377843160972.5335,35.60318998,44461873
2026-07-28,range_12m_18m,1-1.5y,1507418.65266981,101943.54405648,51.75002614,7.51359013,96274501430.92235,153671599830.0017,14.48007991,29035097
2026-07-27,range_10y_inf,>10y,3555633.10111802,118.04912529,51.65513129,17.72307793,227080883255.45966,419739377.4242198,0.03954405,16437927
2026-07-27,range_7y_10y,7-10y,1673551.07041793,6355.69143333,51.65513129,8.34182696,106881515734.60373,10636574201.501875,1.00208188,44209668
2026-07-27,range_5y_7y,5-7y,1517233.68366471,29348.02234383,51.65513129,7.56266185,96898289332.26625,44527808049.00791,4.19500762,32438601
2026-07-27,range_3y_5y,3-5y,1863123.97002629,31364.17405404,51.65513129,9.28675439,118988608975.13774,58435344480.15322,5.50525,27340261
2026-07-27,range_2y_3y,2-3y,1252590.19010868,53405.28008999,51.65513129,6.24354452,79996804686.50299,66894929940.72604,6.30223568,83179515
2026-07-27,range_1w_1m,1w-1m,920332.69583838,62832.75025302,51.65513129,4.58740473,58777144749.31162,57827034427.30505,5.44794052,11632465
2026-07-27,range_0d_1d,<1d,191834.33005686,64795.09579677,51.65513129,0.95619955,12251519734.793137,12429923793.14335,1.17103507,746253
2026-07-27,range_1d_1w,1d-1w,245306.28164524,65316.97055635,51.65513129,1.22273087,15666511566.280046,16022663175.510162,1.50951051,3376142
2026-07-27,range_1m_3m,1-3m,1002801.5579791,70613.25609255,51.65513129,4.99847134,64044027333.48459,70811083223.58269,6.67118025,27899449
2026-07-27,range_3m_6m,3-6m,1315541.57580319,71674.90854779,51.65513129,6.55732614,84017201577.61348,94291322136.50745,8.88327613,28214737
2026-07-27,range_18m_2y,1.5-2y,1178951.23851821,82922.59772589,51.65513129,5.87649065,75293845271.50824,97761699290.08997,9.2102237,60707414
2026-07-27,range_6m_12m,6-12m,3844286.89484125,98476.2639953,51.65513129,19.16187478,245515788255.3877,378571011130.06104,35.66553901,44533363
2026-07-27,range_12m_18m,1-1.5y,1500978.2015331,101812.58852794,51.65513129,7.48163629,95860131250.36836,152818476022.1035,14.39717558,28861805
2026-07-26,range_10y_inf,>10y,3555217.83218762,117.98444068,56.7454431,17.72138896,232305480368.9034,419460387.4253463,0.03951328,16427672
2026-07-26,range_7y_10y,7-10y,1673721.88194785,6353.59292213,56.7454431,8.3428577,109364540836.19182,10634147502.7537,1.00173951,44108003
2026-07-26,range_5y_7y,5-7y,1461386.54789624,28947.27130947,56.7454431,7.284448,95490099352.02576,42303152889.95976,3.98496819,32529459
2026-07-26,range_3y_5y,3-5y,1917026.19136354,31608.75146703,56.7454431,9.55563579,125262560913.30685,60594804438.58767,5.7080466,27317087
2026-07-26,range_2y_3y,2-3y,1260118.21964692,53346.54465427,56.7454431,6.28120305,82338799520.63559,67222952874.05622,6.33241993,82921197
2026-07-26,range_1w_1m,1w-1m,911718.18174144,62725.05217259,56.7454431,4.54456331,59573601440.95137,57187570516.43327,5.38708426,11717722
2026-07-26,range_0d_1d,<1d,88114.55166365,64734.00333552,56.7454431,0.43921704,5757591860.164401,5704007681.302396,0.53731903,811119
2026-07-26,range_1d_1w,1d-1w,343363.81623128,65160.00609936,56.7454431,1.71153612,22436120664.321056,22373588359.931053,2.10759794,3360954
2026-07-26,range_1m_3m,1-3m,1021362.08124693,70809.05241672,56.7454431,5.09109584,66737966592.79629,72321681147.46526,6.81272149,27628892
2026-07-26,range_3m_6m,3-6m,1304031.74334909,71680.25082527,56.7454431,6.50009502,85208202381.40112,93473322447.37967,8.80521169,27992105
2026-07-26,range_18m_2y,1.5-2y,1175781.76461428,82803.59435254,56.7454431,5.86081837,76828076514.69463,97358956284.23505,9.17123942,60927153
2026-07-26,range_6m_12m,6-12m,3845036.3987129,98515.77235058,56.7454431,19.16602267,251242840748.60605,378796730535.2889,35.68275217,44660099
2026-07-26,range_12m_18m,1-1.5y,1504854.33094922,101789.10183535,56.7454431,7.50111813,98330376572.53024,153177770740.36307,14.4293865,28704613
2026-07-25,range_10y_inf,>10y,3554874.55359266,117.93162379,54.28501638,17.72008084,228625606055.39603,419232128.4713509,0.03949288,16413441
2026-07-25,range_7y_10y,7-10y,1673670.66513316,6351.45477252,54.28501638,8.34279214,107639232941.8475,10630243533.693806,1.00139975,44006294
2026-07-25,range_5y_7y,5-7y,1454914.48153356,28896.84052375,54.28501638,7.25235218,93570307498.81628,42042431748.564926,3.96051892,32623789
2026-07-25,range_3y_5y,3-5y,1922640.80025605,31635.54178699,54.28501638,9.58384041,123651316399.09317,60823783377.866844,5.72977668,27273414
2026-07-25,range_2y_3y,2-3y,1258660.41665123,53261.57134135,54.28501638,6.27407915,80948566886.55977,67038231576.00739,6.31519571,82671967
2026-07-25,range_1w_1m,1w-1m,928424.67759429,62625.79156322,54.28501638,4.62794399,59710026722.95775,58143330341.17102,5.47727023,11501146
2026-07-25,range_0d_1d,<1d,115755.21550035,64210.31698646,54.28501638,0.5770082,7444596398.231434,7432679080.113604,0.70017991,747060
2026-07-25,range_1d_1w,1d-1w,317317.91422058,65278.82461441,54.28501638,1.58174332,20407752610.453205,20714140469.416466,1.95133207,3582474
2026-07-25,range_1m_3m,1-3m,1013636.16898206,71170.51144589,54.28501638,5.05270006,65190256353.48704,72141004566.50868,6.79589171,27499672
2026-07-25,range_3m_6m,3-6m,1297232.18568639,71716.50160033,54.28501638,6.46634891,83429243472.84886,93032954120.77841,8.76397391,27755988
2026-07-25,range_18m_2y,1.5-2y,1171456.75260073,82602.74412472,54.28501638,5.83939265,75340214118.2046,96765542388.25023,9.11559454,61147477
2026-07-25,range_6m_12m,6-12m,3840280.37042531,98550.45511271,54.28501638,19.14275106,246980987338.58514,378461378265.8165,35.65215871,44833138
2026-07-25,range_12m_18m,1-1.5y,1512413.08937459,101753.62438846,54.28501638,7.53896707,97268230974.5439,153893513416.41074,14.49721498,28481283
2026-07-24,range_10y_inf,>10y,3554350.51105275,117.84950406,53.09019877,17.7178495,227877510380.50958,418878444.9701831,0.03947666,16401921
2026-07-24,range_7y_10y,7-10y,1681131.16705468,6361.99294465,53.09019877,8.38016085,107781149827.5769,10695344623.83407,1.00796892,43918799
2026-07-24,range_5y_7y,5-7y,1423374.61838501,28661.6900487,53.09019877,7.09528709,91255790155.6857,40796322135.33579,3.84479661,32702193
2026-07-24,range_3y_5y,3-5y,1956207.24636139,31749.06516475,53.09019877,9.75136962,125416904073.73837,62107751340.48568,5.85326469,27232000
2026-07-24,range_2y_3y,2-3y,1251832.3459972,53166.17064664,53.09019877,6.24017723,80257824188.2912,66555132128.26543,6.27240234,82166098
2026-07-24,range_1w_1m,1w-1m,966228.64575951,62497.82168728,53.09019877,4.81649001,61947120175.49266,60387185611.82401,5.6911122,11444378
2026-07-24,range_0d_1d,<1d,151120.05808979,64343.91247374,53.09019877,0.7533085,9688651273.692081,9723655790.755514,0.91639336,792182
2026-07-24,range_1d_1w,1d-1w,266819.19787062,65439.57515353,53.09019877,1.33004958,17106386762.759844,17460534951.459854,1.64554553,3674827
2026-07-24,range_1m_3m,1-3m,978247.56088046,71650.75003034,53.09019877,4.87640232,62717680210.7846,70092171452.43504,6.60574604,27443651
2026-07-24,range_3m_6m,3-6m,1325373.60797022,72044.26534345,53.09019877,6.60676826,84972722068.09795,95485567891.80655,8.99891384,27409585
2026-07-24,range_18m_2y,1.5-2y,1177362.01157138,82426.79469898,53.09019877,5.86895492,75483361356.50551,97046176814.17558,9.14599141,61631070
2026-07-24,range_6m_12m,6-12m,3832038.97125693,98717.95396301,53.09019877,19.10208056,245680750318.70673,378291046749.02075,35.6515504,44830650
2026-07-24,range_12m_18m,1-1.5y,1496760.09930102,101565.40263798,53.09019877,7.46110157,95960700556.9572,152019042137.9781,14.326838,28382499
2026-07-23,range_10y_inf,>10y,3553812.21043615,117.75988343,56.22489504,17.71559115,231355393832.96143,418496511.6428677,0.03942935,16386200
2026-07-23,range_7y_10y,7-10y,1680862.08389074,6358.04728199,56.22489504,8.37902053,109425171159.98895,10687000603.88443,1.00689363,43840591
2026-07-23,range_5y_7y,5-7y,1423348.66948056,28642.91252182,56.22489504,7.09532795,92660887095.34895,40768851427.98523,3.8411055,32777696
2026-07-23,range_3y_5y,3-5y,1956216.12505656,31752.03248447,56.22489504,9.75164782,127350891165.77324,62113837949.4328,5.8521591,27208846
2026-07-23,range_2y_3y,2-3y,1252051.05661666,53124.84907883,56.22489504,6.24141719,81509305542.89828,66515023421.754456,6.26682415,81768420
2026-07-23,range_1w_1m,1w-1m,944323.7069099,62434.4984287,56.22489504,4.70741044,61476062937.81324,58958376995.255005,5.55486207,11650298
2026-07-23,range_0d_1d,<1d,171702.7201813,65115.90281865,56.22489504,0.8559302,11177954291.754816,11180577641.023502,1.05339682,646368
2026-07-23,range_1d_1w,1d-1w,269047.44191626,65153.63453193,56.22489504,1.34118918,17515156456.915855,17529418702.36295,1.65156349,3634154
2026-07-23,range_1m_3m,1-3m,970694.90049664,71806.77218276,56.22489504,4.83886963,63192844105.98778,69702467578.92464,6.56713453,27293475
2026-07-23,range_3m_6m,3-6m,1328091.32511741,72086.77594127,56.22489504,6.62047445,86459574500.41196,95737821783.28488,9.02009896,27143704
2026-07-23,range_18m_2y,1.5-2y,1177626.96370243,82342.03926037,56.22489504,5.8704165,76664250625.17671,96968205679.26163,9.13602163,62014921
2026-07-23,range_6m_12m,6-12m,3837715.33761166,98772.36974554,56.22489504,19.13083524,249837664675.8652,379060238304.7026,35.71379416,44846252
2026-07-23,range_12m_18m,1-1.5y,1494872.25013469,101508.98114756,56.22489504,7.45186972,97317116853.91266,151742959056.93045,14.29671661,28321569
2026-07-22,range_10y_inf,>10y,3553514.4015321,117.70983346,58.05779316,17.71447085,234552034967.74976,418283588.4103543,0.03940515,16371456
2026-07-22,range_7y_10y,7-10y,1681083.14693051,6355.34898749,58.05779316,8.38029484,110960989180.8899,10683870075.72842,1.00649292,43765965
2026-07-22,range_5y_7y,5-7y,1423222.91826035,28632.31113682,58.05779316,7.09484697,93940756662.41225,40750161412.682076,3.83894119,32848784
2026-07-22,range_3y_5y,3-5y,1955845.36963222,31754.80506125,58.05779316,9.75000011,129096848835.5355,62107488442.612755,5.85094604,27150729
2026-07-22,range_2y_3y,2-3y,1235301.21476904,52902.67530563,58.05779316,6.15804662,81536862098.34663,65350739069.58269,6.15648221,81140465
2026-07-22,range_1w_1m,1w-1m,941703.90507316,62321.31200418,58.05779316,4.69444738,62157780246.15698,58688222883.61747,5.52882806,11982788
2026-07-22,range_1d_1w,1d-1w,308815.34729488,64932.83795532,58.05779316,1.53946202,20383558346.086014,20052256904.013252,1.8890584,3671544
2026-07-22,range_0d_1d,<1d,152076.05682211,65998.82970962,58.05779316,0.75810777,10037879284.270807,10036841777.113602,0.94553847,556031
2026-07-22,range_3m_6m,3-6m,1293414.72184542,71963.76121676,58.05779316,6.44774575,85372682022.9826,93078988197.11992,8.76867107,26875091
2026-07-22,range_1m_3m,1-3m,987751.99239906,72334.79536041,58.05779316,4.92399971,65197214273.497856,71448838237.02287,6.73096445,27021949
2026-07-22,range_18m_2y,1.5-2y,1190788.8000948,81979.53779339,58.05779316,5.93614971,78598791145.63855,97620315441.31969,9.19649485,62624948
2026-07-22,range_6m_12m,6-12m,3841489.92367324,98812.67066047,58.05779316,19.15004516,253560047066.9782,379587878673.43207,35.75974894,44872490
2026-07-22,range_12m_18m,1-1.5y,1494944.49322407,101455.89010307,58.05779316,7.45238309,98674785980.42473,151670924214.737,14.28842826,28287575
2026-07-21,range_10y_inf,>10y,3553158.99478841,117.64985852,59.50661468,17.71301646,236374956967.259,418028653.0192639,0.03937715,16356433
2026-07-21,range_7y_10y,7-10y,1671444.95599987,6333.02687149,59.50661468,8.33239719,111193371905.70578,10585305820.568054,0.99710667,43695739
2026-07-21,range_5y_7y,5-7y,1434510.02788602,28516.99399232,59.50661468,7.15124197,95431205473.21631,40907913847.15214,3.85341286,32915202
2026-07-21,range_3y_5y,3-5y,1955932.73071967,31755.72355168,59.50661468,9.75061029,130119005575.83894,62112059082.42215,5.85078496,27096072
2026-07-21,range_2y_3y,2-3y,1234900.96205232,52837.11196334,59.50661468,6.15616163,82152153109.97543,65248600395.59882,6.14623852,80515233
2026-07-21,range_1w_1m,1w-1m,894302.17999382,62150.31328315,59.50661468,4.45822696,59493718018.760765,55581160656.42414,5.23559231,12209881
2026-07-21,range_1d_1w,1d-1w,290188.04313946,64390.62159182,59.50661468,1.44662977,19304845719.010014,18685388476.263943,1.76011215,3579147
2026-07-21,range_0d_1d,<1d,208487.15940227,66279.73854974,59.50661468,1.03933894,13869670173.561237,13818474416.160397,1.30166225,686069
2026-07-21,range_3m_6m,3-6m,1288758.16971004,72086.6180963,59.50661468,6.42464767,85735019838.18623,92902217998.37285,8.75113316,26857402
2026-07-21,range_1m_3m,1-3m,1008447.85916405,72534.36540562,59.50661468,5.02725984,67087293212.39445,73147125509.11931,6.89025784,26688693
2026-07-21,range_18m_2y,1.5-2y,1186555.13215626,81807.9998983,59.50661468,5.91515061,78935932423.54141,97069702130.76237,9.14369869,63245559
2026-07-21,range_6m_12m,6-12m,3851504.45162071,98985.43538218,59.50661468,19.20031213,256222477053.90564,381242845020.09143,35.91202637,44869081
2026-07-21,range_12m_18m,1-1.5y,1481402.24991806,101176.65927974,59.50661468,7.38500655,98550724464.95866,149883330696.20367,14.1185971,28172097
2026-07-20,range_10y_inf,>10y,3551580.98903216,117.40150162,56.48499369,17.70553051,231417636812.72586,416960941.2225176,0.03929307,16343877
2026-07-20,range_7y_10y,7-10y,1672727.11592825,6326.53183209,56.48499369,8.33896822,108993306754.40129,10582561345.322948,0.99726678,43615221
2026-07-20,range_5y_7y,5-7y,1434309.88485056,28510.62288649,56.48499369,7.15039795,93458266905.43869,40893068229.34479,3.85363212,32992901
2026-07-20,range_3y_5y,3-5y,1957138.3146646,31753.66329675,56.48499369,9.75683006,127525269758.45392,62146311069.020226,5.85646983,27079325
2026-07-20,range_2y_3y,2-3y,1234933.84037291,52804.57874148,56.48499369,6.15645789,80467113615.5175,65210161214.48835,6.14519728,79800472
2026-07-20,range_1w_1m,1w-1m,904133.43935168,62079.77078346,56.48499369,4.50733413,58912474344.31887,56128396672.609886,5.2893608,12143011
2026-07-20,range_1d_1w,1d-1w,335934.89939729,64107.30878838,56.48499369,1.67472053,21889198298.31246,21535882328.456867,2.02947276,3627398
2026-07-20,range_0d_1d,<1d,154739.24104299,64923.26180019,56.48499369,0.7714143,10082661663.903631,10046176256.996212,0.94671956,791368
2026-07-20,range_3m_6m,3-6m,1269411.49331529,72115.30076413,56.48499369,6.32833772,82713644665.04573,91543991633.86928,8.62681334,26777423
2026-07-20,range_1m_3m,1-3m,1037880.97297894,72878.48088931,56.48499369,5.17409945,67627336333.14422,75639188654.62715,7.12799551,26538580
2026-07-20,range_18m_2y,1.5-2y,1179905.04606764,81623.92738474,56.48499369,5.88212541,76881489755.57858,96308483801.1155,9.07580386,63871848
2026-07-20,range_6m_12m,6-12m,3861281.6528311,99148.94295307,56.48499369,19.24946674,251597437289.47467,382841994322.2761,36.07780658,44772209
2026-07-20,range_12m_18m,1-1.5y,1465184.77671755,100917.87676052,56.48499369,7.3043171,95470045472.44086,147863336728.16513,13.93416851,28150548
2026-07-19,range_10y_inf,>10y,3550685.21254977,117.26143273,55.65634583,17.70146746,229762397685.38174,416358435.1809798,0.03924322,16329657
2026-07-19,range_7y_10y,7-10y,1673545.70809882,6321.1967667,55.65634583,8.34323887,108293991585.00455,10578811718.966366,0.99708964,43534501
2026-07-19,range_5y_7y,5-7y,1434668.57345381,28513.35064295,55.65634583,7.15234879,92836416519.13776,40907208091.311485,3.85564603,33077376
2026-07-19,range_3y_5y,3-5y,1952022.92752153,31761.00671309,55.65634583,9.7315499,126314060897.027,61998213305.11122,5.84354632,27052734
2026-07-19,range_2y_3y,2-3y,1250463.06282752,52684.15958747,55.65634583,6.23401679,80916604636.41563,65879595560.239296,6.20938004,79317659
2026-07-19,range_1w_1m,1w-1m,676016.53555268,61820.20899155,55.65634583,3.37019026,43744565002.42957,41791483509.607994,3.93899205,12287648
2026-07-19,range_1d_1w,1d-1w,599898.94993006,63548.45752221,55.65634583,2.99071619,38819048395.98375,38122652937.25144,3.59319207,3432918
2026-07-19,range_0d_1d,<1d,94858.27762415,64587.8402282,55.65634583,0.47290329,6138213894.658171,6126691279.511038,0.57746187,966026
2026-07-19,range_3m_6m,3-6m,1276957.67611653,72276.61307778,55.65634583,6.36610215,82631052837.4316,92294175873.37053,8.69904571,26673113
2026-07-19,range_1m_3m,1-3m,1061101.61064797,72979.8162114,55.65634583,5.28998053,68663155322.41247,77439000526.70514,7.29889399,26217607
2026-07-19,range_18m_2y,1.5-2y,1175497.08352979,81498.28155798,55.65634583,5.8602839,76065607683.09512,95800992284.09079,9.0295753,64323985
2026-07-19,range_6m_12m,6-12m,3844352.27847471,99220.79916608,55.65634583,19.16550544,248765391515.8858,381439705346.20605,35.95201324,44783856
2026-07-19,range_12m_18m,1-1.5y,1468637.52022362,100892.20886521,55.65634583,7.32169644,95034523698.30782,148174083437.68246,13.96592052,28006826
2026-07-18,range_10y_inf,>10y,3550116.43895278,117.16872172,55.79553589,17.69908689,230047334137.88614,415962605.1151149,0.03921112,16314479
2026-07-18,range_7y_10y,7-10y,1673879.69679815,6320.93566233,55.79553589,8.34511845,108467304815.9335,10580485869.936707,0.99737975,43434967
2026-07-18,range_5y_7y,5-7y,1435276.36845211,28503.13408038,55.79553589,7.15556281,93005823327.56158,40909874772.39172,3.85640896,33181994
2026-07-18,range_3y_5y,3-5y,1952584.97323407,31760.77707997,55.79553589,9.73460214,126527390155.88333,62015616064.58378,5.8459621,27003531
2026-07-18,range_2y_3y,2-3y,1235849.65511633,52451.7503314,55.79553589,6.16132197,80082984162.23279,64822477557.309555,6.11055361,79070532
2026-07-18,range_1w_1m,1w-1m,676288.32884646,61786.61519756,55.79553589,3.37163192,43823443494.035645,41785566737.03873,3.93895691,12203655
2026-07-18,range_1d_1w,1d-1w,608790.36589089,63545.12627264,55.79553589,3.03512118,39449579508.25408,38685660674.10278,3.64674126,3345385
2026-07-18,range_0d_1d,<1d,93539.52014819,64298.45447004,55.79553589,0.46634079,6061355343.312562,6014446577.3977165,0.56695763,903213
2026-07-18,range_3m_6m,3-6m,1265930.41659316,72523.12700938,55.79553589,6.31128945,82032215717.19092,91809232387.61966,8.65448619,26516186
2026-07-18,range_1m_3m,1-3m,1081981.40920434,73203.6386037,55.79553589,5.39421264,70112330976.84953,79204976055.31972,7.46633376,26063961
2026-07-18,range_18m_2y,1.5-2y,1185580.44554775,81137.27147326,55.79553589,5.91070509,76825542371.42723,96194762463.80089,9.06789243,64536225
2026-07-18,range_6m_12m,6-12m,3825384.73552612,99285.07702933,55.79553589,19.07143553,247884703387.11945,379803618133.54315,35.80255582,44819428
2026-07-18,range_12m_18m,1-1.5y,1472987.43724061,100873.60109626,55.79553589,7.34357114,95449498342.58276,148585547164.005,14.00656048,27896549
2026-07-17,range_10y_inf,>10y,3549589.11680845,117.08133918,52.89463926,17.69691561,227067461912.78497,415590647.3254689,0.03917518,16300625
2026-07-17,range_7y_10y,7-10y,1672166.93108562,6313.15066933,52.89463926,8.33679507,106968634521.14095,10556641780.207022,0.99510974,43337291
2026-07-17,range_5y_7y,5-7y,1436345.18535453,28465.99243254,52.89463926,7.16107659,91883101096.03653,40886991176.81146,3.85416535,33283941
2026-07-17,range_3y_5y,3-5y,1953209.62453443,31761.00339779,52.89463926,9.73796818,124946955107.13962,62035897521.43902,5.84774276,26949024
2026-07-17,range_2y_3y,2-3y,1235974.49525068,52412.13115971,52.89463926,6.16210373,79065374157.40347,64780057355.140175,6.10641784,78838647
2026-07-17,range_1w_1m,1w-1m,682740.87671702,61779.94573787,52.89463926,3.40388909,43674981221.38549,42179694316.60607,3.97602053,12315258
2026-07-17,range_0d_1d,<1d,178340.89805783,63534.92682673,52.89463926,0.88914061,11408479614.01485,11330875908.317019,1.06809203,632265
2026-07-17,range_1d_1w,1d-1w,521435.98795737,63607.71988895,52.89463926,2.59968362,33356296303.3659,33167354262.009583,3.12648263,3458744
2026-07-17,range_3m_6m,3-6m,1268436.35442175,72624.71627764,52.89463926,6.32394634,81141961539.31787,92119830356.12254,8.6835702,26108350
2026-07-17,range_1m_3m,1-3m,1077810.05091732,73333.67155198,52.89463926,5.37355533,68947583687.07617,79039768269.38998,7.45059315,26015947
2026-07-17,range_18m_2y,1.5-2y,1185056.3852157,81059.20606034,52.89463926,5.90824519,75808139128.06169,96059729722.31628,9.0549603,64740218
2026-07-17,range_6m_12m,6-12m,3844725.24488242,99422.40579958,52.89463926,19.16835328,245947340488.92258,382251833484.59045,36.03253087,44873370
2026-07-17,range_12m_18m,1-1.5y,1451839.89034784,100581.17379978,52.89463926,7.23832736,92874298448.783,146027760340.53232,13.76513942,27816659
2026-07-16,range_10y_inf,>10y,3549334.0577425,117.02738482,52.02486662,17.69599412,226358490320.6147,415369282.6387758,0.03914518,16285648
2026-07-16,range_7y_10y,7-10y,1674862.40283004,6309.8060585,52.02486662,8.35039891,106814213266.95244,10568056936.5342,0.99595348,43289528
2026-07-16,range_5y_7y,5-7y,1436331.41642548,28456.52928517,52.02486662,7.16114964,91601919045.32455,40873007014.71879,3.85194875,33338898
2026-07-16,range_3y_5y,3-5y,1953530.83916932,31759.68224337,52.02486662,9.73976236,124586270087.62999,62043518704.64408,5.84709743,26897798
2026-07-16,range_2y_3y,2-3y,1235079.14619557,52369.10534153,52.02486662,6.1577617,78767071910.13733,64679989912.24531,6.09556341,78441131
2026-07-16,range_1w_1m,1w-1m,679465.64396595,61668.68318372,52.02486662,3.38762704,43332866078.73722,41901751531.95612,3.94889956,12382461
2026-07-16,range_1d_1w,1d-1w,509802.16173647,63527.9522825,52.02486662,2.54173203,32512591324.314613,32386687404.309994,3.05218209,3441088
2026-07-16,range_0d_1d,<1d,180472.99936151,64305.55566094,52.02486662,0.89978827,11509650828.72129,11605416505.73805,1.09371619,616434
2026-07-16,range_3m_6m,3-6m,1270636.72612699,72683.64477287,52.02486662,6.33504192,81034753672.91006,92354508437.1713,8.70366188,25778714
2026-07-16,range_1m_3m,1-3m,1078151.71350555,73457.48812309,52.02486662,5.37536509,68759037677.31677,79198316689.72787,7.46379773,26095979
2026-07-16,range_18m_2y,1.5-2y,1186013.24088958,80966.83070482,52.02486662,5.91313272,75637897797.30608,96027733288.77847,9.04983347,65065096
2026-07-16,range_6m_12m,6-12m,3877668.97866261,99605.77817446,52.02486662,19.33298087,247298023148.43918,386238236122.66675,36.39981491,44869989
2026-07-16,range_12m_18m,1-1.5y,1425924.83993939,100150.34095629,52.02486662,7.10926534,90938240477.88771,142806858897.97815,13.4583859,27808608
2026-07-15,range_10y_inf,>10y,3549174.77848563,116.99525967,55.49367375,17.6955336,229769993199.02115,415236624.8344275,0.03913276,16270585
2026-07-15,range_7y_10y,7-10y,1680562.23989558,6342.22897964,55.49367375,8.37897467,108797903324.47348,10658510539.960184,1.00448,43224289
2026-07-15,range_5y_7y,5-7y,1436497.02208233,28444.14206154,55.49367375,7.16211032,92997367443.00418,40859925367.09157,3.85072358,33408834
2026-07-15,range_3y_5y,3-5y,1950846.02428441,31763.38204195,55.49367375,9.72655998,126295802745.2863,61965467574.36815,5.83975338,26841176
2026-07-15,range_2y_3y,2-3y,1236926.35938625,52274.4589263,55.49367375,6.16708765,80077364154.24867,64659656168.59271,6.09365927,78168429
2026-07-15,range_1w_1m,1w-1m,683762.79814392,61742.70633225,55.49367375,3.40911573,44266113472.80774,42217365646.71873,3.97865155,12601293
2026-07-15,range_1d_1w,1d-1w,482619.19654695,63259.76964762,55.49367375,2.40625068,31244279707.077473,30530379201.07866,2.87724586,3461651
2026-07-15,range_0d_1d,<1d,200009.45162676,64956.60658283,55.49367375,0.99721039,12948410041.285507,12991935262.167414,1.22438676,597927
2026-07-15,range_3m_6m,3-6m,1257866.84667781,72897.49540846,55.49367375,6.27149308,81433030167.58006,91695342680.15048,8.64155809,25606599
2026-07-15,range_1m_3m,1-3m,1097848.12593866,73689.044177,55.49367375,5.47366912,71073579683.81476,80899379051.93048,7.62412422,25872527
2026-07-15,range_18m_2y,1.5-2y,1182922.26342603,80819.38042992,55.49367375,5.89783315,76581193484.74066,95603044426.8551,9.00982795,65312482
2026-07-15,range_6m_12m,6-12m,3886194.65080238,99745.57039884,55.49367375,19.37585279,251588319599.72763,387630702125.1871,36.53111631,44886404
2026-07-15,range_12m_18m,1-1.5y,1411666.28425425,99860.98937261,55.49367375,7.03830883,91389850536.12506,140970391809.5913,13.28534028,27755077
2026-07-14,range_10y_inf,>10y,3548875.34491821,116.94262281,55.73871348,17.69442665,230284412296.64178,415014790.8770637,0.03910235,16254399
2026-07-14,range_7y_10y,7-10y,1680101.09253882,6339.62570871,55.73871348,8.3768582,109020761534.57138,10651212079.496487,1.00354845,43151556
2026-07-14,range_5y_7y,5-7y,1435542.71782067,28416.15803401,55.73871348,7.15750846,93151513922.13123,40792608734.17141,3.84344606,33486823
2026-07-14,range_3y_5y,3-5y,1952459.06250996,31764.6787501,55.73871348,9.73481464,126693908363.72716,62019234893.34504,5.84340133,26765087
2026-07-14,range_2y_3y,2-3y,1237398.0781568,52231.22213588,55.73871348,6.16957413,80294025997.10077,64630813890.71493,6.08946216,77867464
2026-07-14,range_1w_1m,1w-1m,705434.96761378,61896.08739629,55.73871348,3.51724591,45775255860.44044,43663664407.822365,4.11395457,12718533
2026-07-14,range_1d_1w,1d-1w,461025.71826768,63094.23450988,55.73871348,2.2986397,29915684904.778374,29088064783.46506,2.74065355,3305401
2026-07-14,range_0d_1d,<1d,195960.21397879,63941.34452377,55.73871348,0.97704295,12715741840.368824,12529959554.96986,1.18056249,835557
2026-07-14,range_3m_6m,3-6m,1275957.22843877,73423.43401675,55.73871348,6.36182717,82796106346.03621,93685161370.47437,8.8269389,25522886
2026-07-14,range_1m_3m,1-3m,1097236.58990367,73892.23231208,55.73871348,5.47073945,71199030311.99913,81077261002.475,7.63903289,25764523
2026-07-14,range_18m_2y,1.5-2y,1179178.86401341,80704.27629616,55.73871348,5.87929749,76516215786.72498,95164776843.93262,8.96634705,65620428
2026-07-14,range_12m_18m,1-1.5y,1407420.92255125,99561.53130719,55.73871348,7.0172953,91326707337.80919,140124982242.98297,13.20246065,27678457
2026-07-14,range_6m_12m,6-12m,3879867.74083915,99877.70640577,55.73871348,19.34472994,251762312183.56152,387512291112.7406,36.51108954,44936723
2026-07-13,range_10y_inf,>10y,3548635.33408301,116.90302919,47.26993967,17.69365453,221049448003.71042,414846220.0433632,0.03907033,16239769
2026-07-13,range_7y_10y,7-10y,1680383.57031771,6340.21824472,47.26993967,8.37846766,104673438007.46391,10653998570.647728,1.00339645,43054207
2026-07-13,range_5y_7y,5-7y,1435081.69634744,28400.80152899,47.26993967,7.15538154,89393241895.28275,40757470435.850914,3.83854952,33584865
2026-07-13,range_3y_5y,3-5y,1952662.42202242,31765.62287379,47.26993967,9.73606219,121634067716.11302,62027538097.77809,5.84177021,26742462
2026-07-13,range_2y_3y,2-3y,1238821.342343,52186.91312355,47.26993967,6.17681863,77167910511.97092,64650261768.450836,6.08877903,77483820
2026-07-13,range_1w_1m,1w-1m,638014.36016831,61663.60544639,47.26993967,3.18116814,39742805009.88394,39342265774.55094,3.70526516,12852582
2026-07-13,range_0d_1d,<1d,374044.3036124,62704.84428783,47.26993967,1.86500163,23299741748.138493,23454389814.766922,2.20894074,766366
2026-07-13,range_1d_1w,1d-1w,310908.66631846,63444.05474037,47.26993967,1.55020452,19366934778.894283,19725306445.16427,1.85773466,3222410
2026-07-13,range_3m_6m,3-6m,1290941.73218778,73757.20208823,47.26993967,6.43669323,80414562342.96385,95216250225.1054,8.96749203,25435185
2026-07-13,range_1m_3m,1-3m,1116862.78882768,73917.02477676,47.26993967,5.56872783,69570941988.61635,82555174434.01486,7.77506851,25537548
2026-07-13,range_18m_2y,1.5-2y,1170940.22284229,80490.09993178,47.26993967,5.83836033,72939500832.51219,94249095550.72035,8.87640514,65960733
2026-07-13,range_12m_18m,1-1.5y,1395573.71140456,99193.38350441,47.26993967,6.95839296,86932234369.52094,138431678364.02173,13.03753267,27593334
2026-07-13,range_6m_12m,6-12m,3903107.1410759,100001.16330978,47.26993967,19.46106681,243129991618.90942,390315254630.29877,36.75999556,44985550
2026-07-12,range_10y_inf,>10y,3548288.63698972,116.84818551,52.01398891,17.69233112,226273617166.57242,414611088.90546,0.03898164,16227200
2026-07-12,range_7y_10y,7-10y,1680203.02634601,6336.70283882,52.01398891,8.37775934,107146192218.47563,10646947286.833847,1.00102364,42945334
2026-07-12,range_5y_7y,5-7y,1432521.54965221,28377.97520075,52.01398891,7.14278013,91351596747.17531,40652061010.57298,3.82209783,33684445
2026-07-12,range_3y_5y,3-5y,1959062.21846913,31814.28305973,52.01398891,9.7681956,124928984019.58957,62326159949.99271,5.85989185,26701528
2026-07-12,range_2y_3y,2-3y,1240005.35501737,52134.38197849,52.01398891,6.18286379,79074879664.73259,64646912833.84935,6.07808852,76927450
2026-07-12,range_1w_1m,1w-1m,632609.40223161,61599.65401606,52.01398891,3.15429103,40341368006.06175,38968520304.773605,3.66381171,12914892
2026-07-12,range_1d_1w,1d-1w,491915.95472161,63527.04754778,52.01398891,2.45277114,31369376565.497547,31249968245.113213,2.93811514,3011881
2026-07-12,range_0d_1d,<1d,92754.91152657,63980.28754689,52.01398891,0.46249073,5914961123.029745,5934485910.856032,0.55795906,812366
2026-07-12,range_3m_6m,3-6m,1279929.97946158,74095.32582986,52.01398891,6.38193431,81620864535.53285,94836828867.61635,8.91653779,25142091
2026-07-12,range_1m_3m,1-3m,1243518.25813845,74304.75888083,52.01398891,6.20037968,79298896755.02118,92399324334.89186,8.68736415,25553392
2026-07-12,range_18m_2y,1.5-2y,1166963.41340953,80380.53368389,52.01398891,5.81866506,74417010471.0649,93801141959.437,8.81916273,66477513
2026-07-12,range_12m_18m,1-1.5y,1397978.96027791,99122.52399717,52.01398891,6.97054529,89148823116.37694,138571203037.68982,13.02843403,27497439
2026-07-12,range_6m_12m,6-12m,3889766.25030926,100046.58052183,52.01398891,19.39499277,248049572465.6239,389157812372.6543,36.58853191,45098520
2026-07-11,range_10y_inf,>10y,3547405.88755692,116.71319489,52.17855172,17.68832647,226302834591.9182,414029074.6967535,0.03892819,16213628
2026-07-11,range_7y_10y,7-10y,1683834.31970927,6331.26615637,52.17855172,8.39605394,107418347832.7014,10660803241.317356,1.00235897,42829068
2026-07-11,range_5y_7y,5-7y,1431730.00494409,28366.12009797,52.17855172,7.13899355,91335631940.41179,40612625268.10678,3.81851426,33795282
2026-07-11,range_3y_5y,3-5y,1959563.72157823,31817.78841275,52.17855172,9.77091541,125008200023.60849,62348983874.476685,5.86222836,26675649
2026-07-11,range_2y_3y,2-3y,1231257.02119535,52057.37419236,52.17855172,6.13938096,78546679697.71146,64096007479.33166,6.02648848,76481848
2026-07-11,range_1w_1m,1w-1m,658924.24533065,61688.33870121,52.17855172,3.28557474,42035343354.0593,40647942024.39677,3.82183484,12856299
2026-07-11,range_1d_1w,1d-1w,470463.27985303,63447.65201717,52.17855172,2.34585733,30012684529.729687,29849790466.972885,2.80656199,2972346
2026-07-11,range_0d_1d,<1d,101574.4872358,64210.7590249,52.17855172,0.5064779,6479832055.393273,6522174922.976191,0.61323339,722855
2026-07-11,range_3m_6m,3-6m,1301289.24450398,74420.64760336,52.17855172,6.48858059,83014307916.71742,96842788295.2699,9.10543372,24814703
2026-07-11,range_1m_3m,1-3m,1223435.35348034,74576.53996106,52.17855172,6.10038001,78047705057.8622,91239575528.6004,8.57860376,25586802
2026-07-11,range_18m_2y,1.5-2y,1174254.54639482,80132.39730212,52.17855172,5.85515118,74910269871.77007,94095831845.53445,8.84715708,66879734
2026-07-11,range_12m_18m,1-1.5y,1397115.52426353,99043.73124286,52.17855172,6.96639637,89127439434.61069,138375534500.3901,13.01046036,27434207
2026-07-11,range_6m_12m,6-12m,3874220.28050495,100114.41752888,52.17855172,19.31791155,247151597280.45044,387865306761.3361,36.46819661,45146180
2026-07-10,range_10y_inf,>10y,3546508.97928583,116.57475952,53.51522445,17.68423727,227428137713.56738,413433431.4107088,0.03887384,16200873
2026-07-10,range_7y_10y,7-10y,1683871.82446584,6325.57177316,53.51522445,8.39642281,107982197542.25201,10651452082.466713,1.00152228,42724983
2026-07-10,range_5y_7y,5-7y,1431420.82255328,28350.88969914,53.51522445,7.13760648,91793189826.70988,40582053853.265434,3.81580192,33893456
2026-07-10,range_3y_5y,3-5y,1959419.61353472,31818.22499912,53.51522445,9.77040847,125652340458.86342,62345254131.13816,5.86212667,26608675
2026-07-10,range_2y_3y,2-3y,1231326.44142785,52016.50471057,53.51522445,6.13986009,78961672204.14087,64049297640.77708,6.02235248,76097118
2026-07-10,range_1w_1m,1w-1m,664932.49691305,61689.85179168,53.51522445,3.31560532,42640343041.96794,41019587186.03487,3.85694179,12698211
2026-07-10,range_1d_1w,1d-1w,315006.74967347,63046.46012796,53.51522445,1.57074299,20200540549.559753,19860060483.32535,1.86737855,3157427
2026-07-10,range_0d_1d,<1d,265618.36710831,64023.15270833,53.51522445,1.3244738,17033395636.890892,17005725279.511982,1.59899446,625302
2026-07-10,range_1m_3m,1-3m,1209911.0816685,74748.91699305,53.51522445,6.033075,77588362446.01479,90439543012.60507,8.50374362,25694478
2026-07-10,range_3m_6m,3-6m,1323212.15768753,74754.55893501,53.51522445,6.59803708,84854057491.60867,98916141225.37456,9.30077129,24489388
2026-07-10,range_18m_2y,1.5-2y,1172562.80764793,80046.36257501,53.51522445,5.84684235,75193317499.86475,93859387642.9596,8.82530077,67217963
2026-07-10,range_12m_18m,1-1.5y,1379482.58146296,98735.62591916,53.51522445,6.87862273,88462529304.97382,136204076125.3206,12.80683764,27444214
2026-07-10,range_6m_12m,6-12m,3871359.61812169,100269.73600477,53.51522445,19.30406562,248259940553.20938,388180206888.58655,36.49935469,45081777
2026-07-09,range_10y_inf,>10y,3545563.40098858,116.43034925,50.40435616,17.6798804,224037480243.354,412811185.0572919,0.03878449,16185590
2026-07-09,range_7y_10y,7-10y,1677990.91486293,6300.37053654,50.40435616,8.36726786,106029088728.83586,10571964520.589127,0.99325865,42632899
2026-07-09,range_5y_7y,5-7y,1438046.26668236,28272.15199339,50.40435616,7.17078871,90867437872.08783,40656662625.17409,3.81978029,33982337
2026-07-09,range_3y_5y,3-5y,1959255.04218018,31819.51023139,50.40435616,9.76978576,123801639728.6101,62342535860.56438,5.8572144,26580846
2026-07-09,range_2y_3y,2-3y,1231202.39192254,51990.39700713,50.40435616,6.1393659,77797362607.8742,64010701152.17849,6.01394209,75664288
2026-07-09,range_1w_1m,1w-1m,647673.84801919,61661.77124184,50.40435616,3.22961258,40925291841.99002,39936716655.88219,3.75213983,12592055
2026-07-09,range_1d_1w,1d-1w,357448.04152013,62800.57626719,50.40435616,1.78240745,22586469196.33793,22447942993.042805,2.10903219,3273412
2026-07-09,range_0d_1d,<1d,142346.56803299,63031.47396541,50.40435616,0.70980829,8994611805.420923,8972313997.036243,0.84296806,602539
2026-07-09,range_1m_3m,1-3m,1293986.64137418,74608.28550033,50.40435616,6.45243829,81764581200.60722,96542124773.25758,9.07033882,25605719
2026-07-09,range_3m_6m,3-6m,1341099.6379067,75003.7601452,50.40435616,6.6873663,84741562807.23048,100587515572.3722,9.45041193,24323535
2026-07-09,range_18m_2y,1.5-2y,1171761.65849715,79967.40882578,50.40435616,5.84296588,74041414501.93193,93702743591.41212,8.8035729,67582354
2026-07-09,range_12m_18m,1-1.5y,1376302.64044096,98653.12208626,50.40435616,6.86290536,86965974302.0516,135776552415.06046,12.7564971,27382237
2026-07-09,range_6m_12m,6-12m,3871550.23912307,100324.45618926,50.40435616,19.3054072,244635975192.7846,388411172349.4402,36.49205924,45161441
2026-07-08,range_10y_inf,>10y,3544774.03309514,116.30723281,47.32723251,17.67628854,220443390146.81464,412282858.7150542,0.03873223,16168869
2026-07-08,range_7y_10y,7-10y,1673368.48971749,6279.9457512,47.32723251,8.34438077,104063903479.93108,10508663337.186436,0.98724444,42568323
2026-07-08,range_5y_7y,5-7y,1442821.72100361,28205.32954931,47.32723251,7.19474156,89726597121.84276,40695262121.80725,3.82314763,34041321
2026-07-08,range_3y_5y,3-5y,1958868.3868462,31821.05848318,47.32723251,9.76804798,121818650220.35059,62333265498.68096,5.85594647,26526211
2026-07-08,range_2y_3y,2-3y,1219561.89534126,51899.40960765,47.32723251,6.08143926,75842453198.11235,63294542348.20061,5.94625436,75201920
2026-07-08,range_1w_1m,1w-1m,625249.16564938,61704.70926733,47.32723251,3.11785309,38883168426.35742,38580817986.036285,3.62450456,12616213
2026-07-08,range_0d_1d,<1d,170818.08555583,62186.26778472,47.32723251,0.85179753,10622882453.64867,10622539210.847742,0.9979426,669716
2026-07-08,range_1d_1w,1d-1w,356454.58728785,62685.98272357,47.32723251,1.77748823,22167296679.982285,22344706100.464783,2.09919056,3206759
2026-07-08,range_1m_3m,1-3m,1293439.20659953,74765.11955126,47.32723251,6.44983415,80436755908.70981,96704136913.69505,9.08494436,25464362
2026-07-08,range_3m_6m,3-6m,1377487.36365802,75540.90590205,47.32723251,6.86894676,85663565997.19032,104056643319.3524,9.77568122,24387755
2026-07-08,range_18m_2y,1.5-2y,1181591.13445445,79657.33345733,47.32723251,5.89209513,73481116994.95984,94122399007.45993,8.84240101,68002065
2026-07-08,range_12m_18m,1-1.5y,1367868.78527085,98537.82877092,47.32723251,6.82098298,85065403178.27315,134786820144.10852,12.66265126,27317104
2026-07-08,range_6m_12m,6-12m,3841533.81207135,100475.96856094,47.32723251,19.15610402,238898369540.69562,385981830527.4779,36.2613593,45068848
2026-07-07,range_10y_inf,>10y,3543471.4763284,116.09974886,50.67754149,17.67015671,224401394002.5456,411396148.5111366,0.03863747,16153243
2026-07-07,range_7y_10y,7-10y,1674063.45667211,6272.33614363,50.67754149,8.34801799,106015294841.65266,10500288726.022812,0.98616523,42515015
2026-07-07,range_5y_7y,5-7y,1440378.48538159,28185.44217869,50.67754149,7.18270592,91216464467.15987,40597704515.156685,3.8128518,34089279
2026-07-07,range_3y_5y,3-5y,1961443.84212618,31824.60921447,50.67754149,9.78109188,124214554955.83385,62422183771.80405,5.86256141,26464126
2026-07-07,range_2y_3y,2-3y,1219038.42917242,51873.20812705,50.67754149,6.07895399,77199414381.17906,63235434151.33428,5.93894019,74802372
2026-07-07,range_1d_1w,1d-1w,283990.63173752,61542.94810009,50.67754149,1.41617027,17984593377.225456,17477620709.933186,1.64146171,3188064
2026-07-07,range_1w_1m,1w-1m,608782.19020078,61998.73357995,50.67754149,3.03580169,38553032820.382454,37743724818.47586,3.54481198,12624461
2026-07-07,range_0d_1d,<1d,265356.03198832,63565.87425543,50.67754149,1.3232455,16804499170.644514,16867588162.28887,1.58416873,682052
2026-07-07,range_1m_3m,1-3m,1292635.90479582,74896.81451038,50.67754149,6.44596102,81860204297.30727,96814311590.95543,9.09259838,25440684
2026-07-07,range_3m_6m,3-6m,1396933.32606457,75862.42530222,50.67754149,6.96605884,88465164117.05698,105974750100.7597,9.95292768,24144386
2026-07-07,range_18m_2y,1.5-2y,1179309.56007238,79562.6805581,50.67754149,5.88083885,74683459711.37283,93829029807.15404,8.81222694,68330002
2026-07-07,range_12m_18m,1-1.5y,1357642.51296934,98413.1911771,50.67754149,6.77012814,85976950711.37187,133609932179.01099,12.54836639,27361013
2026-07-07,range_6m_12m,6-12m,3830378.31904153,100584.21777848,50.67754149,19.10086919,242570665544.25015,385275607016.4303,36.18428209,45080162
2026-07-06,range_10y_inf,>10y,3541605.46155887,115.80965965,53.00041037,17.66123955,226796384777.96603,410152123.1250642,0.0385187,16135630
2026-07-06,range_7y_10y,7-10y,1675355.11606207,6263.3880559,53.00041037,8.35464265,107285943526.55598,10493399223.342113,0.98546866,42439319
2026-07-06,range_5y_7y,5-7y,1440136.97160696,28173.30294215,53.00041037,7.18165937,92223106805.85606,40573415179.274704,3.8103791,34160549
2026-07-06,range_3y_5y,3-5y,1963030.46859499,31816.91140121,53.00041037,9.78921897,125708020929.68816,62457566497.1556,5.8655897,26398187
2026-07-06,range_2y_3y,2-3y,1218374.10013233,51850.17348526,53.00041037,6.0757747,78021915263.11179,63172908461.8033,5.93276975,74343731
2026-07-06,range_1d_1w,1d-1w,350628.64058741,60745.93101673,53.00041037,1.74851109,22453463252.181503,21299263213.61313,2.00028189,3302441
2026-07-06,range_1w_1m,1w-1m,598510.50593675,62325.2284972,53.00041037,2.98464567,38327255949.71809,37302304040.47996,3.5031786,12599738
2026-07-06,range_0d_1d,<1d,189605.91896656,63176.55928455,53.00041037,0.94552473,12141933205.397785,11978649580.29327,1.12495327,607154
2026-07-06,range_1m_3m,1-3m,1311585.17716498,74989.74340384,53.00041037,6.54059868,83990941322.54207,98355435887.87704,9.23687335,25408662
2026-07-06,range_3m_6m,3-6m,1398816.00430937,75994.23662773,53.00041037,6.97560042,89577005736.626,106301954430.14073,9.98315631,23910092
2026-07-06,range_18m_2y,1.5-2y,1177667.96137737,79431.36645868,53.00041037,5.87278177,75415186419.90753,93543775406.81805,8.78499494,68771900
2026-07-06,range_12m_18m,1-1.5y,1358032.93888222,98351.90052797,53.00041037,6.77222387,86965350683.73097,133565120518.64899,12.54352737,27324887
2026-07-06,range_6m_12m,6-12m,3829634.27979108,100625.571523,53.00041037,19.09757853,245241097323.15796,385359138128.0667,36.19030836,45118356
2026-07-05,range_10y_inf,>10y,3541144.90712588,115.743463,51.48537933,17.65926209,225252404619.53006,409864374.5417732,0.03848981,16119891
2026-07-05,range_7y_10y,7-10y,1675658.27362532,6260.36283386,51.48537933,8.35630549,106588706577.68776,10490228778.456785,0.98512322,42333257
2026-07-05,range_5y_7y,5-7y,1439845.61391565,28162.17768758,51.48537933,7.18033623,91588651501.59032,40549188021.77456,3.80791951,34266833
2026-07-05,range_3y_5y,3-5y,1962648.32959968,31818.12555986,51.48537933,9.78749025,124844158389.3411,62447790981.049225,5.86438776,26354361
2026-07-05,range_2y_3y,2-3y,1220115.03581882,51800.70795237,51.48537933,6.08456637,77611578441.08058,63202822638.743866,5.93529176,73910203
2026-07-05,range_1d_1w,1d-1w,466222.78445499,60552.89552015,51.48537933,2.32499673,29656454632.955296,28231139556.215336,2.65114821,3249681
2026-07-05,range_1w_1m,1w-1m,572022.79885338,62548.60305515,51.48537933,2.85260863,36386398839.43537,35779226983.97321,3.35997891,12558392
2026-07-05,range_0d_1d,<1d,97714.04477519,62942.80524655,51.48537933,0.48728814,6215595274.404159,6150396090.137185,0.57757539,697924
2026-07-05,range_1m_3m,1-3m,1314467.22305972,75082.66415223,51.48537933,6.55508933,83613325789.61668,98693701048.11212,9.26819225,25430862
2026-07-05,range_3m_6m,3-6m,1484219.29240814,77099.91206559,51.48537933,7.40162241,94411263409.43225,114433176930.71765,10.74626518,23779836
2026-07-05,range_18m_2y,1.5-2y,1174093.20990348,79311.72734728,51.48537933,5.85506108,74684127793.25449,93119360544.15218,8.74471346,69163934
2026-07-05,range_12m_18m,1-1.5y,1362304.75495766,98342.35266022,51.48537933,6.79364933,86656273585.79152,133972254642.73398,12.5811536,27099834
2026-07-05,range_6m_12m,6-12m,3742164.77647305,100846.83638245,51.48537933,18.66172391,238039288560.83276,377385478929.1268,35.43976093,45249361
2026-07-04,range_10y_inf,>10y,3540149.9636637,115.58961324,50.1919074,17.6546526,223571086405.02042,409204565.1021351,0.03842878,16104330
2026-07-04,range_7y_10y,7-10y,1676393.5964314,6254.32176082,50.1919074,8.36013922,105869282782.78758,10484704949.855532,0.98462832,42211189
2026-07-04,range_5y_7y,5-7y,1439412.44548767,28148.18332782,50.1919074,7.17831926,90903212441.75304,40516845399.93903,3.80497434,34385371
2026-07-04,range_3y_5y,3-5y,1961653.51283788,31820.41876141,50.1919074,9.78272436,123884301941.12866,62420636243.291046,5.86197954,26319809
2026-07-04,range_2y_3y,2-3y,1200572.99737786,51673.50432946,50.1919074,5.98723201,75819785062.02007,62037813977.836464,5.82602835,73639195
2026-07-04,range_1d_1w,1d-1w,462995.41191273,60381.17069677,50.1919074,2.30894827,29239548692.661606,27956204998.5262,2.62539301,3123669
2026-07-04,range_1w_1m,1w-1m,596980.91805523,62531.98496409,50.1919074,2.97713115,37701135201.21859,37330401791.681046,3.50573248,12460568
2026-07-04,range_0d_1d,<1d,106578.64478354,62843.81822188,50.1919074,0.53150544,6730761026.058712,6697808979.111596,0.62899742,815210
2026-07-04,range_1m_3m,1-3m,1286225.7907419,75450.78849206,50.1919074,6.41438067,81229015818.50626,97046750090.29706,9.11374985,25328056
2026-07-04,range_3m_6m,3-6m,1506822.86803983,77436.86953625,50.1919074,7.5144936,95160382776.25798,116683645846.64262,10.95786884,23723559
2026-07-04,range_18m_2y,1.5-2y,1192683.00166537,78803.29350179,50.1919074,5.94788477,75321508172.26175,93987348634.82826,8.82643863,69374715
2026-07-04,range_12m_18m,1-1.5y,1364442.86778648,98313.32191338,50.1919074,6.80444757,86168658791.19675,134142910893.10606,12.59748453,26988199
2026-07-04,range_6m_12m,6-12m,3717309.02618737,100912.94063848,50.1919074,18.53814108,234759212467.8841,375124585094.5371,35.22829591,45273883
2026-07-03,range_10y_inf,>10y,3539159.02829423,115.41459578,48.32765902,17.65013442,221438473787.6575,408470608.6349896,0.03836216,16089444
2026-07-03,range_7y_10y,7-10y,1674244.32855092,6239.97927275,48.32765902,8.34962126,104754294988.72896,10447249907.674788,0.98116998,42077420
2026-07-03,range_5y_7y,5-7y,1441720.16996708,28101.04035904,48.32765902,7.19000039,90205699013.26602,40513836682.69086,3.80492098,34511397
2026-07-03,range_3y_5y,3-5y,1959970.36109068,31824.18842651,48.32765902,9.77456511,122631631401.4704,62374466081.73297,5.85799652,26259177
2026-07-03,range_2y_3y,2-3y,1191527.73109447,51542.82405558,48.32765902,5.94226607,74551632221.0584,61414704201.1449,5.76785897,73348563
2026-07-03,range_1d_1w,1d-1w,360877.43022834,59874.34384368,48.32765902,1.79973126,22579416956.20577,21607299342.915176,2.02928365,3276288
2026-07-03,range_0d_1d,<1d,217432.80493552,61978.75918334,48.32765902,1.0843588,13604358575.403406,13476215455.65773,1.26564006,734689
2026-07-03,range_1w_1m,1w-1m,612510.52269502,62643.3738556,48.32765902,3.05465026,38323622713.79392,38369725663.6726,3.6035534,12203935
2026-07-03,range_1m_3m,1-3m,1265391.69167529,75675.80524464,48.32765902,6.31063292,79173160264.34944,95759535217.40637,8.99340803,25511210
2026-07-03,range_3m_6m,3-6m,1516929.33743912,77669.68141179,48.32765902,7.56507591,94911394102.60924,117819418363.0891,11.06519681,23345217
2026-07-03,range_18m_2y,1.5-2y,1202762.81885091,78557.38624645,48.32765902,5.99829656,75254590371.78482,94485903323.33809,8.87379288,69610202
2026-07-03,range_12m_18m,1-1.5y,1359430.40141115,98255.93717252,48.32765902,6.77961322,85056984131.65552,133572108111.46579,12.54463555,27007606
2026-07-03,range_6m_12m,6-12m,3709783.16873823,100956.24741068,48.32765902,18.50105381,232114102927.00714,374525787423.11584,35.174181,45221103
2026-07-02,range_10y_inf,>10y,3538494.42367096,115.2969931,46.21290215,17.64723527,217691787777.44727,407977767.1507853,0.03831706,16074297
2026-07-02,range_7y_10y,7-10y,1674213.71996615,6234.7368243,46.21290215,8.3496651,102999336492.62479,10438281931.615328,0.98035805,41950068
2026-07-02,range_5y_7y,5-7y,1442436.00854235,28076.64075349,46.21290215,7.19373964,88740135169.80136,40498757621.739716,3.80362241,34637548
2026-07-02,range_3y_5y,3-5y,1960090.22841767,31825.30127186,46.21290215,9.77539294,120586751013.35284,62380462039.41466,5.85874079,26209631
2026-07-02,range_2y_3y,2-3y,1189459.59818849,51487.58882508,46.21290215,5.93209169,73176768256.72865,61242406715.568756,5.75185522,73040779
2026-07-02,range_1d_1w,1d-1w,333606.89731665,59451.12297862,46.21290215,1.66376959,20523836749.870197,19833304678.887287,1.86273374,3451145
2026-07-02,range_0d_1d,<1d,246301.27192708,61133.11689541,46.21290215,1.22835759,15152705585.456385,15057164448.205627,1.41416111,599683
2026-07-02,range_1w_1m,1w-1m,638739.62759935,63239.84756612,46.21290215,3.18553236,39295913687.53654,40393796683.82581,3.79376453,11909521
2026-07-02,range_1m_3m,1-3m,1235925.45433429,75927.60371265,46.21290215,6.16382694,76035395142.59357,93840858115.0766,8.81348495,25529295
2026-07-02,range_3m_6m,3-6m,1517276.3949322,77722.50820231,46.21290215,7.5669848,93344392110.88179,117926527050.29167,11.07559854,23416959
2026-07-02,range_18m_2y,1.5-2y,1203230.78307619,78440.3237353,46.21290215,6.00077156,74023985603.7344,94381812152.77098,8.86429107,69846597
2026-07-02,range_12m_18m,1-1.5y,1350422.91650219,98138.66323587,46.21290215,6.73485049,83079395853.34007,132528699828.6072,12.44702707,27035889
2026-07-02,range_6m_12m,6-12m,3721070.59549739,100995.59771977,46.21290215,18.55778203,228924060176.85513,375811748949.7223,35.29604545,45062921
2026-07-01,range_10y_inf,>10y,3537500.44147879,115.0926092,42.77159073,17.64263826,212339591700.5691,407140155.8729723,0.03823022,16060821
2026-07-01,range_7y_10y,7-10y,1680019.55551123,6227.04502653,42.77159073,8.37879112,100843709383.99078,10461557417.623383,0.98233408,41846632
2026-07-01,range_5y_7y,5-7y,1445037.55399458,28032.32341127,42.77159073,7.20686125,86738839834.3011,40507760055.001724,3.80365482,34736310
2026-07-01,range_3y_5y,3-5y,1957890.12909037,31830.09391411,42.77159073,9.76461993,117522979143.94942,62319826682.44897,5.85179503,26174311
2026-07-01,range_2y_3y,2-3y,1189449.03412085,51379.53457214,42.77159073,5.93216012,71397057451.18616,61113337770.41557,5.73850643,72683686
2026-07-01,range_1d_1w,1d-1w,395111.81429366,59582.21164349,42.77159073,1.97054811,23716712608.55442,23541635742.088776,2.21054573,3655796
2026-07-01,range_0d_1d,<1d,192376.0743656,59749.49884952,42.77159073,0.95944058,11547435190.33275,11494374033.983038,1.07931495,678670
2026-07-01,range_1w_1m,1w-1m,731756.98019258,64841.29134388,42.77159073,3.64950448,43923946008.945114,47448067545.58769,4.4553456,11543236
2026-07-01,range_1m_3m,1-3m,1106209.85840233,76658.70647164,42.77159073,5.51701991,66400599393.31133,84800616831.30003,7.96272799,25548145
2026-07-01,range_3m_6m,3-6m,1518685.91426112,77780.59677485,42.77159073,7.57416901,91159606137.26617,118124296724.78627,11.0918019,23473884
2026-07-01,range_18m_2y,1.5-2y,1203424.18821883,78275.89932825,42.77159073,6.00185865,72235920530.98187,94199110606.19406,8.84524102,70158896
2026-07-01,range_12m_18m,1-1.5y,1352751.78048564,98103.05194492,42.77159073,6.74660278,81199356860.1399,132709078189.56146,12.4613043,27021287
2026-07-01,range_6m_12m,6-12m,3740645.22055538,101010.00784127,42.77159073,18.6557858,224533421824.0767,377842603059.70715,35.47919793,44906035
2026-06-30,range_10y_inf,>10y,3536765.50208916,114.97037685,40.16781288,17.63936602,207173008525.2564,406623262.6111454,0.03816961,16044189
2026-06-30,range_7y_10y,7-10y,1678852.30245275,6218.35816052,40.16781288,8.37315627,98342081815.49995,10439704915.264833,0.97997204,41738703
2026-06-30,range_5y_7y,5-7y,1446658.87584117,28002.45600607,40.16781288,7.2151081,84740894311.69334,40510001526.52665,3.80266198,34850278
2026-06-30,range_3y_5y,3-5y,1961376.64084023,31829.42126406,40.16781288,9.78222629,114891501654.26717,62429483358.78137,5.86023732,26135880
2026-06-30,range_2y_3y,2-3y,1190076.93992137,51333.4154726,40.16781288,5.93542397,69711101817.29701,61090714001.33898,5.73456744,72356865
2026-06-30,range_0d_1d,<1d,219346.81634281,58683.72061168,40.16781288,1.09397662,12848671992.90818,12872087287.322462,1.20829906,706343
2026-06-30,range_1d_1w,1d-1w,350031.18046563,60002.61985673,40.16781288,1.74575558,20503766136.566273,21002787859.48276,1.97152555,3791891
2026-06-30,range_1w_1m,1w-1m,746447.8915058,65156.90190886,40.16781288,3.72285569,43724656129.8008,48636232046.915306,4.56546886,11365436
2026-06-30,range_1m_3m,1-3m,1096812.6823497,76675.48925891,40.16781288,5.47027513,64247964151.65763,84098649044.53973,7.89431556,25509412
2026-06-30,range_3m_6m,3-6m,1526532.35071908,77915.86394479,40.16781288,7.61347136,89419640494.342,118941086945.94547,11.16496501,23447292
2026-06-30,range_18m_2y,1.5-2y,1203927.23237811,78176.84097531,40.16781288,6.00450131,70522409990.12401,94119227791.46571,8.83494436,70422901
2026-06-30,range_12m_18m,1-1.5y,1347390.01888319,98034.53054253,40.16781288,6.72001174,78926025404.86313,132090747958.90562,12.39931984,27062131
2026-06-30,range_6m_12m,6-12m,3746193.23618196,101081.02591001,40.16781288,18.68387192,219440650729.69537,378669055570.41815,35.54555337,44759580
2026-06-29,range_10y_inf,>10y,3536080.10742958,114.84693851,43.04055215,17.63635722,212933129475.58875,406107974.654838,0.03807082,16029593
2026-06-29,range_7y_10y,7-10y,1678166.78593591,6211.92486245,43.04055215,8.36993168,101054640917.3622,10424645980.89831,0.97726424,41661940
2026-06-29,range_5y_7y,5-7y,1447572.92095935,27980.00740066,43.04055215,7.2198345,87168905352.67148,40503101041.43549,3.79698575,34930278
2026-06-29,range_3y_5y,3-5y,1962557.38902887,31827.93153222,43.04055215,9.7883425,118179869778.21317,62464142206.066956,5.85573578,26115566
2026-06-29,range_2y_3y,2-3y,1191046.76350818,51309.28433504,43.04055215,5.94039885,71721597645.0044,61111757045.16537,5.72895568,72041545
2026-06-29,range_0d_1d,<1d,202171.2203338,59853.14273181,43.04055215,1.00833798,12174201185.410255,12100582906.90306,1.13437588,623232
2026-06-29,range_1d_1w,1d-1w,361878.11317415,60482.13928584,43.04055215,1.80488323,21791316029.575436,21887162445.496136,2.05182423,4116039
2026-06-29,range_1w_1m,1w-1m,722127.66884394,65424.16338863,43.04055215,3.60164395,43484564754.282486,47244598593.8931,4.42897119,11249762
2026-06-29,range_1m_3m,1-3m,1103040.59139943,76642.44128109,43.04055215,5.50146414,66422105249.19853,84539723756.99419,7.92522346,25444409
2026-06-29,range_18m_2y,1.5-2y,1202190.31326234,78125.31059786,43.04055215,5.9959778,72392631911.9133,93921491621.35449,8.80472251,70688030
2026-06-29,range_3m_6m,3-6m,1558299.98422225,78151.10698662,43.04055215,7.77209066,93836588035.72855,121782868784.19449,11.41660282,23271055
2026-06-29,range_12m_18m,1-1.5y,1326812.30565514,97753.84947195,43.04055215,6.61753554,79897029446.89204,129701010404.54384,12.15889342,27040778
2026-06-29,range_6m_12m,6-12m,3758001.88121802,101285.21585894,43.04055215,18.74320197,226296655288.3272,380630031737.4693,35.6823742,44595237
2026-06-28,range_10y_inf,>10y,3535206.11730365,114.70333251,41.79773937,17.63234168,210385986058.92517,405499922.7659656,0.03797811,16014701
2026-06-28,range_7y_10y,7-10y,1678583.48968632,6207.15287359,41.79773937,8.37217312,99895290668.15509,10419224331.560825,0.97583852,41582767
2026-06-28,range_5y_7y,5-7y,1445839.85250842,27960.07056246,41.79773937,7.21133124,86044330361.5011,40425784298.15162,3.78617796,35013048
2026-06-28,range_3y_5y,3-5y,1962997.31929594,31833.63535808,41.79773937,9.79072742,116821229921.97525,62489340871.36485,5.85259554,26060023
2026-06-28,range_2y_3y,2-3y,1191782.42938147,51237.48488978,41.79773937,5.94418382,70924951262.63258,61063934217.33282,5.71909552,71575648
2026-06-28,range_0d_1d,<1d,100828.52914563,59808.72938899,41.79773937,0.50289658,6000473189.76519,6030426214.361375,0.56479465,693140
2026-06-28,range_1d_1w,1d-1w,465283.80636093,61019.27521695,41.79773937,2.32066895,27689811895.08568,28391280634.328312,2.65905641,4271894
2026-06-28,range_1w_1m,1w-1m,707650.0023826,65781.13564425,41.79773937,3.52950471,42113426656.26993,46550020795.3831,4.35975865,11146533
2026-06-28,range_1m_3m,1-3m,1114898.54090519,76490.88174278,41.79773937,5.56071453,66349463397.87868,85279572447.57141,7.9870717,25297560
2026-06-28,range_18m_2y,1.5-2y,1194762.3811357,77925.11097709,41.79773937,5.95904675,71102293139.57521,93101991141.25507,8.71969989,71110253
2026-06-28,range_3m_6m,3-6m,1585672.90490441,78588.01329982,41.79773937,7.90876841,94366027494.79242,124614883339.78943,11.67111864,23159028
2026-06-28,range_12m_18m,1-1.5y,1339188.94432565,97664.11504019,41.79773937,6.67939471,79697357727.49083,130790703119.17464,12.24953049,26972256
2026-06-28,range_6m_12m,6-12m,3726861.10263505,101468.08809958,41.79773937,18.58824809,221791692468.71414,378157470697.0694,35.41728393,44604606
2026-06-27,range_10y_inf,>10y,3534652.16279069,114.60616609,42.44642629,17.62993323,211966180928.23026,405092932.8398097,0.03793519,16000143
2026-06-27,range_7y_10y,7-10y,1678569.63308333,6201.96339264,42.44642629,8.37227235,100660539753.32663,10410427416.388186,0.9748912,41452473
2026-06-27,range_5y_7y,5-7y,1445615.39305056,27943.0337536,42.44642629,7.21035669,86690729340.1291,40394879722.73493,3.78280461,35143172
2026-06-27,range_3y_5y,3-5y,1960427.63752148,31839.3926628,42.44642629,9.77810737,117563013324.48483,62418825338.06146,5.84525123,26005583
2026-06-27,range_2y_3y,2-3y,1193512.51287706,51125.49842944,42.44642629,5.95293255,71572612408.02509,61018922102.61631,5.71415639,71251146
2026-06-27,range_0d_1d,<1d,110389.41085278,60392.09454806,42.44642629,0.55059391,6619837187.857036,6666647737.326129,0.62430254,888592
2026-06-27,range_1d_1w,1d-1w,467601.09804989,61198.45359439,42.44642629,2.33227366,28041123818.313152,28616464099.693848,2.67980727,4108774
2026-06-27,range_1w_1m,1w-1m,716136.82295504,66155.80709248,42.44642629,3.57190575,42945325421.7832,47376609511.232506,4.43661321,11074548
2026-06-27,range_1m_3m,1-3m,1100522.14515991,76450.12370193,42.44642629,5.48912058,65996161826.6604,84135054134.18591,7.87888151,25198645
2026-06-27,range_18m_2y,1.5-2y,1180008.14857933,77618.05164219,42.44642629,5.88557626,70762782078.41399,91589933414.63614,8.5769985,71355969
2026-06-27,range_3m_6m,3-6m,1623119.01267243,78960.73241939,42.44642629,8.09569895,97335274438.02057,128162666044.45113,12.00187568,22972214
2026-06-27,range_12m_18m,1-1.5y,1356254.62086068,97598.01586971,42.44642629,6.76464821,81331938507.67227,132367760010.12381,12.39566442,26945416
2026-06-27,range_6m_12m,6-12m,3682343.69651778,101645.05350082,42.44642629,18.3665805,220822953509.45297,374292022040.944,35.05081826,44647587
2026-06-26,range_10y_inf,>10y,3532053.6543058,114.20919138,42.57416429,17.61743386,211922938706.26663,403392991.7726196,0.03777637,15985640
2026-06-26,range_7y_10y,7-10y,1679392.99215311,6186.50295168,42.57416429,8.37659839,100763446134.49742,10389569702.993826,0.97294758,41327002
2026-06-26,range_5y_7y,5-7y,1442806.54377503,27899.88665327,42.57416429,7.19653532,86568278023.94519,40254139033.9235,3.76966212,35269647
2026-06-26,range_3y_5y,3-5y,1962114.64873359,31845.49899028,42.57416429,9.78677802,117726723072.66022,62484520065.05001,5.85146109,25970806
2026-06-26,range_2y_3y,2-3y,1169510.52340903,50793.58408835,42.57416429,5.83336957,70170538509.97008,59403631112.984344,5.5629464,71059128
2026-06-26,range_0d_1d,<1d,257805.72438939,59761.05412499,42.57416429,1.28590212,15468322985.77737,15406741848.967363,1.44278856,791200
2026-06-26,range_1d_1w,1d-1w,306190.97075894,62124.75064228,42.57416429,1.52724157,18371433924.695736,19022037707.31764,1.78134862,4189473
2026-06-26,range_1w_1m,1w-1m,752258.04687959,66370.94188221,42.57416429,3.75216735,45135423060.69306,49928075109.87252,4.67559307,11048412
2026-06-26,range_1m_3m,1-3m,1076620.48948645,76498.96224923,42.57416429,5.37004591,64597143852.89854,82360350181.9717,7.71276444,25088545
2026-06-26,range_18m_2y,1.5-2y,1193203.90325923,77002.5319697,42.57416429,5.95154913,71592139419.0098,91879721707.08661,8.60422095,71387101
2026-06-26,range_3m_6m,3-6m,1637179.27714967,79069.91646337,42.57416429,8.16604176,98230626587.33907,129451628679.7821,12.12270123,22832037
2026-06-26,range_12m_18m,1-1.5y,1362512.48246408,97497.72333424,42.57416429,6.79603876,81750640723.06956,132841865054.72849,12.44018524,27052860
2026-06-26,range_6m_12m,6-12m,3676978.03820705,101719.14911481,42.57416429,18.34029824,220618390228.95435,374019077360.26575,35.02560435,44429630
2026-06-25,range_10y_inf,>10y,3531445.32408218,114.11112727,42.23213955,17.61482516,211053113988.60266,402977206.8373497,0.03769804,15968035
2026-06-25,range_7y_10y,7-10y,1674129.32463752,6164.46469208,42.23213955,8.35054564,100052577559.36378,10320111111.69716,0.96543404,41246387
2026-06-25,range_5y_7y,5-7y,1448301.84158333,27829.84076574,42.23213955,7.2241197,86556235651.48434,40306009631.995285,3.77057895,35357595
2026-06-25,range_3y_5y,3-5y,1962551.14628376,31846.51437447,42.23213955,9.78919172,117289804251.10791,62500413290.762695,5.84683884,25918704
2026-06-25,range_2y_3y,2-3y,1170875.22779395,50778.69205886,42.23213955,5.84031764,69976125988.09048,59455512631.4977,5.56199203,70796029
2026-06-25,range_0d_1d,<1d,221030.94558948,59921.37061045,42.23213955,1.10250085,13209681893.242752,13244477207.046253,1.23900499,877645
2026-06-25,range_1d_1w,1d-1w,273887.14075572,63080.47685112,42.23213955,1.36614719,16368576781.78915,17276931442.2605,1.61623625,4089739
2026-06-25,range_1w_1m,1w-1m,821796.08441891,66702.07206867,42.23213955,4.09911326,49113778287.174576,54815501648.6622,5.12792455,10959345
2026-06-25,range_1m_3m,1-3m,1065767.66807406,76439.919457,42.23213955,5.31604185,63694483276.1532,81467194707.45273,7.62115853,25223836
2026-06-25,range_18m_2y,1.5-2y,1189267.43921012,76878.32765154,42.23213955,5.93205787,71075317150.99721,91428891856.90294,8.55306337,71627466
2026-06-25,range_3m_6m,3-6m,1642799.93002848,79186.86831582,42.23213955,8.19427483,98180209255.50674,130088181728.40172,12.16959366,22621377
2026-06-25,range_12m_18m,1-1.5y,1355066.42800957,97369.32400854,42.23213955,6.75906209,80984119262.0365,131941902081.95654,12.34300698,26839615
2026-06-25,range_6m_12m,6-12m,3691224.41950388,101785.375222,42.23213955,18.4118022,220602143506.0839,375712662567.8189,35.14746978,44386553
2026-06-24,range_10y_inf,>10y,3530802.10920484,114.0074322,44.27954,17.61208351,215136741573.08746,402537682.0883865,0.03761055,15947456
2026-06-24,range_7y_10y,7-10y,1673763.82133936,6157.49456901,44.27954,8.34894375,101984785198.55746,10306191639.696663,0.96294469,41170999
2026-06-24,range_5y_7y,5-7y,1450358.98341384,27801.12313807,44.27954,7.23457241,88372414015.91304,40321608692.29542,3.76739344,35430560
2026-06-24,range_3y_5y,3-5y,1962857.8150717,31847.68717558,44.27954,9.79098083,119599689091.8637,62512481664.5371,5.8407668,25888373
2026-06-24,range_2y_3y,2-3y,1165659.19168924,50692.17305362,44.27954,5.81445416,71025255035.0998,59089797466.656364,5.52097306,70448769
2026-06-24,range_0d_1d,<1d,157006.97417137,61355.66781757,44.27954,0.78317047,9566655899.354685,9633267752.300161,0.90007098,827380
2026-06-24,range_1d_1w,1d-1w,291052.75158881,63431.50164949,44.27954,1.45180761,17734253766.150436,18461913092.494892,1.72496318,4140166
2026-06-24,range_1w_1m,1w-1m,845561.68561106,66959.8314256,44.27954,4.21776768,51521263501.90113,56618667928.462166,5.29008651,10784480
2026-06-24,range_1m_3m,1-3m,1072551.06058688,76340.16624026,44.27954,5.35001914,65352045571.70319,81878726266.37311,7.65022494,25249620
2026-06-24,range_18m_2y,1.5-2y,1190905.86494039,76692.92010158,44.27954,5.94038774,72563570367.0899,91334048348.37369,8.53366981,71905995
2026-06-24,range_3m_6m,3-6m,1652605.08703734,79281.2326269,44.27954,8.24340133,100695553739.88123,131020568345.80423,12.24172463,22438213
2026-06-24,range_12m_18m,1-1.5y,1352246.29650238,97295.56766998,44.27954,6.74517403,82394269923.92778,131567571047.82182,12.29283306,26820771
2026-06-24,range_6m_12m,6-12m,3702240.02881375,101865.70669836,44.27954,18.46723734,225582695287.28076,377131296902.0768,35.23673834,44276912
2026-06-23,range_10y_inf,>10y,3530084.23202376,113.8904089,47.75914554,17.6089281,221149615142.46826,402042736.6257486,0.03754391,15930309
2026-06-23,range_7y_10y,7-10y,1672710.25138781,6146.08265214,47.75914554,8.34389001,104790482046.71443,10280615458.106842,0.96003345,41094015
2026-06-23,range_5y_7y,5-7y,1451810.97070778,27775.94326135,47.75914554,7.24199008,90951778011.13664,40325419148.58805,3.76570367,35508376
2026-06-23,range_3y_5y,3-5y,1963716.68684858,31850.11791697,47.75914554,9.79550166,123021197513.02391,62544608031.64332,5.84059546,25845601
2026-06-23,range_2y_3y,2-3y,1163935.56088158,50638.64205049,47.75914554,5.80599676,72917212287.60239,58940116237.319275,5.50399764,70117242
2026-06-23,range_0d_1d,<1d,193057.73709926,62539.00735493,47.75914554,0.96301946,12094511477.223528,12073639240.375816,1.12747117,920111
2026-06-23,range_1d_1w,1d-1w,246117.92186212,64009.83608425,47.75914554,1.22769671,15418579309.159546,15753967835.789944,1.47115085,3891703
2026-06-23,range_1w_1m,1w-1m,845912.56243476,67084.34002145,47.75914554,4.21961985,52993986922.34016,56747485966.7872,5.29924352,10987304
2026-06-23,range_1m_3m,1-3m,1094663.38034314,76162.11177174,47.75914554,5.46045009,68577509589.524536,83371874726.12553,7.78550555,25061075
2026-06-23,range_18m_2y,1.5-2y,1190188.20742592,76566.14347463,47.75914554,5.93695141,74561865020.55536,91128121051.58717,8.50980615,72219753
2026-06-23,range_3m_6m,3-6m,1647975.56175802,79528.86866642,47.75914554,8.2205073,103240924944.7411,131061632016.52847,12.2389123,22347580
2026-06-23,range_12m_18m,1-1.5y,1346472.2025347,97219.53223161,47.75914554,6.71653441,84352607422.0249,130903397693.28513,12.22413593,26852970
2026-06-23,range_6m_12m,6-12m,3700482.01966353,101967.0427619,47.75914554,18.45891416,231824546016.8683,377327208338.656,35.2359004,44025036
2026-06-22,range_10y_inf,>10y,3529565.35166131,113.80167687,51.82654185,17.60681462,225848874687.25668,401670455.6462393,0.03748504,15913577
2026-06-22,range_7y_10y,7-10y,1672606.17466712,6141.92460007,51.82654185,8.34359586,107026272276.19467,10273021010.422468,0.95870787,41016412
2026-06-22,range_5y_7y,5-7y,1443369.84010651,27724.61736011,51.82654185,7.20007782,92357959597.5311,40016876526.078255,3.73449004,35587721
2026-06-22,range_3y_5y,3-5y,1975751.61535282,31876.53961875,51.82654185,9.85580063,126423860881.03874,62980124643.60852,5.87748642,25792613
2026-06-22,range_2y_3y,2-3y,1165022.11173402,50589.89367392,51.82654185,5.81157347,74547120312.43562,58938344760.38853,5.50029589,69845778
2026-06-22,range_1d_1w,1d-1w,235348.64592634,64216.41463685,51.82654185,1.17400857,15059425607.919437,15113246231.026176,1.41041162,3896305
2026-06-22,range_0d_1d,<1d,189010.51568382,64487.5651652,51.82654185,0.94285635,12094353841.941574,12188827947.068151,1.13749649,833022
2026-06-22,range_1w_1m,1w-1m,840948.87729993,67118.13082504,51.82654185,4.1949729,53810409692.03342,56442916763.78416,5.26741537,10861240
2026-06-22,range_1m_3m,1-3m,1106937.61173485,76108.92734037,51.82654185,5.52182588,70830425010.16281,84247834261.85422,7.86225026,24915926
2026-06-22,range_18m_2y,1.5-2y,1186318.11636804,76454.38718551,51.82654185,5.91780604,75909803306.72108,90699224593.98457,8.46431257,72401312
2026-06-22,range_3m_6m,3-6m,1639925.87319262,79608.03706292,51.82654185,8.18057408,104935133969.6091,130551279693.55914,12.183421,22341368
2026-06-22,range_12m_18m,1-1.5y,1349744.16666311,97142.91139201,51.82654185,6.73303734,86367065285.55136,131118077984.0303,12.23631625,26934729
2026-06-22,range_6m_12m,6-12m,3712037.76958047,101986.348092,51.82654185,18.51705645,237524870494.81628,378577176099.101,35.32991119,43845599
2026-06-21,range_10y_inf,>10y,3529037.28459392,113.71476166,49.61915084,17.60460853,223263264108.64026,401303633.7211854,0.03744935,15901065
2026-06-21,range_7y_10y,7-10y,1672410.25208298,6137.68404732,49.61915084,8.3428214,105804428147.82137,10264725724.78606,0.95789633,40900255
2026-06-21,range_5y_7y,5-7y,1442963.27367647,27710.20585507,49.61915084,7.19822476,91288548261.10695,39984809354.886894,3.73135175,35703800
2026-06-21,range_3y_5y,3-5y,1972255.79080142,31882.24028827,49.61915084,9.83860139,124774047424.7103,62879933032.25694,5.86790714,25735713
2026-06-21,range_2y_3y,2-3y,1125897.02281857,49941.21565116,49.61915084,5.61653922,71229466875.29799,56228666017.57832,5.247216,69329245
2026-06-21,range_0d_1d,<1d,113902.26922762,63862.13418397,49.61915084,0.56820166,7205985759.389839,7274042001.273085,0.67880802,724489
2026-06-21,range_1d_1w,1d-1w,297256.75339551,64584.07845735,49.61915084,1.48286582,18805840712.18034,19198053483.27341,1.79154763,3942078
2026-06-21,range_1w_1m,1w-1m,850069.13155245,67052.11531345,49.61915084,4.24057132,53779315355.18923,56998933433.25941,5.31909676,10901610
2026-06-21,range_18m_2y,1.5-2y,1225934.23172098,75918.30648927,49.61915084,6.11557501,77558284620.96825,93070850739.4751,8.68530043,72910906
2026-06-21,range_1m_3m,1-3m,1129605.43268145,76007.46639628,49.61915084,5.63503863,71464078080.52773,85858446965.58672,8.01224444,24567237
2026-06-21,range_3m_6m,3-6m,1659062.53126909,79938.02378626,49.61915084,8.27623628,104959989430.68755,132622180087.47423,12.37620016,22424841
2026-06-21,range_12m_18m,1-1.5y,1351769.09332985,97121.37039826,49.61915084,6.74330243,85519181510.35548,131285666806.20773,12.25147776,26934773
2026-06-21,range_6m_12m,6-12m,3675936.10282065,102157.06625554,49.61915084,18.33741354,232556764575.23438,375522848006.9882,35.04350424,43655152
2026-06-20,range_10y_inf,>10y,3527917.60774066,113.5561419,52.86827309,17.59939066,226704803278.93707,400616712.4919427,0.03740898,15885910
2026-06-20,range_7y_10y,7-10y,1674342.85899868,6129.20488932,52.86827309,8.3526367,107593660248.17102,10262390437.775408,0.9582863,40771016
2026-06-20,range_5y_7y,5-7y,1452420.70474563,27577.13823176,52.86827309,7.24555453,93332891172.16202,40053606545.44631,3.74014444,35835271
2026-06-20,range_3y_5y,3-5y,1971408.66060284,31885.31503531,52.86827309,9.83458091,126683177521.9887,62858986206.65372,5.86967587,25673163
2026-06-20,range_2y_3y,2-3y,1130064.87119689,49810.33716815,52.86827309,5.63744831,72618230583.11093,56288912256.19528,5.25617242,68939639
2026-06-20,range_0d_1d,<1d,91344.54099312,63702.86209328,52.86827309,0.45568192,5869821378.768535,5818908697.858324,0.54336078,852716
2026-06-20,range_1d_1w,1d-1w,304921.52787187,64551.66186583,52.86827309,1.52113334,19594328064.814266,19683191362.796295,1.83798627,3866989
2026-06-20,range_1w_1m,1w-1m,856645.03552553,67238.17927745,52.86827309,4.27346449,55048208561.49925,57599252475.806175,5.37852999,10890784
2026-06-20,range_18m_2y,1.5-2y,1223284.39176471,75831.22673335,52.86827309,6.10248376,78608538583.98813,92763156071.27336,8.66208145,73305312
2026-06-20,range_1m_3m,1-3m,1140269.36906531,75893.71958027,52.86827309,5.68835452,73273973981.63718,86539283741.81631,8.08090579,24383971
2026-06-20,range_3m_6m,3-6m,1660023.97417295,80155.2559075,52.86827309,8.28120542,106673525390.01321,133059646462.41637,12.42490601,22288376
2026-06-20,range_12m_18m,1-1.5y,1352615.30730543,97093.95713301,52.86827309,6.74766473,86919373196.79553,131330772664.96477,12.26346643,26904770
2026-06-20,range_6m_12m,6-12m,3660421.56998734,102242.85837006,52.86827309,18.26040071,235219538608.6125,374251964154.94135,34.94707527,43559608
2026-06-19,range_10y_inf,>10y,3526743.42798559,113.3751057,50.5237235,17.59395827,224162746094.07556,399844908.9278942,0.03733787,15874460
2026-06-19,range_7y_10y,7-10y,1674322.27716459,6121.96397104,50.5237235,8.35273585,106421316764.19585,10250140656.715567,0.95716723,40690429
2026-06-19,range_5y_7y,5-7y,1452406.08316771,27557.98748597,50.5237235,7.24565666,92316138867.1182,40025388664.479866,3.73760631,35909930
2026-06-19,range_3y_5y,3-5y,1969116.05647195,31891.24978026,50.5237235,9.82338138,125158654608.68242,62797572003.2633,5.864093,25630488
2026-06-19,range_2y_3y,2-3y,1131858.80525344,49708.49406786,50.5237235,5.64653398,71941887227.47292,56262996706.60042,5.25388856,68629018
2026-06-19,range_0d_1d,<1d,160093.78254894,63001.40697484,50.5237235,0.79866409,10175693996.899628,10086133548.507183,0.9418521,796397
2026-06-19,range_1d_1w,1d-1w,239927.73982573,65117.85637949,50.5237235,1.19693387,15250006733.322332,15623580103.427847,1.45894377,3681783
2026-06-19,range_1w_1m,1w-1m,865889.76805947,67469.67139714,50.5237235,4.3196872,55036673970.30903,58421298117.12092,5.45543266,10835844
2026-06-19,range_18m_2y,1.5-2y,1222764.14792723,75763.26150625,50.5237235,6.10003586,77719906429.74277,92640599899.87961,8.65086143,73542609
2026-06-19,range_1m_3m,1-3m,1141375.27016118,75763.74213002,50.5237235,5.69400902,72546761653.52249,86474861642.07053,8.07509932,24542681
2026-06-19,range_3m_6m,3-6m,1656451.75957743,80336.6684005,50.5237235,8.26358473,105285451800.31091,133073815730.60278,12.426551,22016828
2026-06-19,range_12m_18m,1-1.5y,1346275.17571406,97044.37531916,50.5237235,6.7161986,85570370101.66673,130648433434.86531,12.20006665,26930491
2026-06-19,range_6m_12m,6-12m,3657971.75111364,102291.1898726,50.5237235,18.24862048,232503727477.7161,374178282941.76196,34.9411001,43471984
2026-06-18,range_10y_inf,>10y,3526430.79827331,113.28517612,48.74082457,17.59281279,221955070414.20462,399492334.0732406,0.03729274,15855742
2026-06-18,range_7y_10y,7-10y,1674404.3978045,6118.78659131,48.74082457,8.35334217,105387732604.45764,10245323177.719467,0.95640435,40622206
2026-06-18,range_5y_7y,5-7y,1452512.07032081,27545.86585131,48.74082457,7.24635599,91421734123.74759,40010702636.46417,3.73501249,35980972
2026-06-18,range_3y_5y,3-5y,1968149.80554511,31896.27037015,48.74082457,9.81879216,123876194845.32741,62776638326.632225,5.86022021,25550459
2026-06-18,range_2y_3y,2-3y,1131029.25418447,49624.21178141,48.74082457,5.6425284,71187467474.46684,56126435240.622955,5.23942152,68217472
2026-06-18,range_0d_1d,<1d,145635.13915199,63259.46587048,48.74082457,0.72655098,9166338265.049707,9212801114.728468,0.86001807,875637
2026-06-18,range_1d_1w,1d-1w,323356.55344219,64940.01198788,48.74082457,1.61317537,20352200480.808456,20998778456.895332,1.960243,3491030
2026-06-18,range_1w_1m,1w-1m,807116.70589957,68171.31991474,48.74082457,4.02657926,50800272439.242615,55022211166.40719,5.13634183,10864292
2026-06-18,range_18m_2y,1.5-2y,1214711.24777259,75531.79516839,48.74082457,6.0600048,76454448124.8022,91749321155.49382,8.56482985,73946535
2026-06-18,range_1m_3m,1-3m,1125267.89166074,75727.10167232,48.74082457,5.61378586,70824844840.48167,85213276040.38867,7.95468785,24410622
2026-06-18,range_3m_6m,3-6m,1659483.75668096,80368.19280528,48.74082457,8.27890542,104448621037.93492,133369710514.15755,12.45010713,21928408
2026-06-18,range_12m_18m,1-1.5y,1352611.66277431,97017.38263866,48.74082457,6.74796845,85133959526.7675,131226843248.89253,12.25006975,26945318
2026-06-18,range_6m_12m,6-12m,3664014.88646041,102314.51430517,48.74082457,18.27919833,230614672070.4726,374881903515.11206,34.99535121,43316374
2026-06-17,range_10y_inf,>10y,3525667.24162197,113.13509916,53.22129593,17.589456,227238426559.58905,398876712.9787225,0.0372167,15835531
2026-06-17,range_7y_10y,7-10y,1674746.15713781,6114.5996469,53.22129593,8.35526209,107941747066.19106,10240402261.08346,0.95546817,40559877
2026-06-17,range_5y_7y,5-7y,1451431.06450471,27526.56659513,53.22129593,7.24114929,93548508340.23315,39952913855.32596,3.72775762,36048250
2026-06-17,range_3y_5y,3-5y,1968671.43664268,31904.54739972,53.22129593,9.82164715,126885996044.73251,62809571164.83473,5.86036999,25490586
2026-06-17,range_2y_3y,2-3y,1130936.64322479,49562.51110437,53.22129593,5.64221152,72891809048.53525,56052059938.16281,5.22986869,67845429
2026-06-17,range_1d_1w,1d-1w,317545.36373502,64623.81059788,53.22129593,1.584225,20466624860.275265,20520991442.246487,1.91468593,3518507
2026-06-17,range_0d_1d,<1d,175514.46268342,64901.17034665,53.22129593,0.87563678,11312363761.329828,11391094040.917183,1.06283206,659550
2026-06-17,range_1w_1m,1w-1m,783953.31017872,68767.48901848,53.22129593,3.9111213,50527830476.491356,53910500648.71453,5.03005313,10846394
2026-06-17,range_18m_2y,1.5-2y,1203298.91306055,75246.17000686,53.22129593,6.00322487,77555745606.59616,90543634581.21982,8.44806275,74302146
2026-06-17,range_1m_3m,1-3m,1122718.51274773,75687.24346687,53.22129593,5.60121149,72362129157.92554,84975469419.09666,7.92853193,24208803
2026-06-17,range_3m_6m,3-6m,1673304.86340074,80488.59517026,53.22129593,8.34807151,107848851934.97859,134681957746.6845,12.56633485,21946176
2026-06-17,range_12m_18m,1-1.5y,1355891.54107123,96943.28320771,53.22129593,6.76450526,87390737486.82463,131444577665.00795,12.26427507,26822345
2026-06-17,range_6m_12m,6-12m,3660529.03496159,102402.12906357,53.22129593,18.26227774,235930620014.40903,374845966679.07745,34.97454309,43331687
2026-06-16,range_10y_inf,>10y,3525472.70672784,113.08211506,54.89766029,17.58884744,231259913506.98737,398667910.278601,0.03719029,15820361
2026-06-16,range_7y_10y,7-10y,1674383.16216378,6112.0703674,54.89766029,8.35362303,109834265493.1364,10233947709.126635,0.954688,40436612
2026-06-16,range_5y_7y,5-7y,1451810.78176069,27510.72571543,54.89766029,7.24319275,95234217861.83972,39940368207.71599,3.72589263,36163231
2026-06-16,range_3y_5y,3-5y,1968398.67878188,31911.4623994,54.89766029,9.82048847,129120758000.38446,62814480424.97833,5.8597359,25384481
2026-06-16,range_2y_3y,2-3y,1119614.32121368,49332.65487723,54.89766029,5.58583972,73443175603.3584,55233546904.037025,5.15253801,67666864
2026-06-16,range_1d_1w,1d-1w,314278.93461043,64091.35583655,54.89766029,1.56796115,20615708950.569096,20142563030.049473,1.87902692,3299403
2026-06-16,range_0d_1d,<1d,167162.99260984,65860.66799992,54.89766029,0.83398869,10965366187.276827,11009466358.149254,1.02703333,835930
2026-06-16,range_1w_1m,1w-1m,799713.48071897,69056.63428376,54.89766029,3.98983046,52458687321.13772,55225521369.802376,5.15178933,10887595
2026-06-16,range_18m_2y,1.5-2y,1203240.73385367,74851.05142915,54.89766029,6.00305816,78928805067.20798,90063834051.33344,8.40172964,74467367
2026-06-16,range_1m_3m,1-3m,1125576.40646672,75602.30657857,54.89766029,5.61558501,73834269630.92189,85096172559.30348,7.93831445,24048662
2026-06-16,range_3m_6m,3-6m,1669469.24752845,80606.51639371,54.89766029,8.32910714,109511928159.08797,134570100269.6941,12.55355839,21933600
2026-06-16,range_12m_18m,1-1.5y,1363713.24202489,96940.70755393,54.89766029,6.80366752,89455296532.90706,132199326582.55986,12.33239748,26825972
2026-06-16,range_6m_12m,6-12m,3660961.35651012,102442.976205,54.89766029,18.26481046,240147542496.43723,375039777132.37244,34.98610562,43292539
2026-06-15,range_10y_inf,>10y,3525164.50911822,113.01376438,56.78208158,17.58775403,233855603329.46906,398392111.2217915,0.03715564,15803712
2026-06-15,range_7y_10y,7-10y,1674003.00038502,6109.3020292,56.78208158,8.35193732,111051549684.50064,10226989927.14447,0.95381005,40351592
2026-06-15,range_5y_7y,5-7y,1454022.72644933,27512.62764114,56.78208158,7.25441153,96458296079.24387,40003985854.55914,3.73093196,36246897
2026-06-15,range_3y_5y,3-5y,1968998.4170953,31918.98712133,56.78208158,9.82372873,130621226780.63899,62848435117.193214,5.86149681,25258570
2026-06-15,range_2y_3y,2-3y,1119043.07142408,49282.84654509,56.78208158,5.58313073,74236107830.61023,55149627966.340645,5.14347521,67491075
2026-06-15,range_1d_1w,1d-1w,280364.08078394,63070.86014412,56.78208158,1.39879273,18599050085.194626,17682803728.557304,1.64916911,3162659
2026-06-15,range_0d_1d,<1d,192309.16767881,66437.00603015,56.78208158,0.95946908,12757582324.736818,12776445332.7296,1.19158247,770282
2026-06-15,range_1w_1m,1w-1m,790874.8288486,69412.69004776,56.78208158,3.94583343,52465781321.718575,54896749361.43952,5.11989074,10950465
2026-06-15,range_18m_2y,1.5-2y,1200917.55135064,74708.56781695,56.78208158,5.99161896,79667572334.17792,89718830327.64784,8.3675375,74679840
2026-06-15,range_1m_3m,1-3m,1142236.83140366,75543.22252721,56.78208158,5.69884906,75774756798.47368,86288251133.50218,8.04758794,23879652
2026-06-15,range_3m_6m,3-6m,1662521.23678755,80712.40319961,56.78208158,8.29465249,110289861897.61084,134186084391.51108,12.51473173,21923514
2026-06-15,range_12m_18m,1-1.5y,1368784.01016921,96844.53394227,56.78208158,6.82913845,90803651772.24582,132559249532.46234,12.36300659,26813892
2026-06-15,range_6m_12m,6-12m,3664050.3634766,102479.26062771,56.78208158,18.28068347,243069140791.59222,375489172151.76135,35.01962426,43204799
2026-06-14,range_10y_inf,>10y,3524392.376637,112.86542965,55.08701483,17.58431295,231159489980.53604,397782059.8597883,0.03709337,15789318
2026-06-14,range_7y_10y,7-10y,1674859.99286433,6106.62865845,55.08701483,8.35640846,109851497893.87337,10227748031.32467,0.95374255,40285779
2026-06-14,range_5y_7y,5-7y,1454147.15249588,27490.85371472,55.08701483,7.255202,95375281241.62596,39975746648.941986,3.72775811,36310745
2026-06-14,range_3y_5y,3-5y,1968606.48454687,31931.08956174,55.08701483,9.822003,129117879710.7869,62859749969.88808,5.86170272,25167099
2026-06-14,range_2y_3y,2-3y,1119005.26995131,49186.60239,55.08701483,5.5830727,73393839233.72923,55040067285.40854,5.13251345,67278469
2026-06-14,range_1d_1w,1d-1w,380861.42294903,63043.48311953,55.08701483,1.9002386,24980116534.631462,24010830688.56647,2.23902182,3053564
2026-06-14,range_0d_1d,<1d,88246.73141998,64415.03362539,55.08701483,0.44029097,5787967753.73713,5684416171.748869,0.53007461,783366
2026-06-14,range_1w_1m,1w-1m,765846.07597299,69814.4290956,55.08701483,3.82104931,50230669405.32796,53467106569.16115,4.98583409,11050111
2026-06-14,range_18m_2y,1.5-2y,1189171.1827781,74288.37175398,55.08701483,5.93315272,77995913829.78665,88341590905.34326,8.23789697,74881096
2026-06-14,range_1m_3m,1-3m,1187116.18791089,75530.76677918,55.08701483,5.9228997,77861129868.56659,89663795928.88483,8.36119324,23553780
2026-06-14,range_3m_6m,3-6m,1644111.81294139,80884.02869095,55.08701483,8.20299602,107834771936.81668,132982387049.08403,12.40067325,21987903
2026-06-14,range_12m_18m,1-1.5y,1382916.58960806,96942.28239734,55.08701483,6.89981009,90703377881.11348,134063090561.75499,12.50144938,26853617
2026-06-14,range_6m_12m,6-12m,3663539.76489513,102541.82932892,55.08701483,18.27856347,240285953740.67087,375666069311.6,35.03104644,43095022
2026-06-13,range_10y_inf,>10y,3523770.22314704,112.7471085,53.36292939,17.58160905,226952760208.25043,397294903.6802743,0.03705004,15771970
2026-06-13,range_7y_10y,7-10y,1675246.77583336,6102.05755883,53.36292939,8.35852851,107896331408.86217,10222452251.386532,0.95330257,40210815
2026-06-13,range_5y_7y,5-7y,1454622.45078476,27465.63928164,53.36292939,7.25773862,93686750088.84525,39952135524.23612,3.72576681,36379964
2026-06-13,range_3y_5y,3-5y,1953513.74414244,31993.3542157,53.36292939,9.7469224,125818458146.20822,62499457181.5961,5.82843446,25102290
2026-06-13,range_2y_3y,2-3y,1134337.41718859,48816.49230764,53.36292939,5.65969849,73058398117.83485,55374373800.45084,5.16397939,66886389
2026-06-13,range_1d_1w,1d-1w,381362.11047791,62945.26934425,53.36292939,1.90278001,24562096314.698837,24004940761.72346,2.23859903,3041670
2026-06-13,range_0d_1d,<1d,93052.45433451,64073.03472419,53.36292939,0.46427882,5993157901.342532,5962153137.745728,0.55600513,633962
2026-06-13,range_1w_1m,1w-1m,803660.19895706,70555.68921734,53.36292939,4.00980726,51760724698.99113,56702799233.96368,5.28786271,11066486
2026-06-13,range_18m_2y,1.5-2y,1184173.40050722,74106.39118305,53.36292939,5.9083517,76268145988.89615,87754817246.54854,8.18364229,75239158
2026-06-13,range_1m_3m,1-3m,1167619.56891569,75312.34882274,53.36292939,5.82575749,75201976081.7207,87936172266.43361,8.20055469,23355921
2026-06-13,range_3m_6m,3-6m,1631920.81681411,81064.50942852,53.36292939,8.14235662,105105869668.90608,132290860441.23285,12.33688491,22012461
2026-06-13,range_12m_18m,1-1.5y,1387152.84903151,96965.82969948,53.36292939,6.92110369,89341287309.38622,134506426926.34071,12.54349925,26901424
2026-06-13,range_6m_12m,6-12m,3651932.78483676,102607.56307123,53.36292939,18.22106734,235207227806.55624,374715923552.03265,34.94441873,42963980
2026-06-12,range_10y_inf,>10y,3523288.6395555,112.66368062,50.7449215,17.57954611,223895458660.27963,396946666.0239047,0.0370179,15756717
2026-06-12,range_7y_10y,7-10y,1675102.19792862,6099.40318384,50.7449215,8.35796874,106448211678.56038,10217123679.306717,0.9528144,40113489
2026-06-12,range_5y_7y,5-7y,1454199.14253524,27446.8850327,50.7449215,7.25576684,92410420294.82698,39913236679.81191,3.72217346,36470891
2026-06-12,range_3y_5y,3-5y,1951422.88278222,32008.83019828,50.7449215,9.73667844,124007643448.65361,62462763700.01381,5.82506608,25056248
2026-06-12,range_2y_3y,2-3y,1135755.51935254,48704.48629261,50.7449215,5.66688357,72174189782.94736,55316389124.0672,5.15861936,66352080
2026-06-12,range_1d_1w,1d-1w,279835.3315218,62360.55465369,50.7449215,1.39624613,17782778054.859924,17450686485.398407,1.627392,2921482
2026-06-12,range_0d_1d,<1d,217765.13206191,63559.5306472,50.7449215,1.08654515,13838384847.563574,13841049585.179468,1.29076947,698754
2026-06-12,range_1w_1m,1w-1m,788542.91827256,71135.68042459,50.7449215,3.9344567,50109768577.525345,56093537035.31309,5.23109355,11193881
2026-06-12,range_18m_2y,1.5-2y,1177415.08327037,73868.86317875,50.7449215,5.87474512,74821542334.83664,86974313690.69754,8.11093033,75701327
2026-06-12,range_1m_3m,1-3m,1161695.29129522,75234.82671964,50.7449215,5.79631078,73822592094.19884,87399943941.61353,8.15062317,23135222
2026-06-12,range_3m_6m,3-6m,1664708.98825125,81229.25724035,50.7449215,8.30611154,105787751328.66388,135223074636.97964,12.61044659,21977473
2026-06-12,range_12m_18m,1-1.5y,1388123.36008431,96952.4145561,50.7449215,6.9260799,88211483127.97191,134581911461.89458,12.55065388,26898887
2026-06-12,range_6m_12m,6-12m,3624122.80805942,102766.65597062,50.7449215,18.08266098,230303197201.0145,372438981811.10986,34.73239979,42922476
2026-06-11,range_10y_inf,>10y,3523149.71748991,112.59676526,50.77792994,17.57925588,223899219251.66177,396695261.6999493,0.03698865,15746747
2026-06-11,range_7y_10y,7-10y,1675080.67917269,6097.26428089,50.77792994,8.35805295,106452829520.26086,10213409592.728472,0.95231848,40029219
2026-06-11,range_5y_7y,5-7y,1453301.85143982,27428.71497127,50.77792994,7.25145599,92358592727.13469,39862202250.36801,3.71683047,36540183
2026-06-11,range_3y_5y,3-5y,1949705.55219715,32023.57665892,50.77792994,9.72833275,123905478311.2044,62436545213.100784,5.82170679,24996732
2026-06-11,range_2y_3y,2-3y,1134954.77778871,48547.32503369,50.77792994,5.66301805,72127360177.55203,55099018495.853004,5.13754131,65897946
2026-06-11,range_1d_1w,1d-1w,369280.67524866,61832.64499023,50.77792994,1.84257838,23468107092.482147,22833600894.40135,2.12905005,2874884
2026-06-11,range_0d_1d,<1d,170363.23795848,63077.15909903,50.77792994,0.85005157,10826731483.686369,10746029065.333202,1.00198097,716082
2026-06-11,range_1w_1m,1w-1m,743033.75698432,72384.15546006,50.77792994,3.70747246,47220439494.96015,53783870977.62335,5.01491436,11234587
2026-06-11,range_18m_2y,1.5-2y,1178570.30000193,73746.38962395,50.77792994,5.88064389,74899164430.52342,86915304543.16223,8.10415466,76015090
2026-06-11,range_1m_3m,1-3m,1160434.15316527,75147.11011071,50.77792994,5.79015101,73746596574.32266,87203273084.13432,8.13100542,22979095
2026-06-11,range_3m_6m,3-6m,1668973.97892659,81284.96875696,50.77792994,8.3275827,106064743424.8792,135662497733.22742,12.64943923,21974840
2026-06-11,range_12m_18m,1-1.5y,1384075.68431534,96903.17919059,50.77792994,6.9060422,87959209784.6468,134121334050.54135,12.50573809,26935608
2026-06-11,range_6m_12m,6-12m,3630593.55528209,102794.36890072,50.77792994,18.11536217,230727368301.2601,373204573250.2607,34.79833152,42899852
2026-06-10,range_10y_inf,>10y,3522213.92462289,112.42896059,46.21415572,17.57495656,216434704928.05826,395998850.5330247,0.03690505,15729656
2026-06-10,range_7y_10y,7-10y,1675946.81028326,6093.42662008,46.21415572,8.36255066,102984390250.406,10212258907.610556,0.95172988,39949639
2026-06-10,range_5y_7y,5-7y,1453565.98132969,27428.10104496,46.21415572,7.25292658,89319425507.70483,39868554611.4301,3.71554374,36614963
2026-06-10,range_3y_5y,3-5y,1949145.01696791,32030.43023937,46.21415572,9.72574061,119772005800.19055,62431953492.40494,5.81833619,24951786
2026-06-10,range_2y_3y,2-3y,1135225.06713273,48471.41109481,46.21415572,5.66448594,69757859031.26651,55025960914.125755,5.12813587,65679434
2026-06-10,range_0d_1d,<1d,190951.94047993,61639.94794816,46.21415572,0.95280188,11733707201.682446,11770267671.783655,1.09692826,619278
2026-06-10,range_1d_1w,1d-1w,356536.02736699,62270.07872107,46.21415572,1.77902459,21908598265.410168,22201526491.038773,2.06906781,2907213
2026-06-10,range_18m_2y,1.5-2y,1168234.52356918,73438.74752563,46.21415572,5.82919478,71786240076.98155,85793680227.12491,7.99552868,76125868
2026-06-10,range_1w_1m,1w-1m,701832.74377718,73457.11019926,46.21415572,3.50196787,43126557914.71465,51554605201.08942,4.80462341,11220930
2026-06-10,range_1m_3m,1-3m,1192677.34250945,74890.35049677,46.21415572,5.95115826,73288214238.1659,89320024210.08797,8.32416576,22775975
2026-06-10,range_3m_6m,3-6m,1667794.62974507,81384.87840851,46.21415572,8.32187334,102483451117.50188,135733263152.16629,12.64964034,22098615
2026-06-10,range_12m_18m,1-1.5y,1385945.91088767,96818.51414119,46.21415572,6.91551953,85164274711.49075,134185223772.20743,12.50537105,27000762
2026-06-10,range_6m_12m,6-12m,3641026.12629901,102863.1488547,46.21415572,18.1677994,223735534565.8768,374527412413.3438,34.90402394,42728478
2026-06-09,range_10y_inf,>10y,3521338.08540794,112.2921176,46.78701964,17.57093157,217546661119.07803,395418510.3871114,0.0368203,15707884
2026-06-09,range_7y_10y,7-10y,1676161.74938588,6089.61727128,46.78701964,8.36378748,103552508515.28726,10207183538.527443,0.95046535,39877421
2026-06-09,range_5y_7y,5-7y,1453487.31929184,27403.74916033,46.78701964,7.25267657,89795783767.87067,39831001905.598114,3.70895527,36692094
2026-06-09,range_3y_5y,3-5y,1950366.53762888,32032.37629518,46.78701964,9.7320269,120492755290.31905,62474874846.858955,5.81749154,24849662
2026-06-09,range_2y_3y,2-3y,1135422.4786546,48407.66020216,46.78701964,5.66558228,70145882956.94435,54963145532.60124,5.1180196,65290613
2026-06-09,range_0d_1d,<1d,163759.68528956,62081.1334008,46.78701964,0.81713546,10116998679.644714,10166386868.133657,0.94666648,625213
2026-06-09,range_1d_1w,1d-1w,401943.21527794,63241.92439715,46.78701964,2.00563438,24831868546.087852,25419662432.553406,2.36701028,2757975
2026-06-09,range_18m_2y,1.5-2y,1137765.14064673,72656.00139564,46.78701964,5.6772718,70290611546.51953,82665465646.7413,7.69758479,76492590
2026-06-09,range_1w_1m,1w-1m,681992.24748543,74505.09294831,46.78701964,3.40303567,42133170048.15896,50811895788.92548,4.73146644,11584749
2026-06-09,range_1m_3m,1-3m,1203212.87979146,74727.74734805,46.78701964,6.00384588,74333943025.46185,89913388086.97038,8.37249175,22422438
2026-06-09,range_3m_6m,3-6m,1678538.38271469,81673.53410459,46.78701964,8.37564651,103699335838.55095,137092161846.51263,12.76565168,22050011
2026-06-09,range_12m_18m,1-1.5y,1409256.21910783,96821.67503421,46.78701964,7.03197023,87063206568.72903,136446547686.40259,12.70553383,26956507
2026-06-09,range_6m_12m,6-12m,3627458.35428818,102972.15129252,46.78701964,18.10045527,224102722937.62976,373527190465.09406,34.78184269,42741931
2026-06-08,range_10y_inf,>10y,3521106.68683311,112.25203326,49.53100086,17.57011665,222207123265.97,395251384.920209,0.03678339,15695668
2026-06-08,range_7y_10y,7-10y,1674966.17684983,6087.09007688,49.53100086,8.35798336,105702396669.0281,10195669994.208029,0.94884258,39796249
2026-06-08,range_5y_7y,5-7y,1455114.78321481,27394.78606481,49.53100086,7.26093776,91828194586.95764,39862558185.90786,3.70974077,36772141
2026-06-08,range_3y_5y,3-5y,1949985.40836999,32043.45853878,49.53100086,9.73031326,123058085579.96994,62484276584.33322,5.81499228,24782657
2026-06-08,range_2y_3y,2-3y,1138194.39819829,48314.30580162,49.53100086,5.67952355,71828241923.72203,54991072216.245514,5.11765004,64802927
2026-06-08,range_0d_1d,<1d,163554.03749624,63528.09347566,49.53100086,0.81612509,10321434538.31583,10390276182.382132,0.96695327,660789
2026-06-08,range_1d_1w,1d-1w,538923.51280258,65201.93860421,49.53100086,2.68919684,34009944625.664898,35138857794.12053,3.27013767,2607697
2026-06-08,range_18m_2y,1.5-2y,1124644.04768233,72269.92034038,49.53100086,5.61190809,70973117477.00864,81277935737.2898,7.56399201,76855195
2026-06-08,range_1m_3m,1-3m,1210803.56508189,74637.58818554,49.53100086,6.04183905,76410401889.58626,90371457864.16557,8.41026509,22050856
2026-06-08,range_1w_1m,1w-1m,535534.01717681,76119.06277383,49.53100086,2.67228346,33796043105.685013,40764347471.00213,3.79366424,11880671
2026-06-08,range_3m_6m,3-6m,1678299.1052772,81790.50535609,49.53100086,8.37461448,105912728392.47934,137268931959.30168,12.77469827,22096641
2026-06-08,range_12m_18m,1-1.5y,1420202.50671174,96829.68954392,49.53100086,7.08672754,89624979172.49069,137517767814.3956,12.79785575,27016877
2026-06-08,range_6m_12m,6-12m,3628986.54927614,103025.77836262,49.53100086,18.10843086,229015117463.2019,373879163906.6614,34.79442463,42659740
2026-06-07,range_10y_inf,>10y,3520859.55219991,112.18397103,50.04535949,17.5692314,222926594099.30118,394984006.0083619,0.03674902,15683821
2026-06-07,range_7y_10y,7-10y,1673929.29268698,6083.90127137,50.04535949,8.35297479,105986436110.06866,10184020551.960197,0.94751369,39702924
2026-06-07,range_5y_7y,5-7y,1455440.4526133,27364.15458203,50.04535949,7.26270666,92152605977.33894,39826897530.243454,3.70546489,36860562
2026-06-07,range_3y_5y,3-5y,1949852.16447096,32049.58041301,50.04535949,9.72984107,123456756958.98401,62491943738.69615,5.81420391,24718479
2026-06-07,range_2y_3y,2-3y,1138591.98925558,48230.10386125,50.04535949,5.68162002,72091042107.8571,54914409897.3872,5.1091958,64535635
2026-06-07,range_0d_1d,<1d,119751.0325304,62284.78491606,50.04535949,0.59756249,7582151297.457078,7458667304.632195,0.69394885,602207
2026-06-07,range_1d_1w,1d-1w,629911.45875526,66000.63736718,50.04535949,3.14328363,39883447210.12588,41574557762.735435,3.86806589,2621233
2026-06-07,range_18m_2y,1.5-2y,1121282.28791035,72138.028746,50.04535949,5.59524391,70995061791.52861,80887093917.65282,7.52567498,77055771
2026-06-07,range_1m_3m,1-3m,1223601.27525153,74483.36384609,50.04535949,6.10581979,77473486455.01933,91137938987.09831,8.47940598,21816605
2026-06-07,range_1w_1m,1w-1m,488944.77827401,76803.36300567,50.04535949,2.4398542,30958006846.696915,37552603295.50399,3.49386625,11954897
2026-06-07,range_3m_6m,3-6m,1682339.36166863,82105.30034808,50.04535949,8.39494138,106518927681.06813,138128978577.2056,12.85141731,22247193
2026-06-07,range_12m_18m,1-1.5y,1423917.47591041,96812.02541969,50.04535949,7.10540573,90156698521.20197,137852334873.37717,12.82567858,27058471
2026-06-07,range_6m_12m,6-12m,3611496.79844364,103118.10524934,50.04535949,18.02151492,228665378138.84903,372410706969.5637,34.64881485,42461330
2026-06-06,range_10y_inf,>10y,3520004.70277382,112.06732318,45.04376767,17.56528614,214273805236.72952,394477504.624262,0.03670602,15669012
2026-06-06,range_7y_10y,7-10y,1674805.35285159,6080.81447785,45.04376767,8.35749885,101950692197.53053,10184180637.201876,0.94763508,39576516
2026-06-06,range_5y_7y,5-7y,1455964.27792436,27322.11888607,45.04376767,7.26545312,88629144692.26662,39780029095.32412,3.70152025,36978827
2026-06-06,range_3y_5y,3-5y,1948072.88948881,32061.63628794,45.04376767,9.72113978,118585350349.20374,62458404445.17874,5.81173655,24646670
2026-06-06,range_2y_3y,2-3y,1142227.63205883,48129.65365198,45.04376767,5.69986602,69531004028.18155,54975020322.715256,5.11540981,64460173
2026-06-06,range_0d_1d,<1d,139971.17389486,60763.81072921,45.04376767,0.69847456,8520487495.448325,8505181918.0932255,0.79140473,587712
2026-06-06,range_1d_1w,1d-1w,608375.3412262,66496.53395395,45.04376767,3.03587292,37033728754.398186,40454851534.595406,3.76431229,2800592
2026-06-06,range_18m_2y,1.5-2y,1109659.82533904,71836.15490649,45.04376767,5.53734838,67548498758.0708,79713695106.56294,7.41733638,77096532
2026-06-06,range_1m_3m,1-3m,1221945.44619436,74389.81379183,45.04376767,6.09766839,74383679186.97151,90900294206.17014,8.4582462,21662346
2026-06-06,range_1w_1m,1w-1m,490937.94215639,76955.15434477,45.04376767,2.44984486,29884943312.161953,37780205112.34817,3.51543721,11782178
2026-06-06,range_3m_6m,3-6m,1701742.48015135,82297.17267177,45.04376767,8.49191866,103590440225.17305,140048594731.89752,13.03148141,22255124
2026-06-06,range_12m_18m,1-1.5y,1433446.7988827,96791.4065593,45.04376767,7.15308794,87258434614.86455,138745331891.78485,12.91021318,27101212
2026-06-06,range_6m_12m,6-12m,3592398.43202865,103205.16849156,45.04376767,17.92654037,218680640213.53687,370754085466.3211,34.4985609,42330584
2026-06-05,range_10y_inf,>10y,3519806.21532645,111.99263575,44.69498939,17.56462983,213926058887.55484,394192375.3662002,0.03665879,15656495
2026-06-05,range_7y_10y,7-10y,1674819.26786477,6078.32841625,44.69498939,8.35772729,101791821311.96399,10180101547.944513,0.94672095,39485803
2026-06-05,range_5y_7y,5-7y,1454838.90217356,27302.20301775,44.69498939,7.25997547,88421899848.66008,39720307065.27029,3.69387739,37060039
2026-06-05,range_3y_5y,3-5y,1947400.53161847,32071.6366739,44.69498939,9.71796951,118358709349.01176,62456322308.630135,5.80826318,24591251
2026-06-05,range_2y_3y,2-3y,1108992.83703568,47303.17229197,44.69498939,5.53412531,67402138767.90599,52458879240.86179,4.87852895,64067823
2026-06-05,range_0d_1d,<1d,231011.35157982,61186.54999845,44.69498939,1.15279894,14040360456.93917,14134787613.647688,1.31449569,647111
2026-06-05,range_1d_1w,1d-1w,531693.66339265,68513.93288063,44.69498939,2.65327175,32315168218.579475,36428423966.73855,3.38774148,2857677
2026-06-05,range_18m_2y,1.5-2y,1142389.69256721,71683.49173349,44.69498939,5.70078318,69431925990.84679,81890482083.56798,7.61558565,77431342
2026-06-05,range_1m_3m,1-3m,1210986.69655456,74259.16656597,44.69498939,6.04309776,73601100603.53116,89926862808.61415,8.36294656,21651644
2026-06-05,range_1w_1m,1w-1m,480766.12433557,77339.5925388,44.69498939,2.3991318,29219904714.616177,37182256162.57181,3.45784576,11641132
2026-06-05,range_3m_6m,3-6m,1739356.48375023,82532.80300398,44.69498939,8.67978261,105714250957.61745,143553966027.05533,13.35011707,22360205
2026-06-05,range_12m_18m,1-1.5y,1438900.44953427,96772.32216972,44.69498939,7.18043898,87453195849.26305,139245737872.48453,12.94946391,27178423
2026-06-05,range_6m_12m,6-12m,3558208.82923772,103346.62060443,44.69498939,17.75626757,216260085064.69095,367728857906.5731,34.19775462,42033637
2026-06-04,range_10y_inf,>10y,3519675.18606869,111.95694147,49.94342646,17.56434574,223143795817.3933,394052068.8171808,0.03659438,15654579
2026-06-04,range_7y_10y,7-10y,1675694.97893373,6076.49089235,49.94342646,8.36227334,106237342500.08205,10182345277.854162,0.94560238,39395637
2026-06-04,range_5y_7y,5-7y,1455185.26698139,27282.851304,49.94342646,7.26185679,92257252992.27573,39701603258.82148,3.68696304,37139576
2026-06-04,range_3y_5y,3-5y,1946075.09329634,32080.87725556,49.94342646,9.71155972,123379164356.60498,62431796198.14124,5.79784457,24500625
2026-06-04,range_2y_3y,2-3y,1111782.33156595,47193.85005617,49.94342646,5.54816232,70485859198.11526,52469288651.026474,4.87265783,63832754
2026-06-04,range_0d_1d,<1d,210357.24387751,63554.32113496,49.94342646,1.04975237,13336433447.696163,13369111830.45646,1.24154737,663448
2026-06-04,range_1d_1w,1d-1w,547209.5254875,69785.66082778,49.94342646,2.7307569,34692522511.175934,38187378347.40341,3.54634173,2880487
2026-06-04,range_18m_2y,1.5-2y,1137844.22552994,71497.48445717,49.94342646,5.67821981,72138156537.46458,81352999829.50465,7.55499725,77542398
2026-06-04,range_1m_3m,1-3m,1211765.17791494,74073.65996541,49.94342646,6.04710987,76824669080.13187,89759881746.79362,8.33571794,21572149
2026-06-04,range_1w_1m,1w-1m,461556.68625062,78025.6591109,49.94342646,2.30332084,29262220378.324135,36013264661.74642,3.34443863,11545050
2026-06-04,range_3m_6m,3-6m,1752027.86679477,82563.33378526,49.94342646,8.74319975,111076769277.42657,144653261567.25354,13.43349349,22473971
2026-06-04,range_12m_18m,1-1.5y,1441596.71279373,96749.10066165,49.94342646,7.1940454,91395752597.83403,139473185479.59076,12.95243611,27344217
2026-06-04,range_6m_12m,6-12m,3567978.87447585,103370.08519616,49.94342646,17.80539715,226206200105.669,368822280232.65564,34.25136527,41786776
2026-06-03,range_10y_inf,>10y,3519069.54867083,111.87277766,57.20658169,17.56171231,234884137772.21747,393688085.1890474,0.03650611,15640231
2026-06-03,range_7y_10y,7-10y,1675761.8933888,6073.95684384,57.20658169,8.36279245,111850556516.80295,10178505420.999386,0.94383759,39292269
2026-06-03,range_5y_7y,5-7y,1455873.23496341,27263.93976286,57.20658169,7.26545087,97173848021.61415,39692840180.40849,3.68065773,37232776
2026-06-03,range_3y_5y,3-5y,1943815.87135571,32091.05384679,57.20658169,9.70050027,129742111832.88118,62379099795.92965,5.78432067,24452666
2026-06-03,range_2y_3y,2-3y,1115245.03167901,47089.87758496,57.20658169,5.56556559,74438246828.51599,52516752018.99499,4.86979991,63475461
2026-06-03,range_0d_1d,<1d,274671.01768783,66790.79012419,57.20658169,1.37072977,18333216854.15152,18345494295.58446,1.70115026,508787
2026-06-03,range_18m_2y,1.5-2y,1127682.11116623,71187.68476478,57.20658169,5.62763212,75268373272.83806,80277078644.58412,7.44397349,77832635
2026-06-03,range_1d_1w,1d-1w,468949.84261808,71304.99652239,57.20658169,2.34026697,31300569061.88983,33438466897.058826,3.10069905,3247133
2026-06-03,range_1m_3m,1-3m,1199215.59823643,73831.8638253,57.20658169,5.98461583,80042953939.67093,88540322746.16891,8.21021177,21431727
2026-06-03,range_1w_1m,1w-1m,481094.14175755,78671.38882049,57.20658169,2.40087239,32111153562.35806,37848344285.46964,3.50962038,11340798
2026-06-03,range_3m_6m,3-6m,1748952.63955747,82646.33748389,57.20658169,8.72804662,116735752750.91162,144544530092.1998,13.40339819,22599427
2026-06-03,range_12m_18m,1-1.5y,1445334.1997329,96714.66032026,57.20658169,7.21285642,96470408612.74985,139785006176.4238,12.96205465,27420052
2026-06-03,range_6m_12m,6-12m,3582640.28915671,103408.90569684,57.20658169,17.8789584,239127236227.66205,370476911807.12,34.35377019,41548173
2026-06-02,range_10y_inf,>10y,3518823.23845974,111.83215472,57.1289389,17.56077888,234758918174.5136,393517584.8472179,0.03643159,15624951
2026-06-02,range_7y_10y,7-10y,1675869.95350735,6071.54671943,57.1289389,8.36347258,111805962000.74208,10175122718.400536,0.94200591,39190383
2026-06-02,range_5y_7y,5-7y,1455338.57148059,27236.55327708,57.1289389,7.26290499,97093171627.44841,39638406538.31947,3.66969659,37328968
2026-06-02,range_3y_5y,3-5y,1945248.445018,32098.31763138,57.1289389,9.70781295,129777595970.68358,62439202460.145004,5.7805787,24375576
2026-06-02,range_2y_3y,2-3y,1114033.50646775,46998.60635945,57.1289389,5.55961318,74322943514.20892,52358022241.71503,4.84726992,63013649
2026-06-02,range_0d_1d,<1d,348059.31079698,68696.08666178,57.1289389,1.73699904,23220838821.96707,23910312577.950413,2.2136004,517551
2026-06-02,range_18m_2y,1.5-2y,1098606.74021664,70282.66611478,57.1289389,5.48262551,73293744060.1247,77213010714.09479,7.14832777,78199388
2026-06-02,range_1d_1w,1d-1w,331349.13655337,73172.49774118,57.1289389,1.65360648,22106016575.409832,24245643945.99276,2.24464515,3429742
2026-06-02,range_1m_3m,1-3m,1201996.87782632,73606.80316938,57.1289389,5.99859668,80191435478.63051,88475147596.37294,8.19096871,21326851
2026-06-02,range_1w_1m,1w-1m,541437.02341389,78947.09816045,57.1289389,2.70205555,36122067311.31825,42744881835.15877,3.95729195,11279667
2026-06-02,range_3m_6m,3-6m,1781880.38246978,83014.40050812,57.1289389,8.89252039,118878466622.8639,147921731727.90475,13.69449284,22497248
2026-06-02,range_12m_18m,1-1.5y,1344889.03714954,95944.06229237,57.1289389,6.71170371,89724511301.16678,129034117556.60559,11.94589043,27501793
2026-06-02,range_6m_12m,6-12m,3680435.69661101,103684.94016806,57.1289389,18.36731006,245540922062.7575,381605754995.48987,35.32880004,41549971
2026-06-01,range_10y_inf,>10y,3518450.97618544,111.77285726,69.12990766,17.55922232,251131581564.14478,393267318.7365072,0.03633795,15610454
2026-06-01,range_7y_10y,7-10y,1676252.96460378,6069.2480711,69.12990766,8.36552752,119643576378.29625,10173595072.099745,0.94004145,39106929
2026-06-01,range_5y_7y,5-7y,1450887.45388773,27191.20622649,69.12990766,7.24081579,103557975777.57611,39451379970.094185,3.64531242,37405501
2026-06-01,range_3y_5y,3-5y,1950979.26642316,32119.93015012,69.12990766,9.7365798,139252333510.38174,62665317761.84897,5.79028315,24296968
2026-06-01,range_2y_3y,2-3y,1115276.09534198,46951.32408988,69.12990766,5.56590984,79603510635.68541,52363689402.10123,4.83841141,62516324
2026-06-01,range_18m_2y,1.5-2y,1094269.28463401,70125.31801896,69.12990766,5.46107301,78104136725.85461,76735981583.33908,7.09041424,78558957
2026-06-01,range_0d_1d,<1d,248014.59865455,71763.49536352,69.12990766,1.23774454,17702193048.214596,17798394500.63088,1.64457387,615356
2026-06-01,range_1m_3m,1-3m,1227542.19261279,73568.05012979,69.12990766,6.12618633,87616571711.27809,90307885562.5676,8.34445986,21061394
2026-06-01,range_1d_1w,1d-1w,396985.25779612,73870.2883653,69.12990766,1.98119924,28335064584.607388,29325415470.170944,2.70967204,3501534
2026-06-01,range_1w_1m,1w-1m,534685.95468477,79139.21160224,69.12990766,2.66840994,38163535700.50251,42314624908.54135,3.9098766,11285007
2026-06-01,range_3m_6m,3-6m,1792446.34127725,83252.9431025,69.12990766,8.94540354,127936949413.41595,149226433264.63776,13.78854099,22528614
2026-06-01,range_12m_18m,1-1.5y,1345636.67621525,95896.65476119,69.12990766,6.71555003,96045637411.44592,129042055773.01,11.923502,27609864
2026-06-01,range_6m_12m,6-12m,3686197.10765413,103752.34252799,69.12990766,18.39637812,263104563874.295,382451584939.01074,35.33857401,41510205
2026-05-31,range_10y_inf,>10y,3517904.02254115,111.69972687,70.43724259,17.55686233,258713510719.97305,392948918.4804419,0.03628351,15597181
2026-05-31,range_7y_10y,7-10y,1676451.47956327,6065.74944527,70.43724259,8.36669439,123289505640.40959,10168934632.191319,0.93896345,39033556
2026-05-31,range_5y_7y,5-7y,1449942.19470682,27167.11414153,70.43724259,7.23625072,106631571847.90314,39390745102.21432,3.63720206,37467143
2026-05-31,range_3y_5y,3-5y,1952036.9028452,32129.01635927,70.43724259,9.74206316,143556594197.59433,62717025585.42007,5.79106828,24199813
2026-05-31,range_2y_3y,2-3y,1116786.80653923,46897.03152486,70.43724259,5.57356656,82130675991.78137,52373986072.816124,4.8360286,62017585
2026-05-31,range_18m_2y,1.5-2y,1089655.22686513,69957.11417817,70.43724259,5.43816053,80135366800.88574,76229135120.64742,7.03872867,79028532
2026-05-31,range_1m_3m,1-3m,1251614.79326898,73485.61384624,70.43724259,6.24645484,92046188628.46858,91975681382.4093,8.49270905,20920205
2026-05-31,range_0d_1d,<1d,97720.81656824,73725.69804142,70.43724259,0.48769691,7186579100.168203,7204535414.671261,0.66524131,780342
2026-05-31,range_1d_1w,1d-1w,517834.79938615,74039.61605617,70.43724259,2.58436678,38082579303.96585,38340289727.07229,3.54020672,3607415
2026-05-31,range_1w_1m,1w-1m,539251.46237921,79148.79011185,70.43724259,2.69125128,39657602395.937164,42681100813.3603,3.94102186,11031218
2026-05-31,range_3m_6m,3-6m,1803665.53650182,83481.82906738,70.43724259,9.0015837,132645075056.9194,150573298012.9778,13.90340568,22546860
2026-05-31,range_12m_18m,1-1.5y,1352915.3764855,95880.55835708,70.43724259,6.75201736,99496030737.2921,129718281707.31117,11.97772725,27705214
2026-05-31,range_6m_12m,6-12m,3671422.87732026,103837.07872417,70.43724259,18.32303145,270003586181.7031,381229826342.0352,35.20141355,41396106
2026-05-30,range_10y_inf,>10y,3517561.24311465,111.63033131,70.71453221,17.55554589,259578861031.05228,392666526.962519,0.03625759,15583198
2026-05-30,range_7y_10y,7-10y,1676511.91869282,6063.12961905,70.71453221,8.36718393,123718401551.959,10164909070.923222,0.93859568,38930718
2026-05-30,range_5y_7y,5-7y,1449335.61698178,27152.28538773,70.71453221,7.23338591,106953898654.72362,39352774294.89157,3.6337112,37564722
2026-05-30,range_3y_5y,3-5y,1951895.80919398,32136.02841737,70.71453221,9.74157778,144040389344.64212,62726179192.00893,5.79193776,24144405
2026-05-30,range_2y_3y,2-3y,1116709.10604244,46828.7263322,70.71453221,5.57330394,82407684703.97122,52294065119.54225,4.82866922,61536586
2026-05-30,range_18m_2y,1.5-2y,1077228.98116973,69583.92137556,70.71453221,5.3762654,79494244072.9426,74957816729.18784,6.92136864,79483580
2026-05-30,range_1m_3m,1-3m,1224579.0196009,73294.16648762,70.71453221,6.11166421,90367958133.70393,89754498539.87914,8.28764762,20765765
2026-05-30,range_0d_1d,<1d,125562.71792614,73718.6022618,70.71453221,0.62666203,9265916086.331059,9256308061.707212,0.85469832,701102
2026-05-30,range_1d_1w,1d-1w,487939.64915179,74154.2100965,70.71453221,2.43522324,36007565931.26491,36182779257.61315,3.34100384,3607981
2026-05-30,range_1w_1m,1w-1m,570438.2947979,79129.82173171,70.71453221,2.84695986,42095563550.45053,45138680576.29878,4.16796355,10957099
2026-05-30,range_3m_6m,3-6m,1811145.13535846,83589.40943172,70.71453221,9.03911527,133653676199.25095,151392552259.74792,13.9791113,22513617
2026-05-30,range_12m_18m,1-1.5y,1365181.50459123,95865.9370316,70.71453221,6.81338714,100743735665.18726,130874404155.84805,12.08453015,27715580
2026-05-30,range_6m_12m,6-12m,3662663.29834914,103887.1403849,70.71453221,18.2797254,270286684897.59076,380503616258.21735,35.13450513,41312167
2026-05-29,range_10y_inf,>10y,3517199.88220484,111.58597355,70.47767893,17.55413116,258214695957.8029,392470173.0392976,0.03623366,15569844
2026-05-29,range_7y_10y,7-10y,1676039.09613661,6060.66359218,70.47767893,8.36500941,123046156066.34457,10157909129.033663,0.93779924,38847275
2026-05-29,range_5y_7y,5-7y,1449389.15785475,27128.19112146,70.47767893,7.23381333,106406685219.54758,39319306083.65467,3.63003989,37637828
2026-05-29,range_3y_5y,3-5y,1951598.53763536,32142.47049313,70.47767893,9.74030986,143276310674.53177,62729198410.373474,5.79128971,24068059
2026-05-29,range_2y_3y,2-3y,1115823.6293399,46735.07505309,70.47767893,5.56900802,81918022529.87631,52148101063.21571,4.81442085,61280672
2026-05-29,range_18m_2y,1.5-2y,1076325.30871973,69462.12231991,70.47767893,5.3718743,79018259311.5893,74763840250.31,6.9023528,79365815
2026-05-29,range_1m_3m,1-3m,1201709.78242133,73167.1498242,70.47767893,5.9976606,88223341433.44814,87925679695.6268,8.11748112,20856338
2026-05-29,range_0d_1d,<1d,227740.72179006,73524.48504784,70.47767893,1.13664012,16719550552.630798,16744519294.037596,1.54588875,705463
2026-05-29,range_1d_1w,1d-1w,367092.4656725,74505.46639274,70.47767893,1.83213622,26950037696.63618,27350395364.192165,2.52504523,3696220
2026-05-29,range_1w_1m,1w-1m,600971.49913441,79081.2274793,70.47767893,2.99941228,44120231469.761856,47525563831.62252,4.38765863,10594848
2026-05-29,range_3m_6m,3-6m,1835947.48701261,83674.93232043,70.47767893,9.16310249,134785806331.90292,153622781719.6449,14.18277384,22409327
2026-05-29,range_12m_18m,1-1.5y,1354561.723575,95759.13228001,70.47767893,6.76053536,99444943512.77411,129711655269.25446,11.97524905,28028062
2026-05-29,range_6m_12m,6-12m,3661909.25347386,103982.13781866,70.47767893,18.27636685,268838512503.89322,380773152674.1313,35.15376723,41308093
2026-05-28,range_10y_inf,>10y,3516856.83130483,111.52547853,70.53639565,17.55280229,258344736283.92966,392219141.0200798,0.03618399,15557010
2026-05-28,range_7y_10y,7-10y,1676800.54049253,6057.49045726,70.53639565,8.36899248,123176067213.8506,10157203272.756578,0.93704803,38788412
2026-05-28,range_5y_7y,5-7y,1446841.1234817,27104.19472673,70.53639565,7.22125392,106283481648.56697,39215463549.49265,3.61780421,37688406
2026-05-28,range_3y_5y,3-5y,1953392.27226217,32151.67986308,70.53639565,9.74947517,143494215330.1705,62804842984.785255,5.79403135,23940680
2026-05-28,range_2y_3y,2-3y,1117037.03952218,46666.40945655,70.53639565,5.57518581,82056408104.52596,52128107864.47358,4.80905416,60832913
2026-05-28,range_18m_2y,1.5-2y,1075778.01012795,69337.81948887,70.53639565,5.36926,79025561647.17143,74592101476.3477,6.88145936,79590709
2026-05-28,range_1m_3m,1-3m,1186924.14308478,73051.36286415,70.53639565,5.92399572,87190243857.75131,86706426268.70094,7.99906071,20900119
2026-05-28,range_0d_1d,<1d,281025.93339015,73235.59357143,70.53639565,1.40261401,20643880070.513626,20581101040.79294,1.89869983,842164
2026-05-28,range_1d_1w,1d-1w,262914.3526927,76163.40329581,70.53639565,1.31221823,19313421719.943863,20024451876.391323,1.84734642,3652219
2026-05-28,range_1w_1m,1w-1m,632751.23600679,79044.94456733,70.53639565,3.15809198,46481264106.18045,50015786375.06634,4.61418293,10230318
2026-05-28,range_3m_6m,3-6m,1864195.02714844,83837.66036065,70.53639565,9.30428741,136941876161.55843,156289749532.0868,14.41843758,22517164
2026-05-28,range_12m_18m,1-1.5y,1353884.30525233,95713.16114432,70.53639565,6.75730195,99454968051.56912,129584546679.37827,11.95476161,28248017
2026-05-28,range_6m_12m,6-12m,3667470.23020441,104013.27695985,70.53639565,18.30452104,269408643825.79617,381465596796.24225,35.19192982,41151711
2026-05-27,range_10y_inf,>10y,3516793.78485532,111.5173839,70.74680901,17.55293113,261152259034.47952,392183642.5928087,0.03613626,15538828
2026-05-27,range_7y_10y,7-10y,1676135.07434939,6054.33443743,70.74680901,8.36588249,124467480293.63809,10147882302.41576,0.93503783,38686089
2026-05-27,range_5y_7y,5-7y,1423178.42486155,26962.30603884,70.74680901,7.10333173,105683268169.50864,38372172238.99829,3.53565715,37789300
2026-05-27,range_3y_5y,3-5y,1976887.89827377,32182.34433721,70.74680901,9.86699228,146800970450.8047,63620887058.30396,5.86210348,23807819
2026-05-27,range_2y_3y,2-3y,1118190.04497009,46587.20110079,70.74680901,5.58108153,83035251464.37291,52093344493.9187,4.79994213,60542677
2026-05-27,range_18m_2y,1.5-2y,1073058.67445277,69203.89085812,70.74680901,5.35582299,79683858097.30202,74259835391.1869,6.84238872,79934920
2026-05-27,range_1m_3m,1-3m,1281177.96798397,73251.75458117,70.74680901,6.39458268,95138509970.37703,93848534085.56213,8.64731449,20729052
2026-05-27,range_0d_1d,<1d,175171.18495437,75062.52046302,70.74680901,0.87430994,13007970744.71125,13148790655.169031,1.21154506,703343
2026-05-27,range_1d_1w,1d-1w,255368.66721602,76824.23552464,70.74680901,1.27458956,18963325235.98095,19618502635.815704,1.80767194,3539616
2026-05-27,range_1w_1m,1w-1m,644441.46743724,79011.9005206,70.74680901,3.21651976,47855335095.70107,50918545116.49978,4.69169473,10274947
2026-05-27,range_3m_6m,3-6m,1856537.63194032,83996.44913845,70.74680901,9.26630311,137863925559.59427,155942568774.90057,14.368732,22526740
2026-05-27,range_12m_18m,1-1.5y,1350282.93334141,95611.6322858,70.74680901,6.73949762,100270149445.88792,129102755304.42566,11.89567996,28034057
2026-05-27,range_6m_12m,6-12m,3688141.04033474,104070.0691165,70.74680901,18.40815517,273876270047.15524,383825092979.0503,35.36609624,41290037
2026-05-26,range_10y_inf,>10y,3516214.53310364,111.44399556,71.77535068,17.55042323,266804324701.56006,391860996.8057696,0.03609522,15526105
2026-05-26,range_7y_10y,7-10y,1668740.50283214,6038.77164756,71.77535068,8.32915677,126621165679.3547,10077142835.643232,0.92822895,38566868
2026-05-26,range_5y_7y,5-7y,1430718.68801572,26848.78869909,71.77535068,7.14112244,108560478833.18527,38413063742.37709,3.53831621,37902079
2026-05-26,range_3y_5y,3-5y,1976725.06876434,32191.00676989,71.77535068,9.86639502,149990506019.20984,63632770070.79584,5.86136174,23694984
2026-05-26,range_2y_3y,2-3y,1117772.60007452,46493.25034387,71.77535068,5.57911982,84814666717.60641,51968881322.78518,4.78697395,60258079
2026-05-26,range_18m_2y,1.5-2y,1070609.25269811,69062.07597757,71.77535068,5.34371419,81235992854.2909,73938497552.12572,6.81064615,80181026
2026-05-26,range_1m_3m,1-3m,1294076.04055719,73125.86996279,71.77535068,6.45910026,98192269232.38278,94630436263.75319,8.71662852,20542533
2026-05-26,range_0d_1d,<1d,164729.02374027,76349.11079998,71.77535068,0.82220924,12499355634.872623,12576914485.518066,1.1584887,688455
2026-05-26,range_1d_1w,1d-1w,248724.84743546,77012.39727374,71.77535068,1.2414562,18872814594.148792,19154896762.54979,1.76440188,3579740
2026-05-26,range_1w_1m,1w-1m,650225.92870919,79012.51663674,71.77535068,3.24546188,49338027637.23085,51375987009.77334,4.73236108,10188939
2026-05-26,range_3m_6m,3-6m,1858442.84090788,84187.43738343,71.77535068,9.2760149,141015453550.04678,156457540299.61023,14.41166618,22605022
2026-05-26,range_12m_18m,1-1.5y,1341918.69979704,95440.92419495,71.77535068,6.69789653,101822488114.1494,128073960903.10962,11.79718899,28001943
2026-05-26,range_6m_12m,6-12m,3696029.26833546,104149.39669897,71.77535068,18.44792953,280448358236.2743,384939218478.8718,35.45764242,41228521
2026-05-25,range_10y_inf,>10y,3515686.50061654,111.39226162,73.36730816,17.54816813,271789418558.19568,391620270.4362012,0.03606421,15512724
2026-05-25,range_7y_10y,7-10y,1668649.24234867,6035.18622992,73.36730816,8.32888184,128999331219.09064,10070608929.988632,0.92739979,38466873
2026-05-25,range_5y_7y,5-7y,1430591.23676505,26828.30499437,73.36730816,7.14064111,110595629151.41505,38380338022.19902,3.53443549,37999081
2026-05-25,range_3y_5y,3-5y,1977537.17232282,32196.02989533,73.36730816,9.87066246,152878727425.94705,63668845919.22916,5.8632477,23608482
2026-05-25,range_2y_3y,2-3y,1117185.58513875,46433.4839293,73.36730816,5.57631076,86366978555.45703,51874818913.58503,4.77713878,59621513
2026-05-25,range_18m_2y,1.5-2y,1067002.04087884,68921.62432109,73.36730816,5.32582504,82487407293.00273,73539513811.29045,6.77223497,80762526
2026-05-25,range_1m_3m,1-3m,1318024.54135614,72993.80785323,73.36730816,6.57877665,101893363835.99518,96207630117.58644,8.85973599,20266591
2026-05-25,range_1d_1w,1d-1w,313903.00455048,76925.00629966,73.36730816,1.56681283,24267099775.672253,24146990602.526302,2.22369017,3416190
2026-05-25,range_0d_1d,<1d,106761.39477519,77392.97050802,73.36730816,0.53288793,8253471236.790392,8262581477.230835,0.76089901,854236
2026-05-25,range_1w_1m,1w-1m,624457.33271314,79185.07713067,73.36730816,3.1169111,48275321290.09296,49447702055.70052,4.55362621,10340847
2026-05-25,range_3m_6m,3-6m,1845717.17770724,84423.17182329,73.36730816,9.21269725,142688035029.27573,155821298430.76907,14.34954343,22507059
2026-05-25,range_12m_18m,1-1.5y,1347127.05109187,95292.13254702,73.36730816,6.72403867,104143210117.30359,128370609510.32422,11.82161652,28041793
2026-05-25,range_6m_12m,6-12m,3701850.63970623,104195.10030671,73.36730816,18.47738625,286181328391.6523,385714698724.65607,35.52036772,41183589
2026-05-24,range_10y_inf,>10y,3515433.49072239,111.36201088,73.18938224,17.54735687,270856895012.62796,391485742.6295436,0.0360571,15499535
2026-05-24,range_7y_10y,7-10y,1669027.47198949,6034.63565845,73.18938224,8.33098414,128595122037.41147,10071972697.405228,0.92766117,38334089
2026-05-24,range_5y_7y,5-7y,1430179.34396547,26809.27559037,73.18938224,7.13876892,110192366728.03119,38342072176.02711,3.5314285,38126538
2026-05-24,range_3y_5y,3-5y,1975818.92864901,32208.80390368,73.18938224,9.86233986,152232770590.99658,63638764422.03034,5.86133543,23515990
2026-05-24,range_2y_3y,2-3y,1119603.69244465,46353.53849765,73.18938224,5.58852432,86263153770.52277,51897592859.840546,4.77993567,59038342
2026-05-24,range_18m_2y,1.5-2y,1061612.69824869,68762.22607909,73.18938224,5.2990611,81795067354.41898,72998852365.40958,6.72342972,81224787
2026-05-24,range_1m_3m,1-3m,1329744.22497405,72792.5897786,73.18938224,6.637445,102454048096.19447,96795525878.99908,8.91518009,20220985
2026-05-24,range_0d_1d,<1d,93170.01567688,76760.50292737,73.18938224,0.46506,7178557415.78313,7151777261.108615,0.65870175,692189
2026-05-24,range_1d_1w,1d-1w,343339.42511503,76894.46147646,73.18938224,1.71378564,26453594092.30863,26400900197.859,2.43160805,3411352
2026-05-24,range_1w_1m,1w-1m,614781.73534082,79268.17158719,73.18938224,3.06869538,47367663869.718605,48732624085.66376,4.48843184,10344373
2026-05-24,range_3m_6m,3-6m,1836776.48620019,84700.64310991,73.18938224,9.16830672,141519837367.81094,155576149630.3088,14.3290651,22407565
2026-05-24,range_12m_18m,1-1.5y,1351018.87421071,95250.25987578,73.18938224,6.74363784,104093215911.46735,128684898865.6495,11.85229418,28129956
2026-05-24,range_6m_12m,6-12m,3693470.90743358,104253.07417099,73.18938224,18.43603421,284574310521.61914,385055696461.0701,35.46487141,41096007
2026-05-23,range_10y_inf,>10y,3514937.2082682,111.3063976,72.72664392,17.54523818,269544863729.27258,391234998.4339868,0.03603548,15487982
2026-05-23,range_7y_10y,7-10y,1666743.49320016,6029.06590395,72.72664392,8.31975362,127815127590.18506,10048906365.47931,0.92557466,38160964
2026-05-23,range_5y_7y,5-7y,1430039.90149764,26746.38501871,72.72664392,7.13821875,109663384446.779,38248397797.56896,3.52294532,38288851
2026-05-23,range_3y_5y,3-5y,1978104.81206103,32225.43144638,72.72664392,9.87395166,151692038980.09573,63745281014.8261,5.87138684,23417552
2026-05-23,range_2y_3y,2-3y,1117868.68264522,46256.42265426,72.72664392,5.579978,85724365437.32306,51708606256.4015,4.76272479,58562359
2026-05-23,range_18m_2y,1.5-2y,1054117.20740676,68450.37447162,72.72664392,5.26175473,80835549026.8139,72154717583.96684,6.64595485,81504597
2026-05-23,range_1m_3m,1-3m,1107336.39899823,71540.33739403,72.72664392,5.52740482,84916691560.8999,79219219593.022,7.29664496,20086035
2026-05-23,range_0d_1d,<1d,100061.18970293,75617.31685681,72.72664392,0.49946764,7673246531.864416,7566358686.835832,0.69691463,793886
2026-05-23,range_1d_1w,1d-1w,332209.96298954,77094.07095449,72.72664392,1.65826659,25475700957.867485,25611418458.503704,2.35899102,3274986
2026-05-23,range_1w_1m,1w-1m,846687.08768283,78986.93325831,72.72664392,4.22634196,64928657938.4576,66877216485.477036,6.15986003,10302608
2026-05-23,range_3m_6m,3-6m,1836082.40266002,84853.68061447,72.72664392,9.16502946,140800973586.8225,155798349777.16257,14.3501192,22275245
2026-05-23,range_12m_18m,1-1.5y,1358525.75324761,95195.11000779,72.72664392,6.78124715,104179283251.6209,129325008528.8279,11.91173905,28279725
2026-05-23,range_6m_12m,6-12m,3690853.81961079,104311.65008116,72.72664392,18.42334743,283035124357.68823,384999052131.9432,35.46110916,41137176
2026-05-22,range_10y_inf,>10y,3514458.86012456,111.26065956,71.79676031,17.54329924,265284174945.38837,391021010.7813915,0.0360131,15475190
2026-05-22,range_7y_10y,7-10y,1665556.92572012,6025.52934826,71.79676031,8.31404342,125722312438.3307,10035862137.121431,0.92430459,38035514
2026-05-22,range_5y_7y,5-7y,1429046.92150132,26701.60947259,71.79676031,7.13344466,107869674569.27028,38157852815.929184,3.51434467,38404697
2026-05-22,range_3y_5y,3-5y,1969422.53968152,32268.11856683,71.79676031,9.83086453,148659197433.24194,63549560018.62488,5.85292519,23348975
2026-05-22,range_2y_3y,2-3y,1125028.01904727,45935.28924555,71.79676031,5.61585837,84921218799.76193,51678487464.2866,4.7595974,58048628
2026-05-22,range_18m_2y,1.5-2y,1040793.45816354,67917.51012292,71.79676031,5.19538052,78562886870.06754,70688100230.6895,6.51038594,81839702
2026-05-22,range_1m_3m,1-3m,1076413.60433159,71317.68022041,71.79676031,5.37318737,81251625439.42166,76767321218.61429,7.07028322,20195498
2026-05-22,range_0d_1d,<1d,175567.33694487,76591.41018264,71.79676031,0.87638822,13252463034.13212,13446949918.619135,1.23846635,818362
2026-05-22,range_1d_1w,1d-1w,246643.83547439,77273.70863584,71.79676031,1.23118431,18617576418.826157,19059083879.274956,1.75534484,3184175
2026-05-22,range_1w_1m,1w-1m,883530.12461624,78949.37380256,71.79676031,4.41036131,66692076782.45755,69754150074.14594,6.42436898,10052098
2026-05-22,range_3m_6m,3-6m,1848228.21424913,84892.55899152,71.79676031,9.22589278,139511007652.1116,156900822707.93954,14.45059221,22111824
2026-05-22,range_12m_18m,1-1.5y,1352531.5394728,94948.28385652,71.79676031,6.75149902,102094014417.89558,128420548534.76178,11.82755416,28370043
2026-05-22,range_6m_12m,6-12m,3705834.04064361,104409.58207325,71.79676031,18.49859626,279729871676.9818,386924583416.4338,35.63581934,41148566
2026-05-21,range_10y_inf,>10y,3513006.92856936,111.1304669,73.5296263,17.53647831,272465764344.6089,390402100.1802977,0.03594347,15455519
2026-05-21,range_7y_10y,7-10y,1667636.98856505,6021.60299478,73.5296263,8.32462915,129340475546.3314,10041847884.548628,0.92453104,37918145
2026-05-21,range_5y_7y,5-7y,1427617.18657141,26677.06840574,73.5296263,7.1264812,110724748296.77794,38084641343.37248,3.50636988,38518892
2026-05-21,range_3y_5y,3-5y,1970357.71731146,32274.92025571,73.5296263,9.83577205,152819232183.57983,63593138201.4412,5.85488156,23247672
2026-05-21,range_2y_3y,2-3y,1125148.55156794,45843.86250934,73.5296263,5.61659671,87265543831.1458,51581155500.66656,4.7489645,57743575
2026-05-21,range_18m_2y,1.5-2y,1018186.25161836,67157.69455798,73.5296263,5.08265468,78969640804.36523,68379041289.31959,6.29550922,82066425
2026-05-21,range_1m_3m,1-3m,1044869.29579219,70960.83772349,73.5296263,5.215853,81039154521.15836,74144800540.96675,6.8263501,20021253
2026-05-21,range_0d_1d,<1d,175963.04417551,77485.35165098,73.5296263,0.87838486,13647540782.73601,13634558355.515644,1.25530405,588975
2026-05-21,range_1d_1w,1d-1w,249448.247857,77979.3227858,73.5296263,1.24521354,19346989316.773003,19451805437.99391,1.79088531,3272143
2026-05-21,range_1w_1m,1w-1m,903213.79656712,78950.44801897,73.5296263,4.50872699,70052477109.25418,71309133895.88675,6.56527645,9975316
2026-05-21,range_3m_6m,3-6m,2015269.9924992,84990.53067376,73.5296263,10.05996835,156302589215.40512,171278866113.41183,15.76927169,22077981
2026-05-21,range_12m_18m,1-1.5y,1356982.16926794,94739.04602663,73.5296263,6.77388029,105246357741.21982,128559196191.5908,11.83616484,28415766
2026-05-21,range_6m_12m,6-12m,3564867.74960842,105391.63976782,73.5296263,17.79536085,276488044553.9169,375707257686.6484,34.5905479,41199313
2026-05-20,range_10y_inf,>10y,3513048.98134526,111.14050874,73.42384157,17.53703567,271856946622.01135,390442051.0244264,0.03594468,15440122
2026-05-20,range_7y_10y,7-10y,1668694.84429088,6015.61238738,73.42384157,8.33007486,129131784846.07848,10038221376.071987,0.92413366,37789145
2026-05-20,range_5y_7y,5-7y,1426519.87624889,26653.84376011,73.42384157,7.12114465,110391098988.9267,38022237902.236336,3.50038405,38643096
2026-05-20,range_3y_5y,3-5y,1970251.36901431,32285.48110198,73.42384157,9.83543603,152467706571.21875,63610513340.46499,5.85607893,23131313
2026-05-20,range_2y_3y,2-3y,1124742.50999626,45732.1175664,73.42384157,5.61468104,87038087463.97594,51436856699.07588,4.73535391,57512319
2026-05-20,range_18m_2y,1.5-2y,1007356.21465545,66711.81426259,73.42384157,5.02869216,77954160653.93698,67202560688.36454,6.18676818,82137192
2026-05-20,range_1m_3m,1-3m,1035512.08159352,70669.37261605,73.42384157,5.16924541,80132999621.43361,73178989142.55452,6.73696712,19901229
2026-05-20,range_0d_1d,<1d,152313.18176469,77333.94467019,73.42384157,0.76034286,11786740448.17212,11778979171.131807,1.08439043,730622
2026-05-20,range_1d_1w,1d-1w,273518.26540505,78634.41861083,73.42384157,1.36539502,21166183811.61648,21507949779.56775,1.980054,3275827
2026-05-20,range_1w_1m,1w-1m,923647.38285134,78740.99195912,73.42384157,4.61082017,71476361015.95798,72728911146.16255,6.69553226,9830943
2026-05-20,range_3m_6m,3-6m,2628390.20490937,85063.65335026,73.42384157,13.12084546,203397715042.459,223580473259.63785,20.58315254,22140654
2026-05-20,range_12m_18m,1-1.5y,1360489.01311021,94670.32408067,73.42384157,6.79152055,105281307200.93306,128797935779.3318,11.85733048,28575619
2026-05-20,range_6m_12m,6-12m,2947687.11978573,109901.89253475,73.42384157,14.71476613,228106475098.1972,323956393064.7471,29.82390975,41097035
2026-05-19,range_10y_inf,>10y,3512115.45768709,111.05063946,72.91881676,17.53279128,269512907452.85883,390022667.4182341,0.03590332,15425717
2026-05-19,range_7y_10y,7-10y,1668899.62968998,6011.42899846,72.91881676,8.33129469,128068110762.21165,10032471629.444857,0.92353355,37666571
2026-05-19,range_5y_7y,5-7y,1425316.3932699,26620.47105565,72.91881676,7.11530561,109376007087.01358,37942593792.18286,3.4927842,38758921
2026-05-19,range_3y_5y,3-5y,1972525.02373205,32294.77200125,72.91881676,9.84701954,151367732802.1682,63702245908.190735,5.86407453,23001206
2026-05-19,range_2y_3y,2-3y,1123090.91379101,45657.30037669,72.91881676,5.60656927,86183811767.12184,51277299201.28793,4.72030303,57223408
2026-05-19,range_18m_2y,1.5-2y,998297.4785476,66339.43414727,72.91881676,4.98358939,76607406330.3738,66226489837.49688,6.09644239,82371656
2026-05-19,range_1m_3m,1-3m,1002695.03936679,70365.40949892,72.91881676,5.0055424,76944866592.2472,70555047047.58163,6.4949053,19875819
2026-05-19,range_0d_1d,<1d,176699.97199944,76793.51352146,72.91881676,0.8821019,13559612083.98598,13569411688.980938,1.24912459,675342
2026-05-19,range_1w_1m,1w-1m,953933.95978375,78547.97700564,72.91881676,4.76212278,73203036209.02286,74929582737.99681,6.89760073,9771485
2026-05-19,range_1d_1w,1d-1w,253094.74378087,79282.38767894,72.91881676,1.26347137,19421998245.564503,20065955595.93567,1.84716029,3263534
2026-05-19,range_3m_6m,3-6m,2683050.68256684,85132.13123842,72.91881676,13.39402653,205892089543.7123,228413822827.61438,21.02650641,22001382
2026-05-19,range_12m_18m,1-1.5y,1355349.38108577,94544.97081249,72.91881676,6.7660241,104006874691.81812,128141467675.47571,11.79599097,28473556
2026-05-19,range_6m_12m,6-12m,2906627.36966987,110460.42828211,72.91881676,14.51014114,223048929546.77356,321067304110.2283,29.55567068,41268162
2026-05-18,range_10y_inf,>10y,3512415.14137368,111.07249327,73.11127028,17.53467576,270209996657.2416,390132707.1389092,0.03589984,15411170
2026-05-18,range_7y_10y,7-10y,1668125.35985303,6009.01756254,73.11127028,8.32761395,128328836361.14394,10023794583.86986,0.92238506,37567912
2026-05-18,range_5y_7y,5-7y,1394992.04609241,26296.21565765,73.11127028,6.96407806,107316698322.87819,36683011684.756905,3.3755542,38850310
2026-05-18,range_3y_5y,3-5y,2003598.82704682,32425.93620507,73.11127028,10.00236429,154136800625.1789,64968567746.378975,5.97837831,22900869
2026-05-18,range_2y_3y,2-3y,1122600.68766647,45591.30472684,73.11127028,5.60424616,86361638887.34996,51180830037.964066,4.7096369,56812450
2026-05-18,range_18m_2y,1.5-2y,989238.71071402,66020.65104242,73.11127028,4.93847662,76102105803.67485,65310183717.70089,6.00981366,82465910
2026-05-18,range_1m_3m,1-3m,1022565.48853981,70249.64370806,73.11127028,5.10485053,78665933871.38483,71834861238.07504,6.61021154,19618114
2026-05-18,range_0d_1d,<1d,151817.23097208,76860.31675883,73.11127028,0.75790185,11679295249.090004,11668720461.9625,1.0737504,662610
2026-05-18,range_1w_1m,1w-1m,950834.18440393,78459.54439358,73.11127028,4.74675357,73147646689.87718,74602016902.17566,6.86484396,9960340
2026-05-18,range_1d_1w,1d-1w,265557.55038385,79967.34862308,73.11127028,1.32571617,20429334777.739857,21235933211.036728,1.954121,3253356
2026-05-18,range_3m_6m,3-6m,2690641.07579284,85350.85531138,73.11127028,13.432216,206990941227.8302,229648517154.86008,21.13215301,21833464
2026-05-18,range_12m_18m,1-1.5y,1357434.70687188,94455.63435528,73.11127028,6.77658434,104427413287.71991,128217356333.46019,11.79850332,28551479
2026-05-18,range_6m_12m,6-12m,2901431.28526014,110621.8433342,73.11127028,14.4845227,223207026030.73953,320961677082.99066,29.53474881,41510199
2026-05-17,range_10y_inf,>10y,3512027.32127137,111.03394591,73.56474849,17.53312263,273129131145.72025,389954251.6135606,0.03587342,15396284
2026-05-17,range_7y_10y,7-10y,1665212.59878398,6002.16905074,73.56474849,8.31325443,129502998887.30054,9994887523.324564,0.91946888,37451318
2026-05-17,range_5y_7y,5-7y,1387422.7830873,26129.47308499,73.56474849,6.92644207,107899382496.61205,36252626268.18675,3.33502119,38954806
2026-05-17,range_3y_5y,3-5y,2014592.15281522,32470.62672196,73.56474849,10.05746483,156674124081.7615,65415069791.05996,6.01778869,22764705
2026-05-17,range_2y_3y,2-3y,1122908.39838382,45535.36085978,73.56474849,5.60590475,87328191711.15634,51132039132.88195,4.70383671,56700877
2026-05-17,range_18m_2y,1.5-2y,985731.85084583,65873.80490078,73.56474849,4.92107716,76660019793.5593,64933907627.10352,5.97352469,82140775
2026-05-17,range_1m_3m,1-3m,1042181.94028084,70155.4861921,73.56474849,5.2028934,81050123420.34459,73114780721.03217,6.72611528,19588715
2026-05-17,range_0d_1d,<1d,78689.8963393,78188.32899991,73.56474849,0.39284421,6119685597.810047,6152631503.946203,0.56600469,682644
2026-05-17,range_1w_1m,1w-1m,946182.32829159,78369.07265846,73.56474849,4.72363375,73584267316.6232,74151431634.03476,6.82148086,9883552
2026-05-17,range_1d_1w,1d-1w,334210.13805344,80127.88777181,73.56474849,1.66848,25991405042.254227,26779552434.14819,2.463556,3431775
2026-05-17,range_3m_6m,3-6m,2705646.02962361,85557.34065825,73.56474849,13.50741873,210417141342.5811,231487879057.16068,21.29547739,21502253
2026-05-17,range_12m_18m,1-1.5y,1359401.94985198,94413.76401179,73.56474849,6.78655344,105720212138.4579,128346254890.49759,11.80707508,28711588
2026-05-17,range_6m_12m,6-12m,2876607.40734268,110851.8828381,73.56474849,14.36091061,223712747636.15094,318877347289.9691,29.33477712,41824590
2026-05-16,range_10y_inf,>10y,3511224.78117481,110.94716003,74.05242003,17.52949897,274569068079.45703,389560417.693231,0.03583836,15383108
2026-05-16,range_7y_10y,7-10y,1665173.08330962,5997.87211618,74.05242003,8.31323873,130212404550.85406,9987495204.99624,0.91881879,37319996
2026-05-16,range_5y_7y,5-7y,1386627.95741811,26091.60118669,74.05242003,6.92262526,108430866654.40593,36179343659.26465,3.32838816,39079647
2026-05-16,range_3y_5y,3-5y,2015235.93917331,32485.47107056,74.05242003,10.06089855,157586451527.0113,65465888802.36343,6.02266009,22629969
2026-05-16,range_2y_3y,2-3y,1121356.45489299,45450.85177817,74.05242003,5.59827925,87687293179.17267,50966606021.83109,4.68877074,56432579
2026-05-16,range_18m_2y,1.5-2y,978895.16655295,65611.38316688,74.05242003,4.88705306,76547173814.94441,64226665852.9085,5.9086554,82108604
2026-05-16,range_1m_3m,1-3m,1023152.31311922,69858.92978966,74.05242003,5.1080032,80007972893.86038,71476325606.32239,6.57560176,19625283
2026-05-16,range_1w_1m,1w-1m,980670.64330187,78277.1106273,74.05242003,4.89591698,76686011692.53099,76764064434.68625,7.06205745,9667694
2026-05-16,range_0d_1d,<1d,82567.35894154,78306.14041397,74.05242003,0.4122107,6456562655.830717,6465531202.886504,0.59480895,758772
2026-05-16,range_1d_1w,1d-1w,331077.027253,80291.05136065,74.05242003,1.65287464,25889402274.313545,26582522599.501865,2.44551019,3516344
2026-05-16,range_3m_6m,3-6m,2746488.10378227,85797.88512,74.05242003,13.71161443,214768556883.58997,235642870811.7482,21.67841818,21267032
2026-05-16,range_12m_18m,1-1.5y,1367269.49282285,94373.9883341,74.05242003,6.82597972,106917082742.91528,129034675165.23312,11.87079261,29079051
2026-05-16,range_6m_12m,6-12m,2820638.97322842,111255.41877928,74.05242003,14.08180651,220566970938.49957,313811370191.6929,28.86967932,41822836
2026-05-15,range_10y_inf,>10y,3510507.03155897,110.88433651,74.61939989,17.52632855,277644736233.9367,389260243.0228469,0.03580914,15368788
2026-05-15,range_7y_10y,7-10y,1665644.51610349,5993.6703945,74.61939989,8.31578822,131735224620.15562,9983324223.932919,0.91839384,37234944
2026-05-15,range_5y_7y,5-7y,1385597.24775037,26059.17133142,74.61939989,6.91764249,109586387071.63571,36107516075.46719,3.32163112,39150170
2026-05-15,range_3y_5y,3-5y,2015598.70460352,32499.97126713,74.61939989,10.06294669,159412975294.5086,65506899985.67713,6.02616246,22477490
2026-05-15,range_2y_3y,2-3y,1120323.56238482,45366.16268087,74.61939989,5.59325438,88605986878.4435,50824780986.358826,4.67551338,56307592
2026-05-15,range_18m_2y,1.5-2y,979306.56063189,65540.00172833,74.61939989,4.88922209,77453003020.49472,64183753676.37686,5.90444254,82071112
2026-05-15,range_1m_3m,1-3m,1009732.06038798,69757.84844779,74.61939989,5.04112246,79859344833.40768,70436736041.41629,6.47967183,19739660
2026-05-15,range_1w_1m,1w-1m,986586.2698027,78157.29884131,74.61939989,4.92556629,78028752595.81796,77108917921.699,7.09346445,9731859
2026-05-15,range_0d_1d,<1d,185363.39797249,79848.95084153,74.61939989,0.92543322,14660324356.235008,14801072852.5243,1.36159198,697540
2026-05-15,range_1d_1w,1d-1w,239815.20916103,80575.5356798,74.61939989,1.19728578,18966898483.27457,19323238942.31307,1.77759865,3491931
2026-05-15,range_3m_6m,3-6m,2773248.29566319,85938.9348766,74.61939989,13.84553865,219335208458.10242,238330004677.65356,21.92464194,20944446
2026-05-15,range_12m_18m,1-1.5y,1361695.59397033,94305.06016003,74.61939989,6.79831265,107696013886.32207,128414784909.02603,11.81323427,29252097
2026-05-15,range_6m_12m,6-12m,2796486.96998018,111436.75330553,74.61939989,13.96155854,221173146836.56558,311631428595.8062,28.6678444,41830018
2026-05-14,range_10y_inf,>10y,3510279.86794026,110.85088052,75.93345402,17.5255909,284518887589.02423,389117614.2367327,0.03579356,15354762
2026-05-14,range_7y_10y,7-10y,1665229.1357935,5991.77922211,75.93345402,8.3139025,134971899427.15475,9977685335.900728,0.91781205,37156545
2026-05-14,range_5y_7y,5-7y,1384873.41250492,26021.51163176,75.93345402,6.91418513,112248213134.27579,36036499612.010765,3.31487038,39216215
2026-05-14,range_3y_5y,3-5y,2013218.80707988,32523.01677473,75.93345402,10.05129235,163177523449.08417,65475949033.86662,6.02290141,22325572
2026-05-14,range_2y_3y,2-3y,1122839.82259099,45255.9806358,75.93345402,5.60594372,91009591623.16078,50815217268.282936,4.67431245,56167024
2026-05-14,range_18m_2y,1.5-2y,975318.71285282,65363.92683496,75.93345402,4.86942278,79052555826.11737,63750660987.682205,5.86419825,82102550
2026-05-14,range_1m_3m,1-3m,1000209.70053132,69626.49427344,75.93345402,4.99369471,81070046280.35698,69641094986.28691,6.40603848,19812263
2026-05-14,range_1w_1m,1w-1m,1017002.33360733,77988.52038129,75.93345402,5.07753442,82431140398.83833,79314507222.3553,7.29586152,9631829
2026-05-14,range_1d_1w,1d-1w,235912.85668948,80276.09655379,75.93345402,1.17782979,19121456430.374306,18938163261.885887,1.74205478,3400038
2026-05-14,range_0d_1d,<1d,173758.76369032,80922.21385425,75.93345402,0.8675163,14083677659.303759,14060943834.39775,1.29341658,734935
2026-05-14,range_3m_6m,3-6m,2766662.89790839,86045.9430414,75.93345402,13.8129733,224246464572.81216,238060118128.17456,21.89830986,21001202
2026-05-14,range_12m_18m,1-1.5y,1354904.82760483,94197.78321527,75.93345402,6.76456254,109819167941.5362,127629031228.04852,11.74014402,29420749
2026-05-14,range_6m_12m,6-12m,2809241.15617692,111427.7470454,75.93345402,14.02555155,227697562244.16357,313027412940.0037,28.79428666,41585207
2026-05-13,range_10y_inf,>10y,3509461.56924214,110.76940782,74.83828966,17.52191822,278178886833.37354,388740979.7930282,0.03576074,15329700
2026-05-13,range_7y_10y,7-10y,1665403.49612741,5987.91565863,74.83828966,8.31496892,132008879863.92047,9972295672.405218,0.91736315,37079824
2026-05-13,range_5y_7y,5-7y,1383885.4139167,25958.29089289,74.83828966,6.90941518,109694235526.68304,35923300136.87998,3.30462642,39296227
2026-05-13,range_3y_5y,3-5y,2014864.95648004,32548.21307362,74.83828966,10.059748,159709083474.65628,65580253918.082954,6.03280431,22159384
2026-05-13,range_2y_3y,2-3y,1121924.8655535,45194.54866461,74.83828966,5.60150763,88929826998.43362,50704887934.29928,4.66440198,56082559
2026-05-13,range_18m_2y,1.5-2y,972379.98052139,65207.3506759,74.83828966,4.8548651,77076091367.17534,63406322380.08326,5.8328218,82068162
2026-05-13,range_1m_3m,1-3m,976247.92403715,69277.37605108,74.83828966,4.87417684,77382685470.09377,67631894552.60508,6.22153713,19728119
2026-05-13,range_1w_1m,1w-1m,1024159.91958228,77645.98731563,74.83828966,5.11339019,81180449122.36478,79521908125.0673,7.31531339,9704309
2026-05-13,range_0d_1d,<1d,190680.10164273,79702.38195908,74.83828966,0.95202101,15114335167.859867,15197658293.124928,1.39805037,675182
2026-05-13,range_1d_1w,1d-1w,244355.86537402,80708.10537412,74.83828966,1.2200115,19368966230.23273,19721498931.390926,1.81420377,3301380
2026-05-13,range_3m_6m,3-6m,2749338.00371292,86219.85502966,74.83828966,13.7267996,217927385814.54477,237047524107.66,21.80627915,20952790
2026-05-13,range_12m_18m,1-1.5y,1356970.63926639,94140.32264629,74.83828966,6.77503603,107560825057.9053,127745653802.07716,11.75147219,29643340
2026-05-13,range_6m_12m,6-12m,2819307.68451429,111452.50854636,74.83828966,14.0761418,223473560785.65714,314218913803.13763,28.9053656,41424896
2026-05-12,range_10y_inf,>10y,3509298.47578482,110.76042955,75.40453057,17.52148393,282392783070.10175,388691406.6022006,0.03575674,15315026
2026-05-12,range_7y_10y,7-10y,1664861.85826677,5985.6196205,75.40453057,8.31244492,133971213000.9321,9965229804.270784,0.91672763,37003552
2026-05-12,range_5y_7y,5-7y,1383524.09794511,25900.94886899,75.40453057,6.90776103,111332000728.69153,35834586919.88799,3.29651765,39360651
2026-05-12,range_3y_5y,3-5y,2015189.97026314,32570.83798735,75.40453057,10.06158892,162162069725.43015,65636426035.16895,6.03806701,21933841
2026-05-12,range_2y_3y,2-3y,1123655.16225951,45114.42397739,75.40453057,5.61026826,90420381928.49529,50693055394.55748,4.66338714,55931601
2026-05-12,range_18m_2y,1.5-2y,968161.66942041,65031.03903546,75.40453057,4.8339089,77907841175.65884,62960559316.71382,5.79190701,82223401
2026-05-12,range_1m_3m,1-3m,1007066.04871408,69149.07243396,75.40453057,5.02815355,81038471419.32808,69637683148.31589,6.40615315,19548963
2026-05-12,range_1w_1m,1w-1m,1017482.78344296,77427.25268993,75.40453057,5.08016299,81876704681.87025,78780896581.28685,7.24726133,9831650
2026-05-12,range_1d_1w,1d-1w,260598.78556008,80762.10869289,75.40453057,1.30113681,20970349722.82934,21046507444.638744,1.93612343,3239965
2026-05-12,range_0d_1d,<1d,172339.40256509,80781.15421233,75.40453057,0.86046886,13868128874.991295,13921775855.47083,1.28070068,644656
2026-05-12,range_3m_6m,3-6m,2751076.98067008,86594.32411137,75.40453057,13.73577979,221378799886.1436,238227651719.47757,21.9151866,20930647
2026-05-12,range_12m_18m,1-1.5y,1355541.93584268,94059.26981888,75.40453057,6.76804963,109080279854.29176,127501284694.22986,11.72917764,29849647
2026-05-12,range_6m_12m,6-12m,2799748.87423623,111599.0574471,75.40453057,13.97879241,225295420708.30466,312449335453.3503,28.74303398,41265318
2026-05-11,range_10y_inf,>10y,3507711.61840401,110.59839882,76.25453805,17.51392712,286441523964.04926,387947288.5127578,0.03569216,15297047
2026-05-11,range_7y_10y,7-10y,1665523.09042274,5978.63782772,76.25453805,8.31592024,136007467009.23756,9957559351.337069,0.91612128,36936238
2026-05-11,range_5y_7y,5-7y,1380582.20267326,25811.37654344,76.25453805,6.89321664,112739048448.71567,35634727082.37128,3.27848729,39414985
2026-05-11,range_3y_5y,3-5y,2019269.42819572,32611.88381098,76.25453805,10.08216794,164894573793.26025,65852179975.374794,6.0585713,21728510
2026-05-11,range_2y_3y,2-3y,1123859.39464821,45079.92878666,76.25453805,5.61140529,91774932704.07988,50663501476.9593,4.6611735,55704725
2026-05-11,range_18m_2y,1.5-2y,959038.81453295,64746.86616465,76.25453805,4.78845975,78315599872.62703,62094757771.269844,5.71287872,82400975
2026-05-11,range_1m_3m,1-3m,1019825.03590217,69103.23340638,76.25453805,5.09196402,83279433784.64561,70473207489.61617,6.48371782,19278627
2026-05-11,range_1w_1m,1w-1m,944738.7441961,77023.3485754,76.25453805,4.71705981,77147848818.46707,72766941606.90414,6.6947473,9987524
2026-05-11,range_1d_1w,1d-1w,344072.92419643,80780.20667376,76.25453805,1.71794856,28097170886.138874,27794281927.432945,2.557146,3046374
2026-05-11,range_0d_1d,<1d,155119.02358007,81391.65933025,76.25453805,0.77450588,12667098765.179308,12625394722.870607,1.16156905,843336
2026-05-11,range_3m_6m,3-6m,2763074.89841535,86815.93256435,76.25453805,13.79597232,225634108738.11038,239878924051.06174,22.06948299,20925980
2026-05-11,range_12m_18m,1-1.5y,1358468.71333614,93968.18937727,76.25453805,6.78280447,110933249604.63354,127652845317.86249,11.74439276,29953019
2026-05-11,range_6m_12m,6-12m,2786843.40646781,111647.32818079,76.25453805,13.91464796,227575057256.56247,311143620390.3699,28.62601983,41209136
2026-05-10,range_10y_inf,>10y,3507155.23834931,110.54033232,76.42307321,17.51159997,288703075814.36346,387682105.5575636,0.03567588,15284524
2026-05-10,range_7y_10y,7-10y,1664758.24872391,5975.2063888,76.42307321,8.3123154,137040077849.57263,9947274123.586836,0.91538338,36851532
2026-05-10,range_5y_7y,5-7y,1355921.13269716,25239.24973149,76.42307321,6.77025876,111617129829.59119,34222432084.34618,3.14926936,39483015
2026-05-10,range_3y_5y,3-5y,2033529.54378223,32928.29643008,76.42307321,10.15362979,167396705919.87515,66960663616.995285,6.16195734,21580167
2026-05-10,range_2y_3y,2-3y,1132628.26018824,44808.57703872,76.42307321,5.65533364,93236038968.30064,50751460652.87159,4.67032909,55279920
2026-05-10,range_18m_2y,1.5-2y,944414.2041141,64252.71648149,76.42307321,4.7155608,77742576829.54565,60681178098.03657,5.58409685,82785401
2026-05-10,range_1m_3m,1-3m,1043737.61206318,69077.01431771,76.42307321,5.21149316,85918711453.33278,72098277972.42436,6.6347388,19202405
2026-05-10,range_1w_1m,1w-1m,903872.87018567,76808.93654366,76.42307321,4.51313359,74405282923.99734,69425513929.62515,6.38878159,9904669
2026-05-10,range_1d_1w,1d-1w,451573.99361426,80528.13901737,76.42307321,2.25475709,37172805893.69444,36364413334.39755,3.34638206,2866157
2026-05-10,range_0d_1d,<1d,79443.49891284,81190.69777511,76.42307321,0.39666986,6539654201.445297,6450073110.429916,0.59355856,815895
2026-05-10,range_3m_6m,3-6m,2764395.7074718,87115.51252397,76.42307321,13.80292245,227560369951.22107,240821748875.47507,22.16126994,20980625
2026-05-10,range_12m_18m,1-1.5y,1377394.38832118,93868.40908338,76.42307321,6.87747701,113384771842.87157,129293819912.07892,11.89807506,30090137
2026-05-10,range_6m_12m,6-12m,2768786.97154708,111700.15391469,76.42307321,13.8248485,227921851368.23505,309273930878.80194,28.46048208,41081039
2026-05-09,range_10y_inf,>10y,3506932.58882771,110.58968934,75.82185364,17.5108981,282914479518.42834,387830585.5305198,0.03569648,15269762
2026-05-09,range_7y_10y,7-10y,1664980.79914368,5971.35875724,75.82185364,8.3136212,134318856797.69276,9942197675.609182,0.91509395,36765048
2026-05-09,range_5y_7y,5-7y,1354483.50011862,25160.13405637,75.82185364,6.7632388,109270134154.60454,34078986440.12298,3.13667815,39550995
2026-05-09,range_3y_5y,3-5y,2030969.86255589,32976.24998981,75.82185364,10.14108638,163844261909.4331,66973769909.41964,6.16436058,21412148
2026-05-09,range_2y_3y,2-3y,1136078.66560635,44675.40270802,75.82185364,5.67269465,91650779201.16292,50754771893.95142,4.67154104,54898713
2026-05-09,range_18m_2y,1.5-2y,937809.13260313,64049.28996776,75.82185364,4.68269057,75655797742.81712,60066009068.510666,5.52856049,83196722
2026-05-09,range_1m_3m,1-3m,1053236.89307942,69046.50561476,75.82185364,5.25904717,84967691812.6269,72722327051.68056,6.69346591,19181485
2026-05-09,range_1w_1m,1w-1m,913830.47432228,76710.06222953,75.82185364,4.56295977,73721369448.2189,70099992552.49913,6.45210253,9707075
2026-05-09,range_1d_1w,1d-1w,432193.53249048,80484.26593878,75.82185364,2.15803889,34866312710.233345,34784779205.98493,3.20164031,2848428
2026-05-09,range_0d_1d,<1d,98321.10579984,80517.95366788,75.82185364,0.49093925,7931850347.410439,7916614241.3658905,0.72865638,707374
2026-05-09,range_3m_6m,3-6m,2769076.81838949,87447.49293332,75.82185364,13.82661935,223389502643.13046,242148825507.92868,22.28772064,21021217
2026-05-09,range_12m_18m,1-1.5y,1383993.31458848,93780.16842807,75.82185364,6.9105879,111650776949.97023,129791126145.42453,11.94615896,30179327
2026-05-09,range_6m_12m,6-12m,2745236.23244559,111757.3036932,75.82185364,13.70757798,221466213046.62656,306800199339.0084,28.23832459,40935468
2026-05-08,range_10y_inf,>10y,3506486.36578396,110.54329389,75.69346502,17.5091372,281082385344.62366,387618552.8621787,0.03568158,15256537
2026-05-08,range_7y_10y,7-10y,1664926.31718135,5969.45836579,75.69346502,8.31357098,133461651305.10773,9938708332.51791,0.91489126,36693896
2026-05-08,range_5y_7y,5-7y,1351350.31673539,25050.90463115,75.69346502,6.74777416,108325181061.77592,33852547907.81006,3.11623998,39603710
2026-05-08,range_3y_5y,3-5y,2032636.17898453,33032.28697657,75.69346502,10.14967749,162937529517.24838,67142621583.17101,6.18070234,21193619
2026-05-08,range_2y_3y,2-3y,1137112.06985741,44603.75843916,75.69346502,5.67800618,91151694219.75603,50719472082.169464,4.66889663,54748424
2026-05-08,range_18m_2y,1.5-2y,934947.57513246,63959.06148429,75.69346502,4.66852674,74946047745.90329,59798369442.48628,5.50463942,83298004
2026-05-08,range_1m_3m,1-3m,1050989.64748153,69019.692067,75.69346502,5.2479662,84248060956.18925,72538981834.77605,6.6774553,19146410
2026-05-08,range_1w_1m,1w-1m,929689.5569114,76579.96007812,75.69346502,4.64227158,74524561349.09804,71195589153.31902,6.55379152,9747907
2026-05-08,range_0d_1d,<1d,151230.63826743,80012.32249563,75.69346502,0.75514852,12122753122.952866,12100314600.273859,1.11387433,643510
2026-05-08,range_1d_1w,1d-1w,368129.34391719,80558.48546988,75.69346502,1.83820113,29509504190.08996,29655942402.989807,2.72992844,2761895
2026-05-08,range_3m_6m,3-6m,2786468.98699146,87672.85999916,75.69346502,13.91383359,223365291590.76517,244297705388.5067,22.48841887,20901104
2026-05-08,range_12m_18m,1-1.5y,1383688.86544613,93685.91933713,75.69346502,6.90925207,110917461613.29771,129632163435.86441,11.93307316,30412825
2026-05-08,range_6m_12m,6-12m,2728952.68228072,111788.92821262,75.69346502,13.62663417,218754744610.72906,305066695495.1031,28.08240716,40806253
2026-05-07,range_10y_inf,>10y,3505602.81660538,110.45028159,75.65043647,17.50512686,280559641625.3707,387194818.2541405,0.03564493,15238241
2026-05-07,range_7y_10y,7-10y,1665434.05357746,5966.18132537,75.65043647,8.31629705,133287655694.78908,9936281549.09681,0.91472827,36633356
2026-05-07,range_5y_7y,5-7y,1350475.2118627,24995.99611267,75.65043647,6.74355914,108080938225.35191,33756473145.980923,3.10760119,39652022
2026-05-07,range_3y_5y,3-5y,2033589.74827608,33058.47092442,75.65043647,10.15467193,162751812123.95462,67227367565.57662,6.18891218,21001614
2026-05-07,range_2y_3y,2-3y,1136348.13856373,44550.15814092,75.65043647,5.67432175,90943966899.76917,50624489276.157074,4.6604609,54715676
2026-05-07,range_18m_2y,1.5-2y,935033.43834622,63920.45509363,75.65043647,4.66906259,74832392628.03343,59767762906.85071,5.50218533,83236210
2026-05-07,range_1m_3m,1-3m,1042697.93992451,68964.14922297,75.65043647,5.20668218,83448974585.20714,71908776323.43944,6.61987993,19108953
2026-05-07,range_1w_1m,1w-1m,932921.29052014,76335.92027298,75.65043647,4.65851564,74663353672.92482,71215405254.1121,6.5560486,9736815
2026-05-07,range_1d_1w,1d-1w,326343.07632496,80244.8794315,75.65043647,1.62958477,26117818055.98612,26187360813.002186,2.41079314,2831513
2026-05-07,range_0d_1d,<1d,199883.85314869,80334.89872433,75.65043647,0.99811427,15997061030.547277,16057649099.328613,1.47825779,581799
2026-05-07,range_3m_6m,3-6m,2779408.83854474,87770.06574601,75.65043647,13.87889811,222441043229.0795,243948896494.1214,22.45779287,20873970
2026-05-07,range_12m_18m,1-1.5y,1381213.08738028,93618.88275984,75.65043647,6.89704783,110540945188.68733,129307626093.80482,11.9039845,30680236
2026-05-07,range_6m_12m,6-12m,2737197.67689607,111767.4885582,75.65043647,13.66811789,219062808727.2573,305929710034.0219,28.16371035,40645174
2026-05-06,range_10y_inf,>10y,3504998.0145683,110.38195309,75.99929606,17.50249462,285171686650.54694,386888526.4144777,0.03561848,15219634
2026-05-06,range_7y_10y,7-10y,1662310.42054545,5963.55620363,75.99929606,8.30088322,135247970011.22195,9913281620.809952,0.91265583,36548072
2026-05-06,range_5y_7y,5-7y,1353287.38982038,24892.8591534,75.99929606,6.75775141,110105411151.14624,33687192388.876705,3.10137588,39725734
2026-05-06,range_3y_5y,3-5y,2032346.81454864,33088.98024433,75.99929606,10.14869026,165354663984.0495,67248283596.223,6.19114239,20792129
2026-05-06,range_2y_3y,2-3y,1137705.81627138,44453.14009381,75.99929606,5.68122716,92565383828.95692,50574596036.25148,4.65609691,54730487
2026-05-06,range_18m_2y,1.5-2y,933784.89902046,63857.80556941,75.99929606,4.66293136,75974084297.81186,59629454525.299,5.48972291,83205528
2026-05-06,range_1m_3m,1-3m,1086643.47072038,68891.64340338,75.99929606,5.42624316,88410877850.75449,74860654491.47829,6.89196729,18968482
2026-05-06,range_1w_1m,1w-1m,927474.51779975,76157.30818112,75.99929606,4.63141996,75460662592.9669,70633962682.20662,6.50284136,9903084
2026-05-06,range_1d_1w,1d-1w,346873.21829004,79284.23874219,75.99929606,1.73213982,28222104635.30249,27501579052.17812,2.5319039,2739987
2026-05-06,range_0d_1d,<1d,178715.31181467,81519.17572903,75.99929606,0.89242955,14540535169.673985,14568724909.28845,1.34125431,598426
2026-05-06,range_3m_6m,3-6m,2740434.23367602,88231.42147185,75.99929606,13.68458277,222965676249.7607,241792407887.3497,22.26036332,20842391
2026-05-06,range_12m_18m,1-1.5y,1383062.33614435,93546.01096332,75.99929606,6.90643504,112527943668.3813,129379964459.91896,11.91123013,30876006
2026-05-06,range_6m_12m,6-12m,2738068.97675114,111766.55766624,75.99929606,13.67277167,222773235539.71567,306024544184.20636,28.17382728,40662759
2026-05-05,range_10y_inf,>10y,3504195.05357773,110.2948787,75.98767435,17.49887,283668902443.5813,386494768.3886224,0.03559357,15206657
2026-05-05,range_7y_10y,7-10y,1662684.53628473,5960.76548244,75.98767435,8.30293409,134596359593.69753,9910872592.073786,0.91272462,36455643
2026-05-05,range_5y_7y,5-7y,1345273.54454796,24673.21211995,75.98767435,6.71788143,108901549152.83205,33192219523.98708,3.05677987,39794304
2026-05-05,range_3y_5y,3-5y,2041462.44518471,33190.25001755,75.98767435,10.19443421,165258897507.45602,67756648957.111855,6.23993104,20564117
2026-05-05,range_2y_3y,2-3y,1136822.73770794,44400.8130732,75.98767435,5.67694235,92027199784.23296,50475853874.33463,4.6484862,54594051
2026-05-05,range_18m_2y,1.5-2y,929524.1622763,63775.27257558,75.98767435,4.64175716,75246124966.27351,59280656814.75625,5.45934925,83327034
2026-05-05,range_1m_3m,1-3m,1142666.64161421,68812.87191918,75.98767435,5.706125,92500270997.94432,78630173255.7201,7.2413094,18891971
2026-05-05,range_1w_1m,1w-1m,910321.61311629,76091.51574689,75.98767435,4.54586555,73691654977.85849,69267751359.1748,6.37909339,10015498
2026-05-05,range_1d_1w,1d-1w,309319.35821536,78040.11511916,75.98767435,1.54464553,25039782748.37143,24139318323.71005,2.22306864,2616618
2026-05-05,range_0d_1d,<1d,231286.38791301,81101.31546058,75.98767435,1.15497293,18722917761.794792,18757630307.871944,1.72745142,649106
2026-05-05,range_3m_6m,3-6m,2715727.88872479,88879.11076576,75.98767435,13.56150801,219841515027.3818,241371479831.63574,22.2286877,20905616
2026-05-05,range_12m_18m,1-1.5y,1383048.38522439,93446.63104886,75.98767435,6.90651734,111959468997.7116,129241212176.78796,11.90224522,31093230
2026-05-05,range_6m_12m,6-12m,2712932.04058354,111851.46445429,75.98767435,13.5475464,219615187679.30295,303445421704.2289,27.94527969,40543955
2026-05-04,range_10y_inf,>10y,3503245.40909785,110.1986561,75.84051626,17.49453728,279553903880.04956,386052936.0753403,0.03557109,15195573
2026-05-04,range_7y_10y,7-10y,1662900.12422328,5957.34786738,75.84051626,8.30420505,132697018679.30226,9906474508.700317,0.91278691,36382904
2026-05-04,range_5y_7y,5-7y,1344704.1658908,24619.62741478,75.84051626,6.71519532,107305442593.97017,33106115547.337486,3.05041203,39845554
2026-05-04,range_3y_5y,3-5y,2042728.79476057,33210.47936899,75.84051626,10.20099676,163006795830.08786,67840002494.83484,6.25080763,20381338
2026-05-04,range_2y_3y,2-3y,1137087.58509155,44366.91877881,75.84051626,5.67839784,90737940493.79489,50449072532.15206,4.6483997,54291039
2026-05-04,range_18m_2y,1.5-2y,914698.971408,63577.41089868,75.84051626,4.56783165,72991651589.15363,58154192353.807076,5.35835283,83650197
2026-05-04,range_1m_3m,1-3m,1160994.57555941,68924.28930255,75.84051626,5.79778477,92645683667.5837,80020726004.55266,7.37314484,18558371
2026-05-04,range_1w_1m,1w-1m,922873.38933346,76038.59602228,75.84051626,4.60865313,73643958286.55907,70173996831.24283,6.46586289,10245746
2026-05-04,range_1d_1w,1d-1w,276935.10908115,77047.53694745,75.84051626,1.38296095,22099020144.015396,21337168048.97517,1.96601604,2598701
2026-05-04,range_0d_1d,<1d,242342.05467521,79807.38555982,75.84051626,1.21020985,19338544562.94389,19340685794.82391,1.78205928,644067
2026-05-04,range_3m_6m,3-6m,2732306.38426437,89154.21754783,75.84051626,13.6446153,218034087573.15317,243596637790.02356,22.44510121,20893364
2026-05-04,range_12m_18m,1-1.5y,1391139.05246789,93211.24852928,75.84051626,6.94708225,111010879211.43959,129669807958.37616,11.94783306,31198010
2026-05-04,range_6m_12m,6-12m,2692840.42911742,111896.29384068,75.84051626,13.44752987,214884761578.73874,301318863922.592,27.76365248,40571424
2026-05-03,range_10y_inf,>10y,3502296.3792223,110.10054997,75.5661701,17.49020469,275177864331.4788,385604757.5205497,0.0355677,15184633
2026-05-03,range_7y_10y,7-10y,1662794.50652725,5955.02719886,75.5661701,8.3038707,130646921786.18188,9901986512.478586,0.91334683,36271900
2026-05-03,range_5y_7y,5-7y,1343557.14975556,24533.48863531,75.5661701,6.70962335,105564220455.58609,32962144064.41442,3.04038686,39936341
2026-05-03,range_3y_5y,3-5y,2044315.37736345,33244.27455409,75.5661701,10.20915723,160623282170.02356,67961781680.22474,6.26870958,20309086
2026-05-03,range_2y_3y,2-3y,1150784.19701302,44129.24708391,75.5661701,5.74692972,90417915376.64685,50783240170.24734,4.68418244,53818970
2026-05-03,range_18m_2y,1.5-2y,910872.23690652,63539.88678395,75.5661701,4.54882744,71567865677.44199,57876718807.67974,5.33847602,84034103
2026-05-03,range_1m_3m,1-3m,1188182.3663481,69082.19458506,75.5661701,5.93369337,93356315572.75461,82082245434.5922,7.57116346,18574091
2026-05-03,range_1w_1m,1w-1m,890520.26561659,75914.21992689,75.5661701,4.44719123,69968797126.95508,67603151293.36874,6.23562996,10089448
2026-05-03,range_1d_1w,1d-1w,434337.41273131,77145.2243623,75.5661701,2.16904837,34126192844.1367,33507057154.099533,3.09064896,2598627
2026-05-03,range_0d_1d,<1d,86927.41033656,78614.29611939,75.5661701,0.43410895,6829947137.024521,6833737177.090055,0.63033535,673417
2026-05-03,range_3m_6m,3-6m,2752148.88878166,89419.56349229,75.5661701,13.74402455,216238253858.2752,246095952300.64624,22.69958225,20849970
2026-05-03,range_12m_18m,1-1.5y,1396341.42249474,93098.30463665,75.5661701,6.97322404,109711517505.83836,129997019128.19017,11.99076214,31300527
2026-05-03,range_6m_12m,6-12m,2661252.8068739,112034.62145853,75.5661701,13.29009635,209096485433.45938,298152450823.5662,27.50120844,40606573
2026-05-02,range_10y_inf,>10y,3501737.24178888,110.04293215,75.65163803,17.48782724,275497423934.0772,385341433.7148426,0.03555168,15172847
2026-05-02,range_7y_10y,7-10y,1664901.46928729,5947.15878886,75.65163803,8.31458994,130985289364.08478,9901433405.663506,0.91350837,36153212
2026-05-02,range_5y_7y,5-7y,1322013.00025677,24023.99110535,75.65163803,6.6021901,104008710771.24039,31760028559.331337,2.93018705,40034687
2026-05-02,range_3y_5y,3-5y,2065370.75684962,33475.90777912,75.65163803,10.31455089,162492010020.19412,69140160985.98567,6.37888608,20194200
2026-05-02,range_2y_3y,2-3y,1148510.760505,44052.96386081,75.65163803,5.73571241,90358508943.42229,50595303026.27619,4.66793351,53669053
2026-05-02,range_18m_2y,1.5-2y,912298.83776912,63513.64452714,75.65163803,4.55605985,71774654209.93408,57943424084.588585,5.34587273,84115745
2026-05-02,range_1m_3m,1-3m,1207757.01134187,69286.13656572,75.65163803,6.03159075,95019678059.28992,83680817226.03712,7.72041015,18501975
2026-05-02,range_1w_1m,1w-1m,895976.03004508,75802.58528901,75.65163803,4.47454305,70490465486.21161,67917299434.40257,6.26606461,9774423
2026-05-02,range_1d_1w,1d-1w,394005.93741154,76972.27800064,75.65163803,1.96768269,30998219819.645412,30327534548.3444,2.79802484,2797959
2026-05-02,range_0d_1d,<1d,122758.89818508,78455.84800258,75.65163803,0.61306325,9657994840.783146,9631153456.972273,0.88857228,596710
2026-05-02,range_3m_6m,3-6m,2765517.91454637,89754.42761341,75.65163803,13.81111607,217575737039.55283,248217477474.74225,22.90059771,20840010
2026-05-02,range_12m_18m,1-1.5y,1383998.9931772,93009.6469546,75.65163803,6.91175083,108885427723.55247,128725257740.9308,11.87621989,31434465
2026-05-02,range_6m_12m,6-12m,2639008.56880714,112036.61756434,75.65163803,13.17932293,207622677615.55716,295665593772.45953,27.2781711,40636952
2026-05-01,range_10y_inf,>10y,3501231.62975368,109.99332699,75.35620199,17.48567332,273531640734.50916,385112115.5089809,0.03553416,15159872
2026-05-01,range_7y_10y,7-10y,1664974.47552935,5945.62266839,75.35620199,8.31513103,130075141616.5694,9899309984.001898,0.91340591,36025121
2026-05-01,range_5y_7y,5-7y,1316790.79910212,23862.60260837,75.35620199,6.57624978,102873498777.29973,31422055557.329426,2.8993022,40143427
2026-05-01,range_3y_5y,3-5y,2069470.93531186,33549.12730357,75.35620199,10.33524672,161676187195.8915,69428943859.81172,6.40618464,20107267
2026-05-01,range_2y_3y,2-3y,1146278.10329497,43963.58221058,75.35620199,5.72468393,89552295731.53743,50394491630.39193,4.64988232,53367892
2026-05-01,range_18m_2y,1.5-2y,915143.67799978,63477.9929087,75.35620199,4.57036411,71495056089.36357,58091483902.51155,5.36008113,84279855
2026-05-01,range_1m_3m,1-3m,1205630.7054141,69418.47577956,75.35620199,6.02109968,94189182506.3351,83693045922.88695,7.72232841,18399343
2026-05-01,range_1w_1m,1w-1m,902395.24911412,75580.67333832,75.35620199,4.50669656,70499092657.45343,68203640545.345985,6.29312633,9659656
2026-05-01,range_1d_1w,1d-1w,339165.73345637,76572.03075703,75.35620199,1.69384429,26497121402.896404,25970608973.95103,2.39629911,2767706
2026-05-01,range_0d_1d,<1d,177913.13737312,78061.05978658,75.35620199,0.88852476,13899358145.955435,13888088053.30163,1.28144908,681185
2026-05-01,range_3m_6m,3-6m,2770122.17003096,89895.17064469,75.35620199,13.83440356,216414148599.73563,249020605181.57263,22.97704514,20876323
2026-05-01,range_12m_18m,1-1.5y,1367289.94291011,92918.7072971,75.35620199,6.82845004,106818714382.03229,127046813995.53683,11.7225656,31609834
2026-05-01,range_6m_12m,6-12m,2647023.86068042,111950.5346915,75.35620199,13.21963223,206797166323.51123,296335736544.33057,27.34279595,40594487
2026-04-30,range_10y_inf,>10y,3499054.50645867,109.73778647,74.22568657,17.47523135,267001012542.39255,383978496.2665126,0.03544747,15148485
2026-04-30,range_7y_10y,7-10y,1666763.11690314,5937.49432628,74.22568657,8.32426903,127185055008.43336,9896396549.864933,0.91359864,35924144
2026-04-30,range_5y_7y,5-7y,1316768.39266967,23816.21158829,74.22568657,6.57630004,100478141588.72504,31360434652.59515,2.89507906,40225005
2026-04-30,range_3y_5y,3-5y,2068701.98581567,33569.37901862,74.22568657,10.33166123,157855650388.32764,69445041038.42763,6.41090873,19996793
2026-04-30,range_2y_3y,2-3y,1151935.93784801,43838.76945232,74.22568657,5.75308186,87900334568.00116,50499454003.16467,4.66192237,53148702
2026-04-30,range_18m_2y,1.5-2y,915616.95021417,63447.10000696,74.22568657,4.57284046,69867632058.00563,58093240208.30851,5.36295256,84303033
2026-04-30,range_1m_3m,1-3m,1207707.73158937,69527.64317344,74.22568657,6.03162139,92156091479.69318,83969072219.75003,7.75171344,18123133
2026-04-30,range_1w_1m,1w-1m,687790.4567167,74452.01025058,74.22568657,3.4350129,52482963046.555405,51207382133.72389,4.72727567,9743025
2026-04-30,range_0d_1d,<1d,193028.43239001,76259.44041924,74.22568657,0.96403657,14729346685.646492,14720240239.06513,1.358918,484135
2026-04-30,range_1d_1w,1d-1w,530187.85816477,77406.74310183,74.22568657,2.64790259,40456841900.11291,41040115332.66914,3.78867129,2956093
2026-04-30,range_3m_6m,3-6m,2770324.49510598,89968.59358304,74.22568657,13.83575517,211394090574.74368,249242198593.33936,23.00911573,20912969
2026-04-30,range_12m_18m,1-1.5y,1362567.09517955,92858.46397755,74.22568657,6.80503124,103972885646.21097,126525887524.73152,11.68040085,31909724
2026-04-30,range_6m_12m,6-12m,2652489.71091525,111913.33438454,74.22568657,13.24725616,202402516812.87012,296848967969.2047,27.40399618,40510119
2026-04-29,range_10y_inf,>10y,3498302.93282618,109.66441686,73.90821894,17.47185955,265322742388.12857,383639351.1245451,0.03540754,15134726
2026-04-29,range_7y_10y,7-10y,1665002.01943466,5935.932338,73.90821894,8.31565533,126279201761.77779,9883339330.005571,0.91217117,35751138
2026-04-29,range_5y_7y,5-7y,1317802.76424205,23732.27283538,73.90821894,6.58160978,99946474061.60747,31274454744.2074,2.88643897,40387114
2026-04-29,range_3y_5y,3-5y,2069458.86106985,33593.30492953,73.90821894,10.33566711,156954532189.37903,69519962559.03482,6.41626308,19771801
2026-04-29,range_2y_3y,2-3y,1150141.10212037,43753.35516024,73.90821894,5.74424348,87230464944.71312,50322532125.458725,4.64445885,53009800
2026-04-29,range_18m_2y,1.5-2y,916560.62170628,63410.44571391,73.90821894,4.57765344,69514956933.59422,58119517546.21775,5.36407243,84372592
2026-04-29,range_1m_3m,1-3m,1212999.41806753,69977.49023709,73.90821894,6.05818189,91997845325.78448,84882654935.41368,7.83414468,17969601
2026-04-29,range_1w_1m,1w-1m,693555.182746,73790.26833755,73.90821894,3.46387919,52601494672.44882,51177623041.72654,4.72337845,9818366
2026-04-29,range_0d_1d,<1d,176061.40964462,76278.22960355,73.90821894,0.87931785,13353073456.64662,13429652629.19779,1.23947398,451118
2026-04-29,range_1d_1w,1d-1w,548042.98581703,77657.35096479,73.90821894,2.73713576,41565373478.414406,42559566493.38323,3.92798507,3007536
2026-04-29,range_3m_6m,3-6m,2759367.93672481,90176.57099648,73.90821894,13.78133625,209279494168.40155,248830338651.48816,22.9655031,20943618
2026-04-29,range_12m_18m,1-1.5y,1367223.1833079,92773.18496476,73.90821894,6.82843421,103694680368.58066,126841649273.13528,11.70670066,32183593
2026-04-29,range_6m_12m,6-12m,2647980.75226368,111885.70951637,73.90821894,13.22502616,200831525591.7512,296271205252.7167,27.34400202,40446863
2026-04-28,range_10y_inf,>10y,3498288.24389134,109.65283457,74.24577871,17.47213251,266990381999.93973,383597222.0847702,0.03539083,15118457
2026-04-28,range_7y_10y,7-10y,1663804.09115361,5935.7460483,74.24577871,8.30983713,126982014888.5258,9875918559.20784,0.91115617,35587517
2026-04-28,range_5y_7y,5-7y,1316985.28326653,23649.45994956,74.24577871,6.57765735,100512702028.37848,31145990710.768932,2.87354147,40540189
2026-04-28,range_3y_5y,3-5y,2070832.70439525,33623.80888609,74.24577871,10.34273361,158046557704.3026,69629283087.65622,6.4240253,19600849
2026-04-28,range_2y_3y,2-3y,1149109.1683994,43676.01744702,74.24577871,5.73920336,87700347839.06686,50188512087.53783,4.63041205,52869397
2026-04-28,range_18m_2y,1.5-2y,916268.86741009,63372.23345496,74.24577871,4.57628701,69929907963.31609,58066004573.027885,5.35719264,84368958
2026-04-28,range_1m_3m,1-3m,1211363.34734119,70199.07759017,74.24577871,6.05013065,92451604984.8395,85036589609.89003,7.84550952,17869643
2026-04-28,range_1w_1m,1w-1m,635117.90612695,72863.79963812,74.24577871,3.17208401,48472384363.391884,46277103858.6185,4.26954398,9802421
2026-04-28,range_0d_1d,<1d,200772.49144703,76394.32246371,74.24577871,1.0027543,15323015271.861963,15337878453.446663,1.41507876,622981
2026-04-28,range_1d_1w,1d-1w,571605.36575565,78017.09165495,74.24577871,2.85487187,43625088705.25666,44594988210.61957,4.11435132,3003834
2026-04-28,range_3m_6m,3-6m,2767997.3871352,90248.11297028,74.24577871,13.82470905,211254370207.07007,249806540895.60822,23.04725064,20929689
2026-04-28,range_12m_18m,1-1.5y,1358750.80140127,92688.99643969,74.24577871,6.78625442,103700258588.5594,125941248193.5067,11.61938956,32341449
2026-04-28,range_6m_12m,6-12m,2661206.63724745,111830.85934481,74.24577871,13.29134473,203104068940.0496,297605025137.4845,27.45715777,40445526
2026-04-27,range_10y_inf,>10y,3495915.89104449,109.40422148,74.64359362,17.46066264,270181448337.28268,382467956.4216793,0.03528426,15108208
2026-04-27,range_7y_10y,7-10y,1665981.59456595,5927.94909761,74.64359362,8.32089315,128755191529.67967,9875854090.14068,0.91108869,35513231
2026-04-27,range_5y_7y,5-7y,1315313.2968123,23592.39645214,74.64359362,6.56944917,101653833394.675,31031392757.162018,2.86277527,40596509
2026-04-27,range_3y_5y,3-5y,2071132.08124246,33649.35560157,74.64359362,10.34445327,160067199225.6398,69692259899.55315,6.42940135,19492202
2026-04-27,range_2y_3y,2-3y,1150371.44625913,43594.74288761,74.64359362,5.74563244,88906321880.43991,50150147424.9104,4.62656005,52544117
2026-04-27,range_18m_2y,1.5-2y,915134.25055244,63337.91904436,74.64359362,4.57071935,70726042886.4149,57962699076.21358,5.34730049,84351438
2026-04-27,range_1m_3m,1-3m,1223485.82979002,70358.42712635,74.64359362,6.11080872,94556958409.55885,86082538595.40723,7.94147284,17535749
2026-04-27,range_1w_1m,1w-1m,602372.20241825,72475.88741531,74.64359362,3.00860151,46554264793.49769,43657459924.57617,4.02758257,9937465
2026-04-27,range_0d_1d,<1d,196011.1029524,77316.32556162,74.64359362,0.97899488,15148695030.544628,15154858249.559553,1.39809882,648936
2026-04-27,range_1d_1w,1d-1w,594225.61277482,77874.67880373,74.64359362,2.96791264,45924656571.36915,46275128731.788795,4.26907343,2954168
2026-04-27,range_3m_6m,3-6m,2801532.80846749,90521.14860311,74.64359362,13.99250462,216516133495.99573,253597967671.7844,23.39546912,21126775
2026-04-27,range_12m_18m,1-1.5y,1356393.85458741,92616.38155372,74.64359362,6.77462967,104828739469.10762,125624290773.5898,11.58936423,32678980
2026-04-27,range_6m_12m,6-12m,2633797.9485038,111806.15363106,74.64359362,13.15473795,203552764578.0722,294474818063.57794,27.16652888,40285432
2026-04-26,range_10y_inf,>10y,3495574.56466552,109.36935518,75.46313026,17.45933392,274271946649.22437,382308736.1125243,0.03527237,15094846
2026-04-26,range_7y_10y,7-10y,1664391.98511533,5927.34770027,75.46313026,8.31313276,130592559620.77554,9865430005.320824,0.91019912,35414418
2026-04-26,range_5y_7y,5-7y,1314777.9277406,23497.20321271,75.46313026,6.56691667,103160923900.17516,30893604147.708694,2.85028949,40671480
2026-04-26,range_3y_5y,3-5y,2072995.30736686,33676.82952539,75.46313026,10.35398233,162652647748.80292,69811909573.13072,6.44094976,19409847
2026-04-26,range_2y_3y,2-3y,1151343.58010041,43547.94276096,75.46313026,5.75061171,90337436416.96361,50138644324.41315,4.62586529,52179685
2026-04-26,range_18m_2y,1.5-2y,911576.92584448,63287.6491992,75.46313026,4.55305005,71524715993.52216,57691560700.932915,5.32270849,84466822
2026-04-26,range_1m_3m,1-3m,1227560.36229332,70530.53660241,75.46313026,6.1312914,96317605008.04317,86580491064.39578,7.98804382,17126360
2026-04-26,range_1w_1m,1w-1m,589709.63661609,71986.97958941,75.46313026,2.94542064,46270164460.925514,42451415574.75898,3.91663022,10171868
2026-04-26,range_1d_1w,1d-1w,696570.83118746,77593.23907997,75.46313026,3.47915987,54654774004.83769,54049187040.46084,4.98665773,2776252
2026-04-26,range_0d_1d,<1d,101065.14065313,78228.02503042,75.46313026,0.5047897,7929835954.726373,7906126352.715781,0.72943088,789081
2026-04-26,range_3m_6m,3-6m,2832533.47238403,90824.49884282,75.46313026,14.14764492,222248003882.64423,257263433084.78207,23.73550383,21146829
2026-04-26,range_12m_18m,1-1.5y,1358154.72300783,92533.45248885,75.46313026,6.78357059,106564381002.07979,125674745533.95349,11.59493741,32850790
2026-04-26,range_6m_12m,6-12m,2604982.2129959,111773.18505282,75.46313026,13.01109545,204393735372.47247,291167158952.50134,26.86351159,40332203
2026-04-25,range_10y_inf,>10y,3495075.9192446,109.3186007,75.05234006,17.45724933,271400365544.7908,382076808.8351312,0.03525651,15083608
2026-04-25,range_7y_10y,7-10y,1663508.16331117,5926.14401093,75.05234006,8.30891158,129175083471.99907,9858188939.139202,0.90967396,35233284
2026-04-25,range_5y_7y,5-7y,1301633.65637368,23122.49337469,75.05234006,6.50141622,101074728648.9763,30097015595.77558,2.77723133,40832761
2026-04-25,range_3y_5y,3-5y,2086583.6368636,33826.76252045,75.05234006,10.42209429,162027828541.97797,70582369163.2402,6.51305664,19347227
2026-04-25,range_2y_3y,2-3y,1152419.20769602,43499.6377332,75.05234006,5.75611801,89487897103.2873,50129818051.557396,4.62577763,51830092
2026-04-25,range_18m_2y,1.5-2y,908466.31354042,63259.82309303,75.05234006,4.53761901,70544415994.62817,57469418280.541985,5.30304637,84423120
2026-04-25,range_1m_3m,1-3m,1240577.77718003,71006.93694568,75.05234006,6.19645355,96333604760.77286,88089628000.43564,8.12855594,16860952
2026-04-25,range_1w_1m,1w-1m,597453.22719089,71768.03661663,75.05234006,2.98416692,46393562830.1225,42878045085.757195,3.95661324,10075218
2026-04-25,range_0d_1d,<1d,119856.42380125,77523.96307785,75.05234006,0.59866038,9307116063.899754,9291744973.41163,0.85740479,655690
2026-04-25,range_1d_1w,1d-1w,683369.78556775,77555.64229159,75.05234006,3.41330403,53065173372.66828,52999182642.37486,4.89055103,2925715
2026-04-25,range_3m_6m,3-6m,2838492.55912707,91143.98926093,75.05234006,14.17773847,220415217277.9575,258711535326.32126,23.87285809,21244719
2026-04-25,range_12m_18m,1-1.5y,1357451.91116554,92442.51165504,75.05234006,6.78021795,105409139432.77905,125486264119.08353,11.57936685,33239147
2026-04-25,range_6m_12m,6-12m,2575882.46390894,111701.70419476,75.05234006,12.86605025,200022963294.14215,287730461024.0208,26.55060763,40141463
2026-04-24,range_10y_inf,>10y,3494448.73304297,109.25342956,74.96250575,17.45449807,270689825116.52994,381780508.4969139,0.03523049,15069240
2026-04-24,range_7y_10y,7-10y,1663543.4847208,5924.18102078,74.96250575,8.30926958,128862756146.5727,9855132739.429665,0.90942615,35087631
2026-04-24,range_5y_7y,5-7y,1299519.75303745,23047.43330167,74.96250575,6.49099951,100664454269.69095,29950594832.339287,2.76382417,40973006
2026-04-24,range_3y_5y,3-5y,2087884.27196172,33856.7810046,74.96250575,10.42881862,161733386756.177,70689040558.75992,6.52314519,19275748
2026-04-24,range_2y_3y,2-3y,1152780.38411276,43441.87340748,74.96250575,5.75804784,89297610127.34024,50078939513.248276,4.62125658,51407875
2026-04-24,range_18m_2y,1.5-2y,907519.57671887,63248.63580142,74.96250575,4.5329893,70299018322.6813,57399375190.551765,5.29678229,84440274
2026-04-24,range_1m_3m,1-3m,1214988.65543679,71122.46723669,74.96250575,6.06877329,94116437751.35858,86412990839.2524,7.97414255,16591559
2026-04-24,range_1w_1m,1w-1m,620959.79070009,71568.03734378,74.96250575,3.10164558,48101291502.60379,44440873489.812256,4.10097899,9983445
2026-04-24,range_1d_1w,1d-1w,371773.06582157,77015.17615644,74.96250575,1.85697738,28798587090.056896,28632168154.469143,2.64216049,3006856
2026-04-24,range_0d_1d,<1d,436116.09017571,78029.23798537,74.96250575,2.17836576,33782778686.63071,34029806189.5713,3.14025151,682876
2026-04-24,range_3m_6m,3-6m,2850764.98466645,91291.83102587,74.96250575,14.2393481,220828271953.41757,260251555274.63614,24.01586821,21386912
2026-04-24,range_12m_18m,1-1.5y,1343995.22461384,92372.65145387,74.96250575,6.71315102,104109649361.30832,124148402438.91495,11.45634526,33640273
2026-04-24,range_6m_12m,6-12m,2576039.52996194,111564.4090841,74.96250575,12.86711595,199547265714.62653,287394327937.495,26.52058812,39992615
2026-04-23,range_10y_inf,>10y,3493901.5464002,109.1877852,75.32465201,17.45217082,273476493295.54495,381491371.5681303,0.03515881,15055717
2026-04-23,range_7y_10y,7-10y,1662784.67249142,5922.59972012,75.32465201,8.30567254,130150353494.37651,9848008035.914282,0.90760689,34970181
2026-04-23,range_5y_7y,5-7y,1275659.61129713,22479.16787973,75.32465201,6.37196817,99849097778.88098,28675766559.740143,2.64280077,41071568
2026-04-23,range_3y_5y,3-5y,2112625.50883915,34058.62591905,75.32465201,10.55264459,165360531237.4391,71953121912.60434,6.63130541,19239185
2026-04-23,range_2y_3y,2-3y,1163115.81648748,43237.6375227,75.32465201,5.80980764,91040010877.61229,50290380070.204575,4.6348353,50881679
2026-04-23,range_18m_2y,1.5-2y,907243.45845369,63239.80949054,75.32465201,4.5317155,71012235544.7787,57373903474.14646,5.28766322,84636545
2026-04-23,range_1m_3m,1-3m,1214166.67990886,71188.20648335,75.32465201,6.06480864,95035890819.49937,86434348314.55832,7.9659165,16394798
2026-04-23,range_1w_1m,1w-1m,634004.71231363,71247.29420152,75.32465201,3.1668776,49625149178.866516,45171120263.358376,4.16303679,9963596
2026-04-23,range_1d_1w,1d-1w,398756.42545575,76836.05338889,75.32465201,1.99180348,31211671955.97159,30638869995.47997,2.82372326,3186476
2026-04-23,range_0d_1d,<1d,184922.46076865,77903.228612,75.32465201,0.92369471,14474347783.12461,14406056736.754557,1.32768335,508738
2026-04-23,range_3m_6m,3-6m,3048112.40263318,91237.56006907,75.32465201,15.22543712,238583451758.0019,278102338432.52795,25.63032001,21631232
2026-04-23,range_12m_18m,1-1.5y,1343880.70740686,92315.76368264,75.32465201,6.71273513,105188935174.15323,124061373802.6341,11.43367844,33857718
2026-04-23,range_6m_12m,6-12m,2580693.91751496,111487.60008396,75.32465201,12.89066405,201997427076.4109,287715371415.00757,26.51627125,39850235
2026-04-22,range_10y_inf,>10y,3492828.72440276,109.07725489,75.28957107,17.44714156,273234951170.33856,380988169.0471645,0.03511272,15043111
2026-04-22,range_7y_10y,7-10y,1663328.69383429,5919.23362455,75.28957107,8.30854688,130117898786.39037,9845631133.22842,0.90739536,34848737
2026-04-22,range_5y_7y,5-7y,1264238.39193122,22192.01491029,75.28957107,6.31503802,98898097371.22456,28055997243.90496,2.58570337,41175091
2026-04-22,range_3y_5y,3-5y,2124697.2983376,34155.47237632,75.28957107,10.61314409,166209570628.82935,72570039881.41908,6.68821697,19199819
2026-04-22,range_2y_3y,2-3y,1162431.91458251,43180.91585401,75.28957107,5.8065012,90934040137.94142,50194874689.603905,4.62607177,49973617
2026-04-22,range_18m_2y,1.5-2y,907804.72349567,63231.30556126,75.28957107,4.53460469,71015213990.76195,57401677861.312004,5.29026684,85315330
2026-04-22,range_1w_1m,1w-1m,659428.23380153,70785.26389662,75.28957107,3.29393127,51585364035.82529,46677801550.52623,4.30193045,9728362
2026-04-22,range_1m_3m,1-3m,1357748.15617737,74006.21187934,75.28957107,6.78213166,106213124211.57315,100481797724.84026,9.26062691,16439484
2026-04-22,range_1d_1w,1d-1w,364705.04402981,75750.80835368,75.28957107,1.82174994,28529931685.69997,27626701895.921402,2.54613855,3265673
2026-04-22,range_0d_1d,<1d,236217.26160284,78611.37505433,75.28957107,1.17993647,18478665011.173508,18569363746.16712,1.71139404,617385
2026-04-22,range_3m_6m,3-6m,2870099.37397512,91493.46367086,75.28957107,14.33652607,224520445798.9001,262595332804.54724,24.2013724,21716883
2026-04-22,range_12m_18m,1-1.5y,1332917.62300382,92242.66649863,75.28957107,6.65809986,104270695866.37321,122951875768.88269,11.33151949,33982520
2026-04-22,range_6m_12m,6-12m,2583044.35579642,111376.74209341,75.28957107,12.90264828,202064874666.17325,287691065031.3747,26.51425113,39748401
2026-04-21,range_10y_inf,>10y,3492525.81340317,109.04590819,74.93013774,17.44598523,266684186906.3041,380845649.1826519,0.03509554,15026778
2026-04-21,range_7y_10y,7-10y,1663279.76815824,5918.46110154,74.93013774,8.30847238,127005621795.75261,9844056608.816359,0.90714575,34753169
2026-04-21,range_5y_7y,5-7y,1240214.92768883,21658.83854214,74.93013774,6.19516432,94701006449.39049,26861614876.36055,2.47534129,41253700
2026-04-21,range_3y_5y,3-5y,2148713.02860844,34323.73338263,74.93013774,10.73332533,164072598899.7221,73751853109.73091,6.79635265,19120157
2026-04-21,range_2y_3y,2-3y,1161055.87024432,43102.71484112,74.93013774,5.79974627,88656536057.83505,50044660089.750534,4.61169643,49407311
2026-04-21,range_18m_2y,1.5-2y,906787.02966115,63216.99990914,74.93013774,4.5296138,69240937539.90834,57324355571.69568,5.28253216,85501416
2026-04-21,range_1w_1m,1w-1m,628899.35966078,70384.723389,74.93013774,3.14149974,48021839590.52945,44264907469.245255,4.07908287,9820299
2026-04-21,range_1m_3m,1-3m,1376335.00253092,74420.95985745,74.93013774,6.87511601,105094937209.06488,102428171973.75258,9.43892185,16338590
2026-04-21,range_1d_1w,1d-1w,374706.7232738,75465.20873799,74.93013774,1.87174793,28612059914.090412,28277321087.385582,2.60580091,3219486
2026-04-21,range_0d_1d,<1d,231790.95825304,75824.9229409,74.93013774,1.15785018,17699220145.122307,17575531547.934956,1.61961368,601241
2026-04-21,range_3m_6m,3-6m,2860947.22404722,91629.43538649,74.93013774,14.29110211,218457765236.50998,262146978809.99478,24.15726843,21807979
2026-04-21,range_12m_18m,1-1.5y,1336827.43155905,92225.88554338,74.93013774,6.67776643,102078196602.35487,123290093694.21613,11.3613817,34223029
2026-04-21,range_6m_12m,6-12m,2596997.282882,111273.79468694,74.93013774,12.97261027,198302931971.2912,288977742457.9544,26.62976673,39696752
2026-04-20,range_10y_inf,>10y,3492205.65487122,108.99672631,74.71588243,17.44475359,265003368810.66052,380638983.9870927,0.03507987,15013689
2026-04-20,range_7y_10y,7-10y,1663523.10615975,5916.74443462,74.71588243,8.30986303,126235185093.3488,9842641080.232765,0.90710247,34691317
2026-04-20,range_5y_7y,5-7y,1238570.28582264,21589.28840373,74.71588243,6.18707933,93987963679.61499,26739851108.916977,2.46435735,41302679
2026-04-20,range_3y_5y,3-5y,2150407.67799643,34349.6762058,74.71588243,10.74201687,163182050344.1624,73865807449.63635,6.80750782,19059404
2026-04-20,range_2y_3y,2-3y,1174259.01082143,42891.46070674,74.71588243,5.86582267,89107751512.25397,50365684222.18764,4.64172533,48784631
2026-04-20,range_18m_2y,1.5-2y,905700.61202213,63210.23896799,74.71588243,4.52428223,68728401772.3728,57249552119.371124,5.27614585,85748186
2026-04-20,range_1w_1m,1w-1m,588492.02068859,69757.68150821,74.71588243,2.93971756,44657269191.21555,41051838949.31858,3.78335693,9887552
2026-04-20,range_1m_3m,1-3m,1409160.33552244,74694.60868788,74.71588243,7.03923458,106933059794.72108,105256679840.33543,9.70050549,16080548
2026-04-20,range_1d_1w,1d-1w,365218.84299509,75291.94595326,74.71588243,1.82439219,27714353996.256733,27498037387.89772,2.53423216,3271132
2026-04-20,range_0d_1d,<1d,219014.36781575,75614.26958388,74.71588243,1.09405117,16619738648.023909,16560611450.762735,1.5262338,612879
2026-04-20,range_3m_6m,3-6m,2888045.22110784,91847.86371032,74.71588243,14.42676698,219157114015.76364,265260783857.55136,24.44655954,21794526
2026-04-20,range_12m_18m,1-1.5y,1339170.84907732,92170.04734404,74.71588243,6.68961332,101621960872.63632,123431440561.21065,11.37550005,34508026
2026-04-20,range_6m_12m,6-12m,2584890.56007033,111246.60462311,74.71588243,12.91240646,196152453241.12305,287560298130.1463,26.50169334,39705886
2026-04-19,range_10y_inf,>10y,3490745.24772734,108.83074993,73.73924569,17.43781223,258057202783.45853,379900423.1158794,0.03500608,15003436
2026-04-19,range_7y_10y,7-10y,1664970.47542032,5911.44270586,73.73924569,8.31726192,123084783652.92992,9842377572.388426,0.90692983,34577986
2026-04-19,range_5y_7y,5-7y,1237995.55361527,21552.45550967,73.73924569,6.18433385,91520190375.48215,26681844090.465572,2.45860921,41408262
2026-04-19,range_3y_5y,3-5y,2149226.74203127,34368.12011754,73.73924569,10.73633557,158883963691.44513,73864882829.95158,6.80630922,19020556
2026-04-19,range_2y_3y,2-3y,1182919.65216285,42967.11958452,73.73924569,5.90920543,87448643453.2763,50826650153.35436,4.68344204,48152295
2026-04-19,range_18m_2y,1.5-2y,903388.37436269,63195.80619377,73.73924569,4.5128234,66783984613.86116,57090356623.92753,5.26061379,85935887
2026-04-19,range_1w_1m,1w-1m,556594.13678478,69482.63996517,73.73924569,2.78043322,41146837088.116585,38673630012.94047,3.56359713,9769220
2026-04-19,range_0d_1d,<1d,104701.95439925,74687.51960866,73.73924569,0.52303244,7740207766.757699,7819929272.258567,0.72057052,796982
2026-04-19,range_1m_3m,1-3m,1440429.08406868,74996.91674356,73.73924569,7.19557863,106485312981.43504,108027740092.90167,9.9542594,15939867
2026-04-19,range_1d_1w,1d-1w,482305.89540621,75189.08444652,73.73924569,2.40933069,35654996690.32839,36264138698.75152,3.34157359,3193376
2026-04-19,range_3m_6m,3-6m,2904094.24609576,92078.2456829,73.73924569,14.50723172,214688378722.25778,267403903478.29263,24.64003983,21892543
2026-04-19,range_12m_18m,1-1.5y,1341269.27817931,92111.59755865,73.73924569,6.70023166,99154814672.22119,123546455969.42975,11.38423769,34742350
2026-04-19,range_6m_12m,6-12m,2559611.65471723,111274.51729514,73.73924569,12.78638923,189222122198.20557,284819551341.6816,26.24481168,39726851
2026-04-18,range_10y_inf,>10y,3488722.54605923,108.63313959,74.59185661,17.42813781,264253612902.24487,378990883.3290112,0.03491861,14989220
2026-04-18,range_7y_10y,7-10y,1666620.27108651,5905.03873045,74.59185661,8.32570873,126238307046.86021,9841457249.721956,0.90675013,34382645
2026-04-18,range_5y_7y,5-7y,1236394.84887,21484.2096469,74.59185661,6.17648997,93650842528.7872,26562966139.468937,2.44739903,41590938
2026-04-18,range_3y_5y,3-5y,2150354.39260573,34392.86153791,74.59185661,10.74223364,162878792957.65274,73956840882.3165,6.81406963,19019693
2026-04-18,range_2y_3y,2-3y,1175392.12978685,42766.92319858,74.59185661,5.87174696,89030185912.57333,50267904942.80779,4.63147155,47991490
2026-04-18,range_18m_2y,1.5-2y,880184.9118343,63038.96852161,74.59185661,4.39702033,66669687802.19784,55485948950.32097,5.11223999,85482029
2026-04-18,range_1w_1m,1w-1m,564036.7221,69460.85837741,74.59185661,2.81768171,42723013841.50655,39178474873.44395,3.6097385,9439896
2026-04-18,range_1d_1w,1d-1w,473901.01440942,74990.47214555,74.59185661,2.36740299,35895676300.537186,35538060820.815956,3.27432619,3214909
2026-04-18,range_1m_3m,1-3m,1440045.89322533,75157.61493341,74.59185661,7.19384186,109076409776.31737,108230414729.4669,9.97189135,15874740
2026-04-18,range_0d_1d,<1d,108975.48451981,76267.08741809,74.59185661,0.54439404,8254358184.677362,8311242804.30071,0.76576266,768139
2026-04-18,range_12m_18m,1-1.5y,1372661.16943456,91540.36518079,74.59185661,6.85721714,103972347621.46222,125653904719.52795,11.57721782,34996857
2026-04-18,range_3m_6m,3-6m,2907928.00353268,92146.8310315,74.59185661,14.52674133,220261276397.89572,267956350393.28458,24.68836159,21956245
2026-04-18,range_6m_12m,6-12m,2552541.15750654,111258.68625935,74.59185661,12.75138349,193342466776.18414,283992375807.10205,26.16585295,39928609
2026-04-17,range_10y_inf,>10y,3488158.44517647,108.57661975,75.0346609,17.42573602,269045730854.18878,378732453.1284567,0.03489494,14977644
2026-04-17,range_7y_10y,7-10y,1667295.44071585,5902.48783115,75.0346609,8.32928053,128600442740.08273,9841191049.753736,0.9067291,34265950
2026-04-17,range_5y_7y,5-7y,1235391.12944356,21442.01011235,75.0346609,6.17162324,95287159266.38734,26489269090.23222,2.44061831,41690777
2026-04-17,range_3y_5y,3-5y,2150208.82645894,34410.03731554,75.0346609,10.74176302,165848115645.0179,73988765954.6464,6.81703737,19017900
2026-04-17,range_2y_3y,2-3y,1174156.73544877,42690.48885332,75.0346609,5.86571558,90564079009.37564,50125325026.73081,4.61835265,47828639
2026-04-17,range_18m_2y,1.5-2y,848304.0495391,62821.29963817,75.0346609,4.23785865,65430681140.76698,53291562880.36756,4.91007751,85053809
2026-04-17,range_1w_1m,1w-1m,535045.97169306,69147.96322373,75.0346609,2.6729204,41268720087.47477,36997339173.63843,3.40879106,9390761
2026-04-17,range_1d_1w,1d-1w,415966.55831852,73987.54939539,75.0346609,2.07803732,32083985992.226307,30776346280.421528,2.83561295,3051294
2026-04-17,range_1m_3m,1-3m,1430169.66607641,75283.86161972,75.0346609,7.14467518,110310655064.16591,107668695233.61833,9.92017516,15807723
2026-04-17,range_0d_1d,<1d,203863.86502358,77263.84208414,75.0346609,1.01843937,15724257777.302292,15751305473.844915,1.45126407,679314
2026-04-17,range_12m_18m,1-1.5y,1408257.45556796,90954.57837958,75.0346609,7.03520871,108620540700.51678,128087463121.08481,11.80148109,35389470
2026-04-17,range_3m_6m,3-6m,2911768.39631555,92189.15769211,75.0346609,14.5462737,224588093854.55347,268433475850.83087,24.7324173,22001858
2026-04-17,range_6m_12m,6-12m,2548693.88019319,111241.79227735,75.0346609,12.73246828,196583732791.26773,283521275199.00946,26.1225485,39971163
2026-04-16,range_10y_inf,>10y,3488014.35975907,108.53730214,74.65662397,17.42539979,261914949323.37552,378579668.4195259,0.03489823,14963252
2026-04-16,range_7y_10y,7-10y,1667335.79982871,5901.03247911,74.65662397,8.32966551,125200221809.68053,9839002708.372866,0.90697895,34144738
2026-04-16,range_5y_7y,5-7y,1234283.10940214,21383.57348089,74.65662397,6.16622365,92682301363.02817,26393383566.12173,2.43299489,41788528
2026-04-16,range_3y_5y,3-5y,2151035.1365756,34430.23970478,74.65662397,10.74612755,161521198217.74866,74060655365.69853,6.82705936,19021106
2026-04-16,range_2y_3y,2-3y,1173710.14848957,42631.47693679,74.65662397,5.86361364,88133878578.18665,50036997125.81081,4.61251049,47691625
2026-04-16,range_18m_2y,1.5-2y,849831.69136953,62808.30916436,74.65662397,4.24558372,63813849778.36606,53376491609.20695,4.92035177,84665561
2026-04-16,range_1w_1m,1w-1m,570524.77041252,69143.17224368,74.65662397,2.85022399,42840697003.508675,39447892469.918274,3.63638564,9412128
2026-04-16,range_1d_1w,1d-1w,384487.07426674,73697.21032518,74.65662397,1.92081806,28871129010.782528,28335624779.547695,2.61203457,2845719
2026-04-16,range_0d_1d,<1d,191983.11583866,74644.98430284,74.65662397,0.95910802,14416009474.026253,14330576668.186974,1.32102122,701275
2026-04-16,range_1m_3m,1-3m,1440531.70441448,75620.61450182,74.65662397,7.19659906,108169505468.00374,108933892697.1725,10.04174414,15715814
2026-04-16,range_12m_18m,1-1.5y,1406628.09849659,90944.2510512,74.65662397,7.02722364,105623684175.43394,127924738925.34813,11.79235833,35724373
2026-04-16,range_3m_6m,3-6m,2911150.45345451,92224.82121623,74.65662397,14.54350678,218598246694.69724,268480330103.38055,24.74905389,22107586
2026-04-16,range_6m_12m,6-12m,2547324.33266284,111203.86589522,74.65662397,12.72590658,191278548390.4011,283272313481.06256,26.11260851,39979761
2026-04-15,range_10y_inf,>10y,3486702.23789518,108.3925985,74.54713809,17.41925806,260480399114.16025,377932715.7610762,0.03484318,14950371
2026-04-15,range_7y_10y,7-10y,1668557.22367317,5895.71137568,74.54713809,8.3359653,124652586287.25742,9837331804.57961,0.90694427,34029227
2026-04-15,range_5y_7y,5-7y,1233968.7983471,21342.78621248,74.54713809,6.16479971,92185871679.68436,26336332255.9909,2.42805531,41900848
2026-04-15,range_3y_5y,3-5y,2150618.40920127,34447.157834,74.54713809,10.74430063,160665839337.39633,74082691782.46304,6.82998951,18993215
2026-04-15,range_2y_3y,2-3y,1173473.20994772,42558.50060411,74.54713809,5.86256906,87666439294.64964,49941260314.464584,4.60429118,47540184
2026-04-15,range_18m_2y,1.5-2y,856805.09895496,62804.49049027,74.54713809,4.280523,64009175120.60432,53811207689.32788,4.96107762,84595337
2026-04-15,range_1w_1m,1w-1m,599295.70345447,69424.99209991,74.54713809,2.99402868,44771469822.28619,41606099477.8369,3.83583826,9193824
2026-04-15,range_1d_1w,1d-1w,340446.59148131,73305.16490706,74.54713809,1.70084126,25433678580.95058,24956493530.58496,2.30084228,2925359
2026-04-15,range_0d_1d,<1d,228299.57194133,74335.51476234,74.54713809,1.1405646,17055532580.484533,16970766200.28118,1.56460507,552022
2026-04-15,range_1m_3m,1-3m,1436900.23582286,76118.56121265,74.54713809,7.17862734,107346231876.77594,109374778556.95583,10.08371285,15694621
2026-04-15,range_12m_18m,1-1.5y,1405690.56171026,90948.12101968,74.54713809,7.02270655,105014656705.05136,127844915322.64026,11.78655108,35732789
2026-04-15,range_3m_6m,3-6m,2892382.64832383,92257.21365716,74.54713809,14.4500896,216080678882.7124,266843163964.6709,24.60137406,22350023
2026-04-15,range_6m_12m,6-12m,2543224.5042175,111152.10212937,74.54713809,12.70572619,189996188001.24283,282684749830.689,26.06187533,39904305
2026-04-14,range_10y_inf,>10y,3482693.92520399,108.02794275,74.35688126,17.39957244,258448037603.20523,376228259.970501,0.03468302,14933700
2026-04-14,range_7y_10y,7-10y,1671928.38411206,5882.41780143,74.35688126,8.35297033,124072519482.61583,9834981289.420883,0.90664869,33952727
2026-04-14,range_5y_7y,5-7y,1232581.28485961,21248.7206586,74.35688126,6.15798799,91468909154.78447,26190775410.99536,2.41442577,41977607
2026-04-14,range_3y_5y,3-5y,2151465.40012867,34482.3428173,74.35688126,10.74874189,159658592622.91638,74187567486.78886,6.83906346,19008450
2026-04-14,range_2y_3y,2-3y,1173940.06079845,42487.33262756,74.35688126,5.86501587,87117189018.95055,49877581847.9649,4.59802038,47284279
2026-04-14,range_18m_2y,1.5-2y,855720.91986278,62791.46333947,74.35688126,4.27518997,63502391316.684906,53731968768.38375,4.95334133,84439353
2026-04-14,range_1w_1m,1w-1m,631829.91953411,69536.35763386,74.35688126,3.15662837,46887612379.83817,43935151248.4969,4.05021081,9053747
2026-04-14,range_1d_1w,1d-1w,278411.12045886,72230.85242872,74.35688126,1.39094464,20660675119.559174,20109872556.378654,1.85385098,2904379
2026-04-14,range_0d_1d,<1d,269597.34751997,74671.09369475,74.35688126,1.34691095,20006611808.554047,20131128796.518547,1.85581051,661157
2026-04-14,range_1m_3m,1-3m,1444252.86197977,76662.57065377,74.35688126,7.21550123,107176894093.44846,110720137073.43301,10.20685904,15635461
2026-04-14,range_12m_18m,1-1.5y,1407378.353644,90897.01410596,74.35688126,7.03127583,104440465190.52539,127926490063.60437,11.79304583,35998016
2026-04-14,range_3m_6m,3-6m,2886195.77724304,92341.80585989,74.35688126,14.41946194,214182368817.67618,266516530135.82422,24.56912289,22450279
2026-04-14,range_6m_12m,6-12m,2529978.81462565,111156.533047,74.35688126,12.63979856,187747781993.03973,281223673716.1465,25.92491729,39849891
2026-04-13,range_10y_inf,>10y,3481757.55579301,107.93942128,74.52677372,17.39533973,259696567378.42377,375818895.6061976,0.0346505,14924371
2026-04-13,range_7y_10y,7-10y,1672769.79362778,5879.7297086,74.52677372,8.35738801,124768185739.02867,9835434251.24781,0.90682703,33853079
2026-04-13,range_5y_7y,5-7y,1229460.97588204,21083.2626713,74.52677372,6.14255617,91702765067.90594,25921048698.6378,2.38992068,42051936
2026-04-13,range_3y_5y,3-5y,2156534.43818637,34536.94427013,74.52677372,10.77434272,160851116729.40747,74480109708.26457,6.86706608,19012750
2026-04-13,range_2y_3y,2-3y,1173264.37235049,42420.06363664,74.52677372,5.86179021,87511185154.13858,49769949337.71047,4.5887893,47065176
2026-04-13,range_18m_2y,1.5-2y,856425.52229412,62780.33413815,74.52677372,4.27881973,63878878638.46399,53766680454.06438,4.95728791,84170858
2026-04-13,range_1w_1m,1w-1m,670841.99038557,69428.87847635,74.52677372,3.35161887,50036614946.54603,46575807027.31129,4.29428938,8936131
2026-04-13,range_1d_1w,1d-1w,259996.57608296,71619.53413938,74.52677372,1.29897866,19392567476.890102,18620833656.895443,1.71684085,2824629
2026-04-13,range_0d_1d,<1d,188516.13315398,72745.04216651,74.52677372,0.94185254,14060999909.10825,13713614055.35383,1.26439521,710801
2026-04-13,range_1m_3m,1-3m,1490119.67588278,76888.87253257,74.52677372,7.44484289,111144718898.05908,114573621817.22533,10.56368787,15509080
2026-04-13,range_12m_18m,1-1.5y,1418297.16708656,90910.65246886,74.52677372,7.08600776,105787637396.54805,128938320854.57271,11.88811312,36383300
2026-04-13,range_3m_6m,3-6m,2891005.26484872,92448.76814455,74.52677372,14.44386001,215633665332.3249,267269875434.6852,24.64228238,22627540
2026-04-13,range_6m_12m,6-12m,2526472.20439658,111126.33250656,74.52677372,12.6226027,188443953533.50595,280757590254.3568,25.88584968,39747307
2026-04-12,range_10y_inf,>10y,3480049.73194544,107.78059493,72.08874534,17.38720897,246244312941.01996,375081830.4851631,0.03459303,14914610
2026-04-12,range_7y_10y,7-10y,1674178.68492037,5875.06316283,72.08874534,8.36462031,118462956498.68608,9835905519.775377,0.90714552,33745368
2026-04-12,range_5y_7y,5-7y,1228864.20569953,21019.71531994,72.08874534,6.1397165,86953016576.90135,25830375770.666294,2.38228291,42141609
2026-04-12,range_3y_5y,3-5y,2157463.99068881,34558.08638292,72.08874534,10.77923597,152659668396.51077,74557826958.26353,6.87631643,19010817
2026-04-12,range_2y_3y,2-3y,1173634.07938686,42347.91540521,72.08874534,5.86377281,83044996417.6876,49700956710.54576,4.58381794,46875543
2026-04-12,range_18m_2y,1.5-2y,844483.9338332,62728.15891258,72.08874534,4.2192554,59754711022.54533,52972922400.612885,4.88558467,83940514
2026-04-12,range_1w_1m,1w-1m,665700.17108077,69390.87861491,72.08874534,3.32600649,47104177778.76562,46193519765.392235,4.26033418,8929782
2026-04-12,range_0d_1d,<1d,93817.7867845,71191.04414229,72.08874534,0.4687374,6638438593.658148,6678986200.307144,0.61598929,763783
2026-04-12,range_1d_1w,1d-1w,344919.68261956,71650.93454964,72.08874534,1.72330601,24406119684.67691,24713817604.25674,2.27930503,2595975
2026-04-12,range_1m_3m,1-3m,1522622.3256179,77116.93883538,72.08874534,7.60740639,107739002979.94821,117419972754.05347,10.82940478,15386537
2026-04-12,range_12m_18m,1-1.5y,1431763.21556517,90669.48275017,72.08874534,7.15345129,101309916945.92203,129817230176.00967,11.97277856,36643630
2026-04-12,range_3m_6m,3-6m,2918167.11879945,92782.74022983,72.08874534,14.57990127,206486146051.17722,270755541730.81256,24.9712318,22765271
2026-04-12,range_6m_12m,6-12m,2479334.2430294,111085.3569257,72.08874534,12.38738119,175434836928.21265,275417729325.02356,25.40121586,39699077
2026-04-11,range_10y_inf,>10y,3479748.85643807,107.72951449,74.1618099,17.38612648,254312867411.75183,374871654.8389781,0.03457152,14904084
2026-04-11,range_7y_10y,7-10y,1674943.93469601,5872.70665152,74.1618099,8.36864621,122411074005.635,9836454386.214685,0.90714027,33610852
2026-04-11,range_5y_7y,5-7y,1227888.31161461,20970.5218995,74.1618099,6.13498915,89738601913.85442,25749458728.84832,2.37467386,42257011
2026-04-11,range_3y_5y,3-5y,2157310.67674662,34579.40494676,74.1618099,10.77873083,157664212773.9669,74598519487.18944,6.87964573,19010023
2026-04-11,range_2y_3y,2-3y,1172745.51356862,42255.16242508,74.1618099,5.85947511,85708563061.41333,49554552159.123985,4.5700339,46743291
2026-04-11,range_18m_2y,1.5-2y,844437.92198806,62744.45058716,74.1618099,4.21912762,61714634633.669495,52983793470.10632,4.88628637,83681199
2026-04-11,range_1w_1m,1w-1m,692419.54170896,69528.75098971,74.1618099,3.45958695,50604571297.76505,48143065895.89407,4.43986342,8528371
2026-04-11,range_1d_1w,1d-1w,302062.73966604,71210.13732557,74.1618099,1.5092184,22075857951.815754,21509929172.555832,1.98369476,2871534
2026-04-11,range_0d_1d,<1d,135135.51251206,72959.83603558,74.1618099,0.67518755,9876201155.29745,9859464835.4642,0.90926235,525958
2026-04-11,range_1m_3m,1-3m,1520085.82396073,77483.3706024,74.1618099,7.59491719,111093472705.1296,117781373245.3973,10.86206707,15415653
2026-04-11,range_12m_18m,1-1.5y,1432647.40094601,90622.87781495,74.1618099,7.15804213,104703150588.14871,129830630367.83144,11.97327706,36945770
2026-04-11,range_3m_6m,3-6m,2922463.28708327,93005.11720254,74.1618099,14.60171939,213584384708.87024,271804040535.3078,25.06638899,22908591
2026-04-11,range_6m_12m,6-12m,2452625.2740419,111028.16664451,74.1618099,12.25423299,179246891618.09055,272310487642.85403,25.1130947,39492030
2026-04-10,range_10y_inf,>10y,3478689.79231327,107.63261836,74.11602246,17.3811688,253508362444.23883,374420490.8221798,0.03453956,14890978
2026-04-10,range_7y_10y,7-10y,1676052.61322199,5870.09323716,74.11602246,8.37434641,122141777138.95753,9838585109.996185,0.90759031,33459194
2026-04-10,range_5y_7y,5-7y,1226780.25334978,20916.60081892,74.11602246,6.1295706,89401203232.56017,25660072851.851673,2.36709174,42387428
2026-04-10,range_3y_5y,3-5y,2156536.48382145,34604.29708946,74.11602246,10.77506961,157156879516.2061,74625429170.42064,6.88405047,19010570
2026-04-10,range_2y_3y,2-3y,1173699.25068126,42172.64872297,74.11602246,5.86435296,85532942804.99084,49498006205.392,4.56609465,46574091
2026-04-10,range_18m_2y,1.5-2y,845468.60350194,62765.58993547,74.11602246,4.22435842,61613243481.899025,53066335670.71957,4.89526609,83347179
2026-04-10,range_1w_1m,1w-1m,766513.38091793,69411.82179864,74.11602246,3.82986103,55859407877.493904,53205090202.54548,4.90806593,8537932
2026-04-10,range_1d_1w,1d-1w,202572.34635446,70110.72034378,74.11602246,1.01214663,14762392414.029228,14202493124.641037,1.31015232,2837281
2026-04-10,range_0d_1d,<1d,192160.09120286,72691.9612629,74.11602246,0.96012211,14003602780.4533,13968493905.993702,1.28856635,507514
2026-04-10,range_1m_3m,1-3m,1502840.40710482,77847.52181996,74.11602246,7.50889684,109518995186.64156,116992401384.01228,10.79232113,15280785
2026-04-10,range_12m_18m,1-1.5y,1428705.47627559,90629.20740012,74.11602246,7.13848389,104116436741.8032,129482444923.06343,11.94450332,37356670
2026-04-10,range_3m_6m,3-6m,2914569.71675197,93104.27599992,74.11602246,14.56255983,212398299427.56302,271358903329.477,25.03233023,23086006
2026-04-10,range_6m_12m,6-12m,2449542.00447364,110943.61885723,74.11602246,12.23906287,178509559450.988,271761054519.09958,25.06942789,39346924
2026-04-09,range_10y_inf,>10y,3476257.71108597,107.41471432,73.62385844,17.36935599,249588598025.90268,373401228.9304335,0.03445346,14871306
2026-04-09,range_7y_10y,7-10y,1677999.68923437,5862.29756506,73.62385844,8.38423856,120477140859.92555,9836933492.369045,0.90764678,33351682
2026-04-09,range_5y_7y,5-7y,1226366.39009387,20865.49287532,73.62385844,6.12762234,88050741173.0403,25588739175.03869,2.36105457,42484280
2026-04-09,range_3y_5y,3-5y,2154771.47055187,34631.266616,73.62385844,10.7664609,154708435075.5011,74622465293.22745,6.88536123,19001273
2026-04-09,range_2y_3y,2-3y,1176190.03632664,42084.58744098,73.62385844,5.8769128,84448175761.714,49499472430.99631,4.56728074,46381680
2026-04-09,range_18m_2y,1.5-2y,847278.66659621,62777.24988799,73.62385844,4.23348497,60832973878.37839,53189824577.672386,4.90778688,83018726
2026-04-09,range_1w_1m,1w-1m,794281.4598144,69476.49471466,73.62385844,3.96868086,57027876661.97305,55183891644.74394,5.09177801,8509408
2026-04-09,range_1d_1w,1d-1w,214607.6013681,69722.15667596,73.62385844,1.07230135,15408411804.55312,14962904806.437582,1.38061647,2716880
2026-04-09,range_0d_1d,<1d,162296.48871623,71635.19317274,73.62385844,0.81092535,11652574823.215921,11626140320.444056,1.07273561,644418
2026-04-09,range_1m_3m,1-3m,1533688.53384968,78348.89557192,73.62385844,7.66317814,110115878276.57382,120162802778.43681,11.08733543,15371669
2026-04-09,range_12m_18m,1-1.5y,1419230.10766176,90696.25492685,73.62385844,7.0912789,101897984064.24576,128718855644.35765,11.87679628,37848465
2026-04-09,range_3m_6m,3-6m,2872890.31459162,93183.98260877,73.62385844,14.35459012,206267982840.98334,267707361111.8024,24.70116577,23075705
2026-04-09,range_6m_12m,6-12m,2457881.32508024,110791.16117791,73.62385844,12.28096973,176471137937.92426,272311526043.1509,25.12598876,39160447
2026-04-08,range_10y_inf,>10y,3475691.53350109,107.36121508,73.05540336,17.36691753,247235350269.57825,373154466.2760459,0.03443179,14855717
2026-04-08,range_7y_10y,7-10y,1678591.86409017,5860.75802104,73.05540336,8.38738599,119402784590.59846,9837820731.522821,0.90775759,33222965
2026-04-08,range_5y_7y,5-7y,1199563.97712553,19966.72446311,73.05540336,5.99383704,85328233877.14644,23951363407.140038,2.21004554,42586664
2026-04-08,range_3y_5y,3-5y,2181528.57940741,34953.87974027,73.05540336,10.90039969,155178035005.1934,76252887614.56871,7.03602344,19012750
2026-04-08,range_2y_3y,2-3y,1175899.36159351,42022.12587711,73.05540336,5.87559254,83644905695.21184,49413790991.69528,4.55952033,46252225
2026-04-08,range_18m_2y,1.5-2y,848100.34588514,62796.91708676,73.05540336,4.23768583,60327674092.36988,53258087101.80132,4.91424208,82728402
2026-04-08,range_1d_1w,1d-1w,254945.76202845,67603.03612656,73.05540336,1.27388233,18134982396.253147,17235107560.72259,1.59032169,2649785
2026-04-08,range_1w_1m,1w-1m,723873.78776872,69968.21254476,73.05540336,3.6169655,51491102632.3705,50648155038.18411,4.67341785,8366815
2026-04-08,range_0d_1d,<1d,205554.52836354,71509.3868208,73.05540336,1.02709015,14621650203.885054,14699078281.514837,1.35631663,625844
2026-04-08,range_1m_3m,1-3m,1546270.04170631,78768.1521567,73.05540336,7.72621622,109990375062.86662,121796833920.46211,11.2384646,15321013
2026-04-08,range_12m_18m,1-1.5y,1416578.5343809,90724.58481845,73.05540336,7.07818929,100765066967.62012,128518499394.43088,11.85868761,38246812
2026-04-08,range_3m_6m,3-6m,2856171.34179793,93328.67956143,73.05540336,14.27137353,203167201494.44214,266562699931.18976,24.59633285,23184768
2026-04-08,range_6m_12m,6-12m,2450520.13732226,110671.31603674,73.05540336,12.24446437,174312132896.1093,271202288571.9926,25.024438,39018018
2026-04-07,range_10y_inf,>10y,3474771.83842245,107.27742982,73.71830456,17.36272335,250107359443.36142,372764592.0349987,0.03440499,14839624
2026-04-07,range_7y_10y,7-10y,1679192.25776912,5857.93794018,73.71830456,8.39057987,120865012472.02507,9836604035.63691,0.90788725,33100216
2026-04-07,range_5y_7y,5-7y,1198363.99418983,19906.89570922,73.71830456,5.98797949,86255923604.7254,23855707054.01953,2.20180585,42680970
2026-04-07,range_3y_5y,3-5y,2182585.11677431,34975.64715277,73.71830456,10.9059309,157098257295.8326,76337326925.18834,7.04569237,19017351
2026-04-07,range_2y_3y,2-3y,1175184.31014688,41951.33888194,73.71830456,5.87215536,84587494758.66176,49300555243.7124,4.55028437,46126028
2026-04-07,range_18m_2y,1.5-2y,848840.88790483,62824.71839601,73.71830456,4.2414841,61097926118.1708,53328189745.64263,4.92202222,82333811
2026-04-07,range_1d_1w,1d-1w,264253.95991828,67512.38544567,73.71830456,1.32042293,19020489174.79965,17840415197.547703,1.64661355,2763180
2026-04-07,range_0d_1d,<1d,197101.40170528,69496.27574653,73.71830456,0.98487534,14186977855.062134,13697813362.937614,1.26426459,633911
2026-04-07,range_1w_1m,1w-1m,721248.60349745,69971.54687836,73.71830456,3.60393158,51914080150.03835,50466880470.57297,4.65793248,8113344
2026-04-07,range_1m_3m,1-3m,1551853.90113454,78933.46535101,73.71830456,7.75429617,111699443734.0814,122493206135.03517,11.30573315,15226802
2026-04-07,range_12m_18m,1-1.5y,1415478.37319065,90723.11220476,73.71830456,7.07285559,101883396876.10239,128416603274.38568,11.85244386,38713497
2026-04-07,range_3m_6m,3-6m,2864982.44454421,93519.01050352,73.71830456,14.31573062,206215897726.9296,267930323323.72592,24.72911629,23244806
2026-04-07,range_6m_12m,6-12m,2438970.20577313,110532.13381798,73.71830456,12.18703469,175552360354.0807,269584581162.58182,24.88179902,38960082
2026-04-06,range_10y_inf,>10y,3474382.62608075,107.23618242,68.66500032,17.36115265,239238293456.2901,372579529.0953328,0.03438657,14821828
2026-04-06,range_7y_10y,7-10y,1679412.64965064,5856.6760306,68.66500032,8.39186195,115640635920.56067,9835775810.691788,0.90777561,33024445
2026-04-06,range_5y_7y,5-7y,1196913.46564194,19827.78653573,68.66500032,5.98086038,82416810625.73228,23732144698.49276,2.1903165,42747185
2026-04-06,range_3y_5y,3-5y,2184660.3837995,35001.06977689,68.66500032,10.91653583,150430876000.3593,76465450532.17567,7.05724409,19001042
2026-04-06,range_2y_3y,2-3y,1174872.69736601,41898.03534321,68.66500032,5.8707248,80899132132.51833,49224857798.01942,4.54312156,45942176
2026-04-06,range_18m_2y,1.5-2y,821179.31915024,62866.24502315,68.66500032,4.10335333,56544589378.37656,51624460285.64478,4.76458865,82212098
2026-04-06,range_1d_1w,1d-1w,308735.56667055,67070.5717912,68.66500032,1.54272165,21258847412.221203,20707070988.874714,1.91112265,2836525
2026-04-06,range_0d_1d,<1d,172291.29654274,69418.35257804,68.66500032,0.86092288,11863597133.155462,11960177969.531857,1.10384356,514259
2026-04-06,range_1w_1m,1w-1m,684679.9550421,70131.31095098,68.66500032,3.42127926,47145545449.833374,48017502828.95824,4.43169086,8079183
2026-04-06,range_1m_3m,1-3m,1656910.25330732,79739.86336032,68.66500032,8.27941966,114091170740.92221,132121797199.03496,12.19394859,15165502
2026-04-06,range_12m_18m,1-1.5y,1441053.5812524,90186.02897125,68.66500032,7.20080483,99227758327.46948,129962900027.94786,11.99469698,38996415
2026-04-06,range_3m_6m,3-6m,2799654.95269014,93880.81338021,68.66500032,13.98960398,192778040081.20572,262833884142.483,24.25779046,23181091
2026-04-06,range_6m_12m,6-12m,2417649.29777663,110290.76266532,68.66500032,12.08075881,166473976652.4599,266644384909.0579,24.60947392,38903431
2026-04-05,range_10y_inf,>10y,3472532.30003974,107.07374432,69.12625056,17.35225358,239573021564.49182,371817035.6210782,0.03431888,14807980
2026-04-05,range_7y_10y,7-10y,1680614.56530679,5850.50334455,69.12625056,8.39803567,115947059582.78197,9832441135.22587,0.90753886,32924388
2026-04-05,range_5y_7y,5-7y,1196649.92269137,19776.7621676,69.12625056,5.979663,82557918246.2338,23665860918.93994,2.18436991,42824833
2026-04-05,range_3y_5y,3-5y,2184702.70323119,35020.3908929,69.12625056,10.9169655,150724538351.22562,76509142651.93825,7.06182925,18977053
2026-04-05,range_2y_3y,2-3y,1174556.30710707,41816.08459322,69.12625056,5.86926114,81033660504.19508,49115345897.49022,4.53336914,45862439
2026-04-05,range_18m_2y,1.5-2y,748301.99461738,62943.29111605,69.12625056,3.73926715,51626005002.50788,47100590289.92299,4.34740627,81867231
2026-04-05,range_1d_1w,1d-1w,379895.76263223,67084.69515755,69.12625056,1.89834018,26209338854.04284,25485191427.82945,2.35229496,2633921
2026-04-05,range_0d_1d,<1d,93410.36175609,67437.98548077,69.12625056,0.46677184,6444462046.064375,6299406619.860495,0.58143814,812807
2026-04-05,range_1w_1m,1w-1m,686767.75644999,70291.43659666,69.12625056,3.43178039,47380704428.26643,48273892209.13369,4.45570258,7983015
2026-04-05,range_1m_3m,1-3m,1686692.42544081,80051.11463425,69.12625056,8.42840675,116366376436.05844,135021608701.67677,12.46255694,15138608
2026-04-05,range_12m_18m,1-1.5y,1511579.23359591,88809.48945431,69.12625056,7.55336564,104285165129.36876,134242580005.39499,12.39065223,39435864
2026-04-05,range_3m_6m,3-6m,2791561.75580817,94119.1952294,69.12625056,13.94944187,192592271845.8768,262739545889.8378,24.25098161,23161150
2026-04-05,range_6m_12m,6-12m,2404730.95629422,110099.9535613,69.12625056,12.01644729,165904478769.71027,264760766615.4053,24.43754122,38802178
2026-04-04,range_10y_inf,>10y,3470126.83693228,106.83746112,63.25699419,17.34066402,233531601617.6858,370739541.0104277,0.03422867,14795240
2026-04-04,range_7y_10y,7-10y,1686305.55423058,5836.11395618,63.25699419,8.42668278,113484508031.5293,9841471379.434486,0.90861755,32781940
2026-04-04,range_5y_7y,5-7y,1195848.45410886,19706.57532698,63.25699419,5.97580643,80477866632.37915,23566077640.54659,2.17574699,42948400
2026-04-04,range_3y_5y,3-5y,2185521.84405297,35043.77956267,63.25699419,10.92132991,147080622869.48865,76588945732.3887,7.07110326,18930464
2026-04-04,range_2y_3y,2-3y,1174373.26621501,41766.75940036,63.25699419,5.86849219,79032635590.52907,49049765656.21665,4.52853809,45859199
2026-04-04,range_18m_2y,1.5-2y,748328.78584713,62951.34873029,63.25699419,3.73949388,50360816220.19077,47108306362.780136,4.34929213,81438795
2026-04-04,range_1d_1w,1d-1w,382989.70020746,67064.85829464,63.25699419,1.91384812,25774331111.07659,25685149972.71885,2.37139115,2881281
2026-04-04,range_0d_1d,<1d,94267.70562265,67161.54435847,63.25699419,0.47106768,6344001043.588251,6331164692.747149,0.58452716,483997
2026-04-04,range_1w_1m,1w-1m,707339.19772763,70320.65111519,63.25699419,3.5346637,47602310663.18398,49740552943.5054,4.59231529,7738886
2026-04-04,range_1m_3m,1-3m,1675773.64905992,80421.34124657,63.25699419,8.37405351,112775734894.93578,134767964483.06122,12.44250308,15126910
2026-04-04,range_12m_18m,1-1.5y,1511648.53512369,88788.59955924,63.25699419,7.5538995,101730490002.07281,134217156459.41197,12.39164952,39885455
2026-04-04,range_3m_6m,3-6m,2792811.35544114,94344.88955997,63.25699419,13.95603264,187949818407.4467,263487478890.9114,24.32658073,23183617
2026-04-04,range_6m_12m,6-12m,2386164.28540164,109955.15082524,63.25699419,11.92396564,160583400399.67838,262371053895.1462,24.22350637,38673663
2026-04-03,range_10y_inf,>10y,3468467.93490367,106.67860578,61.98455544,17.33269908,232223949244.42627,370011323.4825845,0.03416102,14783826
2026-04-03,range_7y_10y,7-10y,1687638.05949892,5830.66336763,61.98455544,8.43349951,112992243961.14354,9840049411.338629,0.90847524,32651676
2026-04-03,range_5y_7y,5-7y,1194859.51424126,19649.88216014,61.98455544,5.97097646,79999296633.8576,23478848652.767113,2.16766724,43060112
2026-04-03,range_3y_5y,3-5y,2185218.74156416,35066.11648873,61.98455544,10.9200199,146306708221.8992,76627134945.03897,7.07454323,18897950
2026-04-03,range_2y_3y,2-3y,1173638.01338235,41668.78875727,61.98455544,5.86492794,78578455838.77412,48904074457.13329,4.5150323,45837310
2026-04-03,range_18m_2y,1.5-2y,750219.64738375,62971.80054324,61.98455544,3.749013,50229372906.41377,47242681998.66769,4.36164547,80955835
2026-04-03,range_0d_1d,<1d,114097.96787766,66875.03533278,61.98455544,0.5701727,7639188598.135268,7630305633.216893,0.70446229,525372
2026-04-03,range_1d_1w,1d-1w,369962.30791151,67051.82805464,61.98455544,1.84878323,24770045399.649742,24806649056.781067,2.29025542,3185107
2026-04-03,range_1w_1m,1w-1m,722287.19849371,70476.14076878,61.98455544,3.6094284,48359214751.55877,50904014276.5286,4.69967525,7425468
2026-04-03,range_1m_3m,1-3m,1654773.36892043,80576.91870633,61.98455544,8.26926741,110791857975.14912,133336539224.90474,12.3101968,15177209
2026-04-03,range_12m_18m,1-1.5y,1497550.05156417,88820.327446,61.98455544,7.48358782,100265302632.84221,133012885946.71002,12.28031575,40277806
2026-04-03,range_3m_6m,3-6m,2800579.76733573,94472.01984331,61.98455544,13.99511463,187506906781.53903,264576427352.51587,24.42682184,23099813
2026-04-03,range_6m_12m,6-12m,2391831.59689364,109710.62991874,61.98455544,11.9525099,160140035826.41452,262409351154.7388,24.22674815,38658716
2026-04-02,range_10y_inf,>10y,3466690.30808377,106.50957818,61.77964159,17.324173,231992683175.39993,369235722.4089749,0.03408353,14769108
2026-04-02,range_7y_10y,7-10y,1688939.57533705,5825.1028455,61.77964159,8.44017746,113024697617.176,9838246726.18031,0.90815207,32562993
2026-04-02,range_5y_7y,5-7y,1193697.75504104,19580.43322955,61.77964159,5.96529386,79882862465.87054,23373119188.84051,2.15753347,43135172
2026-04-02,range_3y_5y,3-5y,2185565.87430309,35090.99551094,61.77964159,10.92197974,146259182787.06268,76693682284.03629,7.0794653,18842756
2026-04-02,range_2y_3y,2-3y,1172362.39188381,41579.47567463,61.77964159,5.85867415,78455089083.9144,48746213555.18812,4.49968129,45733448
2026-04-02,range_18m_2y,1.5-2y,752971.47252808,62996.43378468,61.77964159,3.76284205,50389234901.94271,47434517510.86665,4.37860083,80537038
2026-04-02,range_0d_1d,<1d,262707.57545941,66707.46919516,61.77964159,1.31283474,17580524911.387516,17524557497.293095,1.61766254,588673
2026-04-02,range_1d_1w,1d-1w,255871.27948105,67253.81300584,61.77964159,1.27867156,17123036498.50486,17208319183.78473,1.58847111,3337161
2026-04-02,range_1w_1m,1w-1m,703319.82783416,70826.05616849,61.77964159,3.51471671,47066521520.319305,49813369630.59621,4.59818868,7135454
2026-04-02,range_1m_3m,1-3m,1636308.40231535,80729.49440741,61.77964159,8.17716246,109502592680.51608,132098350013.51843,12.19377734,15355365
2026-04-02,range_12m_18m,1-1.5y,1486554.02630728,88859.41247722,61.77964159,7.42879139,99480953474.2803,132094317393.31813,12.19340509,40736227
2026-04-02,range_3m_6m,3-6m,2803690.27316416,94539.37904866,61.77964159,14.01094733,187624382757.06693,265059137469.71994,24.46716483,23145787
2026-04-02,range_6m_12m,6-12m,2402032.90823271,109520.91826176,61.77964159,12.00373554,160745267079.98343,263072849804.6241,24.28381394,38486229
2026-04-01,range_10y_inf,>10y,3466159.49329353,106.4540228,66.49131558,17.32191259,236235216298.73712,368986621.7162501,0.0340394,14752630
2026-04-01,range_7y_10y,7-10y,1688453.8987959,5823.76357985,66.49131558,8.43794144,115076144869.9202,9833156322.059246,0.90711899,32503668
2026-04-01,range_5y_7y,5-7y,1193777.97607183,19516.5166736,66.49131558,5.96582984,81361633512.72403,23298387774.57815,2.14930072,43181041
2026-04-01,range_3y_5y,3-5y,2185079.64832032,35113.1182423,66.49131558,10.91979718,148923546175.4344,76724960060.31778,7.07795809,18817663
2026-04-01,range_2y_3y,2-3y,1171825.33527267,41479.91023278,66.49131558,5.85612291,79865456877.58876,48607209715.61176,4.48406611,45644838
2026-04-01,range_18m_2y,1.5-2y,754794.79571545,63012.59716274,66.49131558,3.7720392,51442846808.40577,47561580402.95054,4.38760571,80332913
2026-04-01,range_1d_1w,1d-1w,348783.24698063,67397.99310172,66.49131558,1.74302219,23771233248.57556,23507290873.994522,2.16857225,3271120
2026-04-01,range_0d_1d,<1d,163625.16512475,68420.92563051,66.49131558,0.8177064,11151831400.127811,11195385254.27985,1.03278604,790860
2026-04-01,range_1w_1m,1w-1m,711122.91890725,70880.060059,66.49131558,3.55379176,48466401182.0812,50404435201.478134,4.64986205,6883141
2026-04-01,range_1m_3m,1-3m,1639058.94868653,80943.67871035,66.49131558,8.19109331,111709644642.2966,132671460929.81241,12.23908151,15437785
2026-04-01,range_12m_18m,1-1.5y,1465543.25695717,88893.86523347,66.49131558,7.32395963,99883726923.78986,130277804777.76823,12.01826422,40927911
2026-04-01,range_3m_6m,3-6m,2806249.57129857,94720.00610231,66.49131558,14.02405454,191259223860.48026,265807976518.00555,24.5210648,23068897
2026-04-01,range_6m_12m,6-12m,2415784.28954636,109173.60232487,66.49131558,12.07272902,164647162162.1211,263739873329.59836,24.33028011,38478434
2026-03-31,range_10y_inf,>10y,3466072.9106005,106.43089203,66.66220354,17.32191813,236349598500.18036,368897231.7011212,0.03403144,14734945
2026-03-31,range_7y_10y,7-10y,1688219.17316422,5823.1016464,66.66220354,8.43698187,115118733520.39241,9830671846.737413,0.90689726,32437875
2026-03-31,range_5y_7y,5-7y,1191689.30403471,19410.55463077,66.66220354,5.95554251,81260635829.14246,23131350338.875164,2.13390891,43236590
2026-03-31,range_3y_5y,3-5y,2187025.44741548,35150.4433991,66.66220354,10.92979771,149132058020.31793,76874914201.77257,7.09184988,18773301
2026-03-31,range_2y_3y,2-3y,1170224.85857233,41378.5193719,66.66220354,5.84827259,79796987141.44547,48422171979.91566,4.46703295,45558236
2026-03-31,range_18m_2y,1.5-2y,756583.34792957,63049.84276678,66.66220354,3.78107303,51591000860.99912,47702461126.920616,4.40063832,80117118
2026-03-31,range_0d_1d,<1d,239282.29085814,67622.58632885,66.66220354,1.19582835,16316527329.693907,16180887370.518799,1.49271613,609053
2026-03-31,range_1d_1w,1d-1w,298443.69160213,67979.93131905,66.66220354,1.49149118,20350710589.309116,20288181657.717793,1.87162145,3285236
2026-03-31,range_1w_1m,1w-1m,688010.32130946,70799.09267481,66.66220354,3.438375,46915044028.11263,48710506499.61573,4.49363233,6824005
2026-03-31,range_1m_3m,1-3m,1663777.41697403,81168.23987981,66.66220354,8.31483265,113452063657.64279,135045884487.55553,12.4582271,15504869
2026-03-31,range_12m_18m,1-1.5y,1463638.48372174,88869.28330389,66.66220354,7.3146257,99804700275.94234,130072503064.34169,11.99942367,41219312
2026-03-31,range_3m_6m,3-6m,2801356.6650856,95063.91614144,66.66220354,13.99995674,191022964642.1594,266307935091.95947,24.56738868,22918715
2026-03-31,range_6m_12m,6-12m,2395428.38370305,108979.76491149,66.66220354,11.97130453,163342939207.26105,261053222118.27576,24.0826319,38464875
2026-03-30,range_10y_inf,>10y,3464832.67271163,106.38593958,61.04786196,17.31608775,231121479760.509,368609479.3820236,0.03400321,14720671
2026-03-30,range_7y_10y,7-10y,1688073.83579655,5818.47504422,61.04786196,8.43643472,112602875731.0695,9822015486.383524,0.90605394,32357057
2026-03-30,range_5y_7y,5-7y,1197425.30971978,19397.60767901,61.04786196,5.98433567,79874191808.67169,23227186382.86042,2.14264412,43307671
2026-03-30,range_3y_5y,3-5y,2188253.81022744,35176.63982328,61.04786196,10.93616881,145967354410.66147,76975416124.29747,7.10077063,18747042
2026-03-30,range_2y_3y,2-3y,1173379.57072628,41308.67673907,61.04786196,5.86416301,78270222063.78838,48470757379.3663,4.47129418,45511421
2026-03-30,range_18m_2y,1.5-2y,758544.47356858,63072.19688592,61.04786196,3.7909544,50598668898.5248,47843066383.640884,4.41339141,79841008
2026-03-30,range_0d_1d,<1d,225797.73047572,67188.2688037,61.04786196,1.12846238,15061825641.718763,15170958610.467854,1.39947925,612803
2026-03-30,range_1d_1w,1d-1w,357838.03895163,68603.80252637,61.04786196,1.78835617,23869567419.073647,24549050160.662052,2.26458242,3151955
2026-03-30,range_1w_1m,1w-1m,609247.47800353,70919.49931462,61.04786196,3.04481739,40639820723.67548,43207526098.70804,3.98577556,6923475
2026-03-30,range_1m_3m,1-3m,1717947.85981392,81322.88482266,61.04786196,8.58573521,114595620919.50943,139708475934.99088,12.88772302,15410896
2026-03-30,range_12m_18m,1-1.5y,1464668.88208182,88847.52467333,61.04786196,7.31993065,97700660136.35014,130132204639.02435,12.0043383,41533211
2026-03-30,range_3m_6m,3-6m,2777197.48164413,95353.49735248,61.04786196,13.87951449,185252810792.27795,264815492713.2709,24.42850155,22861987
2026-03-30,range_6m_12m,6-12m,2386120.15124995,108859.71945046,61.04786196,11.92503934,159166018199.56247,259752370240.151,23.96144241,38434128
2026-03-29,range_10y_inf,>10y,3464430.05384855,106.34913525,58.77802922,17.31444336,228335683353.7012,368439140.3505693,0.03396708,14706956
2026-03-29,range_7y_10y,7-10y,1688026.18559012,5817.66105876,58.77802922,8.43637577,111255417663.14192,9820364206.0739,0.90535726,32227270
2026-03-29,range_5y_7y,5-7y,1196022.56907381,19324.38669165,58.77802922,5.97745219,78828155388.08284,23112402616.71728,2.13077449,43420221
2026-03-29,range_3y_5y,3-5y,2187665.55921035,35208.07783117,58.77802922,10.93346115,144185941885.80756,77023499277.25133,7.10093667,18736586
2026-03-29,range_2y_3y,2-3y,1171144.95780547,41112.0361901,58.77802922,5.85311948,77188507226.37328,48148153889.15125,4.43886599,45394681
2026-03-29,range_18m_2y,1.5-2y,763530.82395355,63130.17355261,58.77802922,3.81595558,50323236359.00136,48201833428.95256,4.4438148,79496797
2026-03-29,range_0d_1d,<1d,96082.20177042,66436.95446784,58.77802922,0.48019727,6332641981.039727,6383408864.191221,0.58849809,709320
2026-03-29,range_1d_1w,1d-1w,476697.95851525,68608.09769644,58.77802922,2.38242934,31418488010.741707,32705340109.507614,3.01516486,3103186
2026-03-29,range_1w_1m,1w-1m,603639.77137284,70856.8995029,58.77802922,3.01685601,39785043298.182526,42772042616.12092,3.9432325,6790694
2026-03-29,range_1m_3m,1-3m,1766711.67844567,81583.66882063,58.77802922,8.82962819,116441467172.56586,144134820475.84967,13.28805158,15342547
2026-03-29,range_12m_18m,1-1.5y,1464180.69691747,88830.16383656,58.77802922,7.31764629,96502078202.60533,130063411193.50879,11.99078274,41931537
2026-03-29,range_3m_6m,3-6m,2744044.52775335,95583.73616139,58.77802922,13.71411828,180856092534.3295,262286028155.86853,24.18062658,22943915
2026-03-29,range_6m_12m,6-12m,2386725.31071411,108799.77463799,58.77802922,11.92831708,157305688476.54532,259675175928.49036,23.93992736,38331046
2026-03-28,range_10y_inf,>10y,3463872.19986117,106.29783802,59.98548652,17.31204467,229770370345.29007,368202126.0376675,0.03394215,14693445
2026-03-28,range_7y_10y,7-10y,1688180.77870385,5816.40600719,59.98548652,8.43733815,111982746577.11978,9819144822.48253,0.90516284,32058111
2026-03-28,range_5y_7y,5-7y,1194271.78019464,19235.79400095,59.98548652,5.96883638,79220090521.59875,22972765944.969162,2.11770927,43574713
2026-03-28,range_3y_5y,3-5y,2186381.06063473,35246.20577915,59.98548652,10.92728727,145030057990.62234,77061636774.77849,7.10380906,18733862
2026-03-28,range_2y_3y,2-3y,1171183.63260902,40961.28751442,59.98548652,5.85344441,77688575524.72697,47973189507.48358,4.42233506,45274505
2026-03-28,range_18m_2y,1.5-2y,765158.70864695,63165.79608641,59.98548652,3.82417739,50755567675.3259,48331858964.132996,4.45539845,79256138
2026-03-28,range_0d_1d,<1d,105973.00793792,66606.30573069,59.98548652,0.52964121,7029548400.046675,7058470565.913641,0.65067431,859874
2026-03-28,range_1d_1w,1d-1w,480339.44351526,68741.83194208,59.98548652,2.40068265,31862541531.519352,33019413301.278877,3.04384408,2977435
2026-03-28,range_1w_1m,1w-1m,612804.96563416,70737.80469107,59.98548652,3.06273047,40649428090.57362,43348477972.74794,3.9960131,6492815
2026-03-28,range_1m_3m,1-3m,1763275.34685158,81905.86625469,59.98548652,8.81265238,116964023523.45605,144422594729.4157,13.31337588,15478260
2026-03-28,range_12m_18m,1-1.5y,1449538.25944649,88857.41058729,59.98548652,7.24462961,96152780323.71866,128802216281.6158,11.8734352,42254404
2026-03-28,range_3m_6m,3-6m,2734855.37971855,95741.54014739,59.98548652,13.66850039,181412216496.88046,261839266134.63065,24.13725204,22923046
2026-03-28,range_6m_12m,6-12m,2392617.73121664,108573.94737555,59.98548652,11.95803501,158710434587.73938,259775951638.9341,23.94704856,38105550
2026-03-27,range_10y_inf,>10y,3463178.8816342,106.23528101,59.58097563,17.30904994,229103989377.25806,367911781.6627386,0.03390696,14679988
2026-03-27,range_7y_10y,7-10y,1688571.99709815,5814.58368907,59.58097563,8.43952277,111706208113.44278,9818343192.151987,0.90486409,31915599
2026-03-27,range_5y_7y,5-7y,1189733.46043482,19050.38419416,59.58097563,5.94631597,78705920599.92184,22664879509.925663,2.08880818,43704124
2026-03-27,range_3y_5y,3-5y,2190233.37600338,35308.89085155,59.58097563,10.9468382,144893238628.43893,77334711212.72783,7.12721095,18728078
2026-03-27,range_2y_3y,2-3y,1169682.38849064,40845.18746452,59.58097563,5.84610024,77379457044.12239,47775896431.84892,4.40305378,45160686
2026-03-27,range_18m_2y,1.5-2y,766564.57856068,63194.74519712,59.58097563,3.83130789,50711502081.19645,48442853219.28162,4.46452089,78910114
2026-03-27,range_0d_1d,<1d,260216.22161151,66660.8200715,59.58097563,1.30056683,17214408065.384663,17346226728.5307,1.59863812,771340
2026-03-27,range_1d_1w,1d-1w,316173.250521,69915.58715572,59.58097563,1.58024138,20916203148.754208,22105438453.10695,2.03724977,2843500
2026-03-27,range_1w_1m,1w-1m,630135.10521427,70634.8309631,59.58097563,3.14943016,41686113072.83211,44509486640.72576,4.10201959,6356885
2026-03-27,range_1m_3m,1-3m,1755402.63169368,82107.75646968,59.58097563,8.77354386,116127338387.61005,144132171789.34598,13.28330289,15630271
2026-03-27,range_12m_18m,1-1.5y,1435494.68551982,88881.57631816,59.58097563,7.17463638,94964069262.06854,127589030445.35,11.75867758,42614670
2026-03-27,range_3m_6m,3-6m,2746136.62808473,95881.22234563,59.58097563,13.7252558,181668599391.6492,263302936628.85825,24.26614833,22784112
2026-03-27,range_6m_12m,6-12m,2396385.34010408,108360.22935044,59.58097563,11.97719059,158531066476.113,259672865065.7212,23.93159887,38044483
2026-03-26,range_10y_inf,>10y,3461893.97663324,106.11868309,67.97445218,17.30303874,238093457329.02133,367371629.7818836,0.03382497,14663157
2026-03-26,range_7y_10y,7-10y,1688878.24292041,5811.88480527,67.97445218,8.44125379,116153430052.68575,9815565797.987446,0.90374769,31807720
2026-03-26,range_5y_7y,5-7y,1189652.49348018,18982.08381094,67.97445218,5.94605245,81818934116.59354,22582083337.13989,2.0791981,43796725
2026-03-26,range_3y_5y,3-5y,2188566.15370435,35337.42603528,67.97445218,10.93876508,150519711362.01886,77338294579.83708,7.12076174,18727958
2026-03-26,range_2y_3y,2-3y,1171844.53890894,40748.50442131,67.97445218,5.85704576,80594183300.87152,47750912374.81439,4.3965654,45075023
2026-03-26,range_18m_2y,1.5-2y,767449.34102385,63208.59751793,67.97445218,3.83582102,52781705090.50393,48509396512.17345,4.46640124,78705646
2026-03-26,range_0d_1d,<1d,230628.86025067,69359.13597887,67.97445218,1.15271586,15861613055.618752,15996218478.777534,1.47281836,742782
2026-03-26,range_1d_1w,1d-1w,340157.18905172,70165.94126923,67.97445218,1.70015404,23394477625.05111,23867449349.310394,2.19754549,2595032
2026-03-26,range_1w_1m,1w-1m,652046.74101264,70489.3908669,67.97445218,3.2590224,44844834635.52001,45962377590.7279,4.2318898,6416798
2026-03-26,range_1m_3m,1-3m,1743517.97801222,82432.21781989,67.97445218,8.71435096,119911304650.62556,143722053736.40375,13.23290754,15623939
2026-03-26,range_12m_18m,1-1.5y,1435063.86681163,88866.86717218,67.97445218,7.17265342,98697221764.55127,127529630035.53857,11.74202399,42765944
2026-03-26,range_3m_6m,3-6m,2738227.76737745,95938.86745942,67.97445218,13.68605204,188322958614.48145,262702470848.14218,24.18778063,22951327
2026-03-26,range_6m_12m,6-12m,2399506.39578366,108335.60678017,67.97445218,11.99307443,165027230039.7939,259951981360.12427,23.93453506,37808307
2026-03-25,range_10y_inf,>10y,3461501.37422109,106.08220483,72.80141639,17.30152234,246560075137.9511,367203697.8008744,0.03380062,14645430
2026-03-25,range_7y_10y,7-10y,1689021.59914672,5811.0006231,72.80141639,8.44218788,120307706793.54315,9814905565.066101,0.90344931,31689617
2026-03-25,range_5y_7y,5-7y,1189017.74844114,18931.87556399,72.80141639,5.94303307,84692817856.2324,22510336056.862736,2.0720472,43901129
2026-03-25,range_3y_5y,3-5y,2187792.59031885,35358.5893085,72.80141639,10.93518052,155834780096.43997,77357259693.26088,7.12063528,18729011
2026-03-25,range_2y_3y,2-3y,1165765.45729493,40493.37251291,72.80141639,5.82681182,83036575078.21844,47205774924.92798,4.34523027,44975550
2026-03-25,range_18m_2y,1.5-2y,775324.12239243,63283.04664807,72.80141639,3.87528017,55225739702.72059,49064872604.736244,4.51635779,78605930
2026-03-25,range_1w_1m,1w-1m,707127.65380747,69756.18923723,72.80141639,3.53441573,50368157803.815735,49326530433.87418,4.54044306,6554762
2026-03-25,range_1d_1w,1d-1w,336628.6011336,69906.91077866,72.80141639,1.68256101,23977795822.126556,23532665584.993034,2.1661513,2528599
2026-03-25,range_0d_1d,<1d,175749.24980081,71145.2165698,72.80141639,0.8784424,12518483614.953648,12503718439.058672,1.15095104,608136
2026-03-25,range_1m_3m,1-3m,1757890.61660164,82742.58480486,72.80141639,8.7864139,125213193830.12793,145452413421.82278,13.38870573,15589130
2026-03-25,range_12m_18m,1-1.5y,1435179.11369677,88835.46454676,72.80141639,7.17341431,102226702189.05202,127494803273.06485,11.73573104,42746567
2026-03-25,range_3m_6m,3-6m,2731687.01487051,96073.44860857,72.80141639,13.65371231,194575960782.73853,262442592037.8692,24.15749972,22950641
2026-03-25,range_6m_12m,6-12m,2394232.778245,108305.40841472,72.80141639,11.96702455,170539355580.833,259308358887.74518,23.86899763,37752969
2026-03-24,range_10y_inf,>10y,3460234.51785309,105.96591496,71.74380573,17.29560358,244049333265.4466,366666916.6746913,0.03374391,14629346
2026-03-24,range_7y_10y,7-10y,1689781.74572048,5807.62895065,71.74380573,8.44618914,119179814628.01945,9813625386.730984,0.9031359,31588852
2026-03-24,range_5y_7y,5-7y,1187760.07387635,18863.53996182,71.74380573,5.93688875,83772372252.00925,22405359618.617947,2.06193774,43989686
2026-03-24,range_3y_5y,3-5y,2188223.1155803,35382.18514406,71.74380573,10.93759378,154334739347.3068,77424115411.96988,7.12524631,18730866
2026-03-24,range_2y_3y,2-3y,1164644.52055381,40389.4812066,71.74380573,5.82134819,82142039005.1379,47039387975.28044,4.32897714,44886416
2026-03-24,range_18m_2y,1.5-2y,772469.51379811,63296.6572983,71.74380573,3.86110433,54482049941.30875,48894738088.264206,4.49972273,78422606
2026-03-24,range_1w_1m,1w-1m,686482.94571755,69408.92834385,71.74380573,3.43130988,48417442325.38774,47648045588.58523,4.38499115,6569134
2026-03-24,range_0d_1d,<1d,219711.20952316,70014.63878356,71.74380573,1.09820244,15496167649.451956,15383000971.463823,1.4156787,504140
2026-03-24,range_1d_1w,1d-1w,293169.15220307,70488.31614388,71.74380573,1.46537393,20677134962.964134,20664999884.123966,1.90177457,2616288
2026-03-24,range_1m_3m,1-3m,1771270.14778624,82856.25946237,71.74380573,8.8535,124927167904.33855,146760818942.9252,13.50621803,15623951
2026-03-24,range_12m_18m,1-1.5y,1439441.88937965,88737.8994022,71.74380573,7.19489277,101523417434.55583,127733049575.08125,11.75511577,42773410
2026-03-24,range_3m_6m,3-6m,2760652.51206918,96218.51709391,71.74380573,13.79881948,194708018046.73175,265625890922.8642,24.44522471,22862112
2026-03-24,range_6m_12m,6-12m,2372598.45090997,108259.78070842,71.74380573,11.85917372,167338678076.21048,256856988004.65384,23.63823334,37847699
2026-03-23,range_10y_inf,>10y,3459512.06201002,105.88272573,72.33281024,17.2923301,245303359614.62308,366302566.8289729,0.0336845,14612491
2026-03-23,range_7y_10y,7-10y,1690451.84208639,5805.07776737,72.33281024,8.44970353,119864740662.18147,9813204405.301662,0.90240383,31478663
2026-03-23,range_5y_7y,5-7y,1185438.37672591,18750.03440037,72.33281024,5.9253997,84055789144.44284,22227010343.131363,2.04395409,44082966
2026-03-23,range_3y_5y,3-5y,2190383.04807045,35415.37802026,72.33281024,10.94860374,155313324799.4565,77573243656.58119,7.13348968,18741301
2026-03-23,range_2y_3y,2-3y,1160148.76715501,40212.60185094,72.33281024,5.79898988,82262580715.07852,46652600461.468376,4.29008545,44787577
2026-03-23,range_18m_2y,1.5-2y,778744.5383456,63314.88557134,72.33281024,3.89254536,55218379966.197975,49306121334.65484,4.53409824,78307716
2026-03-23,range_1w_1m,1w-1m,666520.79428297,68935.39826121,72.33281024,3.3315963,47260939450.410286,45946876403.27587,4.22518839,6764969
2026-03-23,range_0d_1d,<1d,173563.62361811,70225.27433367,72.33281024,0.86755572,12306862707.012295,12188553082.927164,1.12083643,673013
2026-03-23,range_1d_1w,1d-1w,314696.44929887,71503.60614199,72.33281024,1.57300648,22314157282.32894,22501930964.947895,2.06923528,2404813
2026-03-23,range_1m_3m,1-3m,1860782.20190347,83130.5121628,72.33281024,9.30109781,131942342577.87508,154687777467.66605,14.22479727,15581622
2026-03-23,range_12m_18m,1-1.5y,1436996.37243824,88716.8456968,72.33281024,7.18280936,101892992883.02509,127485785440.46063,11.72335321,42818349
2026-03-23,range_3m_6m,3-6m,2732989.77894659,96534.12036721,72.33281024,13.66081706,193787899146.24753,263826764283.18854,24.26101336,22780232
2026-03-23,range_6m_12m,6-12m,2355821.31508933,108189.60309369,72.33281024,11.77554496,167044043461.8373,254875373039.1731,23.43786025,37870633
2026-03-22,range_10y_inf,>10y,3459277.27315403,105.8525558,66.02373068,17.29158867,235225385374.39386,366173340.5978428,0.03367272,14601724
2026-03-22,range_7y_10y,7-10y,1690813.41151783,5804.5577739,66.02373068,8.45172206,114972638766.78148,9814424132.03463,0.90251897,31412075
2026-03-22,range_5y_7y,5-7y,1183843.15189454,18681.44120672,66.02373068,5.91757388,80499462644.49988,22115896240.098312,2.03374294,44130326
2026-03-22,range_3y_5y,3-5y,2192440.98645221,35422.81800609,66.02373068,10.95916422,149082520777.12943,77662438052.19244,7.14171533,18744921
2026-03-22,range_2y_3y,2-3y,1079023.11930491,38305.33168176,66.02373068,5.39361909,73371866151.38281,41332338477.25981,3.80085666,44687333
2026-03-22,range_18m_2y,1.5-2y,861165.75278868,63402.80482255,66.02373068,4.30463441,58557909665.98461,54600324143.92826,5.0209597,78118514
2026-03-22,range_0d_1d,<1d,102154.33967766,68440.5585321,66.02373068,0.51063002,6946333589.627339,6991500064.017209,0.64292732,709425
2026-03-22,range_1w_1m,1w-1m,634363.45317003,68486.25561548,66.02373068,3.17093746,43135711871.77495,43445177606.92308,3.99515002,6734357
2026-03-22,range_1d_1w,1d-1w,407819.67538301,71972.64900168,66.02373068,2.03853277,27731093153.386932,29351862352.318764,2.69915097,2200660
2026-03-22,range_1m_3m,1-3m,1890209.2696759,83278.95903887,66.02373068,9.4484248,128531241871.91093,157414660344.22882,14.47560391,15626547
2026-03-22,range_12m_18m,1-1.5y,1437385.32091431,88683.13767471,66.02373068,7.18493308,97739929281.61282,127471840306.25609,11.7221094,42876111
2026-03-22,range_3m_6m,3-6m,2728136.25653765,96768.67784551,66.02373068,13.63689761,185508952195.90887,263998138527.54507,24.27685248,22876122
2026-03-22,range_6m_12m,6-12m,2338917.1595002,108119.77307753,66.02373068,11.69134194,159042668962.0609,252883192532.3084,23.25473957,37844738
2026-03-21,range_10y_inf,>10y,3458846.24924201,105.81267356,71.17864006,17.28987167,242572094041.97296,365989769.0493995,0.03366953,14590305
2026-03-21,range_7y_10y,7-10y,1691925.08807503,5808.22106124,71.17864006,8.45749292,118656274954.82051,9827074930.599125,0.90404985,31388436
2026-03-21,range_5y_7y,5-7y,1188909.66157925,18588.2743362,71.17864006,5.94304979,83379336765.6087,22099778950.389397,2.03308737,44137377
2026-03-21,range_3y_5y,3-5y,2190460.15458388,35448.25040662,71.17864006,10.94953989,153619001344.55447,77647980065.41505,7.14328988,18745638
2026-03-21,range_2y_3y,2-3y,1082017.78246182,38014.03014584,71.17864006,5.40872512,75882910187.15681,41131856600.8362,3.78395902,44552483
2026-03-21,range_18m_2y,1.5-2y,867384.82914271,63408.13128445,71.17864006,4.33583088,60830502191.733734,54999251120.42255,5.0597014,77916313
2026-03-21,range_1w_1m,1w-1m,642350.75719571,68267.58804279,71.17864006,3.21094416,45048654104.40165,43851736871.211266,4.03417665,6690600
2026-03-21,range_0d_1d,<1d,80212.41508639,70504.76982663,71.17864006,0.40096097,5625371032.301173,5655357862.903671,0.5202693,591460
2026-03-21,range_1d_1w,1d-1w,437278.31463328,71970.59655877,71.17864006,2.18584042,30666733591.579712,31471181166.37069,2.89521723,2122251
2026-03-21,range_1m_3m,1-3m,1870818.96540069,83634.16076605,71.17864006,9.35173682,131202268418.30069,156464374116.50217,14.39406896,15613927
2026-03-21,range_12m_18m,1-1.5y,1438682.3076557,88644.71333173,71.17864006,7.19159821,100896123990.9578,127531580737.57541,11.7323728,43084565
2026-03-21,range_3m_6m,3-6m,2734886.54844383,96935.6608588,71.17864006,13.67098566,191800129065.76178,265108034947.25842,24.38883201,22940403
2026-03-21,range_6m_12m,6-12m,2321269.84647066,108066.56988745,71.17864006,11.60342348,162792806305.9387,250851670091.25998,23.07730599,37730700
2026-03-20,range_10y_inf,>10y,3458335.09287929,105.7663042,71.69900382,17.28768921,243807568523.37195,365775321.4664938,0.03365041,14579068
2026-03-20,range_7y_10y,7-10y,1692223.6421833,5806.86031506,71.69900382,8.45916767,119299293017.60568,9826506311.997263,0.90401386,31359719
2026-03-20,range_5y_7y,5-7y,1187862.64829449,18536.27923763,71.69900382,5.93794405,83742580242.35985,22018553744.73181,2.02565155,44147984
2026-03-20,range_3y_5y,3-5y,2190080.33875429,35469.09772121,71.69900382,10.94787729,154397462340.1722,77680173552.5762,7.14638054,18748854
2026-03-20,range_2y_3y,2-3y,1080496.75711458,37893.16010234,71.69900382,5.40123835,76173441865.68361,40943436607.404434,3.76669317,44453537
2026-03-20,range_18m_2y,1.5-2y,867798.21851347,63424.68153667,71.69900382,4.33799082,61178505825.04782,55039825647.31037,5.06352549,77588139
2026-03-20,range_1w_1m,1w-1m,651184.59562566,68181.50383737,71.69900382,3.25517239,45907562065.41749,44398745005.48599,4.08457285,6792395
2026-03-20,range_0d_1d,<1d,179153.95370317,70213.05035285,71.69900382,0.89556327,12630091842.069859,12578945572.272593,1.15723135,520556
2026-03-20,range_1d_1w,1d-1w,343845.23060896,72517.25408415,71.69900382,1.71882982,24240586112.010612,24934711953.691425,2.29393077,2121756
2026-03-20,range_1m_3m,1-3m,1858460.66401462,83808.69164205,71.69900382,9.29016116,131018760045.16809,155755156719.27835,14.32908258,15547693
2026-03-20,range_12m_18m,1-1.5y,1435242.76593225,88605.34851922,71.69900382,7.17455949,101182516906.23973,127170185485.11682,11.69933714,43466731
2026-03-20,range_3m_6m,3-6m,2765343.82280857,97153.11297655,71.69900382,13.82353164,194952697024.15054,268661760836.33304,24.71620612,22932799
2026-03-20,range_6m_12m,6-12m,2294583.93953831,107911.70643688,71.69900382,11.47027484,161764813428.1422,247612468478.22675,22.77972417,37579000
2026-03-19,range_10y_inf,>10y,3459350.33655906,105.60891701,70.99190902,17.29312625,241700659566.40158,365338242.618099,0.03360244,14563596
2026-03-19,range_7y_10y,7-10y,1693166.51863682,5804.25239131,70.99190902,8.46405814,118299514213.79567,9827565814.691767,0.9039025,31326682
2026-03-19,range_5y_7y,5-7y,1187035.45193125,18490.92426999,70.99190902,5.93393323,82936743534.8757,21949382647.45276,2.01882157,44172240
2026-03-19,range_3y_5y,3-5y,2188223.73786735,35492.92809959,70.99190902,10.93882541,152888568449.37988,77666467793.94507,7.14346927,18743060
2026-03-19,range_2y_3y,2-3y,1080842.02220975,37783.25415724,70.99190902,5.40307738,75517135947.27435,40837728828.97688,3.75610053,44362564
2026-03-19,range_18m_2y,1.5-2y,867186.24126409,63427.81811572,70.99190902,4.33502239,60589262748.37003,55003731183.35785,5.05903609,77349297
2026-03-19,range_1w_1m,1w-1m,661333.78808845,67920.42900703,70.99190902,3.30597586,46206598703.01524,44918074603.810974,4.13139537,6923697
2026-03-19,range_0d_1d,<1d,151121.80819385,70048.90228559,70.99190902,0.75545066,10558699513.404192,10585916775.392492,0.97365277,599574
2026-03-19,range_1d_1w,1d-1w,375190.9632399,72837.76659543,70.99190902,1.87556161,26214142672.996414,27328071809.183853,2.51353315,2119779
2026-03-19,range_1m_3m,1-3m,1852464.61280539,84132.5031039,70.99190902,9.26038166,129429481023.26073,155852484786.71466,14.33472471,15486098
2026-03-19,range_12m_18m,1-1.5y,1434263.46553497,88550.78925578,70.99190902,7.1698142,100210268369.81555,127005161873.84668,11.68145657,43742415
2026-03-19,range_3m_6m,3-6m,2758308.12055812,97290.68309236,70.99190902,13.78864987,192719680623.44214,268357681228.30637,24.68252906,23004671
2026-03-19,range_6m_12m,6-12m,2295705.85308196,107827.30273533,70.99190902,11.47612334,160398214946.99463,247539770011.53088,22.76777598,37393881
2026-03-18,range_10y_inf,>10y,3457611.44243706,105.45588682,72.59428342,17.28479542,246538916562.5174,364625480.9559396,0.03352352,14551433
2026-03-18,range_7y_10y,7-10y,1694376.67072135,5799.31125303,72.59428342,8.47028494,120814555250.89731,9826217693.391228,0.90341862,31288503
2026-03-18,range_5y_7y,5-7y,1186196.46295839,18432.0039302,72.59428342,5.9298633,84579657279.80298,21863977867.240322,2.01016559,44189331
2026-03-18,range_3y_5y,3-5y,2186357.46516179,35521.94133463,72.59428342,10.92972479,155894382481.4033,77663661614.0145,7.14036674,18741269
2026-03-18,range_2y_3y,2-3y,1082374.90272869,37672.43823888,72.59428342,5.41085344,77176843111.41301,40775701674.35511,3.7489021,44226091
2026-03-18,range_18m_2y,1.5-2y,863507.88250822,63434.61282104,72.59428342,4.31672481,61570914297.62221,54776288194.82842,5.03611056,77216399
2026-03-18,range_1w_1m,1w-1m,665223.36579065,67742.98202221,72.59428342,3.32548928,47432584778.38158,45064214509.50837,4.1431863,7145369
2026-03-18,range_0d_1d,<1d,184259.38651335,72120.00805444,72.59428342,0.92112311,13138292221.018517,13288788439.44944,1.22176602,615099
2026-03-18,range_1d_1w,1d-1w,360990.14263124,72527.74938786,72.59428342,1.80461017,25739768662.76367,26181802596.247227,2.40714471,2061817
2026-03-18,range_1m_3m,1-3m,1831182.65093199,84501.30553002,72.59428342,9.15418578,130569265605.69402,154737324667.6685,14.22648924,15220784
2026-03-18,range_12m_18m,1-1.5y,1437408.52359492,88425.29280114,72.59428342,7.18568662,102491892442.09593,127103269573.73145,11.685825,43859632
2026-03-18,range_3m_6m,3-6m,2768279.14469285,97475.84994233,72.59428342,13.83878423,197387286697.01038,269840362506.55716,24.80901762,23077962
2026-03-18,range_6m_12m,6-12m,2286006.12930046,107691.85958924,72.59428342,11.42787411,162999655616.5286,246184251096.75684,22.63408397,37339238
2026-03-17,range_10y_inf,>10y,3457162.97082144,105.41445665,73.52052805,17.28292878,255626942176.5522,364434956.1130303,0.03349053,14537046
2026-03-17,range_7y_10y,7-10y,1694153.4223611,5798.56861012,73.52052805,8.46935282,125267817164.3175,9823664855.624271,0.9027666,31246412
2026-03-17,range_5y_7y,5-7y,1185526.83054564,18369.24583322,73.52052805,5.92664446,87659332556.3228,21777233792.17528,2.00126527,44218064
2026-03-17,range_3y_5y,3-5y,2186181.66447373,35545.87709143,73.52052805,10.92908328,161648999092.18912,77709744744.92322,7.14130247,18739063
2026-03-17,range_2y_3y,2-3y,1069449.20127235,37210.75520628,73.52052805,5.34635322,79076407864.40866,39795012434.09451,3.65704741,44061207
2026-03-17,range_18m_2y,1.5-2y,875683.4285449,63512.36177827,73.52052805,4.37768611,64749124945.19302,55616722716.97588,5.11101717,77181005
2026-03-17,range_1w_1m,1w-1m,665373.28825828,67640.68745025,73.52052805,3.32631098,49198530852.888336,45006306628.82148,4.13595039,7294841
2026-03-17,range_1d_1w,1d-1w,351443.6441361,71848.72698532,73.52052805,1.75692483,25986181402.535828,25250778438.26113,2.32047405,2144644
2026-03-17,range_0d_1d,<1d,193202.69715037,74244.20538549,73.52052805,0.9658522,14285648408.72305,14344180728.262426,1.31818903,475686
2026-03-17,range_1m_3m,1-3m,1829442.33639265,84680.24671492,73.52052805,9.14568445,135271248213.46309,154917628396.44653,14.23648535,15132719
2026-03-17,range_12m_18m,1-1.5y,1436478.89557173,88384.30739296,73.52052805,7.18119529,106215041256.47362,126962192269.70554,11.66746101,43946292
2026-03-17,range_3m_6m,3-6m,2783168.93762885,97651.47160487,73.52052805,13.91352127,205790982690.57916,271780542484.41406,24.97585169,23068026
2026-03-17,range_6m_12m,6-12m,2276072.47781382,107564.60165564,73.52052805,11.3784623,168295637951.2275,244824829415.40912,22.49869904,37272538
2026-03-16,range_10y_inf,>10y,3456091.90411389,105.31121983,73.66434667,17.27791714,257810018175.89478,363965254.2813573,0.03344734,14523871
2026-03-16,range_7y_10y,7-10y,1694663.03677667,5795.61816571,73.66434667,8.47206855,126414783065.62213,9821619880.699858,0.90257814,31202123
2026-03-16,range_5y_7y,5-7y,1184964.56006879,18306.34652089,73.66434667,5.92395111,88393405975.54283,21692371851.591087,1.99346554,44246487
2026-03-16,range_3y_5y,3-5y,2186709.9484461,35567.0844002,73.66434667,10.93194115,163119427143.48645,77774897295.15013,7.14728562,18737817
2026-03-16,range_2y_3y,2-3y,1068804.21254585,37088.61359367,73.66434667,5.34323483,79728329311.76538,39640466446.39757,3.64284294,43962793
2026-03-16,range_18m_2y,1.5-2y,876784.45613922,63536.64525753,73.66434667,4.3832773,65404457648.978485,55707942957.03728,5.11939705,76993725
2026-03-16,range_1w_1m,1w-1m,653084.98763015,67549.3788002,73.66434667,3.26494451,48717411805.77835,44115485218.15057,4.05408408,7716072
2026-03-16,range_1d_1w,1d-1w,308551.63734184,70839.27830856,73.66434667,1.54253121,23016663167.033794,21857575310.219166,2.00864725,2190313
2026-03-16,range_0d_1d,<1d,226649.6102884,73907.81269055,73.66434667,1.13308132,16907114095.680693,16751176943.58214,1.53938417,561501
2026-03-16,range_1m_3m,1-3m,1850116.2117813,84727.14973901,73.66434667,9.24922007,138010940513.21167,156755073310.1608,14.40533283,14829656
2026-03-16,range_12m_18m,1-1.5y,1435231.2303653,88337.80986907,73.66434667,7.17510036,107062254087.23868,126785183546.16422,11.6511876,44110947
2026-03-16,range_3m_6m,3-6m,2799626.10960357,97893.54052774,73.66434667,13.99607108,208840412300.22253,274065312022.98978,25.18580071,23066700
2026-03-16,range_6m_12m,6-12m,2261665.01486988,107373.47804118,73.66434667,11.30666134,168710761972.88956,242842838810.64563,22.31654672,37245787
2026-03-15,range_10y_inf,>10y,3453986.8239661,105.12397219,73.47754202,17.2677305,251298446109.77747,363096814.8139062,0.03338035,14512728
2026-03-15,range_7y_10y,7-10y,1696502.14847203,5789.26200582,73.47754202,8.48142839,123430799091.28929,9821495430.933712,0.90291344,31160272
2026-03-15,range_5y_7y,5-7y,1183821.7120572,18243.2008683,73.47754202,5.91835329,86130194431.19641,21596697285.310932,1.98543577,44273954
2026-03-15,range_3y_5y,3-5y,2186305.73650552,35593.7264708,73.47754202,10.93013384,159066974573.41608,77818768366.71892,7.15406453,18731232
2026-03-15,range_2y_3y,2-3y,1069489.64891342,36953.62630886,73.47754202,5.34676592,77811844862.17128,39521520827.14528,3.63330745,43846402
2026-03-15,range_18m_2y,1.5-2y,881176.03097107,63552.25565678,73.47754202,4.40531797,64110889420.80585,56000724398.89687,5.14827984,76827950
2026-03-15,range_1w_1m,1w-1m,688890.73120172,67725.53268502,73.47754202,3.44401415,50120970088.59919,46655491732.41164,4.28915037,7848460
2026-03-15,range_1d_1w,1d-1w,371233.82162118,70638.75815656,73.47754202,1.85593226,27009507352.339703,26223496145.03271,2.4107884,2132460
2026-03-15,range_0d_1d,<1d,115456.82770442,71703.18808608,73.47754202,0.57721048,8400182998.257383,8278622632.712177,0.76107348,584793
2026-03-15,range_1m_3m,1-3m,1863552.56939982,84871.68851211,73.47754202,9.31657391,135584728257.97157,158162853196.049,14.54028742,14753942
2026-03-15,range_12m_18m,1-1.5y,1440632.20022188,88261.59007008,73.47754202,7.20224189,104814711746.86261,127152488697.74184,11.68943083,44169223
2026-03-15,range_3m_6m,3-6m,2821939.06304163,98219.0224323,73.47754202,14.10789494,205313146141.23236,277168096135.4614,25.48072256,22969257
2026-03-15,range_6m_12m,6-12m,2229564.98089497,107192.51529192,73.47754202,11.14640246,162214346421.9482,238992678308.9159,21.97116557,37406893
2026-03-14,range_10y_inf,>10y,3452629.36508592,104.99324245,72.69966436,17.26128117,245593617265.9287,362502752.0156923,0.03332996,14498552
2026-03-14,range_7y_10y,7-10y,1697732.12284056,5784.8482583,72.69966436,8.48774323,120763664183.97798,9821122713.872927,0.90299345,31134298
2026-03-14,range_5y_7y,5-7y,1181729.44979371,18160.62475922,72.69966436,5.90800869,84059184903.93497,21460945104.622444,1.97320546,44284018
2026-03-14,range_3y_5y,3-5y,2186884.76573691,35626.99514503,72.69966436,10.93324213,155558237901.8882,77912132931.65508,7.16355431,18739987
2026-03-14,range_2y_3y,2-3y,1066731.83284481,36776.41860953,72.69966436,5.33308275,75879134937.07755,39230576428.81279,3.6070167,43732235
2026-03-14,range_18m_2y,1.5-2y,884336.02424173,63593.12422244,72.69966436,4.42120226,62904893664.04717,56237690643.98578,5.17071906,76630543
2026-03-14,range_1w_1m,1w-1m,720961.29705326,67763.82311721,72.69966436,3.60441691,51283666484.03327,48855093807.86889,4.49193347,7881993
2026-03-14,range_1d_1w,1d-1w,368382.8396179,70477.75099691,72.69966436,1.84171514,26203934611.499516,25962794042.123505,2.38712352,2131189
2026-03-14,range_0d_1d,<1d,116475.01158633,70770.93104909,72.69966436,0.58231212,8285140509.388526,8243045013.918256,0.75789865,570026
2026-03-14,range_1m_3m,1-3m,1871735.80615124,85237.85410503,72.69966436,9.35766762,133140953919.739,159542743567.87723,14.66900039,14633517
2026-03-14,range_12m_18m,1-1.5y,1441697.03462012,88225.33616913,72.69966436,7.20770614,102551288393.24661,127194205533.39496,11.69474592,44262578
2026-03-14,range_3m_6m,3-6m,2810988.89104683,98563.05835472,72.69966436,14.05342551,199952226794.94086,277059662102.7087,25.47397769,23041650
2026-03-14,range_6m_12m,6-12m,2201877.22935164,107061.30972172,72.69966436,11.00819634,156624686970.56134,235735860020.81018,21.67450142,37394448
2026-03-13,range_10y_inf,>10y,3451995.26360516,104.93523865,72.43295978,17.25845613,244900794412.2159,362235946.7900296,0.03329598,14488732
2026-03-13,range_7y_10y,7-10y,1698015.11731971,5783.17600863,72.43295978,8.48932782,120465185899.836,9819920288.769493,0.90262685,31098103
2026-03-13,range_5y_7y,5-7y,1180053.79165715,18074.55059916,72.43295978,5.89974929,83718571132.7323,21328941967.04281,1.96051242,44300167
2026-03-13,range_3y_5y,3-5y,2187672.49793633,35661.68481425,72.43295978,10.93739909,155203785563.37576,78016087098.20834,7.17107804,18738279
2026-03-13,range_2y_3y,2-3y,1061457.47802222,36507.15660961,72.43295978,5.30681995,75304790346.36423,38750794384.59564,3.56189321,43656547
2026-03-13,range_18m_2y,1.5-2y,890437.6301609,63665.87670827,72.43295978,4.45179602,63171837255.99633,56690492378.22944,5.2108733,76222730
2026-03-13,range_1w_1m,1w-1m,756559.27166241,67716.41630743,72.43295978,3.78246319,53673876266.14203,51231482601.137474,4.70909236,7897941
2026-03-13,range_1d_1w,1d-1w,279010.26465535,69792.50676206,72.43295978,1.39492845,19794301627.139603,19472825782.643024,1.78990204,2168001
2026-03-13,range_0d_1d,<1d,177543.32449452,71656.27742233,72.43295978,0.88763844,12595759232.266169,12722093714.462297,1.16938865,499055
2026-03-13,range_1m_3m,1-3m,1864603.68247148,85577.60981438,72.43295978,9.32219728,132283762934.33975,159568326397.0087,14.66719191,14596554
2026-03-13,range_12m_18m,1-1.5y,1439753.70877555,88207.67996976,72.43295978,7.19813451,102142905801.33208,126997334378.94499,11.67333341,44606391
2026-03-13,range_3m_6m,3-6m,2824775.32104488,98682.47935403,72.43295978,14.12263263,200402859022.8797,278755832298.78375,25.62266197,23100617
2026-03-13,range_6m_12m,6-12m,2189884.3181653,106951.09859122,72.43295978,10.94845721,155360702502.65512,234210533615.45914,21.52814986,37286174
2026-03-12,range_10y_inf,>10y,3451332.40145315,104.87306723,72.1155501,17.25546832,243474286710.45145,361951814.9821912,0.0332741,14476028
2026-03-12,range_7y_10y,7-10y,1698417.69365614,5781.29784252,72.1155501,8.49150105,119814897088.79669,9819058548.028206,0.90266254,31060025
2026-03-12,range_5y_7y,5-7y,1178190.42149503,17957.68951034,72.1155501,5.89054462,83115457775.61424,21157577773.26356,1.94500855,44317647
2026-03-12,range_3y_5y,3-5y,2187662.87027547,35711.14225845,72.1155501,10.93755772,154328704090.9175,78123939973.93893,7.18190583,18746579
2026-03-12,range_2y_3y,2-3y,1059270.72018165,36244.34655514,72.1155501,5.29598724,74726265983.79947,38392575077.97174,3.52941568,43534525
2026-03-12,range_18m_2y,1.5-2y,897630.58074745,63734.6158802,72.1155501,4.48784245,63323360359.308,57210140266.25901,5.25930771,75916915
2026-03-12,range_1w_1m,1w-1m,765088.02466453,67606.20649553,72.1155501,3.82517551,53973144110.220634,51724698982.73083,4.75503306,7924538
2026-03-12,range_1d_1w,1d-1w,270052.99628201,69653.57115721,72.1155501,1.35017158,19050891944.252827,18810155592.747185,1.72921087,2157269
2026-03-12,range_0d_1d,<1d,173784.39254994,70086.437159,72.1155501,0.86886186,12259622109.910557,12179928907.665579,1.1196965,551020
2026-03-12,range_1m_3m,1-3m,1874919.60598505,85799.19257211,72.1155501,9.37394957,132266226664.93904,160866588331.1273,14.78840787,14626399
2026-03-12,range_12m_18m,1-1.5y,1425410.75754842,88261.43275845,72.1155501,7.12656079,100555619423.20694,125808795730.52518,11.56555755,44824510
2026-03-12,range_3m_6m,3-6m,2813777.65496143,98747.26981295,72.1155501,14.0679151,198497979277.53745,277852861288.12354,25.54291406,23126916
2026-03-12,range_6m_12m,6-12m,2205845.42517069,106752.78737728,72.1155501,11.02846421,155611392649.6386,235480147660.39676,21.64760567,37241689
2026-03-11,range_10y_inf,>10y,3450193.34500512,104.76910165,71.74539017,17.25012111,242240421683.03833,361473657.2656763,0.03322038,14463317
2026-03-11,range_7y_10y,7-10y,1699238.33909377,5778.01723372,71.74539017,8.49577522,119304679663.23485,9818228407.48832,0.90232092,31023199
2026-03-11,range_5y_7y,5-7y,1176962.05145923,17883.61167952,71.74539017,5.88452179,82635306239.62602,21048332289.833054,1.9343969,44340028
2026-03-11,range_3y_5y,3-5y,2192654.4066411,35770.68085606,71.74539017,10.96273463,153947757402.88956,78432741007.59143,7.20817445,18737586
2026-03-11,range_2y_3y,2-3y,1056817.08866226,35984.38161462,71.74539017,5.28382642,74199846675.26129,38028909415.27889,3.49495644,43454455
2026-03-11,range_18m_2y,1.5-2y,900287.78123073,63812.56529313,71.74539017,4.50121825,63209817524.326416,57449672822.38948,5.2797755,75840982
2026-03-11,range_1w_1m,1w-1m,778795.13065419,67406.25847334,71.74539017,3.89378478,54679735884.21838,52495665874.65257,4.82448927,7846346
2026-03-11,range_1d_1w,1d-1w,240102.99828465,69832.10297863,71.74539017,1.20045614,16857794835.190355,16766897301.691292,1.5409218,2180566
2026-03-11,range_0d_1d,<1d,194599.43839221,70288.91475636,71.74539017,0.9729495,13662958942.186888,13678183336.785616,1.2570609,519724
2026-03-11,range_1m_3m,1-3m,1881663.62919247,86191.0533084,71.74539017,9.40785696,132112883372.49512,162182570172.19995,14.90500324,14624557
2026-03-11,range_12m_18m,1-1.5y,1416418.76247261,88231.55642422,71.74539017,7.08174666,99447724805.87553,124972831961.42842,11.48533078,44847832
2026-03-11,range_3m_6m,3-6m,2802636.77781306,98956.94700952,71.74539017,14.01249698,196775034612.1023,277340379108.969,25.48830769,23272715
2026-03-11,range_6m_12m,6-12m,2210610.67106956,106546.29019784,71.74539017,11.05251155,155208478942.8286,235532366074.2159,21.64604172,37137431
2026-03-10,range_10y_inf,>10y,3449956.83235724,104.74527869,71.41550174,17.24931322,240971825528.76672,361366689.8569759,0.03317633,14445395
2026-03-10,range_7y_10y,7-10y,1699378.96092979,5777.31148781,71.41550174,8.49666283,118697847648.32288,9817841593.128105,0.90135581,30995889
2026-03-10,range_5y_7y,5-7y,1174578.54965552,17784.80667751,71.41550174,5.87273241,82041704024.46162,20889652433.17789,1.91783595,44356197
2026-03-10,range_2y_3y,2-3y,1053494.79411519,35670.23813561,71.41550174,5.26733016,73584272516.68938,37578410180.719154,3.44999642,43352159
2026-03-10,range_3y_5y,3-5y,2192245.86859222,35826.9362298,71.41550174,10.96093008,153123506940.1188,78541452934.09187,7.21072897,18738763
2026-03-10,range_18m_2y,1.5-2y,905563.04779694,63894.6243867,71.41550174,4.52769162,63251568458.00976,57860610797.46046,5.31206347,75635227
2026-03-10,range_1w_1m,1w-1m,762602.95114579,67154.92796678,71.41550174,3.81291065,53266123091.0721,51211951616.38557,4.70166377,7971357
2026-03-10,range_1d_1w,1d-1w,273820.0112377,70048.0314089,71.41550174,1.36906268,19125719880.144726,19164757400.51958,1.75947689,2242725
2026-03-10,range_0d_1d,<1d,172519.11909351,70262.34393314,71.41550174,0.86257205,12050077460.874458,12121597680.790829,1.11285891,499106
2026-03-10,range_1m_3m,1-3m,1867749.81006015,86512.23066086,71.41550174,9.33849409,130458177661.80002,161583202384.6944,14.8346209,14642805
2026-03-10,range_12m_18m,1-1.5y,1410408.18450754,88234.22283387,71.41550174,7.05184839,98513880456.08522,124446270038.55252,11.42515565,45063421
2026-03-10,range_3m_6m,3-6m,2816627.62217873,99122.55036112,71.41550174,14.08275362,196735186245.04236,279191313327.9426,25.63197926,23187906
2026-03-10,range_6m_12m,6-12m,2221600.29330064,106437.68184328,71.41550174,11.1076982,155173848336.56506,236461985201.26807,21.70908768,37111203
2026-03-09,range_10y_inf,>10y,3449359.79718653,104.69102188,67.82283386,17.24669999,235831203445.83405,361117002.0143703,0.0331543,14433520
2026-03-09,range_7y_10y,7-10y,1698508.76078987,5777.07159682,67.82283386,8.49249506,116126292608.58353,9812406718.905062,0.90088116,30965535
2026-03-09,range_5y_7y,5-7y,1174633.9711102,17707.60223599,67.82283386,5.87313615,80309204983.84224,20799951133.30361,1.90965221,44372182
2026-03-09,range_2y_3y,2-3y,1051508.12613937,35373.26871673,67.82283386,5.25751045,71891145430.17087,37195279503.75501,3.41491416,43218696
2026-03-09,range_3y_5y,3-5y,2189691.18117582,35875.57791488,67.82283386,10.94839306,149708217406.7846,78556436579.80865,7.21229928,18735011
2026-03-09,range_18m_2y,1.5-2y,911202.50697658,63953.68864996,67.82283386,4.55598638,62298512314.78458,58274761428.24761,5.3502302,75593945
2026-03-09,range_1w_1m,1w-1m,750675.80546891,67158.1437832,67.82283386,3.75335748,51323372744.64689,50413993678.24716,4.62852983,8130317
2026-03-09,range_0d_1d,<1d,167193.36808304,68544.6531814,67.82283386,0.83596204,11430936614.773043,11460211429.482351,1.0521668,540176
2026-03-09,range_1d_1w,1d-1w,290253.92933032,70074.3696057,67.82283386,1.45126132,19844532749.144764,20325911485.956436,1.86613043,2203489
2026-03-09,range_1m_3m,1-3m,1903253.60022929,86750.47148326,67.82283386,9.51621338,130124606708.4076,165108147172.10367,15.15864801,14655210
2026-03-09,range_12m_18m,1-1.5y,1396860.08463298,88271.79538339,67.82283386,6.98426034,95502706059.58221,123303347569.94989,11.32053188,45084678
2026-03-09,range_3m_6m,3-6m,2799751.89204562,99355.4105523,67.82283386,13.99867911,191417798337.36615,278170498678.7749,25.53894976,23221592
2026-03-09,range_6m_12m,6-12m,2217221.77180243,106177.44719457,67.82283386,11.08604523,151590471709.26233,235418947594.1968,21.61391198,36961356
2026-03-08,range_10y_inf,>10y,3448491.42389848,104.59792529,59.90333947,17.24272995,227470259569.08667,360705048.3239301,0.03311172,14421214
2026-03-08,range_7y_10y,7-10y,1699856.98995856,5781.2175087,59.90333947,8.49941943,112126394763.96828,9827242992.636929,0.9021137,30932588
2026-03-08,range_5y_7y,5-7y,1173399.8322053,17621.33875833,59.90333947,5.86709199,77400095172.14331,20676875942.251965,1.89807996,44389147
2026-03-08,range_2y_3y,2-3y,1051366.11837287,35190.00628747,59.90333947,5.25691377,69350476614.51291,36997580315.97128,3.39627544,43099323
2026-03-08,range_3y_5y,3-5y,2188923.51537121,35919.72892059,59.90333947,10.94479075,144386324051.07727,78625539300.04099,7.21760682,18727776
2026-03-08,range_18m_2y,1.5-2y,913451.70093456,63992.29634849,59.90333947,4.56733077,60253331087.16614,58453871946.2348,5.3659036,75376093
2026-03-08,range_0d_1d,<1d,93477.1115946,66965.01532946,59.90333947,0.46739295,6165960770.798226,6259696210.886389,0.57462278,623521
2026-03-08,range_1w_1m,1w-1m,744360.69404954,67170.59780103,59.90333947,3.72186236,49099707517.05108,49999152798.90031,4.58978379,8204948
2026-03-08,range_1d_1w,1d-1w,368570.99377993,69893.94761028,59.90333947,1.84288413,24311772691.0215,25760881729.92265,2.36477762,2182153
2026-03-08,range_1m_3m,1-3m,1923010.93885485,86950.05243485,59.90333947,9.61520683,126846131727.07233,167205901966.2225,15.34903885,14579395
2026-03-08,range_12m_18m,1-1.5y,1396641.12697962,88239.3589504,59.90333947,6.98331613,92125593666.04605,123238717728.44167,11.31297307,45380456
2026-03-08,range_3m_6m,3-6m,2788364.28971685,99520.95843982,59.90333947,13.94204205,183926787336.4838,277500686591.99646,25.47379471,23395083
2026-03-08,range_6m_12m,6-12m,2209768.80925459,106097.35310427,59.90333947,11.04901887,145761326574.66943,234450621634.29373,21.52191794,36665434
2026-03-07,range_10y_inf,>10y,3447873.75516514,104.54037812,63.82099833,17.24000252,231971236434.1583,360442026.0861696,0.033085,14408806
2026-03-07,range_7y_10y,7-10y,1698513.0799423,5781.29515447,63.82099833,8.4928776,114275117719.5971,9819605438.875368,0.90134238,30914911
2026-03-07,range_5y_7y,5-7y,1174841.97751639,17542.97920735,63.82099833,5.87442583,79042785638.81915,20610228383.49084,1.89181454,44391243
2026-03-07,range_2y_3y,2-3y,1049213.01304784,35033.96161142,63.82099833,5.24625792,70590531209.24342,36758088421.31795,3.37402792,42949949
2026-03-07,range_3y_5y,3-5y,2188972.37621361,35945.3090511,63.82099833,10.94526423,147272975952.15112,78683288567.30841,7.22234544,18718319
2026-03-07,range_18m_2y,1.5-2y,915261.27474147,64034.36711498,63.82099833,4.57647461,61578324683.15349,58608176472.92253,5.37964928,75183269
2026-03-07,range_1w_1m,1w-1m,812928.21392508,67189.26478056,63.82099833,4.06479049,54693407098.77026,54620049012.99859,5.01357873,8144200
2026-03-07,range_0d_1d,<1d,91271.44015934,67780.31498652,63.82099833,0.45637398,6140697232.075516,6186406963.272933,0.5678508,595669
2026-03-07,range_1d_1w,1d-1w,373231.76436245,69967.56803405,63.82099833,1.86622742,25110848019.292732,26114118865.499924,2.39701709,2164736
2026-03-07,range_1m_3m,1-3m,1890320.27542218,87835.39873416,63.82099833,9.45194883,127179810713.58551,166037035126.98254,15.24055293,14744351
2026-03-07,range_12m_18m,1-1.5y,1396243.37601438,88180.51247516,63.82099833,6.98147352,93938561935.99123,123121456436.99733,11.30132848,45696152
2026-03-07,range_3m_6m,3-6m,2761905.7026622,99714.60974161,63.82099833,13.81003617,185819646035.8558,275402349284.0814,25.27920399,23398605
2026-03-07,range_6m_12m,6-12m,2198688.54579858,106027.33463103,63.82099833,10.99384687,147926675023.54346,233121086194.78967,21.39820342,36372642
2026-03-06,range_10y_inf,>10y,3446577.54457668,104.42415169,67.19695542,17.23387669,235042649902.42517,359905936.3230426,0.03302998,14396101
2026-03-06,range_7y_10y,7-10y,1699405.60294102,5777.94499614,67.19695542,8.49751565,115892589389.96121,9819072099.932722,0.90113483,30893505
2026-03-06,range_5y_7y,5-7y,1173225.69538109,17473.29043998,67.19695542,5.86646513,80009247669.44606,20500113327.04387,1.88137595,44397374
2026-03-06,range_2y_3y,2-3y,1044741.86891165,34803.94193589,67.19695542,5.22400913,71247170318.10368,36361135343.59741,3.33700426,42804724
2026-03-06,range_3y_5y,3-5y,2189951.28950977,35971.16963916,67.19695542,10.95038484,149345821350.67862,78775109336.45003,7.2295013,18725035
2026-03-06,range_18m_2y,1.5-2y,921297.30974034,64068.57198036,67.19695542,4.60675091,62828750616.70535,59026203004.409096,5.41706657,74589988
2026-03-06,range_1w_1m,1w-1m,888636.07657412,67274.07697863,67.19695542,4.44343537,60601386603.22217,59782171821.43811,5.4864448,8111606
2026-03-06,range_0d_1d,<1d,194223.80049233,69168.32760792,67.19695542,0.97117473,13245277714.314182,13434135461.708408,1.2329034,569303
2026-03-06,range_1d_1w,1d-1w,272743.13264713,70098.61373633,67.19695542,1.36379392,18599978619.64363,19118915504.669044,1.754618,2121817
2026-03-06,range_12m_18m,1-1.5y,1393001.36267072,88154.92918027,67.19695542,6.96540652,94997059362.55945,122799936474.26155,11.26983266,46379062
2026-03-06,range_1m_3m,1-3m,1812313.50945018,88795.25734407,67.19695542,9.06208758,123592451992.09738,160924844459.75552,14.76870527,14904633
2026-03-06,range_3m_6m,3-6m,2765537.95073847,99760.89032197,67.19695542,13.8284833,188598503860.77127,275892528184.8607,25.31974132,23385157
2026-03-06,range_6m_12m,6-12m,2197197.15133746,105971.37362687,67.19695542,10.98661623,149839959823.63623,232840000256.28458,21.36864168,36120938
2026-03-05,range_10y_inf,>10y,3445703.21011212,104.3455349,72.23057396,17.22989785,244280329670.70114,359543744.5804769,0.03296562,14381038
2026-03-05,range_7y_10y,7-10y,1699638.84372402,5776.36138882,72.23057396,8.49887581,120494514979.57742,9817728191.820503,0.90016171,30866934
2026-03-05,range_5y_7y,5-7y,1172640.79583928,17403.74108217,72.23057396,5.86367423,83133416526.49525,20408336793.174282,1.87118679,44411154
2026-03-05,range_2y_3y,2-3y,1039959.33695712,34571.80944666,72.23057396,5.20021373,73727072294.11751,35953276029.559525,3.29646143,42700121
2026-03-05,range_3y_5y,3-5y,2190551.66954711,35996.01254761,72.23057396,10.9536368,155297380931.49957,78851125383.20721,7.22965254,18721034
2026-03-05,range_18m_2y,1.5-2y,927792.81340668,64093.97994012,72.23057396,4.63933613,65775117735.02872,59465933971.07142,5.45227526,74123258
2026-03-05,range_1w_1m,1w-1m,911471.03933916,67651.58586504,72.23057396,4.55772072,64617998822.89387,61662461281.34633,5.65366908,8182305
2026-03-05,range_1d_1w,1d-1w,275968.05787155,69057.01765642,72.23057396,1.37995096,19564531256.6696,19057531045.043705,1.74733496,2091004
2026-03-05,range_0d_1d,<1d,171590.84664207,71902.62088814,72.23057396,0.85802304,12164793666.264618,12337831593.980417,1.13122337,580493
2026-03-05,range_12m_18m,1-1.5y,1396609.52984547,88125.41396885,72.23057396,6.98360772,99011497963.80553,123076792970.47536,11.28458781,46882480
2026-03-05,range_1m_3m,1-3m,1790829.94532326,89109.94020946,72.23057396,8.95486789,126959434040.60472,159580749353.0686,14.63153967,15039471
2026-03-05,range_3m_6m,3-6m,2769994.01485736,99806.05795033,72.23057396,13.8510809,196376475242.97577,276462183168.92334,25.34809128,23447579
2026-03-05,range_6m_12m,6-12m,2205645.94150576,105923.27058682,72.23057396,11.02911422,156367477078.89185,233629231880.82874,21.4208505,35848169
2026-03-04,range_10y_inf,>10y,3445146.41371648,104.29574642,73.08233008,17.22756052,249490796316.74982,359314116.7582818,0.03293662,14367464
2026-03-04,range_7y_10y,7-10y,1699857.60757666,5775.19345634,73.08233008,8.50019021,123100378680.82536,9817006531.981155,0.89987832,30837563
2026-03-04,range_5y_7y,5-7y,1170281.65203528,17314.99542435,73.08233008,5.85202937,84749518951.85019,20263421450.195267,1.85745152,44427129
2026-03-04,range_2y_3y,2-3y,1034667.92825929,34286.47967622,73.08233008,5.17388877,74928637086.96237,35475120893.89643,3.2518357,42576671
2026-03-04,range_3y_5y,3-5y,2191884.1579851,36027.27735915,73.08233008,10.96058409,158731983590.74878,78967618498.85132,7.23858621,18730493
2026-03-04,range_18m_2y,1.5-2y,924539.70820452,64245.39471149,73.08233008,4.62318922,66953365786.7302,59397418480.04588,5.44467901,73799505
2026-03-04,range_1d_1w,1d-1w,232169.80693324,67327.452586,73.08233008,1.16097225,16813285433.054752,15631401668.198801,1.43285629,2193655
2026-03-04,range_1w_1m,1w-1m,937077.71678418,68062.75152782,73.08233008,4.68588592,67861343959.24309,63780087799.73583,5.84641747,8215959
2026-03-04,range_0d_1d,<1d,210213.86901945,72205.509918,73.08233008,1.05118091,15223279152.862045,15178599604.386047,1.39135007,479789
2026-03-04,range_12m_18m,1-1.5y,1406157.49970121,87826.86358705,73.08233008,7.03153379,101831188639.89621,123498402908.16637,11.32051154,47297844
2026-03-04,range_1m_3m,1-3m,1808315.64440443,89477.45841116,73.08233008,9.04253795,130954698563.24838,161803487866.4404,14.8317566,14927707
2026-03-04,range_3m_6m,3-6m,2733519.72370493,100015.24720394,73.08233008,13.66904939,197956176811.36078,273393650903.2073,25.0606964,23558919
2026-03-04,range_6m_12m,6-12m,2204045.56664619,105878.23831086,73.08233008,11.02139759,159612689130.31848,233360461753.3598,21.39104425,35697287
2026-03-03,range_10y_inf,>10y,3439100.20469371,103.7740622,68.22438386,17.19767563,235471535114.29672,356889398.5484732,0.03271995,14346229
2026-03-03,range_7y_10y,7-10y,1704600.046037,5757.69494756,68.22438386,8.52407808,116712153094.12045,9814567072.677588,0.89980848,30820078
2026-03-03,range_5y_7y,5-7y,1145129.69747193,16581.40062725,68.22438386,5.72637257,78405813067.22945,18987854283.94361,1.74082383,44436295
2026-03-03,range_2y_3y,2-3y,1032360.98164129,34121.7167053,68.22438386,5.16245769,70684658971.9612,35225928953.16821,3.22954535,42468519
2026-03-03,range_3y_5y,3-5y,2217591.56869423,36178.54030728,68.22438386,11.08936007,151836137319.95273,80229225953.09239,7.35548873,18732519
2026-03-03,range_18m_2y,1.5-2y,927237.51171086,64271.31380069,68.22438386,4.63677387,63486966736.27814,59594773082.941765,5.46370324,73410715
2026-03-03,range_1d_1w,1d-1w,253514.48626121,67130.0124156,68.22438386,1.26773273,17357867378.265575,17018430610.24965,1.56026527,2365250
2026-03-03,range_0d_1d,<1d,178825.0232809,68047.96176616,68.22438386,0.89423819,12243959245.890474,12168678347.051128,1.11563555,474958
2026-03-03,range_1w_1m,1w-1m,954677.65858719,68538.04571488,68.22438386,4.77399195,65365764422.92671,65431741007.22074,5.99884179,8094192
2026-03-03,range_12m_18m,1-1.5y,1403791.73868566,87790.46111108,68.22438386,7.01984634,96116128061.03725,123239524043.1361,11.29871215,47761624
2026-03-03,range_1m_3m,1-3m,1818231.41694576,89780.39086578,68.22438386,9.09230679,124492372265.55072,163241527297.8375,14.96613235,14945005
2026-03-03,range_3m_6m,3-6m,2729980.36534598,100189.32355136,68.22438386,13.65162804,186918853536.91168,273514886112.51212,25.07609463,23540612
2026-03-03,range_6m_12m,6-12m,2192430.34561524,105780.11838113,68.22438386,10.96353804,150113375123.12088,231915541501.55606,21.26222871,35617547
2026-03-02,range_10y_inf,>10y,3438434.86475434,103.71533327,68.90835644,17.19470857,236518255455.17505,356618417.921306,0.03268954,14314538
2026-03-02,range_7y_10y,7-10y,1701428.06810998,5760.09201686,68.90835644,8.50839435,117035457782.5025,9800382232.386877,0.89835508,30810585
2026-03-02,range_5y_7y,5-7y,1147711.58718391,16484.2596163,68.90835644,5.73940384,78947181797.44336,18919175767.77616,1.73423212,44452317
2026-03-02,range_2y_3y,2-3y,1031009.7341526,34027.04067274,68.90835644,5.15580856,70919657713.6554,35082210158.005714,3.21582168,42344486
2026-03-02,range_3y_5y,3-5y,2218818.11725155,36197.29843158,68.90835644,11.09572593,152624961910.44366,80315221555.5514,7.36211971,18726491
2026-03-02,range_18m_2y,1.5-2y,927541.26545457,64288.06281388,68.90835644,4.63838996,63802413190.01226,59629831136.013405,5.46598698,73046805
2026-03-02,range_1d_1w,1d-1w,366962.06360393,65861.12820693,68.90835644,1.83508078,25242073942.277073,24168535518.096226,2.21541631,2504666
2026-03-02,range_0d_1d,<1d,141851.65588205,68389.40231272,68.90835644,0.70936283,9757493598.776464,9701149962.843737,0.88925892,578970
2026-03-02,range_1w_1m,1w-1m,882566.28433702,69336.91853649,68.90835644,4.4134819,60708736999.69351,61194426560.12555,5.6094061,7920106
2026-03-02,range_12m_18m,1-1.5y,1398831.34538769,87707.80732508,68.90835644,6.99518771,96220857017.96463,122688430121.54099,11.24627302,48151550
2026-03-02,range_1m_3m,1-3m,1829867.39372839,89925.87126873,68.90835644,9.15068564,125870362738.38739,164552419687.2738,15.08374861,14950861
2026-03-02,range_3m_6m,3-6m,2734798.04144913,100358.16467473,68.90835644,13.67600585,188117468333.07855,274459312195.8895,25.15839802,23524842
2026-03-02,range_6m_12m,6-12m,2177231.8736758,105665.14401761,68.90835644,10.88776406,149764385465.5346,230057519491.6796,21.08829392,35589376
2026-03-01,range_10y_inf,>10y,3437680.6581784,103.64605696,59.82195256,17.19130235,226177155245.5292,356302045.305286,0.0326581,14294642
2026-03-01,range_7y_10y,7-10y,1701371.74417764,5759.14154114,59.82195256,8.50829352,111939257707.87897,9798440688.813347,0.89811019,30756101
2026-03-01,range_5y_7y,5-7y,1146579.51190398,16404.84700538,59.82195256,5.73386449,75437516759.53128,18809461472.28535,1.72404666,44498340
2026-03-01,range_2y_3y,2-3y,1029922.2926993,33912.26729445,59.82195256,5.15048002,67762226177.843,34927000082.534805,3.20135577,42251693
2026-03-01,range_3y_5y,3-5y,2219979.99766315,36224.15547934,59.82195256,11.10177214,146060326859.88098,80416900596.37546,7.37089094,18715207
2026-03-01,range_18m_2y,1.5-2y,929254.27488985,64293.64433555,59.82195256,4.64705503,61138921643.089424,59745143847.05358,5.47614912,72663129
2026-03-01,range_1d_1w,1d-1w,401411.0323072,65775.37503029,59.82195256,2.00739368,26410249932.733025,26402961191.302097,2.42005531,2474013
2026-03-01,range_0d_1d,<1d,110124.78206425,66278.70841502,59.82195256,0.55071678,7245498464.224522,7298928319.704101,0.66900868,626752
2026-03-01,range_1w_1m,1w-1m,898701.80448454,70013.17057428,59.82195256,4.49426691,59128766678.41684,62920962732.79245,5.76723986,7854830
2026-03-01,range_12m_18m,1-1.5y,1398708.88852863,87664.77603196,59.82195256,6.994724,92025999178.08424,122617501446.77028,11.23893391,48616560
2026-03-01,range_1m_3m,1-3m,1819574.80398824,90088.35669482,59.82195256,9.0994085,119716254604.22395,163922503974.59915,15.02488769,14933486
2026-03-01,range_3m_6m,3-6m,2736959.05026571,100492.34195678,59.82195256,13.68710338,180074205130.1027,275043424801.0065,25.21006248,23512595
2026-03-01,range_6m_12m,6-12m,2166358.45382007,105590.55267839,59.82195256,10.8336192,142532376054.60526,228746986438.36948,20.96660128,35494102
2026-02-28,range_10y_inf,>10y,3436608.62488786,103.54677501,62.6829085,17.18634147,229827084553.30963,355849740.065498,0.03261323,14267112
2026-02-28,range_7y_10y,7-10y,1702092.3440153,5756.32903274,62.6829085,8.51209533,113829348571.3143,9797803576.260838,0.89795771,30621806
2026-02-28,range_5y_7y,5-7y,1145803.20065204,16361.05879668,62.6829085,5.73011571,76626883599.90428,18746553535.29405,1.71810061,44631360
2026-02-28,range_2y_3y,2-3y,1027448.34322761,33794.53505447,62.6829085,5.13822783,68711768789.45159,34722139051.86396,3.18224511,42122979
2026-02-28,range_3y_5y,3-5y,2220557.05288363,36237.67753836,62.6829085,11.10491648,148502261750.91064,80467830437.91862,7.37478642,18714684
2026-02-28,range_18m_2y,1.5-2y,927036.00478651,64319.84052122,62.6829085,4.63606976,61996580207.90304,59626807985.299805,5.46473009,72182656
2026-02-28,range_0d_1d,<1d,96488.6565885,65640.93829342,62.6829085,0.48253589,6452787924.584826,6333605953.140603,0.58046788,566619
2026-02-28,range_1d_1w,1d-1w,398570.32201379,65950.05154503,62.6829085,1.99323414,26654840599.107277,26285733281.13002,2.40905798,2574180
2026-02-28,range_1w_1m,1w-1m,959031.76989563,70707.54818771,62.6829085,4.7960793,64136333149.16836,67810785083.43682,6.21478241,7668201
2026-02-28,range_12m_18m,1-1.5y,1402350.21332789,87542.21219292,62.6829085,7.013097,93783754925.65077,122764839943.94063,11.25125991,49200263
2026-02-28,range_1m_3m,1-3m,1791865.446421,90219.1482961,62.6829085,8.961047,119833026222.52808,161660574437.32208,14.81601036,14955133
2026-02-28,range_3m_6m,3-6m,2740616.5877863,100687.67040742,62.6829085,13.70571329,183281830723.42667,275946299704.142,25.29016892,23694056
2026-02-28,range_6m_12m,6-12m,2147693.1034849,105509.48914949,62.6829085,10.7405268,143629402811.40994,226602002198.5659,20.76781939,35205182
2026-02-27,range_10y_inf,>10y,3435271.82817884,103.41420944,60.09426151,17.18004014,226408847400.94223,355255920.3371943,0.0325538,14251402
2026-02-27,range_7y_10y,7-10y,1702976.5162809,5752.62559144,60.09426151,8.51670737,112238265117.56258,9796586289.177244,0.89770821,30511933
2026-02-27,range_5y_7y,5-7y,1144408.16200573,16296.76387942,60.09426151,5.72326708,75424637663.47958,18650149597.892784,1.7090027,44731615
2026-02-27,range_2y_3y,2-3y,1022819.41570109,33544.05238908,60.09426151,5.11519306,67411074462.46993,34309508064.84662,3.14394486,42045027
2026-02-27,range_3y_5y,3-5y,2219937.09557506,36265.07751612,60.09426151,11.10206421,146309644258.3986,80506190851.93958,7.37716858,18700404
2026-02-27,range_18m_2y,1.5-2y,933104.95039064,64316.25752813,60.09426151,4.6665246,61498253089.932724,60013818290.09972,5.49935415,71804745
2026-02-27,range_1d_1w,1d-1w,326385.68896895,65933.19961576,60.09426151,1.63227818,21511138373.814693,21519652782.517838,1.97194905,2518276
2026-02-27,range_0d_1d,<1d,169329.69146544,66214.60575086,60.09426151,0.8468299,11160031052.265123,11212098762.29857,1.02741841,569025
2026-02-27,range_1w_1m,1w-1m,967663.82249693,70986.83297747,60.09426151,4.83935599,63775928567.279076,68691390145.93344,6.2945217,7735487
2026-02-27,range_12m_18m,1-1.5y,1392317.20916529,87568.05364972,60.09426151,6.96307796,91763607164.30586,121922508069.6162,11.17234446,49611867
2026-02-27,range_1m_3m,1-3m,1784689.43460539,90262.38415713,60.09426151,8.92535952,117623727631.43384,161090323347.53055,14.76147932,15047238
2026-02-27,range_3m_6m,3-6m,2762529.89930533,100793.46836056,60.09426151,13.81560963,182070369302.89737,278444970000.7203,25.51524873,23709057
2026-02-27,range_6m_12m,6-12m,2134281.08083137,105316.97533875,60.09426151,10.67369235,140664303644.59396,224776027955.86838,20.59730603,34994149
2026-02-26,range_10y_inf,>10y,3434651.67461659,103.35158434,64.45671221,17.17731723,231505060318.0511,354976692.2141047,0.03250899,14238286
2026-02-26,range_7y_10y,7-10y,1703472.64184349,5751.81302803,64.45671221,8.51937627,114818786316.70842,9798056134.246769,0.89731231,30409965
2026-02-26,range_5y_7y,5-7y,1143294.3569103,16241.23541069,64.45671221,5.71782286,77061214391.5154,18568512794.28885,1.7005164,44819776
2026-02-26,range_2y_3y,2-3y,1000019.78994481,32852.30531767,64.45671221,5.00128071,67404110728.71354,32852955462.976723,3.00869489,41956815
2026-02-26,range_3y_5y,3-5y,2220800.75530861,36280.217382,64.45671221,11.10662818,149688137697.24847,80571134164.70798,7.37875653,18702328
2026-02-26,range_18m_2y,1.5-2y,955980.55713207,64232.48553469,64.45671221,4.7810325,64435744147.60683,61405007307.42614,5.62351025,71371406
2026-02-26,range_1d_1w,1d-1w,355597.2937922,65950.26895658,64.45671221,1.77840669,23968245035.353886,23451737165.827343,2.14772524,2480502
2026-02-26,range_0d_1d,<1d,169172.72831174,67593.65102655,64.45671221,0.84606356,11402711652.36881,11435002360.712753,1.0472249,578080
2026-02-26,range_1w_1m,1w-1m,934459.66320712,71492.28702699,64.45671221,4.6734026,62985176137.16947,66806658457.143425,6.11819695,7634152
2026-02-26,range_12m_18m,1-1.5y,1383848.93139614,87550.02385315,64.45671221,6.92088,93275260691.3761,121156006952.8828,11.0955454,50089918
2026-02-26,range_1m_3m,1-3m,1781818.98815297,90271.66870881,64.45671221,8.91120058,120099547612.56815,160847773397.61447,14.73054302,15128482
2026-02-26,range_3m_6m,3-6m,2765772.91322781,100832.24947986,64.45671221,13.83213298,186420774436.84637,278879104391.22363,25.53992858,23823160
2026-02-26,range_6m_12m,6-12m,2146383.87612711,105203.38186199,64.45671221,10.73445584,144672233397.2826,225806842542.61917,20.67953654,34786789
2026-02-25,range_10y_inf,>10y,3433883.74659432,103.27015431,66.6280105,17.17385245,233390402102.70197,354617704.3814031,0.03247207,14225582
2026-02-25,range_7y_10y,7-10y,1665377.75036338,5797.50744469,66.6280105,8.32903903,113190547931.53474,9655039905.953611,0.88410468,30295867
2026-02-25,range_5y_7y,5-7y,1181553.56286659,15767.87950901,66.6280105,5.9092934,80306522146.18852,18630594212.725643,1.70598937,44913046
2026-02-25,range_2y_3y,2-3y,999385.0015361,32758.01289019,66.6280105,4.99821538,67925091405.686325,32737866762.585327,2.99778161,41850093
2026-02-25,range_3y_5y,3-5y,2221906.30861925,36301.4112659,66.6280105,11.11240039,151016063755.06723,80658334703.48686,7.38582249,18717110
2026-02-25,range_18m_2y,1.5-2y,957389.23993153,64220.16502607,66.6280105,4.78818235,65070770056.79945,61483694982.5876,5.63001528,71149199
2026-02-25,range_1d_1w,1d-1w,332157.43225936,65510.12738877,66.6280105,1.66121603,22575707973.019955,21759675700.43902,1.99251699,2501282
2026-02-25,range_0d_1d,<1d,188376.67726623,67639.86996406,66.6280105,0.94212661,12803377079.244614,12741773954.54891,1.16675457,645462
2026-02-25,range_1w_1m,1w-1m,934138.88860576,71814.19212115,66.6280105,4.67190057,63490515963.94253,67084429614.17512,6.1428703,7475140
2026-02-25,range_12m_18m,1-1.5y,1382585.67044979,87497.4966487,66.6280105,6.9147135,93970049477.57541,120972785066.72072,11.07738611,50308758
2026-02-25,range_1m_3m,1-3m,1790633.69835335,90296.07777709,66.6280105,8.9554805,121703805288.0564,161687199696.78534,14.80557416,15258815
2026-02-25,range_3m_6m,3-6m,2776275.25830091,100951.60699562,66.6280105,13.88496092,188694797698.165,280269448787.64374,25.6640607,23966553
2026-02-25,range_6m_12m,6-12m,2131173.43482439,105122.5139964,66.6280105,10.65861887,144849232417.2509,224034309231.0879,20.51465166,34501757
2026-02-24,range_10y_inf,>10y,3433554.13676069,103.22856823,56.56537814,17.17262266,220002678315.7328,354440877.4775264,0.03245051,14216042
2026-02-24,range_7y_10y,7-10y,1665418.3408404,5797.01976662,56.56537814,8.32944512,106710563138.72498,9654463041.541971,0.88390563,30202568
2026-02-24,range_5y_7y,5-7y,1180357.49499502,15705.46309639,56.56537814,5.90345545,75630614787.3773,18538061078.19539,1.69723541,44985754
2026-02-24,range_2y_3y,2-3y,998928.96789213,32690.32839576,56.56537814,4.99605643,64005703603.314545,32655316004.428127,2.9897279,41750702
2026-02-24,range_3y_5y,3-5y,2223359.71869535,36319.44722783,56.56537814,11.11994044,142460282695.2262,80751195971.62761,7.39310267,18724502
2026-02-24,range_0d_1d,<1d,237013.60141397,63795.21178104,56.56537814,1.18540293,15186487537.815464,15120332897.19095,1.38432839,690087
2026-02-24,range_18m_2y,1.5-2y,959236.96127784,64193.60946823,56.56537814,4.79754031,61462464902.23266,61576882879.75931,5.63761579,70955823
2026-02-24,range_1d_1w,1d-1w,264627.42649403,66843.78414006,56.56537814,1.32351108,16955824858.323475,17688698574.107327,1.61947279,2426728
2026-02-24,range_1w_1m,1w-1m,958593.87010823,72555.05136494,56.56537814,4.79432395,61421259266.88221,69550827483.8161,6.36766307,7372181
2026-02-24,range_12m_18m,1-1.5y,1370510.58650081,87454.52323201,56.56537814,6.85448961,87814546583.70482,119857349926.85724,10.9734312,50503014
2026-02-24,range_1m_3m,1-3m,1797626.1091246,90346.33015122,56.56537814,8.99067078,115181687215.4551,162408921943.41635,14.86920187,15238713
2026-02-24,range_3m_6m,3-6m,2794378.92298256,101144.2782462,56.56537814,13.97584337,179047955208.64798,282635439311.47125,25.87643187,24146507
2026-02-24,range_6m_12m,6-12m,2110743.03288533,104919.68957838,56.56537814,10.55669787,135244444087.64853,221458503790.05066,20.2754329,34306825
2026-02-23,range_10y_inf,>10y,3433067.34741916,103.17862305,57.92283883,17.17063083,221823064025.77182,354219161.7584059,0.0323893,14201048
2026-02-23,range_7y_10y,7-10y,1665897.68956532,5796.10858143,57.92283883,8.33205741,107639755488.81506,9655723894.28196,0.88290589,30095416
2026-02-23,range_5y_7y,5-7y,1179542.21759392,15640.8793911,57.92283883,5.89953005,76214545878.66869,18449077562.099453,1.68695785,45075813
2026-02-23,range_2y_3y,2-3y,999757.46057535,32629.62895834,57.92283883,5.00032902,64597993789.479836,32621714986.905777,2.98288399,41615797
2026-02-23,range_3y_5y,3-5y,2224903.4045354,36339.01862916,57.92283883,11.12794802,143759163573.19153,80850806265.48828,7.39288464,18739382
2026-02-23,range_18m_2y,1.5-2y,957990.04664426,64188.48673741,57.92283883,4.79142754,61899248091.52779,61491931403.59976,5.6227362,70543919
2026-02-23,range_0d_1d,<1d,167070.78622855,65198.71994656,57.92283883,0.83561157,10795055837.827356,10892801402.566055,0.99602252,584612
2026-02-23,range_1d_1w,1d-1w,333185.47394384,67430.38919123,57.92283883,1.66644117,21528334646.4679,22466826180.897278,2.05433516,2605690
2026-02-23,range_1w_1m,1w-1m,933188.54401415,73024.82208068,57.92283883,4.66738178,60296732105.3529,68145927394.3591,6.23116828,7024139
2026-02-23,range_12m_18m,1-1.5y,1373141.38329614,87345.87231239,57.92283883,6.86782442,88723697544.79713,119938231932.24046,10.96698417,50980940
2026-02-23,range_1m_3m,1-3m,1822589.30501808,90351.81836374,57.92283883,9.11575712,117764175061.59412,164674257838.69318,15.0575838,15343869
2026-02-23,range_3m_6m,3-6m,2804317.90839679,101281.30890315,57.92283883,14.02591405,181197258309.12137,284024988342.98004,25.97084766,24251821
2026-02-23,range_6m_12m,6-12m,2099181.97774,104832.98894404,57.92283883,10.49914701,135635841399.97159,220063521063.95316,20.12230055,34072981
2026-02-22,range_10y_inf,>10y,3432628.77321332,103.13154423,65.21466556,17.16883444,232259929262.1795,354012306.1586177,0.03234206,14190874
2026-02-22,range_7y_10y,7-10y,1666911.19215069,5795.96745519,65.21466556,8.33731935,112787225521.28267,9661363020.391745,0.88264832,29995836
2026-02-22,range_5y_7y,5-7y,1175671.14781266,15503.02400762,65.21466556,5.88030475,79548741115.67218,18226458029.610256,1.66514316,45150089
2026-02-22,range_2y_3y,2-3y,1000394.47848205,32571.58152868,65.21466556,5.00363083,67689099566.97973,32584430316.716137,2.976867,41525994
2026-02-22,range_3y_5y,3-5y,2228582.17433981,36373.58494277,65.21466556,11.14660539,150791236793.8867,81061523020.29376,7.40566492,18759149
2026-02-22,range_18m_2y,1.5-2y,954882.35184015,64175.45697405,65.21466556,4.77599475,64609639475.95341,61280011285.80195,5.59845427,70233217
2026-02-22,range_1d_1w,1d-1w,387433.16960576,67499.86284507,65.21466556,1.93780813,26214661273.20832,26151685810.0205,2.38918065,2625749
2026-02-22,range_0d_1d,<1d,100037.12516161,67673.99729207,65.21466556,0.50035147,6768752798.129454,6769912137.293023,0.6184895,626031
2026-02-22,range_1w_1m,1w-1m,926184.92157891,73315.14853144,65.21466556,4.63246003,62667902235.24313,67903385093.13649,6.20355624,6769025
2026-02-22,range_12m_18m,1-1.5y,1377072.48978827,87222.46568479,65.21466556,6.88764534,93176040929.03777,120111657986.0287,10.97322945,51252019
2026-02-22,range_1m_3m,1-3m,1844303.51172249,90322.57661716,65.21466556,9.22457502,124790017060.20909,166582245242.84973,15.2187159,15379059
2026-02-22,range_3m_6m,3-6m,2813413.18486142,101430.27191638,65.21466556,14.07172997,190362311357.51437,285365264353.6171,26.07056281,24411782
2026-02-22,range_6m_12m,6-12m,2085856.52441382,104770.43656896,65.21466556,10.43274053,141134075607.57013,218536098683.04562,19.96514572,34047434
2026-02-21,range_10y_inf,>10y,3431879.86050354,103.06096658,66.72300018,17.16552865,233615070475.00027,353692855.5939067,0.03231063,14169125
2026-02-21,range_7y_10y,7-10y,1667276.36184094,5794.29814617,66.72300018,8.33935957,113494906758.0775,9660696332.56397,0.88252613,29889010
2026-02-21,range_5y_7y,5-7y,1174084.55693811,15436.34165232,66.72300018,5.8725197,79922333432.8673,18123570349.614098,1.65562853,45248609
2026-02-21,range_2y_3y,2-3y,998606.87210359,32490.38980992,66.72300018,4.99481787,67977209076.622665,32445126541.513996,2.96393459,41403335
2026-02-21,range_3y_5y,3-5y,2229510.05934539,36395.86748662,66.72300018,11.15153221,151767302705.71722,81144952680.01738,7.4127722,18769744
2026-02-21,range_18m_2y,1.5-2y,955954.7349605,64127.06414488,66.72300018,4.78148101,65073790999.764244,61302570608.414764,5.6001264,69967142
2026-02-21,range_1d_1w,1d-1w,386503.61633116,67524.73051416,66.72300018,1.93320838,26310090457.186993,26098552535.508583,2.38416092,3095633
2026-02-21,range_0d_1d,<1d,102289.69013338,68223.78488783,66.72300018,0.51163114,6963068096.990238,6978589815.902643,0.63750973,458510
2026-02-21,range_1w_1m,1w-1m,1142834.62086751,76427.92116632,66.72300018,5.71621421,77795086467.87555,87344474309.80675,7.97911231,6445132
2026-02-21,range_12m_18m,1-1.5y,1376547.36597299,87151.51666433,66.72300018,6.88519535,93704390300.76424,119968190704.83476,10.95936149,51526432
2026-02-21,range_1m_3m,1-3m,1641668.87402731,90438.99304425,66.72300018,8.21127639,111751752768.5928,148470879879.12097,13.56314564,15347583
2026-02-21,range_3m_6m,3-6m,2813887.60910997,101579.30529403,66.72300018,14.07446365,191547075897.49487,285832748508.8602,26.11145836,24475430
2026-02-21,range_6m_12m,6-12m,2071814.32283657,104710.15967846,66.72300018,10.36277188,141032631885.1863,216940008568.34738,19.81795308,33948753
2026-02-20,range_10y_inf,>10y,3431424.86923719,103.00703717,66.55138236,17.16357213,233245841844.60205,353460909.0433562,0.03229056,14159229
2026-02-20,range_7y_10y,7-10y,1667286.72513697,5793.14280222,66.55138236,8.33956652,113331257603.01213,9658830090.970951,0.88238614,29769928
2026-02-20,range_5y_7y,5-7y,1173420.56923041,15362.69249023,66.55138236,5.86930775,79761463222.34996,18026899366.793385,1.64685432,45345348
2026-02-20,range_2y_3y,2-3y,997030.27647219,32415.24743099,66.55138236,4.98702484,67771603646.39111,32318983108.034306,2.95251312,41294101
2026-02-20,range_3y_5y,3-5y,2230894.74055417,36425.76681682,66.55138236,11.15866564,151641647903.22986,81262051612.29378,7.42372596,18781798
2026-02-20,range_18m_2y,1.5-2y,958159.09540064,64083.93664823,66.55138236,4.79259589,65129394739.587,61402606768.57826,5.60945874,69536741
2026-02-20,range_0d_1d,<1d,239531.60639346,67533.86353359,66.55138236,1.19810812,16281793514.556055,16176494818.157568,1.4778099,580822
2026-02-20,range_1d_1w,1d-1w,258971.35608673,67666.74753103,66.55138236,1.2953434,17603180680.308887,17523749370.08859,1.60088886,3148612
2026-02-20,range_1w_1m,1w-1m,1183495.65006598,77165.75002507,66.55138236,5.91970208,80446301387.45522,91325329488.74765,8.34306057,6369814
2026-02-20,range_12m_18m,1-1.5y,1373371.6493128,87093.02615154,66.55138236,6.86943886,93352831175.54723,119611092969.38171,10.92711737,51970139
2026-02-20,range_1m_3m,1-3m,1834693.61544481,89757.58702186,66.55138236,9.17691554,124710484177.51653,164677671846.73874,15.044192,15229984
2026-02-20,range_3m_6m,3-6m,2578918.10438841,103203.77590796,66.55138236,12.89943641,175298002208.65076,266154086130.2879,24.31460883,24628714
2026-02-20,range_6m_12m,6-12m,2065288.4122472,104651.23080283,66.55138236,10.33032282,140384811768.7585,216134974304.4838,19.74509364,33789565
2026-02-19,range_10y_inf,>10y,3427521.87143419,102.62916489,63.05444123,17.14441694,229632342731.09418,351763707.3013414,0.03210494,14147519
2026-02-19,range_7y_10y,7-10y,1670104.36153876,5782.08869451,63.05444123,8.35383889,111891328934.12883,9656691547.503822,0.88135158,29686417
2026-02-19,range_5y_7y,5-7y,1169802.72008174,15162.50773873,63.05444123,5.85133701,78372815468.91336,17737142796.027004,1.6188421,45409364
2026-02-19,range_2y_3y,2-3y,996343.57369132,32355.3699106,63.05444123,4.98369676,66751640857.0936,32237064884.83207,2.94222798,41131756
2026-02-19,range_3y_5y,3-5y,2236001.83873413,36482.79291129,63.05444123,11.18445023,149804540959.70636,81575592031.80864,7.44528047,18792613
2026-02-19,range_18m_2y,1.5-2y,955032.95029875,64046.13935727,63.05444123,4.77706159,63983969173.251526,61166173425.623085,5.58254381,69097660
2026-02-19,range_0d_1d,<1d,167491.62978529,66759.59134904,63.05444123,0.83779081,11221371235.000078,11181672758.850817,1.0205343,659116
2026-02-19,range_1d_1w,1d-1w,289561.41701121,68026.08622871,63.05444123,1.4483822,19399633043.040714,19697729922.112743,1.79778191,3124628
2026-02-19,range_1w_1m,1w-1m,1242167.22564127,77843.4153508,63.05444123,6.21330326,83220991954.87666,96694539280.74904,8.82516384,6267015
2026-02-19,range_12m_18m,1-1.5y,1370780.4479271,86913.77400331,63.05444123,6.85662482,91837641723.2798,119139702059.28864,10.87369978,52460392
2026-02-19,range_1m_3m,1-3m,2367731.11586868,88552.50221795,63.05444123,11.84335825,158629955836.49692,209668514889.47363,19.13612713,15286445
2026-02-19,range_6m_12m,6-12m,2067919.48758517,104575.53549222,63.05444123,10.34370464,138543593396.46417,216253787769.0181,19.73715499,33581119
2026-02-19,range_3m_6m,3-6m,2031599.90537335,108440.69895763,63.05444123,10.16203459,136110304547.21608,220308113740.94418,20.10718716,24711257
2026-02-18,range_10y_inf,>10y,3426673.07717244,102.54424982,61.4230207,17.14059729,227776230362.46863,351385620.0647471,0.03205976,14135196
2026-02-18,range_7y_10y,7-10y,1670653.8419451,5779.83623739,61.4230207,8.35679508,111050930680.7971,9656105615.801403,0.88100474,29620748
2026-02-18,range_5y_7y,5-7y,1169182.89714196,15027.56928625,61.4230207,5.84838201,77717385615.03395,17569976995.103897,1.60305133,45451267
2026-02-18,range_2y_3y,2-3y,995584.13447076,32285.23893266,61.4230207,4.98002183,66178008829.938644,32142671658.957954,2.93263631,40865392
2026-02-18,range_3y_5y,3-5y,2237923.99618495,36521.91809152,61.4230207,11.19434306,148758250410.4367,81733276883.7209,7.45718895,18810170
2026-02-18,range_18m_2y,1.5-2y,954870.58078609,64016.90435532,61.4230207,4.77636813,63471716290.760574,61127858641.89177,5.57718972,68760024
2026-02-18,range_0d_1d,<1d,169697.96059228,67177.96360311,61.4230207,0.84884795,11280084470.679476,11399963420.189993,1.04011101,618359
2026-02-18,range_1d_1w,1d-1w,325363.44386052,67867.13030765,61.4230207,1.62750389,21627408588.814877,22081483241.82887,2.01467259,3096616
2026-02-18,range_1w_1m,1w-1m,1219659.19627778,78785.30198824,61.4230207,6.10087004,81072622861.44572,96091218101.47997,8.76718023,6176515
2026-02-18,range_12m_18m,1-1.5y,1370404.96598019,86828.80236175,61.4230207,6.85491703,91092926051.33649,118990621946.66135,10.85647835,52971626
2026-02-18,range_1m_3m,1-3m,2430375.48747672,88377.34809778,61.4230207,12.15700668,161550797066.28708,214790140465.03098,19.59704447,15269668
2026-02-18,range_6m_12m,6-12m,2061431.86496382,104492.75595154,61.4230207,10.31150992,137026546967.23598,215404696776.3941,19.65311542,33428293
2026-02-18,range_3m_6m,3-6m,1959740.22311835,109552.24334416,61.4230207,9.80283709,130266947111.26004,214693937814.40488,19.58826712,24807771
2026-02-17,range_10y_inf,>10y,3425855.58701171,102.46040899,64.74983891,17.13691796,231387511938.72833,351014564.5812272,0.03200362,14113435
2026-02-17,range_7y_10y,7-10y,1671227.02301758,5777.70867698,64.74983891,8.35986213,112877222322.76451,9655862872.089918,0.8803696,29567506
2026-02-17,range_5y_7y,5-7y,1166210.72438508,14901.35848266,64.74983891,5.8336544,78767651191.94832,17378124070.38078,1.5844438,45492628
2026-02-17,range_2y_3y,2-3y,994875.33664151,32227.81150115,64.74983891,4.97659536,67195397759.15747,32062654816.424564,2.92330026,40707193
2026-02-17,range_3y_5y,3-5y,2245414.49055026,36526.09375567,64.74983891,11.23207997,151658719710.59705,82016220202.1836,7.47779743,18825073
2026-02-17,range_18m_2y,1.5-2y,953170.02013239,64001.02421935,64.74983891,4.76797577,64378557067.37572,61003857543.65531,5.56200332,68336782
2026-02-17,range_0d_1d,<1d,187959.57797966,67724.52717002,64.74983891,0.94021706,12695076598.866062,12729473545.74945,1.16060487,789716
2026-02-17,range_1d_1w,1d-1w,307438.3063771,67846.4681611,64.74983891,1.53787715,20764852160.42193,20858603265.115845,1.90177516,2855678
2026-02-17,range_1w_1m,1w-1m,1198233.45023468,79301.14509563,64.74983891,5.99383944,80930514941.35062,95021284695.49934,8.6635292,6049988
2026-02-17,range_12m_18m,1-1.5y,1372421.1926361,86729.12485574,64.74983891,6.86516661,92695420758.54112,119028888970.80247,10.85241331,53481914
2026-02-17,range_1m_3m,1-3m,2459207.68763927,88403.52702347,64.74983891,12.30152274,166098638349.14157,217402633270.53284,19.82160173,15255117
2026-02-17,range_6m_12m,6-12m,2051634.73589544,104398.96843273,64.74983891,10.26274905,138570539501.34683,214188550028.2496,19.52855893,33289759
2026-02-17,range_3m_6m,3-6m,1957435.41247018,109888.34002969,64.74983891,9.79154235,132208173511.28036,215099328191.68875,19.61159878,24915938
2026-02-16,range_10y_inf,>10y,3425646.98757691,102.44081939,68.62114785,17.13631649,236140629463.67447,350926084.3466744,0.03198267,14101450
2026-02-16,range_7y_10y,7-10y,1671102.77610573,5777.60564257,68.62114785,8.35945623,115194374341.30576,9654972828.54121,0.87993406,29478178
2026-02-16,range_5y_7y,5-7y,1163989.83154519,14803.40993184,68.62114785,5.82269516,80237482877.59802,17231018632.86177,1.57039905,45564624
2026-02-16,range_2y_3y,2-3y,994198.31170705,32169.05565958,68.62114785,4.973337,68533218977.209145,31982420825.966454,2.91481103,40595185
2026-02-16,range_3y_5y,3-5y,2247690.91146997,36550.92351794,68.62114785,11.24375716,154940409388.10614,82155178597.1188,7.48745138,18834979
2026-02-16,range_18m_2y,1.5-2y,954153.88647678,63966.12166408,68.62114785,4.77302041,65772830701.74482,61033523588.63181,5.56246786,67977428
2026-02-16,range_1d_1w,1d-1w,379168.66937093,67975.8378251,68.62114785,1.89673786,26137289855.861153,25774307977.518272,2.34901659,2662190
2026-02-16,range_0d_1d,<1d,147239.95049608,68447.95370806,68.62114785,0.73654711,10149713242.034395,10078273315.532406,0.91851278,648309
2026-02-16,range_1w_1m,1w-1m,1157960.87399479,79939.08826578,68.62114785,5.79253615,79821887856.82555,92566336514.59059,8.43630256,6009025
2026-02-16,range_12m_18m,1-1.5y,1373225.69183026,86645.47814388,68.62114785,6.86936808,94660769320.50113,118983796668.09358,10.8439347,53893885
2026-02-16,range_1m_3m,1-3m,2499897.49223628,88427.99569752,68.62114785,12.50538505,172325802848.96704,221060924687.69986,20.14703094,15235258
2026-02-16,range_6m_12m,6-12m,2031247.39887649,104268.94621442,68.62114785,10.16102898,140020276784.6863,211796025781.63547,19.3026474,33149881
2026-02-16,range_3m_6m,3-6m,1945045.1382845,110316.47308871,68.62114785,9.72981431,134078083630.74937,214570519653.88116,19.55550898,25008820
2026-02-15,range_10y_inf,>10y,3424686.93697051,102.35000596,67.90894971,17.13198265,235005322620.9286,350516728.4008933,0.03192985,14091053
2026-02-15,range_7y_10y,7-10y,1671817.30084176,5776.38427299,67.90894971,8.36325933,114721716576.84895,9657059163.892284,0.87969677,29373963
2026-02-15,range_5y_7y,5-7y,1162051.44929276,14711.84676225,67.90894971,5.81315771,79741091892.25266,17095922851.842955,1.55733001,45648112
2026-02-15,range_2y_3y,2-3y,992184.6914691,32085.70276184,67.90894971,4.96339993,68084671039.88902,31834943095.326595,2.89996117,40479415
2026-02-15,range_3y_5y,3-5y,2249405.1665199,36576.03433742,67.90894971,11.25264031,154356353322.85693,82274320609.39818,7.49466817,18844918
2026-02-15,range_18m_2y,1.5-2y,953488.63999345,63935.78665073,67.90894971,4.76982309,65429310643.87117,60962046260.51881,5.55325531,67606487
2026-02-15,range_1d_1w,1d-1w,461122.35577051,68254.53120064,67.90894971,2.30676273,31642661060.701927,31473690219.252426,2.86705332,2427062
2026-02-15,range_0d_1d,<1d,109200.27601502,69240.10392766,67.90894971,0.54627394,7493428324.255966,7561038460.208598,0.68876259,807109
2026-02-15,range_1w_1m,1w-1m,1119122.02470735,80893.04178555,67.90894971,5.59840343,76795233348.01166,90529184707.77748,8.24663387,5963026
2026-02-15,range_12m_18m,1-1.5y,1376120.64261922,86542.46293238,67.90894971,6.88403799,94430726526.53218,119092869704.35031,10.8486042,54314087
2026-02-15,range_1m_3m,1-3m,2553187.51777006,88463.45978279,67.90894971,12.7723103,175202191431.8551,225863801296.1625,20.57475807,15186881
2026-02-15,range_6m_12m,6-12m,2015720.34135738,104177.79218086,67.90894971,10.08363291,138320675101.8534,209993294816.65408,19.12905571,33020686
2026-02-15,range_3m_6m,3-6m,1901913.70164394,110984.3579109,67.90894971,9.51431565,130511153655.22458,211082670978.89655,19.22829096,25140004
2026-02-14,range_10y_inf,>10y,3424119.98976441,102.29648522,70.74945306,17.12967403,238954732701.525,350275439.9080539,0.03190728,14076499
2026-02-14,range_7y_10y,7-10y,1671760.41204613,5775.46786323,70.74945306,8.36323231,116665030313.07597,9655198534.787472,0.87951114,29238844
2026-02-14,range_5y_7y,5-7y,1161390.77073343,14659.80704464,70.74945306,5.8100316,81048509401.5993,17025764602.382433,1.5509106,45772202
2026-02-14,range_2y_3y,2-3y,990125.95625056,31986.41733263,70.74945306,4.95325366,69096668318.84969,31670582048.494835,2.884936,40379719
2026-02-14,range_3y_5y,3-5y,2249478.58046504,36592.80628914,70.74945306,11.25335413,156981517738.75565,82314733946.51851,7.49821203,18844821
2026-02-14,range_18m_2y,1.5-2y,953463.20167991,63906.80888172,70.74945306,4.76984273,66538131017.37677,60932790605.50726,5.5504885,67356630
2026-02-14,range_1d_1w,1d-1w,449245.45135471,68226.98608501,70.74945306,2.24741778,31350924344.572002,30650663158.331112,2.79202957,2470892
2026-02-14,range_0d_1d,<1d,145163.59799742,69524.17988868,70.74945306,0.72620268,10130348486.955837,10092380100.46079,0.91933488,644589
2026-02-14,range_1w_1m,1w-1m,1139166.12445672,81793.10537853,70.74945306,5.69884947,79497546109.91788,93175934861.34196,8.48758032,5803633
2026-02-14,range_12m_18m,1-1.5y,1376659.11965429,86421.12020044,70.74945306,6.88694381,96071169509.67043,118972423254.67285,10.83743351,54611224
2026-02-14,range_1m_3m,1-3m,2543544.28910732,88416.39657952,70.74945306,12.72446196,177503109568.29175,224891020583.2741,20.48576817,15283527
2026-02-14,range_6m_12m,6-12m,1995837.45296914,104022.89418586,70.74945306,9.98447633,139280985045.9553,207612788182.39316,18.91185978,32913746
2026-02-14,range_3m_6m,3-6m,1889450.47349188,111379.97116146,70.74945306,9.4522595,131856691411.41463,210446939248.52783,19.17002821,25132689
2026-02-13,range_10y_inf,>10y,3423165.7360694,102.20296089,68.54224454,17.12534466,235717040134.17725,349857673.8356345,0.03187195,14063765
2026-02-13,range_7y_10y,7-10y,1655188.85967,5795.1449125,68.54224454,8.28054552,113975264111.07037,9592059299.348383,0.87383435,29124128
2026-02-13,range_5y_7y,5-7y,1176591.95007636,14417.62448439,68.54224454,5.88623053,81019381853.28824,16963660907.557102,1.54538552,45868342
2026-02-13,range_2y_3y,2-3y,986868.15377387,31859.28244409,68.54224454,4.93708414,67955120536.27912,31440911246.162403,2.86425962,40322360
2026-02-13,range_3y_5y,3-5y,2250811.11457374,36616.96709093,68.54224454,11.26031255,154989438062.5672,82417876510.25102,7.50824916,18856141
2026-02-13,range_18m_2y,1.5-2y,957363.89637182,63846.82853077,68.54224454,4.78948084,65923475923.5489,61124648533.19745,5.5684411,66817929
2026-02-13,range_0d_1d,<1d,194205.37975177,68026.04052873,68.54224454,0.97156677,13372860335.352757,13211023033.890467,1.20352109,640605
2026-02-13,range_1d_1w,1d-1w,411100.44663703,68339.16018144,68.54224454,2.05664504,28308118259.67471,28094259273.388176,2.55938041,2482033
2026-02-13,range_1w_1m,1w-1m,1172057.59864685,82651.00048725,68.54224454,5.86354617,80707149265.00594,96871733156.8454,8.8249921,5635784
2026-02-13,range_12m_18m,1-1.5y,1374574.89566765,86356.51050789,68.54224454,6.87669563,94652362997.05563,118703491421.6021,10.81386014,55145357
2026-02-13,range_1m_3m,1-3m,2502493.10551557,88281.23946921,68.54224454,12.51942215,172320101703.76294,220923193118.07892,20.12605091,15524058
2026-02-13,range_6m_12m,6-12m,1990797.84953715,103941.46001608,68.54224454,9.95952342,137085088125.82613,206926435077.7575,18.85094954,32735436
2026-02-13,range_3m_6m,3-6m,1893667.68367975,111465.45337866,68.54224454,9.47360258,130396765979.33925,211078526909.88608,19.22920413,25033828
2026-02-12,range_10y_inf,>10y,3422612.12699242,102.15317265,61.38010426,17.1229793,226819379581.7771,349630687.5377579,0.03182976,14054084
2026-02-12,range_7y_10y,7-10y,1657744.57544885,5798.34336213,61.38010426,8.29352699,109860125003.05658,9612172255.167902,0.87507519,29053232
2026-02-12,range_5y_7y,5-7y,1174750.12158133,14330.24949358,61.38010426,5.87715501,77851676980.65735,16834462334.869846,1.53257973,45917616
2026-02-12,range_2y_3y,2-3y,986958.82122866,31767.35410549,61.38010426,4.93765429,65406589820.203285,31353070361.50853,2.85432817,40248501
2026-02-12,range_3y_5y,3-5y,2252598.34700276,36641.31691298,61.38010426,11.26951972,149281583935.44846,82538169910.18936,7.51412927,18866632
2026-02-12,range_18m_2y,1.5-2y,960130.32575665,63802.05464487,61.38010426,4.80343407,63628642897.71016,61258287510.120285,5.57684634,66376970
2026-02-12,range_0d_1d,<1d,242837.0462149,66433.04971446,61.38010426,1.21488897,16093014959.9908,16132405563.707281,1.46866572,608948
2026-02-12,range_1d_1w,1d-1w,431442.45524791,68635.52686699,61.38010426,2.15846259,28592053786.288216,29612280228.72792,2.69584971,2410041
2026-02-12,range_1w_1m,1w-1m,1099838.48757877,84622.87565737,61.38010426,5.50237975,72887220092.91507,93071495577.57022,8.47306464,5514228
2026-02-12,range_12m_18m,1-1.5y,1372000.00730545,86280.78144105,61.38010426,6.86397607,90923592535.9371,118377232767.44029,10.77685428,55601202
2026-02-12,range_1m_3m,1-3m,2487081.98485141,88213.65893112,61.38010426,12.44261744,164821011508.75192,219394601945.42422,19.97329722,15689731
2026-02-12,range_6m_12m,6-12m,2001998.68221603,103935.91027929,61.38010426,10.01579516,132674133724.52557,208079555414.05316,18.94319536,32578531
2026-02-12,range_3m_6m,3-6m,1898421.81354582,111580.1625469,61.38010426,9.49761066,125810007665.50742,211826214538.0171,19.2842846,25028751
2026-02-11,range_10y_inf,>10y,3416606.10586742,101.6213788,63.47890055,17.0934048,229068003513.03564,347200223.298023,0.0315715,14041546
2026-02-11,range_7y_10y,7-10y,1662810.55041914,5779.81875405,63.47890055,8.31910175,111483934993.50166,9610743603.73817,0.87392098,28934563
2026-02-11,range_5y_7y,5-7y,1174710.6765673,14276.79240198,63.47890055,5.8771203,78759043638.24861,16771100461.744192,1.52502421,46021139
2026-02-11,range_2y_3y,2-3y,986502.67603583,31703.51529818,63.47890055,4.93550882,66140547507.574905,31275602681.396687,2.84394284,40169375
2026-02-11,range_3y_5y,3-5y,2253560.29707466,36659.80086124,63.47890055,11.27464425,151091036558.36163,82615071719.5596,7.5123266,18873453
2026-02-11,range_18m_2y,1.5-2y,961528.39195531,63765.43816196,63.47890055,4.81056157,64466134591.29883,61312279218.19854,5.57522806,66101296
2026-02-11,range_0d_1d,<1d,199256.76055776,67123.64616121,63.47890055,0.99688883,13359265573.241425,13374840290.908634,1.21619659,616644
2026-02-11,range_1d_1w,1d-1w,544239.91292089,68670.48933429,63.47890055,2.72285211,36488827339.739685,37373221135.53114,3.39840948,2363644
2026-02-11,range_12m_18m,1-1.5y,1364631.63580711,86154.45923508,63.47890055,6.82730178,91492385911.34003,117569100638.04633,10.69075489,55880621
2026-02-11,range_1w_1m,1w-1m,1040917.14391357,86958.37519953,63.47890055,5.20774639,69788791739.64261,90516463552.05756,8.23081337,5449871
2026-02-11,range_1m_3m,1-3m,2499445.99663353,88266.31670448,63.47890055,12.50481936,167576561826.7351,220616891924.60687,20.06106284,15823077
2026-02-11,range_6m_12m,6-12m,2013952.76738906,103856.21456866,63.47890055,10.07587905,135026434215.84604,209161510741.1059,19.01940588,32478805
2026-02-11,range_3m_6m,3-6m,1869698.75482938,111880.48905082,63.47890055,9.35417097,125354854398.95024,209182811068.01474,19.02134275,25009393
2026-02-10,range_10y_inf,>10y,3416536.60837176,101.61259268,68.2829554,17.09347668,235120444503.32898,347163142.7466127,0.03153275,14022420
2026-02-10,range_7y_10y,7-10y,1662406.35257821,5780.16908206,68.2829554,8.31728369,114404077979.3148,9608989800.998325,0.87278244,28874163
2026-02-10,range_5y_7y,5-7y,1146523.19609847,13415.36695875,68.2829554,5.73623812,78901845465.23001,15381029402.383554,1.39705554,46074776
2026-02-10,range_2y_3y,2-3y,985597.32780951,31646.66174564,68.2829554,4.93110037,67827191211.13242,31190865250.58932,2.83305947,40081419
2026-02-10,range_3y_5y,3-5y,2282396.73560037,36809.61473946,68.2829554,11.4191943,157070799034.42188,84014144520.0555,7.63098639,18881024
2026-02-10,range_18m_2y,1.5-2y,961961.17653372,63737.84123041,68.2829554,4.81284494,66200590055.829666,61313328739.72234,5.56907625,65713943
2026-02-10,range_0d_1d,<1d,205168.34421748,69122.60142857,68.2829554,1.0264899,14119348866.9848,14181769683.103712,1.28812704,506652
2026-02-10,range_1d_1w,1d-1w,549473.96563071,69138.31210674,68.2829554,2.74910574,37813896893.576546,37989702530.30163,3.45059638,2400475
2026-02-10,range_12m_18m,1-1.5y,1363195.42561243,86064.20712658,68.2829554,6.82028378,93812872846.00446,117322333463.91841,10.65636191,56307040
2026-02-10,range_1w_1m,1w-1m,1035658.47901288,87784.03336692,68.2829554,5.18156428,71272317510.80179,90914278478.39842,8.25772404,5441750
2026-02-10,range_1m_3m,1-3m,2502626.59552871,88383.7495869,68.2829554,12.52103936,172226656703.9624,221191522328.73383,20.09077763,15876394
2026-02-10,range_6m_12m,6-12m,2010088.11043705,103672.1267317,68.2829554,10.05679089,138330966177.48575,208390109327.12296,18.92802809,32387067
2026-02-10,range_3m_6m,3-6m,1865738.72753966,112081.74148929,68.2829554,9.33458794,128397078454.03755,209115245746.6528,18.99389207,24978812
2026-02-09,range_10y_inf,>10y,3416138.90140417,101.57407503,70.89860982,17.0918717,239989192491.72324,346991149.0698544,0.03149148,14009925
2026-02-09,range_7y_10y,7-10y,1663204.54459996,5781.23291636,70.89860982,8.32146453,116842765217.49207,9615372859.88695,0.8726513,28842024
2026-02-09,range_5y_7y,5-7y,1148254.2629268,13324.9898173,70.89860982,5.74502826,80666688705.69398,15300476361.175657,1.38860767,46093598
2026-02-09,range_2y_3y,2-3y,986330.71920725,31595.64517232,70.89860982,4.93488075,69291302158.41978,31163755426.63315,2.82829298,39961909
2026-02-09,range_3y_5y,3-5y,2283900.93241596,36826.94770193,70.89860982,11.42697731,160447673915.2217,84109100194.4649,7.63339253,18886578
2026-02-09,range_18m_2y,1.5-2y,963183.12279592,63704.5436674,70.89860982,4.81906703,67665146685.46873,61359141305.85103,5.56870077,65571377
2026-02-09,range_0d_1d,<1d,202652.21073826,70203.61164178,70.89860982,1.01392411,14236640199.77258,14226917101.016596,1.29117589,550330
2026-02-09,range_1d_1w,1d-1w,597844.48589759,70282.06553721,70.89860982,2.9911785,41999526233.32078,42017745338.91264,3.81335602,2385491
2026-02-09,range_12m_18m,1-1.5y,1363031.58192275,85966.43285829,70.89860982,6.81961758,95755137050.16515,117174962971.09494,10.63431287,56505685
2026-02-09,range_1m_3m,1-3m,2525358.71891786,88531.1161619,70.89860982,12.63505626,177410467547.41602,223572826094.9812,20.29054093,16012600
2026-02-09,range_1w_1m,1w-1m,969234.7683275,88988.7374326,70.89860982,4.84934506,68090284411.50588,86250978309.2397,7.82778049,5274427
2026-02-09,range_6m_12m,6-12m,1994645.51001955,103439.31308271,70.89860982,9.97975379,140127020321.12076,206324761399.93,18.72517823,32264678
2026-02-09,range_3m_6m,3-6m,1873141.28579739,112321.67573945,70.89860982,9.37183512,131591155270.83734,210394368117.5106,19.09451883,24979494
2026-02-08,range_10y_inf,>10y,3415520.17542349,101.50754414,70.92946884,17.08921157,240077632718.89963,346701064.9615725,0.03143757,13996184
2026-02-08,range_7y_10y,7-10y,1662666.81228549,5780.3158003,70.92946884,8.31898612,116869200529.40005,9610739245.690205,0.87146633,28756797
2026-02-08,range_5y_7y,5-7y,1147523.19974744,13242.22982986,70.92946884,5.74151688,80659647472.65,15195765946.152699,1.37789592,46160733
2026-02-08,range_2y_3y,2-3y,987053.18486788,31553.71811884,70.92946884,4.93862131,69380176318.63329,31145197963.6211,2.82413149,39782495
2026-02-08,range_3y_5y,3-5y,2285429.55023678,36846.26723902,70.92946884,11.43491682,160643324584.85178,84209547963.96625,7.63581071,18899186
2026-02-08,range_18m_2y,1.5-2y,962789.02193117,63687.07867879,70.92946884,4.81721801,67674643193.79126,61317220190.80498,5.560019,65392839
2026-02-08,range_0d_1d,<1d,144609.10883267,70562.17514002,70.92946884,0.72353713,10164604726.37452,10203933264.293541,0.92525497,687343
2026-02-08,range_1d_1w,1d-1w,662133.95582103,70776.93360583,70.92946884,3.31292063,46541535254.31993,46863811029.30943,4.24943725,2279991
2026-02-08,range_12m_18m,1-1.5y,1364601.23011007,85902.6907884,70.92946884,6.82764497,95918107961.25766,117222917519.60933,10.6293411,56793468
2026-02-08,range_1m_3m,1-3m,2525021.2515271,88705.86286595,70.92946884,12.63368979,177484275746.19043,223984188871.56155,20.31005878,15992512
2026-02-08,range_1w_1m,1w-1m,973980.80391384,89683.68463631,70.92946884,4.87321496,68461315907.25936,87350187260.02687,7.92059228,5395903
2026-02-08,range_6m_12m,6-12m,1989894.35333465,103282.86767673,70.92946884,9.9562362,139870093330.6754,205521995186.14114,18.63597526,32133029
2026-02-08,range_3m_6m,3-6m,1865189.02193935,112509.62996265,70.92946884,9.33228562,131104529313.73987,209851726668.79224,19.02857932,24968417
2026-02-07,range_10y_inf,>10y,3414867.92230106,101.46608922,69.2915363,17.08640225,236501536130.95172,346493293.2866517,0.03142369,13979909
2026-02-07,range_7y_10y,7-10y,1662966.88079521,5778.74627876,69.2915363,8.32070865,115171137154.24425,9609863674.102594,0.87152455,28640619
2026-02-07,range_5y_7y,5-7y,1144352.3728195,13117.41476165,69.2915363,5.72580416,79253751595.9164,15010944707.75513,1.36135197,46259067
2026-02-07,range_2y_3y,2-3y,986023.10028694,31495.04431907,69.2915363,4.93359852,68288432579.06414,31054841243.166924,2.81638298,39674153
2026-02-07,range_3y_5y,3-5y,2289774.13277668,36874.34853835,69.2915363,11.45695904,158581565119.4196,84433929446.10564,7.65736589,18908325
2026-02-07,range_18m_2y,1.5-2y,963980.63279695,63645.85025014,69.2915363,4.82330832,66761850134.26305,61353366999.031105,5.56417524,65264436
2026-02-07,range_0d_1d,<1d,168717.84078803,69386.47007736,69.2915363,0.84418518,11684794090.712307,11706735411.355612,1.06169116,666909
2026-02-07,range_1d_1w,1d-1w,650023.39676152,71006.9504203,69.2915363,3.25241312,45018295100.43504,46156179105.88126,4.18593276,2126601
2026-02-07,range_12m_18m,1-1.5y,1364745.82967043,85837.58120844,69.2915363,6.82854996,94517413993.53351,117146480983.21426,10.62408766,56955664
2026-02-07,range_1m_3m,1-3m,2512411.63389732,88864.99142568,69.2915363,12.57093298,174000641995.43173,223265438304.0565,20.24808229,16094626
2026-02-07,range_1w_1m,1w-1m,996544.89278113,90030.71771187,69.2915363,4.98624465,69017134287.10861,89719651929.18613,8.13673137,5330694
2026-02-07,range_6m_12m,6-12m,1980372.35120217,103168.94364671,69.2915363,9.9088572,137153504565.11343,204312923500.67523,18.52926687,32120868
2026-02-07,range_3m_6m,3-6m,1851099.43309402,112653.56394991,69.2915363,9.26203597,128200524711.03261,208532948363.69394,18.91198356,24890223
2026-02-06,range_10y_inf,>10y,3414495.10301203,101.43583899,71.07017342,17.08498029,241191255450.12762,346352175.4842685,0.03137207,13962295
2026-02-06,range_7y_10y,7-10y,1662846.81788213,5778.41260841,71.07017342,8.32032387,117459272755.27495,9608615018.307863,0.87033408,28540160
2026-02-06,range_5y_7y,5-7y,1141655.7599555,13024.95841889,71.07017342,5.71245984,80643661135.32729,14870018802.10446,1.34690421,46346051
2026-02-06,range_2y_3y,2-3y,987565.5693378,31462.34613547,71.07017342,4.94144457,69759121721.33076,31071129773.97855,2.81437678,39554654
2026-02-06,range_3y_5y,3-5y,2292448.59704805,36887.92417489,71.07017342,11.47063853,161932742175.89496,84563670022.73154,7.65965161,18919722
2026-02-06,range_18m_2y,1.5-2y,959237.18810814,63637.17358622,71.07017342,4.79969892,67758076873.55099,61043143449.99541,5.52919726,64915405
2026-02-06,range_0d_1d,<1d,322591.03425158,68049.7647419,71.07017342,1.61413658,22787010729.480488,21952243988.66686,1.98840165,539970
2026-02-06,range_1d_1w,1d-1w,494815.40410482,73614.46066226,71.07017342,2.47588916,34952502473.00861,36425569100.556526,3.29937394,2092250
2026-02-06,range_12m_18m,1-1.5y,1366485.36064295,85633.01889849,71.07017342,6.83743123,96525052678.20041,117016266712.44872,10.59915962,57326954
2026-02-06,range_1m_3m,1-3m,2502681.96735086,88895.99185437,71.07017342,12.52257532,176783093103.65485,222478395783.70395,20.15176261,16280246
2026-02-06,range_1w_1m,1w-1m,980826.71056741,90428.32374051,71.07017342,4.9077256,69283105865.95651,88694515316.5308,8.03381745,5269358
2026-02-06,range_6m_12m,6-12m,1975921.10620771,103038.47931448,71.07017342,9.88684187,139574044741.26828,203595906029.0299,18.44141473,32021637
2026-02-06,range_3m_6m,3-6m,1883791.05150198,112724.15061664,71.07017342,9.4258542,133066211843.93533,212348746219.78683,19.234234,24857648
2026-02-05,range_10y_inf,>10y,3413641.15022823,101.37770716,57.83539371,17.08109468,219215323576.97763,346067112.871941,0.03130136,13949100
2026-02-05,range_7y_10y,7-10y,1663858.44635657,5776.55600263,57.83539371,8.32557448,106848743512.46812,9611371495.83167,0.8693372,28446249
2026-02-05,range_5y_7y,5-7y,1142227.79084366,12975.22290059,57.83539371,5.71545168,73350953937.16718,14820660189.44899,1.34051121,46425640
2026-02-05,range_2y_3y,2-3y,990239.46642353,31413.70001003,57.83539371,4.95493619,63590651593.88957,31107085536.318207,2.81359916,39295101
2026-02-05,range_3y_5y,3-5y,2296763.45959608,36895.72177156,57.83539371,11.49248922,147492288385.81088,84740745580.34538,7.66470038,18934263
2026-02-05,range_18m_2y,1.5-2y,961768.65145663,63587.04928757,57.83539371,4.81247462,61762328509.88528,61156030643.411385,5.53149076,64820954
2026-02-05,range_0d_1d,<1d,389654.38426607,66984.72289144,57.83539371,1.94974314,25022610219.109764,26100890953.498432,2.36079477,558445
2026-02-05,range_1d_1w,1d-1w,409606.67636702,78135.27407681,57.83539371,2.04957994,26303895502.631645,32004729921.62883,2.89479003,2050478
2026-02-05,range_12m_18m,1-1.5y,1368892.00750916,85577.0840019,57.83539371,6.84962858,87906751518.97441,117145786316.14064,10.59569805,57615105
2026-02-05,range_1m_3m,1-3m,2426270.29317897,88830.29350379,57.83539371,12.14051237,155808886756.85083,215526302262.61224,19.49409955,16220930
2026-02-05,range_1w_1m,1w-1m,1045033.66799256,91006.37652262,57.83539371,5.22911409,67109395392.22173,95104727468.14078,8.6021103,5351033
2026-02-05,range_6m_12m,6-12m,1983549.4579499,102993.11226182,57.83539371,9.9252366,127378484474.37257,204291931999.49786,18.47796402,31937788
2026-02-05,range_3m_6m,3-6m,1893403.09280258,112834.55678131,57.83539371,9.47416441,121589514944.36298,213641298784.73813,19.32360321,24938180
2026-02-04,range_10y_inf,>10y,3413375.47251479,101.30713751,71.92337081,17.08010448,249595791529.8101,345799298.3581185,0.03113172,13937275
2026-02-04,range_7y_10y,7-10y,1664866.50729768,5776.28869988,71.92337081,8.33078403,121739807714.23448,9616749592.918882,0.86577961,28329772
2026-02-04,range_5y_7y,5-7y,1142362.34006399,12924.71307171,71.92337081,5.71623845,83532806390.04832,14764705469.258327,1.32924132,46529246
2026-02-04,range_2y_3y,2-3y,993127.01938945,31377.07534278,71.92337081,4.96948355,72620292285.49124,31161421312.334476,2.80540975,39259313
2026-02-04,range_3y_5y,3-5y,2303568.61445297,36879.27762965,71.92337081,11.52676959,168443535232.8869,84953946471.37013,7.64825929,18953770
2026-02-04,range_18m_2y,1.5-2y,955881.13358898,63562.02506066,71.92337081,4.78310979,69896766431.84464,60757740568.19078,5.46991603,64701360
2026-02-04,range_0d_1d,<1d,250888.02487765,73845.88851672,71.92337081,1.25541234,18345651001.163456,18527049115.294373,1.66795872,548542
2026-02-04,range_1d_1w,1d-1w,425080.94665749,79381.75258988,71.92337081,2.12705196,31083136384.949074,33743670538.237747,3.03788526,2042213
2026-02-04,range_12m_18m,1-1.5y,1374346.84578705,85243.47697984,71.92337081,6.87705994,100496177925.01152,117154103711.1578,10.54718467,57743416
2026-02-04,range_1m_3m,1-3m,2485216.47677993,89008.2580991,71.92337081,12.43571281,181726147222.76932,221204789597.3634,19.91469093,16257925
2026-02-04,range_1w_1m,1w-1m,1088355.91840812,91195.47863695,71.92337081,5.44599706,79583702147.21553,99253138906.58406,8.93559126,5345304
2026-02-04,range_6m_12m,6-12m,2008685.56107244,102961.95338874,71.92337081,10.05121163,146880841732.01193,206818189111.781,18.61948976,31955228
2026-02-04,range_3m_6m,3-6m,1878756.80908042,113085.70980063,71.92337081,9.40106438,137380079229.59782,212460547297.62616,19.12746167,24825793
2026-02-03,range_10y_inf,>10y,3413152.56496333,101.29170206,72.11181681,17.07936832,258341331817.3519,345724032.7113193,0.03106742,13912719
2026-02-03,range_7y_10y,7-10y,1662862.20609536,5779.46848746,72.11181681,8.32093952,125861949846.95345,9610459719.122503,0.86361433,28232174
2026-02-03,range_5y_7y,5-7y,1143518.00386191,12857.4318843,72.11181681,5.72214831,86552815454.93394,14702704843.121468,1.32121323,46619945
2026-02-03,range_2y_3y,2-3y,990313.28224149,31284.93138576,72.11181681,4.95551399,74956758416.51933,30981883085.334026,2.78409139,39216472
2026-02-03,range_3y_5y,3-5y,2305768.08643837,36891.88595476,72.11181681,11.53803167,174523460927.92813,85064133283.00537,7.64402603,18968155
2026-02-03,range_18m_2y,1.5-2y,960230.31084284,63438.84655502,72.11181681,4.80497922,72679779949.18439,60915903347.03556,5.47401981,64497425
2026-02-03,range_0d_1d,<1d,293528.21977787,76584.26669771,72.11181681,1.46881116,22217134974.218773,22479643466.7715,2.02006384,624700
2026-02-03,range_1d_1w,1d-1w,334603.53755079,81729.47318883,72.11181681,1.67435148,25326123540.157986,27346970851.146587,2.45745121,1937897
2026-02-03,range_12m_18m,1-1.5y,1367627.0776154,85069.62799619,72.11181681,6.84358702,103515619046.00395,116343526730.26039,10.45485227,57954123
2026-02-03,range_1m_3m,1-3m,2499357.454696,89132.15587912,72.11181681,12.5067502,189176229671.6228,222773118249.60376,20.01881933,16245193
2026-02-03,range_1w_1m,1w-1m,1125097.55590563,91336.27916275,72.11181681,5.62997264,85158572752.00082,102762224451.51874,9.23441042,5440869
2026-02-03,range_6m_12m,6-12m,2014391.10166745,102844.02202788,72.11181681,10.07998526,152469152814.2642,207168082832.64798,18.61652094,31911715
2026-02-03,range_3m_6m,3-6m,1873618.51831452,113323.01080473,72.11181681,9.3755612,141814083644.46402,212324091594.89734,19.07984977,24776415
2026-02-02,range_10y_inf,>10y,3413204.15344189,101.26790714,72.70681288,17.07997902,269268869332.8693,345648041.2554391,0.03100476,13898366
2026-02-02,range_7y_10y,7-10y,1663063.34167736,5779.25766474,72.70681288,8.32211778,131199648632.45325,9611271564.334684,0.86213467,28131178
2026-02-02,range_5y_7y,5-7y,1142629.82505142,12814.71188257,72.70681288,5.7178219,90142466499.50595,14642471996.465736,1.31343524,46708701
2026-02-02,range_2y_3y,2-3y,989140.64678062,31239.5126967,72.70681288,4.94974831,78033651547.39348,30900271793.926838,2.77176599,39104428
2026-02-02,range_3y_5y,3-5y,2307428.53957764,36895.40670279,72.70681288,11.5465789,182033844442.5964,85133514405.3475,7.63650823,18979292
2026-02-02,range_18m_2y,1.5-2y,956178.84071193,63438.21838938,72.70681288,4.78480448,75433283139.2116,60658282116.38807,5.4410707,64408517
2026-02-02,range_0d_1d,<1d,232958.66937679,78079.31379239,72.70681288,1.16574603,18378190897.582924,18189253046.92874,1.63158283,510409
2026-02-02,range_1d_1w,1d-1w,312001.15662823,83871.76041628,72.70681288,1.56128171,24613880359.63588,26168086258.324677,2.34728717,1906467
2026-02-02,range_12m_18m,1-1.5y,1353832.428519,84579.0464311,72.70681288,6.77469862,106804313748.96664,114505855831.63937,10.27121829,58091978
2026-02-02,range_1m_3m,1-3m,2547966.96842614,89337.31513471,72.70681288,12.75025472,201010005215.70065,227628528011.12097,20.41836449,16118247
2026-02-02,range_1w_1m,1w-1m,1181492.04146406,91390.57867564,72.70681288,5.9122919,93208320343.21715,107977241370.05954,9.68559912,5619846
2026-02-02,range_6m_12m,6-12m,2027455.70656605,102666.61516237,72.70681288,10.14556979,159946689734.04214,208152014784.77353,18.67131394,31772517
2026-02-02,range_3m_6m,3-6m,1856303.10174983,113618.34845415,72.70681288,9.28910684,146444400884.4972,210910092651.135,18.91871456,24858825
2026-02-01,range_10y_inf,>10y,3412719.15938021,101.22498874,72.46701426,17.0778672,263833980678.5841,345452458.4739877,0.03096071,13887085
2026-02-01,range_7y_10y,7-10y,1664740.26641674,5784.41386541,72.46701426,8.33066299,128699441932.52098,9629546679.363092,0.86303509,28020587
2026-02-01,range_5y_7y,5-7y,1142947.91007756,12754.03787555,72.46701426,5.71951916,88360185160.62007,14577200934.913706,1.30646191,46804564
2026-02-01,range_2y_3y,2-3y,990767.56585802,31222.03925751,72.46701426,4.95798105,76595271576.64671,30933783836.284878,2.77239852,38792765
2026-02-01,range_3y_5y,3-5y,2310771.92079412,36902.74270678,72.46701426,11.56352285,178643517333.5892,85273821647.12585,7.64255088,18991532
2026-02-01,range_18m_2y,1.5-2y,953645.07230671,63451.87768524,72.46701426,4.77221334,73725367904.838,60510570483.135414,5.423178,64424651
2026-02-01,range_0d_1d,<1d,157406.72347789,77799.77762106,72.46701426,0.78769187,12168959853.200186,12246208082.638773,1.09754983,495318
2026-02-01,range_12m_18m,1-1.5y,1354512.86584576,84451.87373968,72.46701426,6.77822867,104716064987.1189,114391149525.17772,10.252152,58301243
2026-02-01,range_1d_1w,1d-1w,360922.44610465,85053.68107589,72.46701426,1.80612155,27902561337.433716,30697782624.114006,2.75124723,1936811
2026-02-01,range_1m_3m,1-3m,2597774.09198599,89618.16616963,72.46701426,12.9997339,200831374509.24362,232807750246.76614,20.86507961,15994937
2026-02-01,range_1w_1m,1w-1m,1174616.03757459,91555.41178623,72.46701426,5.87799223,90808417126.9726,107542455010.84988,9.63834702,5713154
2026-02-01,range_6m_12m,6-12m,2003447.70197752,102416.24763265,72.46701426,10.02561658,154884582530.39685,205185595964.79318,18.38948141,31716511
2026-02-01,range_3m_6m,3-6m,1859014.9081712,113842.8949407,72.46701426,9.30284862,143718624492.0064,211635638884.1248,18.96755778,24893765
2026-01-31,range_10y_inf,>10y,3412565.51296222,101.22384642,72.54798724,17.07741612,268737155643.6125,345433007.3976398,0.0309454,13875700
2026-01-31,range_7y_10y,7-10y,1664955.42103477,5784.17128523,72.54798724,8.33189471,131114078959.88159,9630387337.534925,0.86273211,27908026
2026-01-31,range_5y_7y,5-7y,1142566.37369153,12728.90327925,72.54798724,5.71771629,89976305578.19504,14543616860.843504,1.30288065,46902580
2026-01-31,range_2y_3y,2-3y,991178.03697242,31150.34187057,72.54798724,4.96012742,78054579576.75154,30875534706.289017,2.76596511,38692395
2026-01-31,range_3y_5y,3-5y,2310090.640775,36913.49637151,72.54798724,11.56032873,181918027865.7632,85273522486.11668,7.63917419,18999971
2026-01-31,range_18m_2y,1.5-2y,941849.13805723,63551.3173474,72.54798724,4.71327205,74169963168.61339,59855753466.05431,5.36213954,64209503
2026-01-31,range_0d_1d,<1d,176976.69995745,79841.07302359,72.54798724,0.88564007,13936791771.793505,14130009624.776154,1.26582791,521873
2026-01-31,range_12m_18m,1-1.5y,1371328.58318564,83993.66863185,72.54798724,6.86250528,107991170132.35017,115182918601.48239,10.31858838,58568263
2026-01-31,range_1d_1w,1d-1w,319183.84145288,86134.31678208,72.54798724,1.5972837,25135505048.514614,27492682111.423496,2.46291441,1835613
2026-01-31,range_1m_3m,1-3m,2573251.08595116,89757.99261502,72.54798724,12.87725596,202641729504.874,230969851969.40875,20.69128704,15957243
2026-01-31,range_1w_1m,1w-1m,1226148.75450756,91505.63198409,72.54798724,6.1359855,96558359811.90956,112199516687.71909,10.05132222,5865910
2026-01-31,range_6m_12m,6-12m,1993727.9426233,102327.96395759,72.54798724,9.97716281,157004685885.92593,204014121053.99115,18.27647506,31669300
2026-01-31,range_3m_6m,3-6m,1859092.7637998,113901.19772766,72.54798724,9.30341135,146402259392.0856,211752892483.62357,18.96974797,24847533
2026-01-30,range_10y_inf,>10y,3411911.8923042,101.17470808,73.98235514,17.07451371,287289862999.81714,345199189.7021781,0.03089966,13866691
2026-01-30,range_7y_10y,7-10y,1665705.97823673,5782.22598358,73.98235514,8.3358306,140255803019.1187,9631488388.358099,0.8621392,27782162
2026-01-30,range_5y_7y,5-7y,1142091.22011991,12706.72305836,73.98235514,5.71546183,96166384279.03726,14512236841.442745,1.29902749,47016806
2026-01-30,range_2y_3y,2-3y,993618.90106451,31113.72543177,73.98235514,4.97244949,83664715552.80159,30915185671.533527,2.76729745,38606501
2026-01-30,range_3y_5y,3-5y,2310701.20146211,36923.41096699,73.98235514,11.5636337,194565701740.10095,85318970083.49284,7.63711954,19004682
2026-01-30,range_18m_2y,1.5-2y,942685.94053728,63518.79691063,73.98235514,4.71756145,79376057546.99327,59878276807.48976,5.35985793,63950966
2026-01-30,range_0d_1d,<1d,231337.67352349,83404.80328674,73.98235514,1.15770231,19479098708.01972,19294673153.03944,1.72711561,477522
2026-01-30,range_12m_18m,1-1.5y,1365728.59437178,83823.18300896,73.98235514,6.8346289,114997102257.24063,114479717906.59468,10.24737277,58849433
2026-01-30,range_1d_1w,1d-1w,223781.3672822,87964.96073417,73.98235514,1.11988766,18842842481.784405,19684919186.01704,1.76204754,1761081
2026-01-30,range_1m_3m,1-3m,2553478.52342195,89873.00155152,73.98235514,12.77858439,215008041919.70087,229488779297.28354,20.54212844,15879057
2026-01-30,range_1w_1m,1w-1m,1279275.14294992,91389.04897596,73.98235514,6.40198272,107717547274.92427,116911738692.7796,10.46506918,6057860
2026-01-30,range_6m_12m,6-12m,1990343.93923901,102223.98276758,73.98235514,9.96044328,167590974115.1986,203460884546.33505,18.21230491,31563405
2026-01-30,range_3m_6m,3-6m,1871823.17045787,113920.7886994,73.98235514,9.36731996,157611286332.94128,213239571884.36957,19.08762026,24867245
2026-01-29,range_10y_inf,>10y,3411630.86187375,101.15420307,74.39536366,17.0734571,288907705493.6999,345100801.0134696,0.03086589,13850801
2026-01-29,range_7y_10y,7-10y,1665598.01299748,5782.38697119,74.39536366,8.33546107,141048114433.3648,9631132249.6017,0.86141066,27686279
2026-01-29,range_5y_7y,5-7y,1140797.90273663,12651.08755067,74.39536366,5.70910654,96606379135.24107,14432334145.145906,1.29083126,47103694
2026-01-29,range_2y_3y,2-3y,992376.98280521,31033.27560796,74.39536366,4.9663362,84037625609.22215,30796708414.39438,2.75446462,38506283
2026-01-29,range_3y_5y,3-5y,2312461.54367497,36929.7744909,74.39536366,11.57268021,195826566728.4487,85398683326.79631,7.63807771,19014137
2026-01-29,range_18m_2y,1.5-2y,945082.79870343,63420.14653168,74.39536366,4.72965314,80032604326.07622,59937289578.34328,5.36080484,63745153
2026-01-29,range_12m_18m,1-1.5y,1366995.88778005,83702.83628865,74.39536366,6.84111107,115761540842.94727,114421433002.11703,10.23387905,59100938
2026-01-29,range_0d_1d,<1d,156988.30484955,85428.35844852,74.39536366,0.78564569,13294266812.476551,13411253178.912521,1.19950554,575528
2026-01-29,range_1d_1w,1d-1w,492415.48408108,89028.03299428,74.39536366,2.46428614,41699302596.09044,43838781963.664955,3.92095065,1710583
2026-01-29,range_1m_3m,1-3m,2543208.89554383,90046.12026685,74.39536366,12.72745198,215366983226.0782,229006094071.86423,20.48235726,15863609
2026-01-29,range_1w_1m,1w-1m,1095332.98717561,91782.54016835,74.39536366,5.48157803,92756266105.13882,100532443893.1678,8.9916447,6038994
2026-01-29,range_6m_12m,6-12m,1993849.10388292,102183.7810251,74.39536366,9.97818889,168845456330.26367,203739040228.25623,18.22246621,31575463
2026-01-29,range_3m_6m,3-6m,1865335.40386645,113960.64931024,74.39536366,9.33504394,157962509229.74646,212574833805.99042,19.0127416,24785801
2026-01-28,range_10y_inf,>10y,3411282.99838917,101.12767484,78.08756427,17.07205797,304629176804.3745,344975117.8457847,0.03083704,13842704
2026-01-28,range_7y_10y,7-10y,1665482.21349118,5782.47715293,78.08756427,8.3350484,148728345293.4634,9630612848.122326,0.86087256,27570269
2026-01-28,range_5y_7y,5-7y,1139909.64381635,12607.57653705,78.08756427,5.70477546,101794467533.51042,14371498079.734964,1.2846564,47205462
2026-01-28,range_2y_3y,2-3y,994040.12899696,30988.40714467,78.08756427,4.97475897,88768251226.84009,30803720235.50051,2.75351922,38430303
2026-01-28,range_3y_5y,3-5y,2312128.73615975,36942.95264061,78.08756427,11.57124632,206474184022.45673,85416862398.93996,7.63534309,19020469
2026-01-28,range_18m_2y,1.5-2y,941219.84886622,63379.59592933,78.08756427,4.71041536,84051375358.61049,59654133701.80459,5.33243396,63652011
2026-01-28,range_12m_18m,1-1.5y,1369423.43038093,83557.86437941,78.08756427,6.85339686,122290156662.62636,114426097273.75677,10.22845475,59229190
2026-01-28,range_1d_1w,1d-1w,511102.49125853,89009.90906988,78.08756427,2.5578562,45641692949.03766,45493186272.30893,4.06659851,1867771
2026-01-28,range_0d_1d,<1d,181462.80281149,89415.64974202,78.08756427,0.90814614,16204713671.419748,16225614417.397278,1.45039433,417398
2026-01-28,range_1m_3m,1-3m,2491267.06854015,90237.70565173,78.08756427,12.46775944,222471321390.68985,224806224430.76718,20.09524355,15929723
2026-01-28,range_1w_1m,1w-1m,1108323.49794012,91710.89238716,78.08756427,5.54669988,98973809845.11505,101645337049.7524,9.0859931,5921302
2026-01-28,range_6m_12m,6-12m,1998549.93552772,102145.8038333,78.08756427,10.00191435,178471449583.55325,204143489665.47394,18.24821868,31607798
2026-01-28,range_3m_6m,3-6m,1857481.37379239,113994.09342656,78.08756427,9.29592465,165873960646.19357,211741905262.19247,18.9274348,24672247
2026-01-27,range_10y_inf,>10y,3410620.99617439,101.07656193,78.20537863,17.06903857,304937020125.17944,344733844.3403473,0.0308146,13820689
2026-01-27,range_7y_10y,7-10y,1665895.41124897,5781.43613011,78.20537863,8.33725971,148944483458.0784,9631267919.584377,0.86090654,27484171
2026-01-27,range_5y_7y,5-7y,1139025.17657544,12570.44801554,78.20537863,5.70044713,101838035824.57964,14318056770.52885,1.27984279,47287793
2026-01-27,range_2y_3y,2-3y,992541.84887002,30936.58695281,78.20537863,4.96734616,88741245093.91383,30705857211.87173,2.74469298,38255758
2026-01-27,range_3y_5y,3-5y,2313279.36831633,36948.74136455,78.20537863,11.57720392,206825829689.86414,85472761083.87723,7.64012174,19027140
2026-01-27,range_18m_2y,1.5-2y,940510.24746839,63297.89919679,78.20537863,4.70694507,84089200348.52844,59532322837.797646,5.32139348,63481292
2026-01-27,range_12m_18m,1-1.5y,1369105.26539744,83405.35515589,78.20537863,6.85192245,122409051118.92456,114190710906.27415,10.20712238,59517154
2026-01-27,range_0d_1d,<1d,140522.33004351,88514.33578751,78.20537863,0.70326814,12563829470.521418,12438240707.113914,1.11181237,452408
2026-01-27,range_1d_1w,1d-1w,566374.78610223,89038.53378261,78.20537863,2.8345199,50638473093.83627,50429180525.98155,4.50769431,1924064
2026-01-27,range_1m_3m,1-3m,2501217.61874488,90612.98227496,78.20537863,12.51777317,223629024802.2804,226642787753.1516,20.25883414,15929076
2026-01-27,range_1w_1m,1w-1m,1114099.76380068,91746.97988128,78.20537863,5.57570362,99609502925.30678,102215288615.16524,9.13667979,6037353
2026-01-27,range_6m_12m,6-12m,1993491.06731352,102076.08501058,78.20537863,9.97676844,178234176824.28003,203487763654.92618,18.18908465,31570430
2026-01-27,range_3m_6m,3-6m,1834646.53991516,114096.4291409,78.20537863,9.18180372,164032195161.00534,209326618940.03378,18.71100023,24493055
2026-01-26,range_10y_inf,>10y,3410485.81796389,101.06772136,77.59470008,17.06868772,302119283523.05554,344690030.3410182,0.03081319,13804186
2026-01-26,range_7y_10y,7-10y,1665936.7615659,5781.64775314,77.59470008,8.33762574,147577690588.22638,9631859534.376554,0.86102955,27393919
2026-01-26,range_5y_7y,5-7y,1137384.38253074,12528.39156236,77.59470008,5.69234411,100755661533.77225,14249596901.26177,1.27382713,47363368
2026-01-26,range_2y_3y,2-3y,992750.69264204,30911.46608099,77.59470008,4.96848615,87943226855.90065,30687379362.48454,2.74326471,38033303
2026-01-26,range_3y_5y,3-5y,2315412.69852736,36950.71893926,77.59470008,11.58810164,205111782566.18607,85556163851.67233,7.64819968,19042341
2026-01-26,range_18m_2y,1.5-2y,940446.46210214,63257.82836009,77.59470008,4.70671565,83309835163.519,59490600881.50963,5.31809719,63362358
2026-01-26,range_12m_18m,1-1.5y,1362142.57678088,83258.48952801,77.59470008,6.81720656,120665958258.98415,113409933464.57068,10.13815694,59793639
2026-01-26,range_0d_1d,<1d,169410.63966301,87915.79499228,77.59470008,0.84786082,15007310925.200579,14893871066.124002,1.33142131,480785
2026-01-26,range_1d_1w,1d-1w,564539.8730264,89350.96463052,77.59470008,2.82539067,50009995954.40587,50442182227.30263,4.5092237,1914387
2026-01-26,range_1m_3m,1-3m,2525926.6252398,90995.97542002,77.59470008,12.64167485,223760245015.4326,229849157103.09973,20.54711397,15740536
2026-01-26,range_1w_1m,1w-1m,1096157.79673152,91710.39304992,77.59470008,5.48601464,97103587539.4584,100529062382.98021,8.98668556,6179260
2026-01-26,range_6m_12m,6-12m,1994439.05141774,101976.86889605,77.59470008,9.98170324,176678200528.17764,203386649667.59677,18.18152707,31438134
2026-01-26,range_3m_6m,3-6m,1805915.79177954,114165.53235659,77.59470008,9.03818821,159977790331.68317,206173337759.6916,18.43064,24565857
2026-01-25,range_10y_inf,>10y,3410275.96625625,101.03870076,75.45267193,17.06796847,294942095530.3728,344569852.8482455,0.03079898,13795164
2026-01-25,range_7y_10y,7-10y,1665931.98156824,5781.25412035,75.45267193,8.33776352,144080266382.13788,9631176132.664099,0.86087171,27315008
2026-01-25,range_5y_7y,5-7y,1135542.78667366,12484.07663768,75.45267193,5.68323757,98208875873.93634,14176203174.203318,1.26712377,47419706
2026-01-25,range_2y_3y,2-3y,993124.91969559,30874.64179908,75.45267193,4.97045547,85891683792.38455,30662376157.34585,2.74072157,37885375
2026-01-25,range_3y_5y,3-5y,2316857.07453671,36953.74681529,75.45267193,11.59555528,200376358796.0846,85616549739.64098,7.65273778,19057158
2026-01-25,range_18m_2y,1.5-2y,940721.87338611,63200.07433146,75.45267193,4.70818533,81359539049.95763,59453692323.22917,5.31420057,63012320
2026-01-25,range_12m_18m,1-1.5y,1363914.38269314,83212.15681379,75.45267193,6.82620642,117959886571.03955,113494257493.25151,10.14455494,60247288
2026-01-25,range_0d_1d,<1d,109788.36541653,87207.26589591,75.45267193,0.54947587,9495187744.689552,9574343175.156199,0.85579176,386999
2026-01-25,range_1d_1w,1d-1w,597254.04907437,89589.6708779,75.45267193,2.98917547,51654283272.381485,53507793687.06497,4.7827332,1950051
2026-01-25,range_1m_3m,1-3m,2574079.12055958,91383.61664036,75.45267193,12.88291672,222622537703.96912,235228659555.17316,21.02564582,15777989
2026-01-25,range_1w_1m,1w-1m,1104345.19590371,91618.3544196,75.45267193,5.52709786,95510712180.37189,101178289559.88412,9.04370617,6318910
2026-01-25,range_6m_12m,6-12m,1984217.0886798,101866.20870621,75.45267193,9.93073729,171607562529.56607,202124672073.8759,18.0666836,31350098
2026-01-25,range_3m_6m,3-6m,1784508.86552727,114192.54902394,75.45267193,8.93122473,154335540436.9034,203777616110.3845,18.21443012,24471167
2026-01-24,range_10y_inf,>10y,3410009.86878532,101.01577285,78.01655944,17.06692497,304720731968.27,344464782.3091256,0.03078436,13783894
2026-01-24,range_7y_10y,7-10y,1666038.75635412,5781.03153734,78.01655944,8.33843876,148878322602.79446,9631422592.906044,0.86074736,27224374
2026-01-24,range_5y_7y,5-7y,1134600.33243893,12456.7851772,78.01655944,5.67861663,101388634372.30696,14133472603.165846,1.26308956,47489160
2026-01-24,range_2y_3y,2-3y,991768.63206305,30809.93124621,78.01655944,4.96375128,88625099379.27939,30556323366.01374,2.73077778,37762850
2026-01-24,range_3y_5y,3-5y,2316290.23904876,36967.12776739,78.01655944,11.59291417,206985224164.56174,85626597213.2667,7.65233454,19072570
2026-01-24,range_18m_2y,1.5-2y,941958.69299267,63067.48819367,78.01655944,4.71445508,84174050356.88235,59406968749.240715,5.30912139,62531400
2026-01-24,range_12m_18m,1-1.5y,1365437.5877954,83123.49174819,78.01655944,6.83394529,122016403828.82942,113499940061.77846,10.14333794,60829257
2026-01-24,range_0d_1d,<1d,97731.39601608,89454.50107228,78.01655944,0.48914064,8733342036.0185,8742513269.715616,0.78130673,372301
2026-01-24,range_1d_1w,1d-1w,604275.79117237,89700.59248763,78.01655944,3.02436943,53998483430.296036,54203896494.09347,4.84412978,1984843
2026-01-24,range_1w_1m,1w-1m,1129741.32881956,91488.69820386,78.01655944,5.65429757,100954430602.6685,103358563480.8003,9.23701667,6468985
2026-01-24,range_1m_3m,1-3m,2567270.79900165,91604.86032868,78.01655944,12.84905904,229413012611.37158,235174482968.43402,21.0172292,15754400
2026-01-24,range_6m_12m,6-12m,1966792.37364329,101695.48603728,78.01655944,9.84369523,175753864295.90576,200013906372.07788,17.87497547,31327133
2026-01-24,range_3m_6m,3-6m,1788308.37183976,114224.09221115,78.01655944,8.95039193,159804416122.1469,204267900367.00092,18.25514923,24319730
2026-01-23,range_10y_inf,>10y,3408865.51282363,100.9159162,78.27794087,17.06145904,305404291910.2372,344008786.4153537,0.03074278,13774100
2026-01-23,range_7y_10y,7-10y,1667037.45896304,5778.10833189,78.27794087,8.3435651,149351857040.77072,9632323031.200373,0.86080461,27138640
2026-01-23,range_5y_7y,5-7y,1133919.0272342,12430.74118658,78.27794087,5.67529372,101589146387.04994,14095453954.082811,1.25965789,47557715
2026-01-23,range_2y_3y,2-3y,986044.31051056,30723.50680157,78.27794087,4.93517698,88340875669.85114,30294739080.624485,2.70732729,37700877
2026-01-23,range_3y_5y,3-5y,2316084.50494669,36976.60949438,78.27794087,11.59206216,207500749318.68192,85640952295.40117,7.65341094,19081356
2026-01-23,range_18m_2y,1.5-2y,948340.54794338,62863.70282187,78.27794087,4.74646869,84962951000.81856,59616198379.838356,5.32767622,62005885
2026-01-23,range_12m_18m,1-1.5y,1361901.25102068,83006.7267035,78.27794087,6.81635058,122014343380.50891,113046964940.6236,10.10258357,61351262
2026-01-23,range_0d_1d,<1d,399970.83991422,89421.05460711,78.27794087,2.00186428,35833860470.360306,35765814317.22094,3.19625678,522416
2026-01-23,range_1d_1w,1d-1w,328627.04433976,90847.11263644,78.27794087,1.64478676,29442085468.489185,29854818112.51366,2.6680132,1927474
2026-01-23,range_1w_1m,1w-1m,1100839.50768267,91311.39825389,78.27794087,5.50972988,98625513117.45883,100519194699.63281,8.9830237,6587871
2026-01-23,range_1m_3m,1-3m,2577294.33166783,91735.7618747,78.27794087,12.89942402,230902846547.11926,236430059090.90622,21.12886828,15808762
2026-01-23,range_6m_12m,6-12m,1960776.08280755,101585.48198476,78.27794087,9.81373442,175668247665.29034,199186383436.20102,17.80054057,31157132
2026-01-23,range_3m_6m,3-6m,1790217.50011675,114267.53075926,78.27794087,8.96008436,160387702574.865,204563733260.35242,18.28109417,24254067
2026-01-22,range_10y_inf,>10y,3408576.58269589,100.88976353,78.21187298,17.06038651,305224485666.68695,343890485.4001644,0.03060924,13762213
2026-01-22,range_7y_10y,7-10y,1664970.28646985,5780.61504272,78.21187298,8.33340133,149091471765.06805,9624552283.64242,0.85666885,27066072
2026-01-22,range_5y_7y,5-7y,1135935.09944759,12379.12427179,78.21187298,5.68550871,101718473406.106,14061881760.750364,1.25162976,47612181
2026-01-22,range_2y_3y,2-3y,986590.85063655,30678.36155044,78.21187298,4.93802056,88345289490.55649,30266990818.186985,2.6940254,37607128
2026-01-22,range_3y_5y,3-5y,2315583.41534264,36987.74373425,78.21187298,11.58980798,207351291607.85098,85648205961.98152,7.62343516,19092795
2026-01-22,range_18m_2y,1.5-2y,948799.95597377,62785.55375482,78.21187298,4.74887202,84961265072.59607,59570930638.359695,5.30233088,61834888
2026-01-22,range_12m_18m,1-1.5y,1359513.63260322,82876.29049111,78.21187298,6.80454949,121739042442.15982,112671446742.2514,10.0287386,61588627
2026-01-22,range_0d_1d,<1d,219410.26664546,89638.65447541,78.21187298,1.09817804,19647317336.752975,19667641080.18964,1.75059109,572979
2026-01-22,range_1w_1m,1w-1m,1119237.16506086,90809.71714267,78.21187298,5.60193329,100223239747.35254,101637610374.73668,9.04663121,6770719
2026-01-22,range_1m_3m,1-3m,2564501.98311439,91990.33918369,78.21187298,12.83567905,229640960030.36014,235909407263.93817,20.99798882,15839351
2026-01-22,range_1d_1w,1d-1w,322726.6713932,92210.54844493,78.21187298,1.61529061,28898890753.10232,29758803366.97277,2.6487923,1804291
2026-01-22,range_6m_12m,6-12m,1967862.36881035,101561.66840856,78.21187298,9.84941714,176214253900.64526,199859385374.80154,17.78922336,30982522
2026-01-22,range_3m_6m,3-6m,1965772.14177719,114186.67293052,78.21187298,9.83895527,176027082377.38782,224464980609.036,19.97933532,24223752
2026-01-21,range_10y_inf,>10y,3407215.13035296,100.76690876,78.13490301,17.05400171,304672071178.5633,343334536.1651041,0.03055591,13751649
2026-01-21,range_7y_10y,7-10y,1669080.59210241,5770.56132749,78.13490301,8.35418434,149248644862.38214,9631531917.244747,0.8571822,26987516
2026-01-21,range_5y_7y,5-7y,1134096.26014694,12335.21173269,78.13490301,5.67644802,101410519522.7391,13989317494.16254,1.24501419,47672595
2026-01-21,range_2y_3y,2-3y,987852.45565714,30623.93211314,78.13490301,4.94445957,88333445987.2255,30251926539.839054,2.69234562,37538992
2026-01-21,range_3y_5y,3-5y,2315462.09900007,37003.09182359,78.13490301,11.58949262,207047869432.51666,85679256663.35141,7.62523906,19104927
2026-01-21,range_18m_2y,1.5-2y,947843.68235094,62691.61426502,78.13490301,4.74420521,84755874462.63239,59421850517.477165,5.28839573,61615670
2026-01-21,range_12m_18m,1-1.5y,1355550.09480159,82668.08903506,78.13490301,6.7848823,121212849546.9304,112060735928.5366,9.97312458,61776108
2026-01-21,range_0d_1d,<1d,206069.39229598,89179.0263111,78.13490301,1.03143114,18426658181.345955,18377067757.47523,1.63551296,510882
2026-01-21,range_1w_1m,1w-1m,1129167.54171068,90292.37202446,78.13490301,5.65177849,100969795119.73502,101955215754.0831,9.07375861,6920129
2026-01-21,range_1m_3m,1-3m,2578693.24881851,92287.94035919,78.13490301,12.90703328,230585913420.2442,237982288751.61014,21.17982711,15965745
2026-01-21,range_1d_1w,1d-1w,314554.3398493,94287.47143618,78.13490301,1.57442663,28127346983.85895,29658533333.666473,2.63953512,1724856
2026-01-21,range_6m_12m,6-12m,1977534.33824535,101546.72220723,78.13490301,9.89807591,176830478736.90506,200812130101.06778,17.87177617,30797503
2026-01-21,range_3m_6m,3-6m,1955858.11963909,114253.6687207,78.13490301,9.78958077,174892198303.9333,223463965665.93567,19.88773275,24221102
2026-01-20,range_10y_inf,>10y,3406976.40419311,100.74514344,77.51204752,17.05317226,300927633487.35376,343236326.5516634,0.03053495,13735175
2026-01-20,range_7y_10y,7-10y,1669080.61915357,5770.09159695,77.51204752,8.3543635,147424701915.55273,9630748055.216852,0.85676947,26913045
2026-01-20,range_5y_7y,5-7y,1133404.93066205,12306.10650209,77.51204752,5.6731093,100110133767.65866,13947801786.71586,1.2408227,47731770
2026-01-20,range_2y_3y,2-3y,984863.27499656,30561.23275207,77.51204752,4.92960358,86989911138.9681,30098635776.13747,2.67763128,37405052
2026-01-20,range_3y_5y,3-5y,2316161.16227427,37008.67907279,77.51204752,11.59324004,204579314514.97324,85718065135.46521,7.62564039,19117759
2026-01-20,range_18m_2y,1.5-2y,938608.2029047,62539.16854931,77.51204752,4.6980799,82904344428.18633,58699776603.21842,5.2220426,61192823
2026-01-20,range_12m_18m,1-1.5y,1364199.11495005,82367.84134838,77.51204752,6.82831923,120495466526.3341,112366136267.80011,9.99630295,62288509
2026-01-20,range_1w_1m,1w-1m,1135870.52677109,89990.85208514,77.51204752,5.68545052,100327912206.42798,102217956562.53157,9.09350179,7104735
2026-01-20,range_0d_1d,<1d,182859.53273361,90307.60812362,77.51204752,0.91527934,16151414015.783585,16513607023.774374,1.46908156,487373
2026-01-20,range_1m_3m,1-3m,2604008.26013431,92569.86801715,77.51204752,13.03402083,230003953751.8685,241052700956.19254,21.44450193,15972445
2026-01-20,range_1d_1w,1d-1w,324110.50298684,95458.54971236,77.51204752,1.62229249,28627673068.761696,30939118561.66809,2.75240221,1621859
2026-01-20,range_6m_12m,6-12m,1967130.12411573,101365.30029607,77.51204752,9.84621109,173750488052.4785,199398735752.44342,17.73888679,30678910
2026-01-20,range_3m_6m,3-6m,1951276.51409507,114361.24966398,77.51204752,9.76685793,172350187968.2522,223150420591.89197,19.85188138,24242241
2026-01-19,range_10y_inf,>10y,3401036.18709179,100.22055088,81.10158328,17.02379344,314937779877.92535,340853720.2185044,0.03030435,13726145
2026-01-19,range_7y_10y,7-10y,1674822.21423331,5751.13609357,81.10158328,8.3832767,155089437696.31055,9632130486.591208,0.85636562,26845580
2026-01-19,range_5y_7y,5-7y,1132996.80071753,12270.4228426,81.10158328,5.67118444,104916113030.8023,13902349824.118095,1.23601881,47788186
2026-01-19,range_2y_3y,2-3y,985984.70702489,30540.28793107,81.10158328,4.93531943,91302714097.12138,30112256848.170887,2.67719603,37227029
2026-01-19,range_3y_5y,3-5y,2317089.49728884,37011.87771712,81.10158328,11.59812798,214563733495.17398,85759833133.28423,7.62466547,19124235
2026-01-19,range_18m_2y,1.5-2y,937772.02476453,62500.31004025,81.10158328,4.69399217,86838193792.78986,58611042294.85578,5.21094286,60943064
2026-01-19,range_12m_18m,1-1.5y,1358491.8837913,82172.53663253,81.10158328,6.7998939,125797078986.46529,111630724085.82857,9.9247736,62644840
2026-01-19,range_1w_1m,1w-1m,1075692.26977331,89800.39873308,81.10158328,5.38434818,99609682649.08069,96597594739.73933,8.58822037,7355856
2026-01-19,range_1m_3m,1-3m,2644479.22403244,92826.50507498,81.10158328,13.23686829,244880198249.88647,245477764110.31433,21.82473734,16008637
2026-01-19,range_0d_1d,<1d,115002.33314049,92908.98901573,81.10158328,0.57564103,10649277892.870003,10684750506.533018,0.94995111,420247
2026-01-19,range_1d_1w,1d-1w,421426.52884642,95012.71932474,81.10158328,2.10943894,39024323198.99628,40040880501.28339,3.55992203,1663984
2026-01-19,range_6m_12m,6-12m,1972756.39170203,101318.9903592,81.10158328,9.87457806,182678302748.049,199877685831.90436,17.77056268,30643640
2026-01-19,range_3m_6m,3-6m,1940583.48256408,114450.42440574,81.10158328,9.71353744,179699074060.45764,222100603174.23486,19.74633974,24132092
2026-01-18,range_10y_inf,>10y,3401491.12165028,100.17765316,82.38269448,17.02647009,321378622404.3567,340753397.8074716,0.03029506,13716590
2026-01-18,range_7y_10y,7-10y,1672102.90508703,5754.13734737,82.38269448,8.36986165,157983104743.3327,9621509774.80333,0.8554109,26741370
2026-01-18,range_5y_7y,5-7y,1134450.33654796,12201.4633846,82.38269448,5.67859331,107184782587.07237,13841954243.031803,1.23063415,47872496
2026-01-18,range_2y_3y,2-3y,986144.56147102,30509.2127298,82.38269448,4.9362354,93172602638.8521,30086494208.256344,2.67487282,37069749
2026-01-18,range_3y_5y,3-5y,2318594.35400705,37017.7848775,82.38269448,11.60593281,219064708022.45895,85829227014.81113,7.63074171,19136962
2026-01-18,range_18m_2y,1.5-2y,920328.75921814,62383.53790069,82.38269448,4.60678847,86954214554.33284,57413364031.7818,5.1043982,60426918
2026-01-18,range_12m_18m,1-1.5y,1373998.86610368,81866.37059411,82.38269448,6.87767504,129817731983.17601,112484300368.32922,10.00054029,63250107
2026-01-18,range_1w_1m,1w-1m,1061795.8667156,89690.80437916,82.38269448,5.31491482,100320265646.95042,95233325372.18825,8.46682341,7516855
2026-01-18,range_1m_3m,1-3m,2661790.53399986,93141.61075987,82.38269448,13.3238322,251490462374.27844,247923457842.1243,22.04190736,15997911
2026-01-18,range_1d_1w,1d-1w,477917.42289622,94678.11204801,82.38269448,2.39225869,45154444771.53598,45248319314.6623,4.02285153,1777640
2026-01-18,range_0d_1d,<1d,85516.63733104,95175.23448758,82.38269448,0.42806123,8079756234.897581,8139066010.570862,0.7236126,438006
2026-01-18,range_6m_12m,6-12m,1969377.82395214,101245.96089396,82.38269448,9.85789803,186070140835.28186,199391550149.2829,17.7271248,30628690
2026-01-18,range_3m_6m,3-6m,1914155.60599094,114530.34985829,82.38269448,9.58147824,180852652475.09665,219228911237.35895,19.49078718,24057085
2026-01-17,range_10y_inf,>10y,3401367.46941931,100.14711006,82.96138744,17.02622401,323622769562.0414,340637122.2999906,0.03028946,13705039
2026-01-17,range_7y_10y,7-10y,1670998.46722091,5755.05366141,82.96138744,8.36451647,158986982958.4391,9616685846.99835,0.85511598,26630762
2026-01-17,range_5y_7y,5-7y,1133699.24948657,12137.70177502,82.96138744,5.67495795,107865702329.38931,13760503392.828732,1.22358435,47969564
2026-01-17,range_2y_3y,2-3y,986470.06454753,30471.82795787,82.96138744,4.93797287,93857596172.46516,30059546092.479523,2.67289569,36939888
2026-01-17,range_3y_5y,3-5y,2320068.10756284,37029.0165553,82.96138744,11.61356415,220742649329.2809,85909840364.36482,7.63910543,19148812
2026-01-17,range_18m_2y,1.5-2y,918904.69125318,62319.03238636,82.96138744,4.59976091,87429095450.74112,57265251214.18728,5.09202775,59882760
2026-01-17,range_12m_18m,1-1.5y,1370661.68875203,81709.81590895,82.96138744,6.86112076,130411470043.91306,111996514261.38263,9.95873321,63812615
2026-01-17,range_1w_1m,1w-1m,1070883.05368364,89611.8717722,82.96138744,5.36051894,101889061627.71109,95963834889.72356,8.5331069,7943793
2026-01-17,range_1m_3m,1-3m,2643808.79024702,93268.10277073,82.96138744,13.23411278,251544924382.51028,246583029954.92102,21.92616998,15990392
2026-01-17,range_1d_1w,1d-1w,451451.72937295,94394.21366277,82.96138744,2.25983177,42953329887.696556,42614431000.858864,3.78927641,1694599
2026-01-17,range_0d_1d,<1d,126142.73389806,95322.22216986,82.96138744,0.63143264,12001837869.98678,12024205705.744753,1.06919271,459154
2026-01-17,range_6m_12m,6-12m,1946356.79518222,100969.98378653,82.96138744,9.74287756,185185923683.89545,196523614052.3579,17.4748853,30576024
2026-01-17,range_3m_6m,3-6m,1936414.4543447,114617.9924476,82.96138744,9.69310919,184239960653.82117,221947937303.5,19.73561684,24062969
2026-01-16,range_10y_inf,>10y,3401241.10042676,100.14395179,83.28788714,17.02598828,324747913081.678,340613724.8015541,0.03029657,13693781
2026-01-16,range_7y_10y,7-10y,1671235.51833377,5752.24282223,83.28788714,8.36589807,159568296048.98364,9613352514.586191,0.85507882,26539368
2026-01-16,range_5y_7y,5-7y,1127201.58963223,11962.87011448,83.28788714,5.64256414,107624350361.25104,13484566209.601072,1.19941164,48086821
2026-01-16,range_2y_3y,2-3y,987272.66114021,30409.07325465,83.28788714,4.94210562,94264042707.13113,30022046674.928303,2.67037083,36753697
2026-01-16,range_3y_5y,3-5y,2325296.98551559,37047.51902734,83.28788714,11.64000965,222017587417.29788,86146484315.09752,7.6624709,19169701
2026-01-16,range_18m_2y,1.5-2y,920202.20431343,62247.94047275,83.28788714,4.60636323,87860206507.10442,57280692036.99735,5.09494542,59326081
2026-01-16,range_12m_18m,1-1.5y,1365532.63203567,81579.00117809,83.28788714,6.83560556,130380017001.1099,111398788197.553,9.90858744,64467108
2026-01-16,range_1w_1m,1w-1m,1040032.16262522,89502.45527204,83.28788714,5.20620999,99301479776.89279,93085432116.84163,8.27966945,8011156
2026-01-16,range_1m_3m,1-3m,2648285.72859978,93373.4337245,83.28788714,13.25683197,252856306922.45267,247279531962.96057,21.99477126,16000042
2026-01-16,range_1d_1w,1d-1w,413963.9508381,93500.61019358,83.28788714,2.07222751,39524963140.32299,38705882001.50887,3.44277189,1892514
2026-01-16,range_0d_1d,<1d,193608.17169049,95289.21656373,83.28788714,0.96916695,18485560963.072254,18448771000.723465,1.64096274,461017
2026-01-16,range_6m_12m,6-12m,1925577.80845118,100723.36870686,83.28788714,9.63908886,183852704441.4613,193950683574.37225,17.25133046,30533564
2026-01-16,range_3m_6m,3-6m,1957311.15636853,114702.37185662,83.28788714,9.79794017,186882580362.33066,224508232096.89587,19.96933257,23966001
2026-01-15,range_10y_inf,>10y,3400971.88405495,100.12102832,83.48285522,17.02498685,325522918005.1608,340508802.3159608,0.0302933,13684632
2026-01-15,range_7y_10y,7-10y,1670306.73189389,5753.31288576,83.48285522,8.36141877,159872865717.8684,9609797243.780867,0.85493385,26482431
2026-01-15,range_5y_7y,5-7y,1125801.97256357,11884.68780579,83.48285522,5.63567252,107755769732.47867,13379804975.058708,1.1903319,48167818
2026-01-15,range_2y_3y,2-3y,991217.41176612,30334.80522905,83.48285522,4.96195322,94874052257.94482,30068387125.570915,2.67502856,36616625
2026-01-15,range_3y_5y,3-5y,2323375.14948949,37082.03877915,83.48285522,11.63062581,222381096953.01312,86155487391.87227,7.66480718,19185739
2026-01-15,range_18m_2y,1.5-2y,921262.79318457,62199.44226152,83.48285522,4.61176613,88178368687.20811,57302031912.37081,5.09786479,58990248
2026-01-15,range_12m_18m,1-1.5y,1360838.07694129,81467.2370038,83.48285522,6.81224402,130252174037.46785,110863718137.97604,9.86297041,64895949
2026-01-15,range_1w_1m,1w-1m,1016201.51363346,89310.7123802,83.48285522,5.08702159,97265397444.2208,90757681104.44226,8.0742405,8200952
2026-01-15,range_1d_1w,1d-1w,415942.8552169,92288.09770745,83.48285522,2.08217588,39811835137.01043,38386574862.97127,3.41505461,1845812
2026-01-15,range_1m_3m,1-3m,2663281.61034962,93501.43297657,83.48285522,13.33216973,254915133328.5425,249020646987.83688,22.15407631,16129097
2026-01-15,range_0d_1d,<1d,202259.38132755,96118.35907573,83.48285522,1.01249391,19359190916.086628,19440839840.876347,1.72955076,469483
2026-01-15,range_6m_12m,6-12m,1934352.83010026,100730.23890389,83.48285522,9.68321192,185145952149.131,194847822700.4062,17.33460091,30418057
2026-01-15,range_3m_6m,3-6m,1950543.20944929,114771.38869114,83.48285522,9.76425964,186695609043.97806,223866552850.5674,19.91624693,23828752
2026-01-14,range_10y_inf,>10y,3400410.61709235,100.07404212,84.82345136,17.02254734,330104871376.1481,340292835.3327667,0.03028916,13669536
2026-01-14,range_7y_10y,7-10y,1669710.81373843,5753.38379218,84.82345136,8.35861741,162092092829.59924,9606487133.397852,0.85506487,26416444
2026-01-14,range_5y_7y,5-7y,1125310.86218774,11825.39341676,84.82345136,5.63333655,109242864833.27895,13307243661.525305,1.18446591,48216952
2026-01-14,range_2y_3y,2-3y,992313.63806595,30289.99245343,84.82345136,4.96754886,96331767761.2291,30057172608.456837,2.67536217,36460137
2026-01-14,range_3y_5y,3-5y,2324118.70141889,37095.10012052,84.82345136,11.63460096,225620665086.268,86213415921.1134,7.67377938,19196940
2026-01-14,range_18m_2y,1.5-2y,906005.64236731,62066.94527472,84.82345136,4.5354887,87953164990.25119,56233002623.402435,5.00524949,58862363
2026-01-14,range_12m_18m,1-1.5y,1370870.10076854,81120.04520248,84.82345136,6.86261273,133081250838.62953,111205044541.067,9.89826199,65128662
2026-01-14,range_1w_1m,1w-1m,1015820.58243323,89177.38016079,84.82345136,5.08522526,98613773589.52596,90588218254.80722,8.06317664,8383722
2026-01-14,range_1d_1w,1d-1w,422525.52261633,91271.70361676,84.82345136,2.11517417,41017909012.31484,38564624270.75569,3.43260286,1909903
2026-01-14,range_1m_3m,1-3m,2695517.02142014,93710.93829157,84.82345136,13.49383097,261675250387.54678,252599429258.16876,22.48365026,16162915
2026-01-14,range_0d_1d,<1d,180423.74318613,96362.46660433,84.82345136,0.90320613,17515166032.680077,17386076927.401352,1.54751923,398678
2026-01-14,range_6m_12m,6-12m,1947494.75955416,100692.80669043,84.82345136,9.74921134,189058787158.49478,196098713354.421,17.45457185,30296349
2026-01-14,range_3m_6m,3-6m,1925399.04012176,114927.23685758,84.82345136,9.63859957,186913780145.3615,221280791529.4272,19.6960062,23810991
2026-01-13,range_10y_inf,>10y,3400196.77052946,100.0531257,83.276948,17.02180702,323667752340.9232,340200314.8867011,0.03030578,13643400
2026-01-13,range_7y_10y,7-10y,1655532.13529972,5772.83900019,83.276948,8.28779933,157591575230.27444,9557120476.726519,0.8513689,26357862
2026-01-13,range_5y_7y,5-7y,1138276.55324844,11672.93597349,83.276948,5.69835369,108353556689.87561,13287029326.188263,1.18363722,48268110
2026-01-13,range_2y_3y,2-3y,991898.19193558,30216.1085077,83.276948,4.96556545,94419670390.08258,29971303396.11878,2.66990832,36335508
2026-01-13,range_3y_5y,3-5y,2324634.79574573,37110.20715704,83.276948,11.63741029,221284052109.53732,86267678834.57706,7.6849108,19212868
2026-01-13,range_18m_2y,1.5-2y,912047.54498138,61931.72171661,83.276948,4.5658232,86818616343.25749,56484674748.10375,5.03177659,58701528
2026-01-13,range_12m_18m,1-1.5y,1366968.99301962,81022.71501015,83.276948,6.84321643,130122993270.622,110755539149.1463,9.86634219,65330902
2026-01-13,range_1w_1m,1w-1m,952775.37336916,88680.01161608,83.276948,4.76971176,90695534522.30362,84492131177.89273,7.52674119,8370442
2026-01-13,range_1d_1w,1d-1w,473441.13743363,91208.89252807,83.276948,2.37010509,45067282619.356125,43182041822.553474,3.84674938,2088245
2026-01-13,range_0d_1d,<1d,224063.00576146,93038.83588953,83.276948,1.12168721,21328756643.184025,20846561221.95606,1.85705661,432253
2026-01-13,range_1m_3m,1-3m,2679613.38672388,94024.06319594,83.276948,13.41447717,255074779654.15378,251948138414.0,22.44408331,16224191
2026-01-13,range_6m_12m,6-12m,1915309.32388702,100307.78277675,83.276948,9.58827618,182319996675.83768,192120431610.74136,17.11450222,30212074
2026-01-13,range_3m_6m,3-6m,1940776.33303588,115060.35933602,83.276948,9.71576718,184744223909.24384,223306422269.9434,19.89261749,23753763
2026-01-12,range_10y_inf,>10y,3399834.29743666,100.02306428,80.3337062,17.02035189,310164553418.9104,340061844.4626941,0.03031601,13631079
2026-01-12,range_7y_10y,7-10y,1624502.39229994,5814.10506287,80.3337062,8.13263234,148202240154.92615,9445027583.718332,0.84201031,26279030
2026-01-12,range_5y_7y,5-7y,1145725.07258307,10898.00745591,80.3337062,5.73576304,104523713331.11923,12486120383.435665,1.11311926,48331509
2026-01-12,range_2y_3y,2-3y,993294.93236711,30178.84274347,80.3337062,4.97266273,90617616082.99419,29976491561.797333,2.67236012,36076684
2026-01-12,range_3y_5y,3-5y,2347637.5451422,37133.14543113,80.3337062,11.75281312,214173364662.94748,87175166383.34962,7.77153784,19220739
2026-01-12,range_18m_2y,1.5-2y,920987.34060338,61846.06700013,80.3337062,4.6106743,84021044030.90816,56959444773.22943,5.07785071,58515780
2026-01-12,range_12m_18m,1-1.5y,1366350.27973842,80957.64015274,80.3337062,6.84026354,124651199809.47124,110616494269.65547,9.86129774,65704910
2026-01-12,range_1w_1m,1w-1m,970209.23963303,88370.71613024,80.3337062,4.85709044,88511524152.9755,85738085302.5481,7.64342418,8452326
2026-01-12,range_1d_1w,1d-1w,487245.20198929,91396.75709712,80.3337062,2.43926147,44451045921.40213,44532631372.95095,3.97001858,2150792
2026-01-12,range_0d_1d,<1d,161281.71648553,91443.06992562,80.3337062,0.80741334,14713620486.17656,14748095278.310705,1.314771,588593
2026-01-12,range_1m_3m,1-3m,2743538.4859227,94444.1496622,80.3337062,13.73478422,250291136222.54742,259111159368.48907,23.09937868,16248605
2026-01-12,range_6m_12m,6-12m,1883870.75726587,99848.94709024,80.3337062,9.43108999,171864238373.87006,188102511567.09912,16.76906219,30161796
2026-01-12,range_3m_6m,3-6m,1930634.40850376,115243.05723586,80.3337062,9.66519958,176130454234.26465,222492211640.72083,19.83485336,23673988
2026-01-11,range_10y_inf,>10y,3399239.14893595,99.96380787,80.12370786,17.0177505,309257507165.8971,339800889.1816585,0.03029181,13620356
2026-01-11,range_7y_10y,7-10y,1624724.10281657,5812.71844076,80.12370786,8.13392297,147814879699.38318,9444063753.59314,0.84189828,26169393
2026-01-11,range_5y_7y,5-7y,1144385.1620834,10848.41218581,80.12370786,5.72918242,104114387648.87616,12414761937.607824,1.10672344,48426718
2026-01-11,range_2y_3y,2-3y,994993.26515356,30123.87529837,80.12370786,4.98127563,90522944502.02698,29973053042.208317,2.67197071,35829737
2026-01-11,range_3y_5y,3-5y,2349562.77974107,37132.48283296,80.12370786,11.7627126,213759578645.69485,87245099583.69962,7.77753104,19225029
2026-01-11,range_18m_2y,1.5-2y,921902.18439388,61761.57644463,80.12370786,4.61535675,83873231304.0381,56938132235.9159,5.07579329,58436570
2026-01-11,range_12m_18m,1-1.5y,1365946.8659469,80883.14705888,80.12370786,6.83839587,124271727929.48076,110482081232.99898,9.84900952,65926723
2026-01-11,range_1w_1m,1w-1m,926461.34498229,88012.75272283,80.12370786,4.63818146,84288016665.28049,81540413263.18289,7.26898242,8598336
2026-01-11,range_0d_1d,<1d,99544.88775643,90746.26195947,80.12370786,0.49835566,9056439541.271782,9033326461.07104,0.80528279,364096
2026-01-11,range_1d_1w,1d-1w,571465.41112452,91716.54237086,80.12370786,2.86095075,51991037032.86797,52412831592.88336,4.67238191,2392302
2026-01-11,range_1m_3m,1-3m,2949987.86842506,95840.55681002,80.12370786,14.76864537,268385322240.22775,282728479892.6565,25.2040463,16318859
2026-01-11,range_6m_12m,6-12m,1866906.30774769,99580.67573626,80.12370786,9.34636969,169848241194.5234,185907791661.80267,16.57289209,30131837
2026-01-11,range_3m_6m,3-6m,1759548.59086364,115540.12195445,80.12370786,8.80890034,160081002573.20538,203298458773.15756,18.1231964,23495517
2026-01-10,range_10y_inf,>10y,3398482.69085453,99.88716006,79.52192331,17.01428815,307555241900.5388,339464784.4863423,0.03025647,13610992
2026-01-10,range_7y_10y,7-10y,1625210.65022524,5810.49188699,79.52192331,8.13651409,147078005138.72064,9443273297.778965,0.84167825,26064524
2026-01-10,range_5y_7y,5-7y,1141519.61462176,10774.57815084,79.52192331,5.71494559,103305025549.77792,12299392298.456408,1.09624393,48512035
2026-01-10,range_2y_3y,2-3y,994317.50184407,30035.13041822,79.52192331,4.97798754,89983556670.31477,29864455845.00439,2.66181674,35796122
2026-01-10,range_3y_5y,3-5y,2350525.72798735,37150.90969481,79.52192331,11.76775805,212717431461.39612,87324169055.78432,7.78319672,19233585
2026-01-10,range_18m_2y,1.5-2y,924012.82098436,61684.88981119,79.52192331,4.62601161,83621136997.93109,56997629046.547066,5.08019446,58180505
2026-01-10,range_12m_18m,1-1.5y,1363491.09338949,80802.61288735,79.52192331,6.82623172,123392958329.64557,110173642994.50462,9.81976864,66232761
2026-01-10,range_1w_1m,1w-1m,979044.88480565,88195.93418123,79.52192331,4.90152615,88601418270.62662,86347778220.78859,7.69617108,8575004
2026-01-10,range_0d_1d,<1d,156653.90783289,90621.54924412,79.52192331,0.78427786,14176835635.462563,14196219822.961512,1.26530802,749397
2026-01-10,range_1d_1w,1d-1w,499940.38392473,91908.17711867,79.52192331,2.50291984,45243510030.988754,45948609354.53167,4.09539615,2351600
2026-01-10,range_1m_3m,1-3m,2909213.67503977,96013.43507459,79.52192331,14.56479384,263277467316.51987,279323598306.54407,24.89609164,16407740
2026-01-10,range_6m_12m,6-12m,1843030.83723912,99282.92269653,79.52192331,9.22701705,166790255104.90475,182981488140.9282,16.30912649,30102334
2026-01-10,range_3m_6m,3-6m,1788842.881222,115559.56385984,79.52192331,8.95572849,161886363740.15262,206717903167.79245,18.42475141,23395908
2026-01-09,range_10y_inf,>10y,3399371.63078245,99.72011636,79.77775731,17.01916993,308157630430.2357,338985734.5676666,0.03021534,13602865
2026-01-09,range_7y_10y,7-10y,1627101.61524779,5807.47279423,79.77775731,8.14618756,147498959420.4966,9449348364.00391,0.84226338,25980853
2026-01-09,range_5y_7y,5-7y,1139585.49517792,10711.08629641,79.77775731,5.70540714,103304964566.60246,12206198580.993189,1.08799397,48576884
2026-01-09,range_2y_3y,2-3y,990908.43657692,29916.17807064,79.77775731,4.96104601,89827188361.45251,29644193240.333878,2.6423217,35688618
2026-01-09,range_3y_5y,3-5y,2351718.93142966,37163.58292233,79.77775731,11.77403016,213186497994.18436,87398301518.1927,7.79020792,19251811
2026-01-09,range_18m_2y,1.5-2y,927550.02934043,61599.38826926,79.77775731,4.64383812,84083663156.66736,57136514396.502525,5.09283727,57910978
2026-01-09,range_12m_18m,1-1.5y,1361302.64603528,80691.37639283,79.77775731,6.81544814,123403923802.26,109845384195.78949,9.79101844,66571584
2026-01-09,range_1w_1m,1w-1m,997410.71467649,88254.41844142,79.77775731,4.99360008,90416628654.89307,88025902571.01709,7.84614885,8456874
2026-01-09,range_0d_1d,<1d,219214.90763206,90701.97492646,79.77775731,1.09751336,19872127507.08567,19883225055.54961,1.77228224,431323
2026-01-09,range_1d_1w,1d-1w,395071.72120058,92200.09760137,79.77775731,1.97795166,35813785216.28215,36425651254.236015,3.24678388,2649418
2026-01-09,range_1m_3m,1-3m,2919408.92047629,96050.77816172,79.77775731,14.61620614,264648362375.0757,280411498584.0048,24.99435159,16430380
2026-01-09,range_6m_12m,6-12m,1817755.07013366,98885.46268918,79.77775731,9.10070619,164781952653.40906,179749551165.76166,16.02189462,30068210
2026-01-09,range_3m_6m,3-6m,1827380.30126143,115676.36868805,79.77775731,9.14889552,165654492857.5509,211384717461.99335,18.8416808,23315946
2026-01-08,range_10y_inf,>10y,3399087.40931247,99.69151558,80.13701748,17.01812504,309664841408.28516,338860175.4355332,0.03019523,13586236
2026-01-08,range_7y_10y,7-10y,1627197.36471342,5807.46001425,80.13701748,8.14684793,148241499322.27875,9449883630.87095,0.84206246,25905491
2026-01-08,range_5y_7y,5-7y,1136422.67379404,10607.64675934,80.13701748,5.68969868,103530773021.33612,12054770292.913399,1.07417931,48635003
2026-01-08,range_2y_3y,2-3y,990870.40157841,29808.38263457,80.13701748,4.9609658,90270619378.68962,29536244071.520245,2.6319226,35690049
2026-01-08,range_3y_5y,3-5y,2353550.1696404,37190.21027899,80.13701748,11.78346016,214413944763.94272,87529025711.07635,7.79955705,19264907
2026-01-08,range_18m_2y,1.5-2y,930318.94820011,61533.03003122,80.13701748,4.65780437,84754239848.09523,57245343778.21044,5.10103158,57441599
2026-01-08,range_12m_18m,1-1.5y,1358565.15170612,80619.29072488,80.13701748,6.80189382,123768474177.30663,109526558934.09308,9.75971842,67027382
2026-01-08,range_1w_1m,1w-1m,1039693.87844639,88461.00251385,80.13701748,5.20540907,94718552721.00464,91972362794.87834,8.19549497,8429304
2026-01-08,range_0d_1d,<1d,159963.59565135,90735.60604881,80.13701748,0.80088569,14573059034.24642,14514393797.172007,1.29335202,454667
2026-01-08,range_1d_1w,1d-1w,452297.2235159,92107.16131125,80.13701748,2.26450508,41205338705.246414,41659813327.007744,3.71223246,2967656
2026-01-08,range_1m_3m,1-3m,2872914.82881241,96262.25063786,80.13701748,14.38375008,261729284279.76273,276553247312.3642,24.64317192,16341601
2026-01-08,range_6m_12m,6-12m,1828510.28651335,98854.02821038,80.13701748,9.15475625,166581579024.79608,180755607445.96628,16.10681326,30087135
2026-01-08,range_3m_6m,3-6m,1823944.73808659,115735.20337948,80.13701748,9.13189803,166165646846.7529,211094615215.38837,18.81026871,23302228
2026-01-07,range_10y_inf,>10y,3398699.94646632,99.64827761,80.46615186,17.01653657,310480612279.43134,338674595.7693883,0.03017297,13573958
2026-01-07,range_7y_10y,7-10y,1627135.46613607,5806.87843595,80.46615186,8.14670627,148643311779.48285,9448577850.679827,0.84178635,25815627
2026-01-07,range_5y_7y,5-7y,1132504.97924073,10480.26085361,80.46615186,5.67020117,103457452820.96822,11868947600.459278,1.05742031,48709077
2026-01-07,range_2y_3y,2-3y,989206.45287777,29724.45123912,80.46615186,4.95273724,90366737281.28944,29403618973.99178,2.61960747,35533312
2026-01-07,range_3y_5y,3-5y,2357680.23780107,37205.76518239,80.46615186,11.80438186,215380591203.02087,87719297302.79651,7.81502872,19275215
2026-01-07,range_18m_2y,1.5-2y,922897.00957213,61524.02652919,80.46615186,4.62074057,84309186782.06142,56780340100.624115,5.05863593,57121982
2026-01-07,range_12m_18m,1-1.5y,1366540.30719801,80386.17700735,80.46615186,6.84196413,124837225399.81651,109850951022.1019,9.78676715,67428048
2026-01-07,range_1w_1m,1w-1m,1063061.58253126,88621.7419724,80.46615186,5.32251349,97113607036.18901,94210369267.85873,8.39332695,8286844
2026-01-07,range_1d_1w,1d-1w,331661.22019097,91698.71157075,80.46615186,1.66055415,30298167045.107845,30412906569.49624,2.70952625,3158717
2026-01-07,range_0d_1d,<1d,271445.41774767,91804.39208954,80.46615186,1.35906698,24797287442.325783,24919881561.816353,2.22014535,601299
2026-01-07,range_1m_3m,1-3m,2863083.44962857,96536.56157636,80.46615186,14.33482361,261550568290.68442,276392231733.32306,24.62415108,16297793
2026-01-07,range_6m_12m,6-12m,1835654.422836,98784.28121827,80.46615186,9.19071443,167692093480.6668,181333802724.99847,16.15526937,30163841
2026-01-07,range_3m_6m,3-6m,1813353.67774439,115677.43243602,80.46615186,9.07905954,165654858920.57288,209764097539.88092,18.6881621,23292142
2026-01-06,range_10y_inf,>10y,3398348.95051581,99.60000813,81.9853227,17.01517056,318200968706.30756,338475583.1015051,0.03016312,13549037
2026-01-06,range_7y_10y,7-10y,1627335.17300167,5805.79504097,81.9853227,8.14789356,152373883906.29575,9447974477.412855,0.84195256,25736071
2026-01-06,range_5y_7y,5-7y,1128988.20251653,10372.0209965,81.9853227,5.65272346,105711669086.90341,11709889341.305632,1.04352222,48779411
2026-01-06,range_2y_3y,2-3y,988811.07978817,29655.46194811,81.9853227,4.95087156,92586325900.51376,29323649350.526787,2.61316557,35317060
2026-01-06,range_3y_5y,3-5y,2360937.69802941,37221.11936486,81.9853227,11.82096312,221064014763.4548,87876743871.34271,7.83110174,19289822
2026-01-06,range_18m_2y,1.5-2y,924500.41898206,61475.77436566,81.9853227,4.62887495,86564662185.39088,56834379158.30167,5.06477352,56886927
2026-01-06,range_12m_18m,1-1.5y,1383528.99752923,80033.91865517,81.9853227,6.92718206,129545339121.29501,110729247245.32118,9.86759366,67796904
2026-01-06,range_1w_1m,1w-1m,1052828.97198525,88841.50424436,81.9853227,5.27140232,98580576522.87993,93534909583.20935,8.33532697,8446504
2026-01-06,range_1d_1w,1d-1w,422384.91986259,90034.86111549,81.9853227,2.11483622,39549584996.80033,38029367597.10452,3.38897225,3207438
2026-01-06,range_0d_1d,<1d,182914.25785729,93351.4848928,81.9853227,0.91583217,17126991632.672312,17075317579.043219,1.52166026,609889
2026-01-06,range_1m_3m,1-3m,2837378.05771287,96992.00859959,81.9853227,14.20644916,265675026225.07877,275202996973.98846,24.52460769,16079065
2026-01-06,range_6m_12m,6-12m,1845670.31548979,98504.74859219,81.9853227,9.24107432,172817474265.60962,181807290411.38898,16.20168574,30230313
2026-01-06,range_3m_6m,3-6m,1818837.75170029,115590.41728911,81.9853227,9.10672654,170305034279.3049,210240214700.23093,18.7354747,23297859
2026-01-05,range_10y_inf,>10y,3398246.25057332,99.58499757,82.23782044,17.01500245,319332497233.90466,338414344.5909377,0.03016708,13531516
2026-01-05,range_7y_10y,7-10y,1627584.02817294,5807.39045547,82.23782044,8.14930531,152943734459.14847,9452015950.693182,0.8425757,25652698
2026-01-05,range_5y_7y,5-7y,1124292.83613897,10231.38729533,82.23782044,5.62932876,105649565250.27444,11503075439.907328,1.02541213,48844496
2026-01-05,range_2y_3y,2-3y,990407.28033688,29570.47110026,82.23782044,4.95896444,93068367265.98544,29286809860.68717,2.61069748,35223526
2026-01-05,range_3y_5y,3-5y,2363047.63954316,37255.88446685,82.23782044,11.83176804,222055097887.82742,88037429848.49217,7.84787068,19309887
2026-01-05,range_18m_2y,1.5-2y,924770.33718541,61435.84127001,82.23782044,4.63032058,86900477295.14459,56814043646.54055,5.06454207,56536538
2026-01-05,range_12m_18m,1-1.5y,1382177.22458165,79916.65518833,82.23782044,6.92055464,129882907888.4502,110458980666.05888,9.84658226,68157841
2026-01-05,range_1d_1w,1d-1w,466837.13750171,88592.31760235,82.23782044,2.33745128,43868589245.05487,41358183954.125305,3.68676913,3150104
2026-01-05,range_1w_1m,1w-1m,951920.99454659,88936.13143487,82.23782044,4.76626379,89451818951.21938,84660170686.60452,7.54681358,8573318
2026-01-05,range_0d_1d,<1d,202659.0349299,93657.45425121,82.23782044,1.0147128,19043827592.029232,18980529292.54204,1.69197056,603890
2026-01-05,range_1m_3m,1-3m,2891571.72574034,97167.57743849,82.23782044,14.47808557,271720396941.75525,280967019579.83124,25.04608367,15925351
2026-01-05,range_6m_12m,6-12m,1841062.07077528,98428.88729733,82.23782044,9.21818883,173004221964.2285,181213691071.73364,16.15382928,30171031
2026-01-05,range_3m_6m,3-6m,1807481.98494481,115481.01118841,82.23782044,9.05005351,169848708244.8317,208729847326.2602,18.60668639,23309064
2026-01-04,range_10y_inf,>10y,3398013.92352262,99.55874807,80.81381431,17.0141906,310590201352.086,338302012.1531876,0.03017487,13522290
2026-01-04,range_7y_10y,7-10y,1627952.14162307,5805.6420059,80.81381431,8.15131681,148800444859.30225,9451307337.000647,0.84300994,25587445
2026-01-04,range_5y_7y,5-7y,1119950.13982439,10111.18647424,80.81381431,5.60770072,102367308451.68315,11324024705.61595,1.01004708,48885862
2026-01-04,range_2y_3y,2-3y,992238.61880233,29500.42390416,80.81381431,4.96823655,90694034615.27042,29271459868.743763,2.61086968,35102208
2026-01-04,range_3y_5y,3-5y,2365862.35531297,37279.22295994,80.81381431,11.84610597,216247985395.60318,88197510236.23706,7.86678239,19322070
2026-01-04,range_18m_2y,1.5-2y,913055.22458148,61456.40907947,80.81381431,4.57175749,83456399070.41663,56113095394.026344,5.00501102,56149373
2026-01-04,range_12m_18m,1-1.5y,1394630.62622316,79631.17130444,80.81381431,6.98305299,127474053008.4098,111056070303.19888,9.90565307,68550314
2026-01-04,range_1d_1w,1d-1w,608535.59920732,88420.65153483,80.81381431,3.04699772,55622254217.1863,53807114164.04989,4.79932888,3295833
2026-01-04,range_1w_1m,1w-1m,894431.88801873,89074.63385979,80.81381431,4.47850861,81754161827.41092,79671192937.78749,7.10627699,8396805
2026-01-04,range_0d_1d,<1d,81763.83763622,91289.88429638,80.81381431,0.40939959,7473496979.796524,7464211277.438252,0.66577079,735806
2026-01-04,range_1m_3m,1-3m,2931639.14651181,97396.90063987,80.81381431,14.67900613,267961936972.53378,285532566664.75366,25.46809497,15813019
2026-01-04,range_6m_12m,6-12m,1827399.8528484,98279.3606775,80.81381431,9.14997116,167030654088.24792,179595689240.10132,16.01904863,30142546
2026-01-04,range_3m_6m,3-6m,1816172.69085846,115251.01973979,80.81381431,9.09375565,166004452730.17548,209315754645.00247,18.6699317,23304822
2026-01-03,range_10y_inf,>10y,3397826.81032384,99.53918256,80.18434908,17.01363972,307934648814.7221,338216903.1939553,0.03017193,13510980
2026-01-03,range_7y_10y,7-10y,1627615.18592489,5806.12055139,80.18434908,8.14981455,147505784921.2513,9450129980.745602,0.84303481,25513172
2026-01-03,range_5y_7y,5-7y,1117666.39941484,10042.84733662,80.18434908,5.59639278,101290686491.17574,11224553022.593525,1.00132897,48952071
2026-01-03,range_2y_3y,2-3y,991179.37521172,29410.38632005,80.18434908,4.96304542,89827554450.64221,29150968337.438366,2.60052307,34950190
2026-01-03,range_3y_5y,3-5y,2367229.06770905,37293.4610994,80.18434908,11.85321817,214534728319.33817,88282165149.96571,7.87554652,19340445
2026-01-03,range_18m_2y,1.5-2y,914799.58853813,61392.64888913,80.18434908,4.58059562,82905488053.84618,56161969943.03803,5.01014226,55839903
2026-01-03,range_12m_18m,1-1.5y,1393213.58814958,79531.15742219,80.18434908,6.97611602,126262685221.98485,110803889201.85925,9.88468262,68895915
2026-01-03,range_1d_1w,1d-1w,602693.85455688,88298.65765955,80.18434908,3.017816,54620300211.26234,53217058337.03296,4.74743022,3425281
2026-01-03,range_1w_1m,1w-1m,941520.243555,89265.98107225,80.18434908,4.71439161,85327099271.26282,84045728240.3217,7.49761904,7893875
2026-01-03,range_0d_1d,<1d,98110.80153841,90144.7758899,80.18434908,0.4912616,8891481792.087503,8844176217.058321,0.7889784,767698
2026-01-03,range_1m_3m,1-3m,2886745.51680149,97724.9016184,80.18434908,14.45454725,261616914738.81165,282106921626.7938,25.16642156,15903829
2026-01-03,range_6m_12m,6-12m,1815648.44745797,98173.47233784,80.18434908,9.09133698,164546664161.99084,178248512631.76102,15.90133693,30175519
2026-01-03,range_3m_6m,3-6m,1816944.04078916,115078.54874271,80.18434908,9.09782429,164664079821.9752,209091283360.73083,18.65278367,23236119
2026-01-02,range_10y_inf,>10y,3397762.08353491,99.5358179,79.52587312,17.01372826,305512992132.0553,338199028.0098747,0.03017263,13503307
2026-01-02,range_7y_10y,7-10y,1627556.36952805,5805.82300688,79.52587312,8.1497177,146343270686.21277,9449304215.197866,0.84302535,25431103
2026-01-02,range_5y_7y,5-7y,1115214.40520144,9984.66426171,79.52587312,5.58425057,100275558271.98976,11135041415.7557,0.9934194,49005891
2026-01-02,range_2y_3y,2-3y,982560.46973279,29215.97776627,79.52587312,4.92000806,88347854169.48343,28706464837.728447,2.56106449,34794236
2026-01-02,range_3y_5y,3-5y,2368086.10211271,37307.27005468,79.52587312,11.85779712,212928702156.24573,88346827724.25879,7.88191525,19362019
2026-01-02,range_18m_2y,1.5-2y,922814.45245951,61186.71177725,79.52587312,4.62083982,82975734504.7236,56463981926.51927,5.03746803,55489763
2026-01-02,range_12m_18m,1-1.5y,1390581.46719029,79388.2581621,79.52587312,6.96310531,125035448156.71729,110395840512.73877,9.84903116,69320134
2026-01-02,range_1d_1w,1d-1w,526088.8201595,88000.02405592,79.52587312,2.63430223,47303773961.4002,46295828829.587234,4.13031015,3443173
2026-01-02,range_1w_1m,1w-1m,965058.11521705,89416.84693498,79.52587312,4.83236793,86774113405.41655,86292453771.7188,7.69863305,7626172
2026-01-02,range_0d_1d,<1d,179453.91748806,89657.41698049,79.52587312,0.89858563,16135768760.053288,16089374709.008945,1.43542322,710280
2026-01-02,range_1m_3m,1-3m,2862079.83893934,97881.34148846,79.52587312,14.33138856,257346616336.80115,280144214082.4466,24.99323417,16032607
2026-01-02,range_6m_12m,6-12m,1814503.84316937,98119.90240637,79.52587312,9.08582607,163152829636.9289,178038940007.75504,15.88385087,30141248
2026-01-02,range_3m_6m,3-6m,1818948.66023794,115002.54901729,79.52587312,9.10808275,163552489568.5877,209183732458.95325,18.66245222,23079671
2026-01-01,range_10y_inf,>10y,3397579.92297748,99.51189042,78.92050201,17.01319948,301771642290.76306,338099600.9920268,0.03016543,13493384
2026-01-01,range_7y_10y,7-10y,1625843.97405387,5807.67640751,78.92050201,8.14132662,144406788738.26425,9442375690.401045,0.84245394,25368256
2026-01-01,range_5y_7y,5-7y,1114202.34212423,9906.39419599,78.92050201,5.57930855,98962990790.33385,11037727615.172709,0.98479211,49048364
2026-01-01,range_2y_3y,2-3y,981553.57993557,29135.48435912,78.92050201,4.91507698,87181182644.24948,28598038975.85133,2.55153271,34628186
2026-01-01,range_3y_5y,3-5y,2370023.30086267,37321.98597348,78.92050201,11.86776473,210504488483.6529,88453976391.60793,7.89191226,19382156
2026-01-01,range_18m_2y,1.5-2y,925113.56575711,61123.32612536,78.92050201,4.63245663,82168203948.92513,56546018182.76532,5.04506674,55179564
2026-01-01,range_12m_18m,1-1.5y,1388632.7817126,79319.14058536,78.92050201,6.95350428,123337788830.87059,110145158834.09834,9.82721145,69689603
2026-01-01,range_1d_1w,1d-1w,536682.75157902,87970.33119269,78.92050201,2.68741013,47667939829.12289,47212159401.80836,4.21229474,3489564
2026-01-01,range_0d_1d,<1d,139730.19936691,88036.07705924,78.92050201,0.69969149,12410778464.812487,12301298598.968157,1.0975286,750281
2026-01-01,range_1w_1m,1w-1m,1029941.06732255,89756.62150139,78.92050201,5.15737473,91478939243.39256,92444030548.40959,8.24790708,7320506
2026-01-01,range_6m_12m,6-12m,1819393.14135137,98098.30645017,78.92050201,9.1105137,161597745655.67813,178479385933.61795,15.92402865,29955584
2026-01-01,range_1m_3m,1-3m,2834348.24059076,98129.66419751,78.92050201,14.192847,251745637417.54187,278133641067.98486,24.81523593,16031857
2026-01-01,range_3m_6m,3-6m,1807213.67733682,114920.6273872,78.92050201,9.04952569,160515970703.7379,207686129622.27887,18.52987034,23216375
2025-12-31,range_10y_inf,>10y,3395142.02386867,99.27175337,77.53014121,17.00139356,297484987806.1738,337041701.6331465,0.03007031,13480646
2025-12-31,range_7y_10y,7-10y,1627965.70885656,5800.09166084,77.53014121,8.15214371,142643623048.26996,9442350332.06726,0.84243103,25299592
2025-12-31,range_5y_7y,5-7y,1111093.27730124,9833.51490679,77.53014121,5.56387154,97354858125.4481,10925952305.177258,0.97479557,49112156
2025-12-31,range_2y_3y,2-3y,980318.85899809,29063.10633555,77.53014121,4.90901017,85896301764.39706,28491111241.802414,2.54193027,34536017
2025-12-31,range_3y_5y,3-5y,2373084.32517504,37327.88520651,77.53014121,11.88337344,207931496407.12253,88582219275.4909,7.90316049,19397133
2025-12-31,range_18m_2y,1.5-2y,906255.55979641,61182.03546041,77.53014121,4.53813341,79406817817.92253,55446559795.66183,4.94685123,54995045
2025-12-31,range_12m_18m,1-1.5y,1422140.87186878,78999.83967502,77.53014121,7.12146251,124609090563.01392,112348900872.91998,10.02358489,69926946
2025-12-31,range_1d_1w,1d-1w,370892.98121131,87897.09990778,77.53014121,1.85727062,32497931814.739887,32600417424.624634,2.90855584,3476017
2025-12-31,range_0d_1d,<1d,258830.51459304,88080.05708036,77.53014121,1.29611056,22678931230.640804,22797806499.493855,2.03398295,600334
2025-12-31,range_1w_1m,1w-1m,1091220.05631433,89717.86233103,77.53014121,5.4643551,95613551028.0137,97901930785.26765,8.73464988,7196328
2025-12-31,range_6m_12m,6-12m,1820671.73657035,98063.00982901,77.53014121,9.11713163,159528675249.79474,178540550398.70703,15.92909543,29809820
2025-12-31,range_1m_3m,1-3m,2840123.15380815,98611.02473768,77.53014121,14.22210062,248853802238.26874,280067454578.2249,24.9871595,15978066
2025-12-31,range_3m_6m,3-6m,1772047.60160899,114761.7094016,77.53014121,8.87364312,155268190682.61792,203363211901.64438,18.14373262,23323276
2025-12-30,range_10y_inf,>10y,3394477.46654301,99.20839239,78.67327069,16.99841952,300425234512.71173,336760652.4764297,0.03003014,13464705
2025-12-30,range_7y_10y,7-10y,1628225.31295186,5798.62915969,78.67327069,8.1536134,144104645355.40558,9441474778.227379,0.84192979,25237277
2025-12-30,range_5y_7y,5-7y,1109676.83400996,9786.49073557,78.67327069,5.55689426,98210969545.86064,10859842055.518232,0.96841062,49165824
2025-12-30,range_2y_3y,2-3y,980734.01860457,29014.80082314,78.67327069,4.91119133,86798999385.88646,28455802210.292637,2.53750479,34364205
2025-12-30,range_3y_5y,3-5y,2375797.91554161,37340.91849245,78.67327069,11.89720953,210267899247.03607,88714476318.77354,7.91098443,19414664
2025-12-30,range_18m_2y,1.5-2y,896877.85991878,61167.76276064,78.67327069,4.49126744,79377384015.97502,54860012160.7785,4.89206182,54826600
2025-12-30,range_12m_18m,1-1.5y,1427322.86084037,78751.52584765,78.67327069,7.14756042,126323951011.53033,112403853168.40865,10.02345017,70190859
2025-12-30,range_1d_1w,1d-1w,335723.18328667,87616.26130256,78.67327069,1.68119057,29712884255.192623,29414810152.173298,2.62302293,3564051
2025-12-30,range_0d_1d,<1d,245244.5574148,88184.78968371,78.67327069,1.22810356,21705153267.47536,21626839716.699688,1.92854199,509742
2025-12-30,range_1w_1m,1w-1m,1088551.79608385,89721.53036273,78.67327069,5.45110707,96341316694.84175,97666533023.73921,8.70927107,7085937
2025-12-30,range_6m_12m,6-12m,1850459.33053338,97994.14172586,78.67327069,9.26648779,163773271088.4332,181334173894.2258,16.17021129,29810654
2025-12-30,range_1m_3m,1-3m,2869162.52251591,98861.45425587,78.67327069,14.36781617,253932698678.29425,283649579472.37,25.29403882,15923765
2025-12-30,range_3m_6m,3-6m,1767117.38672619,114675.2631893,78.67327069,8.84913893,156397165852.85492,202644651409.2146,18.07054214,23340995
2025-12-29,range_10y_inf,>10y,3394334.03086519,99.18742438,76.85285824,16.99801779,296032909058.15796,336675250.0171282,0.03001208,13452558
2025-12-29,range_7y_10y,7-10y,1628282.89952569,5798.01490503,76.85285824,8.15405362,142008806184.98755,9440808521.053053,0.84157752,25157556
2025-12-29,range_5y_7y,5-7y,1107430.36292924,9733.38684301,76.85285824,5.54574795,96583255783.37724,10779048124.085772,0.96087158,49230439
2025-12-29,range_2y_3y,2-3y,982000.07868105,28920.42588471,76.85285824,4.91762291,85643998894.59108,28399860494.270103,2.5316353,34153036
2025-12-29,range_3y_5y,3-5y,2375870.5012305,37362.3192998,76.85285824,11.89779458,207208792543.45328,88768032281.95993,7.91300661,19430158
2025-12-29,range_18m_2y,1.5-2y,897677.90316182,61082.55574608,76.85285824,4.49535751,78289938071.44116,54832460561.9042,4.88790403,54681494
2025-12-29,range_12m_18m,1-1.5y,1412823.03623251,78467.94120319,76.85285824,7.07508185,123217723888.44196,110861314937.60318,9.88245763,70424136
2025-12-29,range_1d_1w,1d-1w,316479.42549968,87571.85060663,76.85285824,1.58485372,27601386350.253925,27714688969.929165,2.47055738,3227685
2025-12-29,range_0d_1d,<1d,236872.95431613,87881.84997118,76.85285824,1.18620344,20658600216.057846,20816833433.441486,1.85566511,857427
2025-12-29,range_1w_1m,1w-1m,1075992.76047397,89808.03833645,76.85285824,5.38831592,93841461715.96329,96632799082.3886,8.61409178,7195815
2025-12-29,range_6m_12m,6-12m,1858117.76762624,97808.12650781,76.85285824,9.30501199,162053587867.6734,181739017682.3885,16.20067507,29862863
2025-12-29,range_1m_3m,1-3m,2902270.55298959,99029.42208304,76.85285824,14.53388088,253118163051.36642,287410175591.19464,25.62046899,15834302
2025-12-29,range_3m_6m,3-6m,1780846.89643935,114590.04542556,76.85285824,8.91805784,155314498380.6312,204067326758.95245,18.19107694,23245192
2025-12-28,range_10y_inf,>10y,3394287.19176213,99.1696948,78.14523219,16.99819288,298360085412.1757,336610424.8798996,0.03000393,13444589
2025-12-28,range_7y_10y,7-10y,1627933.18860213,5798.61808561,78.14523219,8.15249882,143096402206.4652,9439762829.590893,0.84141784,25079955
2025-12-28,range_5y_7y,5-7y,1105608.19338921,9681.13066295,78.14523219,5.5367564,97183690234.75462,10703537382.229343,0.954065,49287892
2025-12-28,range_2y_3y,2-3y,985917.57423403,28832.06819669,78.14523219,4.93735979,86662805779.00044,28426042736.632347,2.53376911,34016328
2025-12-28,range_3y_5y,3-5y,2375136.13759444,37390.5906725,78.14523219,11.89440372,208776034802.85703,88807743112.25888,7.91592125,19443144
2025-12-28,range_18m_2y,1.5-2y,896033.26715428,61027.13493887,78.14523219,4.4872297,78761915835.85864,54682343104.343094,4.87413717,54430614
2025-12-28,range_12m_18m,1-1.5y,1403302.11198923,78215.77616238,78.14523219,7.02757269,123351182247.73209,109760363879.54565,9.78354327,70626942
2025-12-28,range_1d_1w,1d-1w,443900.22046508,87696.61340536,78.14523219,2.22300034,39019122487.301414,38928546024.67991,3.46991483,2848828
2025-12-28,range_0d_1d,<1d,101192.42455748,87833.21827269,78.14523219,0.50675982,8894880936.212397,8888056313.699547,0.79224121,900104
2025-12-28,range_1w_1m,1w-1m,1056551.75108289,89839.21030052,78.14523219,5.29108748,92871596563.93808,94919774958.92227,8.46072018,7159350
2025-12-28,range_6m_12m,6-12m,1869231.97988283,97733.47653874,78.14523219,9.36089492,164306725290.23148,182686539851.34885,16.28385333,29948573
2025-12-28,range_1m_3m,1-3m,2935346.18116843,99155.3251378,78.14523219,14.69987003,258018867541.09744,291055204985.7589,25.94334686,15969781
2025-12-28,range_3m_6m,3-6m,1774077.6980888,114568.33429054,78.14523219,8.88437342,155942601089.92703,203253126772.02353,18.11706603,23072456
2025-12-27,range_10y_inf,>10y,3393771.21958847,99.11755841,78.06407783,16.99602123,298137584430.7301,336382317.1010941,0.02997891,13438340
2025-12-27,range_7y_10y,7-10y,1628004.87871838,5797.51244958,78.06407783,8.15305561,143017725880.0013,9438378552.345451,0.84116277,24991572
2025-12-27,range_5y_7y,5-7y,1103397.13055226,9630.16159681,78.06407783,5.52581769,96931741677.78465,10625892672.672123,0.94699585,49357944
2025-12-27,range_2y_3y,2-3y,986948.61157634,28768.97050852,78.06407783,4.942643,86701918300.87868,28393495499.86557,2.53047186,33856222
2025-12-27,range_3y_5y,3-5y,2375957.28545974,37401.71066147,78.06407783,11.89880456,208724194992.57166,88864866934.76982,7.9197732,19451772
2025-12-27,range_18m_2y,1.5-2y,894673.99667044,60973.97693119,78.06407783,4.48053132,78595735234.22612,54551831633.9183,4.86174288,54216794
2025-12-27,range_12m_18m,1-1.5y,1400869.06214003,78086.20445084,78.06407783,7.01555844,123064193567.18321,109388547995.11734,9.74887513,70929600
2025-12-27,range_0d_1d,<1d,110372.25698634,87531.38626719,78.06407783,0.55274475,9696033102.097376,9661036659.452572,0.8610064,742165
2025-12-27,range_1d_1w,1d-1w,426725.88886888,87746.50196961,78.06407783,2.13704513,37487213335.74488,37443704048.1175,3.33704032,2637805
2025-12-27,range_1w_1m,1w-1m,1068630.66288884,89893.61606154,78.06407783,5.35170707,93877560939.69176,96063074521.31401,8.5612885,7176105
2025-12-27,range_6m_12m,6-12m,1866255.25773055,97659.92838176,78.06407783,9.34621456,163947655416.32626,182258354812.04965,16.24314405,29943671
2025-12-27,range_1m_3m,1-3m,2934346.9303731,99306.48373599,78.06407783,14.69522236,257777866891.4657,291399675716.85565,25.96998592,15894757
2025-12-27,range_3m_6m,3-6m,1778080.36341759,114526.9035236,78.06407783,8.9046343,156201626501.30457,203638038238.33612,18.14853422,22953903
2025-12-26,range_10y_inf,>10y,3392967.83537517,99.03320678,77.39539735,16.99235954,296328535808.65424,336016485.2535727,0.02994695,13430026
2025-12-26,range_7y_10y,7-10y,1628381.32678199,5795.40866659,77.39539735,8.15511444,142216454064.9427,9437135253.74884,0.84107017,24924094
2025-12-26,range_5y_7y,5-7y,1100870.02506802,9575.43226651,77.39539735,5.51327928,96145680852.87254,10541306359.267935,0.93947772,49405747
2025-12-26,range_2y_3y,2-3y,989557.55918477,28657.35367272,77.39539735,4.9558141,86424085590.89241,28358100953.068996,2.52737213,33747868
2025-12-26,range_3y_5y,3-5y,2374646.32495161,37434.98594512,77.39539735,11.89249238,207392319255.0704,88894851799.1997,7.92261695,19460800
2025-12-26,range_18m_2y,1.5-2y,896870.99578867,60907.14839002,77.39539735,4.4916295,78329203778.59094,54625854827.204994,4.8684453,54005211
2025-12-26,range_12m_18m,1-1.5y,1395926.64121442,77986.796727,77.39539735,6.99095557,121914771302.7533,108863847214.19571,9.70232295,71149325
2025-12-26,range_0d_1d,<1d,207666.66512068,87610.36753118,77.39539735,1.04001771,18136794039.096115,18193752855.196648,1.62149024,813619
2025-12-26,range_1d_1w,1d-1w,384542.67782257,87920.7867702,77.39539735,1.92583241,33584452963.875904,33809294780.879772,3.0132014,2327180
2025-12-26,range_1w_1m,1w-1m,1033278.16683581,90046.94676716,77.39539735,5.17477175,90242472406.94803,93043544084.73415,8.29236277,7102784
2025-12-26,range_6m_12m,6-12m,1839656.04423202,97458.19450732,77.39539735,9.21320167,160668361278.03653,179289556585.33035,15.97890598,29955891
2025-12-26,range_1m_3m,1-3m,2915296.28635423,99404.35828581,77.39539735,14.6001274,254610571599.54892,289793156558.03467,25.82736937,16148687
2025-12-26,range_3m_6m,3-6m,1807947.996241,114412.90387136,77.39539735,9.05440425,157899104423.7373,206852580298.34732,18.43541808,22648650
2025-12-25,range_10y_inf,>10y,3391934.05617156,98.93198992,77.36311462,16.987597,295930545817.49133,335570785.8490465,0.02988411,13420745
2025-12-25,range_7y_10y,7-10y,1629395.87006614,5792.12813466,77.36311462,8.16039461,142157247516.091,9437669661.501968,0.84046767,24837895
2025-12-25,range_5y_7y,5-7y,1098149.04464006,9504.10124799,77.36311462,5.49978658,95808421032.83293,10436919705.644463,0.92945546,49472153
2025-12-25,range_2y_3y,2-3y,988778.9367536,28588.70319283,77.36311462,4.95203557,86266385372.06624,28267907546.16936,2.51738653,33543870
2025-12-25,range_3y_5y,3-5y,2376989.41519325,37435.0174266,77.36311462,11.90451748,207381323867.62402,88982640180.61404,7.92431132,19475674
2025-12-25,range_18m_2y,1.5-2y,897320.18538712,60842.46689961,77.36311462,4.49398881,78287032659.5854,54595173677.76385,4.86195006,53687883
2025-12-25,range_12m_18m,1-1.5y,1393063.01765027,77869.70461587,77.36311462,6.97678456,121538300080.25215,108477405695.71245,9.66040941,71609545
2025-12-25,range_0d_1d,<1d,99632.09567606,87798.88826757,77.36311462,0.49898078,8692439170.717674,8747587236.12614,0.77901268,574715
2025-12-25,range_1d_1w,1d-1w,485478.23385918,87809.52463252,77.36311462,2.43138824,42355728722.69079,42629612934.61024,3.79636212,2253640
2025-12-25,range_1w_1m,1w-1m,1029190.73360236,90200.5975351,77.36311462,5.15442728,89792127589.0058,92833619148.51904,8.26725862,7124362
2025-12-25,range_6m_12m,6-12m,1844088.57043495,97432.12843587,77.36311462,9.23562574,160888191853.75403,179673474441.73462,16.00074515,29854997
2025-12-25,range_1m_3m,1-3m,2909403.27751876,99619.63666691,77.36311462,14.5709703,253831968918.3773,289833697423.9312,25.81101714,16221626
2025-12-25,range_3m_6m,3-6m,1823697.60801765,114413.50813118,77.36311462,9.13350304,159109174768.52612,208655641103.7488,18.58173972,22527392
2025-12-24,range_10y_inf,>10y,3391519.5742495,98.89017816,77.87425627,16.98588804,297302214364.1859,335387974.9294026,0.02987107,13411801
2025-12-24,range_7y_10y,7-10y,1629596.73244642,5791.84178245,77.87425627,8.16157685,142851222430.04373,9438366443.519753,0.84062075,24747010
2025-12-24,range_5y_7y,5-7y,1096745.6073138,9470.71010381,77.87425627,5.49287648,96141240087.26698,10386959704.495564,0.92510647,49550805
2025-12-24,range_2y_3y,2-3y,988584.06519996,28507.42990067,77.87425627,4.95116654,86659748008.12848,28181990939.605034,2.51000707,33350088
2025-12-24,range_3y_5y,3-5y,2377055.02815331,37445.47687133,77.87425627,11.90510321,208373771126.43848,89009959078.58232,7.92760266,19481995
2025-12-24,range_18m_2y,1.5-2y,896947.73420496,60773.89469327,77.87425627,4.49222051,78626863773.02815,54511007143.93976,4.85498039,53535429
2025-12-24,range_12m_18m,1-1.5y,1390956.05690861,77716.3822217,77.87425627,6.96638287,121931867633.0259,108100072572.29366,9.62784875,71840161
2025-12-24,range_0d_1d,<1d,221314.19987996,87297.71048549,77.87425627,1.10841708,19400507723.476795,19320222947.44932,1.72074061,605156
2025-12-24,range_1d_1w,1d-1w,381978.73569522,87935.27300685,77.87425627,1.91307993,33484437130.91383,33589404406.172077,2.99161414,2220566
2025-12-24,range_1w_1m,1w-1m,1046552.41345345,90179.80305356,77.87425627,5.24149183,91741280908.49825,94377890530.46419,8.4056933,6996093
2025-12-24,range_6m_12m,6-12m,1848715.88481512,97420.64974411,77.87425627,9.25900038,162059311247.64508,180103102690.9396,16.04074254,29846391
2025-12-24,range_1m_3m,1-3m,2903273.08540158,99915.78307346,77.87425627,14.54058292,254502295592.62857,290082803803.99066,25.83599894,16273443
2025-12-24,range_3m_6m,3-6m,1793450.67724907,114498.91319529,77.87425627,8.98221335,157214736941.94647,205348153414.3754,18.28917331,22523741
2025-12-23,range_10y_inf,>10y,3390170.44056673,98.76250367,77.58112981,16.97955366,296434110517.33014,334821720.563587,0.02981033,13395039
2025-12-23,range_7y_10y,7-10y,1631028.19738146,5789.08639699,77.58112981,8.1689494,142615954388.01382,9442163150.568716,0.84066841,24661879
2025-12-23,range_5y_7y,5-7y,1095495.03372769,9444.46044515,77.58112981,5.48674972,95789312541.15167,10346359513.90016,0.92117213,49630036
2025-12-23,range_2y_3y,2-3y,992316.28403961,28417.95390433,77.58112981,4.96998245,86767435492.70355,28199598418.351597,2.51070767,33148689
2025-12-23,range_3y_5y,3-5y,2374382.47003355,37480.02363874,77.58112981,11.89201406,207614327324.10806,88991911104.27087,7.9232573,19487204
2025-12-23,range_18m_2y,1.5-2y,868857.67105,60710.23802823,77.58112981,4.35164417,75972301510.8379,52748556022.09877,4.69638618,53541428
2025-12-23,range_12m_18m,1-1.5y,1415404.69643044,77284.41351311,77.58112981,7.08900641,123761987653.42003,109388721847.32399,9.73925583,72006616
2025-12-23,range_0d_1d,<1d,202398.42685179,87716.88555053,77.58112981,1.01370566,17697575589.7062,17753759643.766373,1.58067856,557039
2025-12-23,range_1d_1w,1d-1w,375056.93845502,87897.13502241,77.58112981,1.87845995,32794713980.716892,32966430360.470924,2.93511519,2266696
2025-12-23,range_1w_1m,1w-1m,1082499.50948385,90152.63846799,77.58112981,5.42166208,94652993073.6015,97590186920.27502,8.6887915,6978747
2025-12-23,range_6m_12m,6-12m,1839507.94988875,97326.37121081,77.58112981,9.21311317,160845276800.79507,179032633576.11502,15.9398939,29823078
2025-12-23,range_1m_3m,1-3m,2916915.60371413,100226.74828919,77.58112981,14.60927286,255053041609.48703,292352965994.2777,26.02919461,16393361
2025-12-23,range_3m_6m,3-6m,1782159.69834794,114481.99590355,77.58112981,8.9258864,155830786162.8606,204025199285.73975,18.16506837,22468072
2025-12-22,range_10y_inf,>10y,3390037.53558481,98.72891098,78.40255068,16.97927335,299965757669.94244,334694714.0758183,0.02979703,13382387
2025-12-22,range_7y_10y,7-10y,1630978.67579058,5788.43695853,78.40255068,8.16888677,144316323666.4998,9440817245.517267,0.84049232,24572343
2025-12-22,range_5y_7y,5-7y,1092108.34179343,9389.92096486,78.40255068,5.46991172,96634654562.08224,10254811014.50999,0.91296015,49713042
2025-12-22,range_2y_3y,2-3y,994147.77575049,28375.89351173,78.40255068,4.97926842,87966663394.90544,28209831419.617363,2.51145066,32814403
2025-12-22,range_3y_5y,3-5y,2382791.6739025,37465.26280731,78.40255068,11.93440212,210840116762.45126,89271916277.83244,7.94765518,19495125
2025-12-22,range_18m_2y,1.5-2y,868554.29753352,60672.0802819,78.40255068,4.35022347,76853587962.4655,52696996069.14545,4.69148161,53566214
2025-12-22,range_12m_18m,1-1.5y,1408678.41015925,77136.65050485,78.40255068,7.05547816,124646197035.047,108660734198.17934,9.67379309,72268132
2025-12-22,range_1d_1w,1d-1w,400997.05366371,87537.41955758,78.40255068,2.00842572,35482021589.15007,35102247327.91549,3.12506519,2293593
2025-12-22,range_0d_1d,<1d,171406.26180245,89170.07479431,78.40255068,0.85850193,15166796429.607891,15284309185.1384,1.36072378,593705
2025-12-22,range_1w_1m,1w-1m,1254016.4232945,89470.60989563,78.40255068,6.28084126,110961009309.05913,112197614211.29884,9.98867266,6863289
2025-12-22,range_6m_12m,6-12m,1848248.17807593,97169.39833564,78.40255068,9.25709839,163541305746.33783,179593163438.5882,15.98872965,29603075
2025-12-22,range_1m_3m,1-3m,2748747.43145772,101529.2191334,78.40255068,13.76732072,243221526978.8406,279078180310.8495,24.8456316,16565353
2025-12-22,range_3m_6m,3-6m,1775027.73616207,114433.79973302,78.40255068,8.89036797,157062431956.57312,203123168480.5213,18.08354709,22480847
2025-12-21,range_10y_inf,>10y,3389648.45937208,98.68270765,78.49715214,16.977694,300087339593.97833,334499687.9690838,0.0297831,13375489
2025-12-21,range_7y_10y,7-10y,1631051.56705233,5786.89635158,78.49715214,8.16942958,144397842833.52893,9438726362.620354,0.84040285,24498056
2025-12-21,range_5y_7y,5-7y,1091649.83352858,9363.98418321,78.49715214,5.4677342,96644327055.81682,10222191774.770752,0.91016084,49767737
2025-12-21,range_2y_3y,2-3y,1002441.77891749,28233.08674602,78.49715214,5.02091883,88746691622.68538,28302025702.01114,2.51994837,32571694
2025-12-21,range_3y_5y,3-5y,2375681.79878932,37537.04995797,78.49715214,11.89905062,210320344208.37503,89176086365.39922,7.94003707,19505446
2025-12-21,range_18m_2y,1.5-2y,864339.85496159,60627.15297847,78.49715214,4.32920928,76520456527.96614,52402464612.144844,4.66579695,53448530
2025-12-21,range_12m_18m,1-1.5y,1413716.85818069,77012.84103078,78.49715214,7.08086768,125157088115.6182,108874351661.60742,9.69392607,72524726
2025-12-21,range_1d_1w,1d-1w,503800.37082077,87462.55349973,78.49715214,2.52337923,44601708636.79207,44063666886.09684,3.92332925,2291161
2025-12-21,range_1w_1m,1w-1m,1816180.9324442,87937.72826471,78.49715214,9.09668495,160787441757.14685,159710825316.82275,14.22029072,6920682
2025-12-21,range_0d_1d,<1d,91493.38400457,88322.61745296,78.49715214,0.45826188,8099956831.944688,8080935154.912397,0.71950819,560947
2025-12-21,range_6m_12m,6-12m,1836054.20399406,97053.5809332,78.49715214,9.19622398,162546832814.92368,178195635285.07825,15.8661364,29602069
2025-12-21,range_1m_3m,1-3m,2178030.43599348,106399.47994979,78.49715214,10.90907647,192822166347.3247,231741305704.5191,20.6337218,16575937
2025-12-21,range_3m_6m,3-6m,1771215.9419118,114371.46126338,78.49715214,8.8714693,156806667778.52728,202576555489.4429,18.0369584,22358802
2025-12-20,range_10y_inf,>10y,3389146.13784457,98.62788428,78.45134316,16.97554469,299596222544.5871,334264313.0951074,0.02976566,13367369
2025-12-20,range_7y_10y,7-10y,1630822.01971061,5786.26641376,78.45134316,8.16845629,144162599332.04453,9436370679.476345,0.84029241,24418404
2025-12-20,range_5y_7y,5-7y,1087920.32077349,9292.45408226,78.45134316,5.44917194,96170777321.66559,10109449625.940207,0.90022892,49836453
2025-12-20,range_2y_3y,2-3y,1001834.48493352,28068.4794323,78.45134316,5.01798547,88560898554.78214,28119970634.924175,2.50403452,32329340
2025-12-20,range_3y_5y,3-5y,2376140.22626992,37551.47759057,78.45134316,11.90160382,210047784035.4951,89227576458.82735,7.94556062,19508792
2025-12-20,range_18m_2y,1.5-2y,866216.40957863,60495.08137185,78.45134316,4.33870207,76572432601.25069,52401832183.0932,4.66629209,53331224
2025-12-20,range_12m_18m,1-1.5y,1406933.776502,76782.60704762,78.45134316,7.04704555,124371162430.44711,108028043303.17325,9.61970952,72818518
2025-12-20,range_1d_1w,1d-1w,436764.12872097,87368.18447896,78.45134316,2.18766282,38609395341.978455,38159288971.88683,3.39801837,2260749
2025-12-20,range_1w_1m,1w-1m,1927335.17417146,87709.03079986,78.45134316,9.65363046,170373986329.87613,169044700153.06683,15.05313678,6867746
2025-12-20,range_0d_1d,<1d,158838.45086235,88208.98043392,78.45134316,0.79558954,14041117714.522253,14010977804.270542,1.24765322,581234
2025-12-20,range_6m_12m,6-12m,1833225.71867897,96981.5243149,78.45134316,9.18225531,162054829756.35367,177789024610.75687,15.83180367,29656195
2025-12-20,range_1m_3m,1-3m,2122644.93382406,107819.93685197,78.45134316,10.63189738,187639121510.8642,228863442724.063,20.37989185,16630739
2025-12-20,range_3m_6m,3-6m,1727052.38810041,114334.45902154,78.45134316,8.65045466,152669241917.2455,197461600495.32214,17.58361237,22182711
2025-12-19,range_10y_inf,>10y,3388767.86194609,98.58885396,78.32451102,16.97404055,298963425921.14764,334094739.8600783,0.02973374,13357769
2025-12-19,range_7y_10y,7-10y,1630381.68020523,5786.86510478,78.32451102,8.16643862,143835314937.54077,9434798852.654562,0.8396775,24353129
2025-12-19,range_5y_7y,5-7y,1087768.88197179,9266.98352669,78.32451102,5.44853878,95965001089.79028,10080336310.074055,0.897129,49894860
2025-12-19,range_2y_3y,2-3y,1002929.61292853,27956.0848427,78.32451102,5.02358633,88480322422.17181,28037985350.282696,2.49532247,32073081
2025-12-19,range_3y_5y,3-5y,2373808.47003646,37580.99076853,78.32451102,11.89019811,209421813943.6628,89210074198.70139,7.93951134,19505385
2025-12-19,range_18m_2y,1.5-2y,868697.08758032,60413.19255416,78.32451102,4.3512274,76638078490.74416,52480764423.22898,4.67067904,53252621
2025-12-19,range_12m_18m,1-1.5y,1409366.05624697,76859.55398418,78.32451102,7.05939077,124336904065.95163,108323246483.58627,9.64054398,73083835
2025-12-19,range_1d_1w,1d-1w,336388.31547633,87381.97952419,78.32451102,1.68493952,29676805060.613888,29394276895.12946,2.6160296,2338543
2025-12-19,range_1w_1m,1w-1m,1970457.7119143,87748.74936131,78.32451102,9.86984959,173837457207.3348,172905199889.8357,15.38820371,6712907
2025-12-19,range_0d_1d,<1d,211159.5489526,87814.75763896,78.32451102,1.05767963,18628889538.21112,18542924614.424427,1.65028178,572586
2025-12-19,range_6m_12m,6-12m,1860143.50080807,96948.94416652,78.32451102,9.3172954,164105331601.9038,180338948401.55246,16.04979189,29681024
2025-12-19,range_1m_3m,1-3m,2082066.11311522,108313.19976236,78.32451102,10.42888627,183683758678.52713,225515242828.28275,20.07038827,16840238
2025-12-19,range_3m_6m,3-6m,1742479.95378905,114218.72089049,78.32451102,8.72792903,153724833864.70004,199023831499.10056,17.71270768,21982763
2025-12-18,range_10y_inf,>10y,3388124.80476294,98.52408977,76.67227618,16.97120472,289189006620.7237,333811912.4261347,0.02970684,13347488
2025-12-18,range_7y_10y,7-10y,1630792.00480831,5784.76828049,76.67227618,8.1686793,139194140432.06445,9433753861.490788,0.83953576,24301265
2025-12-18,range_5y_7y,5-7y,1085860.78789792,9229.80560211,76.67227618,5.43910475,92682241852.23515,10022283983.255173,0.89191068,49933703
2025-12-18,range_2y_3y,2-3y,1007008.36610998,27884.42168693,76.67227618,5.04413093,85951895468.76178,28079845922.881493,2.4989029,31820338
2025-12-18,range_3y_5y,3-5y,2374373.32515948,37587.79430474,76.67227618,11.89329735,202661561429.00925,89247456148.74724,7.94237715,19510280
2025-12-18,range_18m_2y,1.5-2y,826398.1002237,60149.3212063,76.67227618,4.13944944,70536140032.67697,49707284774.63272,4.4235883,52941297
2025-12-18,range_12m_18m,1-1.5y,1444938.29571484,76322.41261288,76.67227618,7.23773327,123330837688.91827,110281176805.69633,9.81422593,73529520
2025-12-18,range_0d_1d,<1d,153751.28901839,86672.47020257,76.67227618,0.77014418,13123242235.757895,13326004016.053549,1.18591783,659041
2025-12-18,range_1w_1m,1w-1m,1978595.22929567,87730.05384689,76.67227618,9.91083464,168880434410.25266,173582266007.30206,15.44756436,6684110
2025-12-18,range_1d_1w,1d-1w,397503.95215975,88208.32376933,76.67227618,1.99110757,33928435248.692924,35063157311.69469,3.12036703,2279392
2025-12-18,range_6m_12m,6-12m,1879940.4120589,96956.81446283,76.67227618,9.41667011,160459880198.39365,182273033733.17752,16.22097974,29751790
2025-12-18,range_1m_3m,1-3m,2064532.26199846,108800.37452529,76.67227618,10.34129546,176215478586.99493,224621883324.97855,19.98972061,16971783
2025-12-18,range_3m_6m,3-6m,1732142.84076262,114144.7432611,76.67227618,8.67634826,147844809831.43375,197714999850.41006,17.59520287,21804037
2025-12-17,range_10y_inf,>10y,3387337.49359591,98.43679236,77.07545457,16.96764352,291689233161.42584,333438637.501541,0.02967111,13337151
2025-12-17,range_7y_10y,7-10y,1630903.13549148,5783.04600854,77.07545457,8.1694201,140439765996.5869,9431587868.024717,0.83927203,24244071
2025-12-17,range_5y_7y,5-7y,1084488.88199538,9192.85270302,77.07545457,5.43235529,93387131031.19604,9969546550.243618,0.88714241,49976119
2025-12-17,range_2y_3y,2-3y,1008514.16764151,27817.64740761,77.07545457,5.0517874,86844822739.96843,28054491521.02995,2.49643544,31546554
2025-12-17,range_3y_5y,3-5y,2374671.45601773,37601.51559676,77.07545457,11.89505882,204486886035.32736,89291245790.62968,7.94560222,19515732
2025-12-17,range_18m_2y,1.5-2y,828135.50766499,60102.98237065,77.07545457,4.14824567,71312118039.9763,49773413817.69955,4.42909878,52789931
2025-12-17,range_12m_18m,1-1.5y,1441229.67495885,76166.93131973,77.07545457,7.21931942,124106670650.03954,109774041668.54448,9.76826857,73871604
2025-12-17,range_0d_1d,<1d,196674.35374701,86745.23001658,77.07545457,0.98516913,16935953838.507004,17060562054.146662,1.51813807,584063
2025-12-17,range_1w_1m,1w-1m,2011990.43914745,87830.36186486,77.07545457,10.07833928,173255823912.6116,176713848338.95612,15.7249228,6547225
2025-12-17,range_1d_1w,1d-1w,406334.06945026,89056.17784048,77.07545457,2.03538373,34990098668.759056,36186559151.60787,3.22006936,2264746
2025-12-17,range_6m_12m,6-12m,1886711.38369874,96969.28571627,77.07545457,9.45079911,162467837275.87723,182953055230.01498,16.28012007,29775526
2025-12-17,range_1m_3m,1-3m,1993595.31111163,109769.42248185,77.07545457,9.98619554,171671789017.707,218835805963.2553,19.47315497,17106452
2025-12-17,range_3m_6m,3-6m,1712925.79545002,114076.38399295,77.07545457,8.58028299,147502872885.22723,195404380793.1852,17.38810416,21696653
2025-12-16,range_10y_inf,>10y,3387060.4919937,98.40465915,77.97582826,16.96662249,297083942161.4481,333302533.2339265,0.02964713,13321420
2025-12-16,range_7y_10y,7-10y,1630573.52569467,5783.37567254,77.97582826,8.16794548,143019946689.03152,9430219260.785795,0.83881429,24186989
2025-12-16,range_5y_7y,5-7y,1083830.3751768,9166.88568404,77.97582826,5.42917402,95064319415.89426,9935349150.138016,0.8837454,50030703
2025-12-16,range_2y_3y,2-3y,1008786.53247465,27731.64411196,77.97582826,5.05326088,88482116152.15054,27975309103.52212,2.48839274,31280882
2025-12-16,range_3y_5y,3-5y,2373949.33071653,37616.22976936,77.97582826,11.89169848,208222506603.5549,89299023485.05421,7.94311301,19521754
2025-12-16,range_18m_2y,1.5-2y,829664.72486133,60005.3344682,77.97582826,4.1559955,72771085050.51039,49784309311.77165,4.42829473,52697379
2025-12-16,range_12m_18m,1-1.5y,1405725.94795832,75308.8944608,77.97582826,7.04162844,123298242592.73169,105863667055.60449,9.41653154,74120769
2025-12-16,range_0d_1d,<1d,213787.69983831,87157.51665994,77.97582826,1.07091539,18751626315.42149,18633205010.3487,1.65741626,572912
2025-12-16,range_1w_1m,1w-1m,1977922.90915446,87766.38068101,77.97582826,9.90790433,173486460171.59464,173595135002.53665,15.44121897,6446846
2025-12-16,range_1d_1w,1d-1w,461117.94476774,90546.79678373,77.97582826,2.30985367,40445317453.52717,41752752838.21565,3.71389094,2319683
2025-12-16,range_6m_12m,6-12m,1939709.89667395,97079.124669,77.97582826,9.71648591,170134741943.82477,188305338880.8979,16.74968582,29802942
2025-12-16,range_1m_3m,1-3m,1951797.32061729,110519.71666569,77.97582826,9.7770348,171194947264.6782,215712086863.47955,19.18750527,17120590
2025-12-16,range_3m_6m,3-6m,1699153.72004321,113946.35164995,77.97582826,8.51148061,149035214068.93884,193612367291.3706,17.22174391,21612510
2025-12-15,range_10y_inf,>10y,3386492.48053346,98.34160106,77.2567886,16.96416755,292604171619.9888,333033092.5223194,0.0296189,13307646
2025-12-15,range_7y_10y,7-10y,1630760.03910107,5782.92172473,77.2567886,8.16906776,140903070978.31882,9430557657.944284,0.83872368,24145178
2025-12-15,range_5y_7y,5-7y,1082392.43170281,9130.1585706,77.2567886,5.42209577,93522292657.2852,9882414537.061846,0.87891039,50068904
2025-12-15,range_2y_3y,2-3y,1013992.41284303,27675.87487806,77.2567886,5.0794553,87612304381.12497,28063127145.143745,2.4958449,31021778
2025-12-15,range_3y_5y,3-5y,2380811.15995509,37647.30015107,77.2567886,11.92634552,205709973149.72498,89631112341.83723,7.97150486,19517947
2025-12-15,range_18m_2y,1.5-2y,827718.80060836,59958.38126944,77.2567886,4.1463433,71517647057.68607,49628679430.762115,4.41381624,52503314
2025-12-15,range_12m_18m,1-1.5y,1386476.64556658,74726.92223162,77.2567886,6.94536375,119796176332.4404,103607132469.2094,9.21448745,74500468
2025-12-15,range_0d_1d,<1d,197168.07414411,87186.69894355,77.2567886,0.9876863,17035974931.725765,17190433521.682743,1.52886225,550782
2025-12-15,range_1w_1m,1w-1m,1963033.03911205,87731.10675753,77.2567886,9.83354357,169612559181.45987,172219061122.89313,15.31661324,6629083
2025-12-15,range_1d_1w,1d-1w,462803.38946399,91496.00670764,77.2567886,2.31834982,39987746370.4576,42344662026.717224,3.765999,2309486
2025-12-15,range_6m_12m,6-12m,1978081.86202594,97218.14211943,77.2567886,9.90892858,170912827346.20154,192305443586.30743,17.10303195,29861007
2025-12-15,range_1m_3m,1-3m,1993182.5768558,110779.63633637,77.2567886,9.98457353,172217579144.42932,220804041016.07947,19.63760618,16899852
2025-12-15,range_3m_6m,3-6m,1659708.13305867,113847.83445489,77.2567886,8.31407925,143404282217.12448,188954176775.89792,16.80498098,21603792
2025-12-14,range_10y_inf,>10y,3384725.53559528,98.14557718,78.07933037,16.95567195,298628441294.8111,332195841.2744023,0.02951349,13299331
2025-12-14,range_7y_10y,7-10y,1631911.43173211,5778.23324754,78.07933037,8.17500698,143980704510.39825,9429564891.8827,0.83775691,24070829
2025-12-14,range_5y_7y,5-7y,1081848.18937777,9109.19388395,78.07933037,5.41948315,95449582281.91397,9854764910.044004,0.87553323,50128691
2025-12-14,range_2y_3y,2-3y,1016772.8819477,27622.1916475,78.07933037,5.09349052,89708101201.6158,28085495407.140022,2.49521777,30729305
2025-12-14,range_3y_5y,3-5y,2379626.0013923,37663.74066581,78.07933037,11.92065868,209950259241.74594,89625616598.05792,7.96266642,19519868
2025-12-14,range_18m_2y,1.5-2y,827474.01231244,59917.73097135,78.07933037,4.14520402,73006591497.6376,49580365255.520256,4.40490034,52368625
2025-12-14,range_12m_18m,1-1.5y,1372534.37509267,74324.73376117,78.07933037,6.8756661,121096318371.16902,102013252006.82326,9.06322909,74803499
2025-12-14,range_1w_1m,1w-1m,1915888.55596245,87695.73478565,78.07933037,9.59758111,169035511785.15555,168015254682.54694,14.92708755,6531906
2025-12-14,range_0d_1d,<1d,101054.8190238,89099.50311837,78.07933037,0.50623081,8915890748.907995,9003934162.737228,0.79994233,525450
2025-12-14,range_1d_1w,1d-1w,577300.09612776,91507.48024609,78.07933037,2.89196596,50934182418.326416,52827277142.47811,4.69336783,2495123
2025-12-14,range_6m_12m,6-12m,1985682.42105105,97186.89690209,78.07933037,9.94721119,175193302992.79132,192982312734.97473,17.14525198,29795555
2025-12-14,range_1m_3m,1-3m,2021170.45835936,110964.01959007,78.07933037,10.12498736,178324350740.84128,224277198336.26132,19.92560367,16906762
2025-12-14,range_3m_6m,3-6m,1666213.51699627,113758.34022895,78.07933037,8.34684216,147007117774.30157,189545684160.5387,16.83992938,21575776
2025-12-13,range_10y_inf,>10y,3384231.06063889,98.09254686,79.03236082,16.95353461,305486955225.6095,331967843.8914176,0.02949093,13290935
2025-12-13,range_7y_10y,7-10y,1632058.89067813,5777.76388847,79.03236082,8.1759095,147322299313.6955,9429650922.419785,0.83769901,24012011
2025-12-13,range_5y_7y,5-7y,1080956.20687594,9090.86491259,79.03236082,5.4151233,97575494832.91336,9826826853.132872,0.8729828,50175329
2025-12-13,range_2y_3y,2-3y,1015150.68687843,27509.52212171,79.03236082,5.08546609,91635377984.83911,27926310277.551292,2.48088106,30471947
2025-12-13,range_3y_5y,3-5y,2378341.90408733,37679.89638197,79.03236082,11.91446478,214687594832.23795,89615676506.90213,7.96116038,19520514
2025-12-13,range_18m_2y,1.5-2y,818948.07182866,59689.23946683,79.03236082,4.10257581,73924607530.66647,48882387570.27925,4.34254968,52344366
2025-12-13,range_12m_18m,1-1.5y,1382395.28302788,74146.66084723,79.03236082,6.92520276,124785724840.75816,102499994207.48077,9.10576056,74877415
2025-12-13,range_1w_1m,1w-1m,1996999.5721065,88097.25218317,79.03236082,10.00410455,180264676949.83282,175930174913.55426,15.629055,6435151
2025-12-13,range_0d_1d,<1d,107993.53903665,90223.62460488,79.03236082,0.54100094,9748334801.382057,9743568525.795507,0.86558641,592248
2025-12-13,range_1d_1w,1d-1w,569249.53995448,91546.40069557,79.03236082,2.85169411,51384880526.28526,52112746480.44145,4.62952408,2570995
2025-12-13,range_6m_12m,6-12m,1984500.39866717,97171.92887215,79.03236082,9.9414891,179136404568.78067,192837731586.03952,17.13106643,29895308
2025-12-13,range_1m_3m,1-3m,1956127.58535816,111637.55391323,79.03236082,9.79935357,176575254282.74854,218377298771.58084,19.39991713,16950799
2025-12-13,range_3m_6m,3-6m,1654849.55583274,113694.11345607,79.03236082,8.29008088,149379561593.0429,188146653153.57794,16.71432654,21429703
2025-12-12,range_10y_inf,>10y,3383658.5084125,98.031489,79.08580371,16.95104584,305612770771.5088,331705081.8569097,0.02946889,13282121
2025-12-12,range_7y_10y,7-10y,1631893.65603456,5778.92394756,79.08580371,8.17526476,147392989152.19308,9430589328.730791,0.83781947,23938595
2025-12-12,range_5y_7y,5-7y,1081116.06920159,9070.29141329,79.08580371,5.41604539,97646637984.55069,9806037799.250294,0.87117455,50234622
2025-12-12,range_2y_3y,2-3y,1018415.0487082,27449.09745119,79.08580371,5.10193335,91983468206.76588,27954573917.74613,2.48350189,30045622
2025-12-12,range_3y_5y,3-5y,2375824.20343835,37704.14370364,79.08580371,11.90211864,214584957634.94186,89578417181.02202,7.9582028,19518786
2025-12-12,range_18m_2y,1.5-2y,819698.1546773,59617.92076551,79.08580371,4.10642533,74035315214.10933,48868699637.18491,4.34152594,52491382
2025-12-12,range_12m_18m,1-1.5y,1370779.67013799,73866.901193,79.08580371,6.86716729,123809117281.36328,101255246451.44983,8.99557964,75019635
2025-12-12,range_1w_1m,1w-1m,2024737.31158297,88353.76016451,79.08580371,10.14328571,182874713372.78677,178893154823.7369,15.89298014,6368691
2025-12-12,range_0d_1d,<1d,210108.77013416,91291.09025518,79.08580371,1.05257767,18977069714.467365,19181058697.723366,1.70405729,533391
2025-12-12,range_1d_1w,1d-1w,463364.84183357,91454.70422397,79.08580371,2.32130951,41851213069.75451,42376894557.675545,3.76478991,2709265
2025-12-12,range_6m_12m,6-12m,1991223.66642299,97110.14147953,79.08580371,9.97539308,179847753669.10205,193368011963.7187,17.17893553,29951060
2025-12-12,range_1m_3m,1-3m,1924136.03775532,111852.64468616,79.08580371,9.63930553,173788384489.0733,215219704558.87537,19.12025361,17000548
2025-12-12,range_3m_6m,3-6m,1666399.48163146,113626.44288066,79.08580371,8.3481279,150509562808.25467,189347045515.9545,16.82171035,21278554
2025-12-11,range_10y_inf,>10y,3383271.84069253,97.98887988,80.67443134,16.94949352,312835088368.44714,331523017.990969,0.02944394,13269965
2025-12-11,range_7y_10y,7-10y,1630359.97269356,5781.50143395,80.67443134,8.16776691,150751648151.7988,9425928519.984236,0.83715607,23880842
2025-12-11,range_5y_7y,5-7y,1081820.66776426,9043.08215943,80.67443134,5.41969823,100030822273.37973,9782993180.363518,0.86886847,50277646
2025-12-11,range_2y_3y,2-3y,1023376.49203318,27346.92607824,80.67443134,5.12690497,94626766749.5082,27986201277.83482,2.48557138,29642760
2025-12-11,range_3y_5y,3-5y,2371752.7723423,37749.57824374,80.67443134,11.88199179,219304721305.49753,89532666854.3531,7.95176995,19516404
2025-12-11,range_18m_2y,1.5-2y,819512.74410797,59537.07254187,80.67443134,4.10558968,75776453620.58992,48791389694.94128,4.33336703,52602915
2025-12-11,range_12m_18m,1-1.5y,1348551.80578761,73185.53724177,80.67443134,6.75596617,124694184563.8515,98694488404.93011,8.76546957,75205634
2025-12-11,range_1w_1m,1w-1m,2001722.81204286,88559.07013071,80.67443134,10.02821808,185089807228.25522,177270710893.95474,15.74415195,6485215
2025-12-11,range_0d_1d,<1d,203812.27090869,91046.29314652,80.67443134,1.0210574,18845553293.53695,18556351764.010178,1.64806707,633691
2025-12-11,range_1d_1w,1d-1w,478033.19155281,91544.31594056,80.67443134,2.39484761,44201460232.60824,43761221517.58318,3.88661679,2562889
2025-12-11,range_6m_12m,6-12m,2032931.49411676,97184.78597938,80.67443134,10.18456713,187975525927.24478,197570012166.4795,17.54701765,30021502
2025-12-11,range_1m_3m,1-3m,1908820.07842441,112032.38221189,80.67443134,9.56279456,176499532414.4971,213849660599.78036,18.99288119,17087754
2025-12-11,range_3m_6m,3-6m,1676936.15250402,113536.37057976,80.67443134,8.40110396,155058326424.47565,190393244449.2868,16.90961894,21111409
2025-12-10,range_10y_inf,>10y,3382085.46974949,97.87381331,80.39689669,16.94397447,311323195138.6778,331017601.8775631,0.02939717,13259764
2025-12-10,range_7y_10y,7-10y,1630472.11405859,5779.3442523,80.39689669,8.16853333,150086032027.6983,9423059640.925217,0.83684761,23827197
2025-12-10,range_5y_7y,5-7y,1082108.27445601,9027.01557793,80.39689669,5.42127487,99608779406.33455,9768208250.51878,0.86749973,50325818
2025-12-10,range_2y_3y,2-3y,1020988.14705342,27236.55766781,80.39689669,5.11506798,93982631421.47397,27808202545.37261,2.46960422,29489819
2025-12-10,range_3y_5y,3-5y,2370470.22960635,37764.89266695,80.39689669,11.875864,218203345971.8646,89520553791.28078,7.95018438,19518579
2025-12-10,range_18m_2y,1.5-2y,824688.32302415,59399.00053468,80.39689669,4.13162175,75913103324.51575,48985662140.255615,4.35034224,52329658
2025-12-10,range_12m_18m,1-1.5y,1340774.06806422,72761.7699725,80.39689669,6.71716957,123419136081.0742,97557094325.58604,8.66389734,75475673
2025-12-10,range_1w_1m,1w-1m,2027955.9559762,88717.93244348,80.39689669,10.15989521,186674681483.37076,179916059500.64484,15.97807192,6562496
2025-12-10,range_1d_1w,1d-1w,400351.74594736,91312.40651451,80.39689669,2.00572984,36852641910.58787,36557081374.73805,3.24657886,2434539
2025-12-10,range_0d_1d,<1d,255662.47904792,92398.44293451,80.39689669,1.28084833,23533899591.298386,23622814980.8053,2.09790631,677820
2025-12-10,range_6m_12m,6-12m,2051451.22162985,97202.70452677,80.39689669,10.27760459,188837436162.20746,199406606947.16867,17.70899782,30157755
2025-12-10,range_1m_3m,1-3m,1910269.48730686,112223.86771918,80.39689669,9.57029552,175841564526.8556,214377830251.51035,19.03856942,16982339
2025-12-10,range_3m_6m,3-6m,1663124.77905054,113487.8136091,80.39689669,8.33212054,153091731347.2485,188744394933.56973,16.76210297,21049374
2025-12-09,range_10y_inf,>10y,3380635.09827077,97.72626643,80.83659415,16.93711924,313724624788.4842,330376846.3204365,0.02938032,13244184
2025-12-09,range_7y_10y,7-10y,1631192.22214952,5775.85261381,80.83659415,8.17233933,151375452533.61267,9421525859.934225,0.8378537,23785351
2025-12-09,range_5y_7y,5-7y,1082123.02438499,9013.42384188,80.83659415,5.42148033,100421556876.63916,9753633467.835522,0.86738793,50365053
2025-12-09,range_2y_3y,2-3y,1020197.3055443,27167.9123567,80.83659415,5.11122996,94674819253.88004,27716630983.564793,2.46483235,29316404
2025-12-09,range_3y_5y,3-5y,2373240.94524828,37764.10505763,80.83659415,11.89003359,220237944480.17365,89623320383.4198,7.97017716,19522046
2025-12-09,range_18m_2y,1.5-2y,826481.76225827,59297.53479095,80.83659415,4.14070722,76697920130.93318,49008331051.59484,4.35829736,51956791
2025-12-09,range_12m_18m,1-1.5y,1380981.53959814,72339.48732879,80.83659415,6.91877364,128155776283.5334,99899496585.04916,8.88403467,75921121
2025-12-09,range_1w_1m,1w-1m,2003018.74276187,88872.96170869,80.83659415,10.03520531,185881139268.38785,178014208027.2733,15.83075442,6601801
2025-12-09,range_1d_1w,1d-1w,431425.35572449,91489.65830438,80.83659415,2.16145857,40036488385.90603,39470958379.07875,3.51014144,2408938
2025-12-09,range_0d_1d,<1d,214412.2850277,91816.39471282,80.83659415,1.07421426,19897567088.729626,19686562993.381374,1.75072062,525683
2025-12-09,range_6m_12m,6-12m,2054542.76538588,97161.32593726,80.83659415,10.29334276,190662594289.54028,199622099279.70154,17.75233822,30185849
2025-12-09,range_1m_3m,1-3m,1909320.88395825,112363.55086181,80.83659415,9.56577523,177185931195.89105,214538074256.16324,19.07881176,17120551
2025-12-09,range_3m_6m,3-6m,1652345.9896585,113413.41283534,80.83659415,8.27832056,153338532718.75665,187398197871.95102,16.66527004,20859090
2025-12-08,range_10y_inf,>10y,3379201.1928686,97.58488082,79.39334916,16.93027725,306319545690.8027,329758945.6848345,0.02933029,13231311
2025-12-08,range_7y_10y,7-10y,1631677.56013008,5772.54839636,79.39334916,8.174936,147909136037.15656,9418937683.111921,0.83776412,23744784
2025-12-08,range_5y_7y,5-7y,1082027.57720402,8995.92312989,79.39334916,5.42111163,98084185272.40488,9733836908.947289,0.86577272,50401665
2025-12-08,range_2y_3y,2-3y,1023248.31232519,27099.8352371,79.39334916,5.12661917,92755932621.53566,27729860670.652493,2.46642277,29116080
2025-12-08,range_3y_5y,3-5y,2373992.61878874,37766.59704882,79.39334916,11.89403973,215198888422.31564,89657622630.65889,7.97456591,19523512
2025-12-08,range_18m_2y,1.5-2y,825232.42810921,59177.02481003,79.39334916,4.13453151,74806088196.58424,48834799872.26395,4.34359421,51656093
2025-12-08,range_12m_18m,1-1.5y,1378163.24968327,72026.52317536,79.39334916,6.90479335,124928442089.11095,99264307242.74672,8.82902912,76329556
2025-12-08,range_1w_1m,1w-1m,1909763.46685427,88918.27354585,79.39334916,9.56818583,173117208522.02005,169812870353.6104,15.10394641,6697651
2025-12-08,range_1d_1w,1d-1w,477111.70784161,90852.96403157,79.39334916,2.39039733,43249464369.93281,43347012831.576584,3.85548491,2221531
2025-12-08,range_0d_1d,<1d,203696.57816692,90939.59429316,79.39334916,1.02054875,18464790854.874763,18524084177.40455,1.64761819,701980
2025-12-08,range_6m_12m,6-12m,2060902.53234355,97106.76148857,79.39334916,10.32541399,186817739278.9672,200127570659.47925,17.80027684,30128931
2025-12-08,range_1m_3m,1-3m,1962661.05921465,112209.08994123,79.39334916,9.83321027,177912296335.72128,220228411317.55908,19.58813908,17242255
2025-12-08,range_3m_6m,3-6m,1651836.51144085,113380.24945043,79.39334916,8.2759352,149736514892.29837,187285635718.4953,16.65805542,20678553
2025-12-07,range_10y_inf,>10y,3374948.8412437,97.153584,79.27628523,16.90936419,304194178421.17426,327888375.7574934,0.02915991,13220887
2025-12-07,range_7y_10y,7-10y,1635540.02105372,5768.04204336,79.27628523,8.19447736,147416087289.79874,9433863605.041197,0.83897634,23694941
2025-12-07,range_5y_7y,5-7y,1086251.40992779,8967.25286841,79.27628523,5.44239974,97907070816.53398,9740691071.486855,0.86626325,50441122
2025-12-07,range_2y_3y,2-3y,1027844.85851297,27054.40666135,79.27628523,5.14976785,92642714597.28593,27807732786.982944,2.47300903,28917025
2025-12-07,range_3y_5y,3-5y,2376618.2317221,37774.36461739,79.27628523,11.90747034,214211670880.6386,89775243641.407,7.98392988,19526128
2025-12-07,range_18m_2y,1.5-2y,825785.08214108,59107.47875177,79.27628523,4.13739625,74430465891.68402,48810074196.182556,4.34079813,51632484
2025-12-07,range_12m_18m,1-1.5y,1375899.05763275,71901.61533404,79.27628523,6.89360916,124013874910.41974,98929364780.38342,8.79802804,76466097
2025-12-07,range_1w_1m,1w-1m,1882818.71148749,89118.00266539,79.27628523,9.43340738,169704051231.15585,167793042948.79303,14.92224175,6641317
2025-12-07,range_0d_1d,<1d,96725.2230382,89727.87788781,79.27628523,0.48461832,8718132078.075396,8678949001.4429,0.77183996,643689
2025-12-07,range_1d_1w,1d-1w,551510.65993478,90346.99055007,79.27628523,2.76321066,49709296342.268875,49827328381.390236,4.43126501,2081692
2025-12-07,range_6m_12m,6-12m,2056841.30114966,97014.27209568,79.27628523,10.30530544,185389224897.2258,199542961647.3675,17.74583893,30169607
2025-12-07,range_1m_3m,1-3m,1973931.03962795,112273.5281974,79.27628523,9.88990364,177916276395.58652,221620202237.3956,19.70922141,17496670
2025-12-07,range_3m_6m,3-6m,1694337.85749877,113414.1911575,79.27628523,8.48906968,152715711192.76535,192161957655.75504,17.08942836,20427107
2025-12-06,range_10y_inf,>10y,3374344.03331335,97.09558032,78.80413429,16.90675748,300396102518.6555,327633892.1269281,0.02913639,13199923
2025-12-06,range_7y_10y,7-10y,1635783.9129827,5766.75332644,78.80413429,8.19590464,145623299572.15942,9433162321.522318,0.83888861,23641756
2025-12-06,range_5y_7y,5-7y,1084233.91993664,8939.92478809,78.80413429,5.43242768,96522358287.12411,9692969696.933723,0.86199322,50492372
2025-12-06,range_2y_3y,2-3y,1027896.54653054,26975.4952562,78.80413429,5.15015584,91507005012.45729,27728018414.80206,2.4658453,28903574
2025-12-06,range_3y_5y,3-5y,2378635.9658872,37780.77857494,78.80413429,11.91787826,211754630354.5093,89866718737.58144,7.99182338,19529404
2025-12-06,range_18m_2y,1.5-2y,826928.5019976,59020.63453683,78.80413429,4.14322888,73616115194.32217,48805844904.490944,4.3402908,51271849
2025-12-06,range_12m_18m,1-1.5y,1369944.29311267,71723.18265657,78.80413429,6.86394621,121957311482.14706,98256764764.24686,8.73794794,76725851
2025-12-06,range_0d_1d,<1d,100424.37726273,89632.58459557,78.80413429,0.50316464,8940135098.781075,9001296490.459476,0.8004829,679613
2025-12-06,range_1w_1m,1w-1m,1945365.35786116,89649.93258049,78.80413429,9.74702638,173183340438.0184,174401873176.67944,15.50951216,6536890
2025-12-06,range_1d_1w,1d-1w,556973.18400559,90465.40896903,78.80413429,2.79064922,49583733025.11094,50386806875.84759,4.48088532,2062717
2025-12-06,range_6m_12m,6-12m,2054001.32798074,96950.34208408,78.80413429,10.29133425,182854500727.27054,199136131388.89053,17.70912316,30235804
2025-12-06,range_1m_3m,1-3m,1899886.54032211,112738.99834687,78.80413429,9.51916007,169134654411.6345,214191305528.61182,19.04797579,17600438
2025-12-06,range_3m_6m,3-6m,1704134.33377793,113403.48205182,78.80413429,8.53836645,151708097034.9232,193254767334.4736,17.18609502,20281208
2025-12-05,range_10y_inf,>10y,3374004.00096163,97.02229706,78.99135876,16.90548524,301422342409.656,327353618.4748211,0.02911264,13189898
2025-12-05,range_7y_10y,7-10y,1636576.59290899,5764.87389803,78.99135876,8.20008555,146206332306.31775,9434657682.590132,0.83905546,23591740
2025-12-05,range_5y_7y,5-7y,1083104.53372796,8922.35417113,78.99135876,5.42690753,96760971693.4988,9663842254.277107,0.8594376,50525568
2025-12-05,range_2y_3y,2-3y,1027300.76399412,26895.03661253,78.99135876,5.14730211,91775647733.10364,27629291659.700153,2.45716471,28918350
2025-12-05,range_3y_5y,3-5y,2378935.00960801,37785.7852085,78.99135876,11.9196808,212526174489.42334,89889927298.02129,7.99420991,19535033
2025-12-05,range_18m_2y,1.5-2y,828564.86099452,58932.25266114,78.99135876,4.15153362,74021240392.1626,48829193734.27203,4.34254244,50830640
2025-12-05,range_12m_18m,1-1.5y,1358673.03413029,71439.66538203,78.99135876,6.80764662,121379348809.20842,97063146921.85973,8.63214816,77133107
2025-12-05,range_1w_1m,1w-1m,2001071.31674839,89962.93970845,78.99135876,10.02639049,178769083691.41373,180022258220.95337,16.00997757,6528157
2025-12-05,range_1d_1w,1d-1w,423087.38240995,90364.79293057,78.99135876,2.11988412,37797225437.086044,38232203703.01304,3.40011691,2099075
2025-12-05,range_0d_1d,<1d,217170.44036854,90612.70543561,78.99135876,1.08813495,19401287852.46401,19678401142.43525,1.7500656,443274
2025-12-05,range_6m_12m,6-12m,2060409.99833499,96929.66044223,78.99135876,10.32370762,184070204968.7554,199714841510.39474,17.76130443,30258246
2025-12-05,range_1m_3m,1-3m,1859407.99756123,112990.42640635,78.99135876,9.31658482,166113351958.21173,210095302507.8224,18.68447332,17807240
2025-12-05,range_3m_6m,3-6m,1709736.98822234,113384.39628978,78.99135876,8.56665654,152742239709.11908,193857496223.89304,17.24039126,20052324
2025-12-04,range_10y_inf,>10y,3375353.04591005,96.90904291,80.39738117,16.91255978,311042804107.49475,327102233.1764939,0.02906456,13178343
2025-12-04,range_7y_10y,7-10y,1636524.05282621,5763.83646704,80.39738117,8.19997508,150807640995.4277,9432657014.871002,0.83813573,23557846
2025-12-04,range_5y_7y,5-7y,1082736.17648648,8905.42910604,80.39738117,5.42516296,99775428484.75023,9642230260.245527,0.8567573,50548506
2025-12-04,range_2y_3y,2-3y,1026341.19332216,26794.68051531,80.39738117,5.14258999,94578563605.00676,27500484374.770485,2.44354678,28760725
2025-12-04,range_3y_5y,3-5y,2381261.49995061,37786.54833241,80.39738117,11.93156002,219436083924.71396,89979652759.98315,7.99511338,19538672
2025-12-04,range_18m_2y,1.5-2y,830802.53794331,58820.77204573,80.39738117,4.16282309,76559443574.24617,48868446699.37883,4.34219026,50723917
2025-12-04,range_12m_18m,1-1.5y,1327574.29491939,70648.5778182,80.39738117,6.65194998,122337552764.47652,93791235884.05795,8.33379038,77300915
2025-12-04,range_1d_1w,1d-1w,424347.65840199,90076.39485472,80.39738117,2.12623836,39104142230.61444,38223707233.89344,3.39635533,2223516
2025-12-04,range_1w_1m,1w-1m,2038530.45268246,90344.54460942,80.39738117,10.21427023,187853009636.7793,184170105420.0283,16.36437604,6386674
2025-12-04,range_0d_1d,<1d,174151.09280551,92548.35717504,80.39738117,0.87260228,16048230661.455353,16117397539.387093,1.43210622,529056
2025-12-04,range_6m_12m,6-12m,2094664.45141898,96985.80188028,80.39738117,10.49553551,193025824490.60037,203152711490.9941,18.05106945,30352273
2025-12-04,range_1m_3m,1-3m,1849821.07551708,113354.20950363,80.39738117,9.26872214,170463215728.84363,209685005738.39243,18.63149438,17858253
2025-12-04,range_3m_6m,3-6m,1715563.51278673,113398.52314825,80.39738117,8.59601057,158091221387.426,194542368717.03824,17.28600019,19955345
2025-12-03,range_10y_inf,>10y,3375080.62796183,96.88737224,81.09984571,16.91154434,316080510243.6779,327002693.1295004,0.029058,13169362
2025-12-03,range_7y_10y,7-10y,1636372.18997627,5763.65364235,81.09984571,8.19938363,153248296491.39676,9431482533.004562,0.83809724,23505625
2025-12-03,range_5y_7y,5-7y,1082286.43741177,8888.9252373,81.09984571,5.42302158,101357474702.31796,9620363227.496515,0.85488149,50588243
2025-12-03,range_2y_3y,2-3y,1027297.49477002,26732.42833493,81.09984571,5.14748803,96207691641.14684,27462156657.5977,2.44033296,28535648
2025-12-03,range_3y_5y,3-5y,2380943.19320522,37797.78992633,81.09984571,11.9302117,222978299580.35266,89994390643.29025,7.99705139,19541428
2025-12-03,range_18m_2y,1.5-2y,832441.73876502,58745.5992226,81.09984571,4.17112269,77959207065.18826,48902288761.65042,4.3455388,50866024
2025-12-03,range_12m_18m,1-1.5y,1325335.9563953,70558.99036723,81.09984571,6.64087181,124119365288.96959,93514366980.63683,8.30984235,77239115
2025-12-03,range_1d_1w,1d-1w,369873.65108429,89243.54582079,81.09984571,1.85332895,34639128734.2415,33008836128.44506,2.93322014,2183213
2025-12-03,range_1w_1m,1w-1m,2082062.07373651,90718.39069292,81.09984571,10.43260561,194987709974.5212,188881320652.13568,16.78430863,6375178
2025-12-03,range_0d_1d,<1d,219701.28683344,92914.26006636,81.09984571,1.10085905,20575299525.64194,20413382501.757023,1.81396716,528064
2025-12-03,range_6m_12m,6-12m,2097401.52215096,96940.58442073,81.09984571,10.50946711,196424268450.05127,203323329322.24268,18.06764957,30519982
2025-12-03,range_3m_6m,3-6m,1699410.83432976,113391.74589463,81.09984571,8.51525188,159151944157.54257,192699161496.90665,17.12356833,19893365
2025-12-03,range_1m_3m,1-3m,1829051.53835057,113592.5219067,81.09984571,9.16484363,171292957778.30243,207766576938.5784,18.46248395,17897161
2025-12-02,range_10y_inf,>10y,3374520.96942089,96.83766417,80.03130836,16.90908955,308112151387.854,326780728.3687721,0.02905061,13153539
2025-12-02,range_7y_10y,7-10y,1636636.29705539,5762.78845713,80.03130836,8.2008765,149433811523.09915,9431588761.187405,0.83846261,23462848
2025-12-02,range_5y_7y,5-7y,1081795.8829568,8869.1982725,80.03130836,5.42067559,98773858535.99947,9594662176.321257,0.85295974,50627073
2025-12-02,range_2y_3y,2-3y,1026638.99330073,26635.20208982,80.03130836,5.1442948,93737733974.97453,27344737059.85603,2.4309308,28389918
2025-12-02,range_3y_5y,3-5y,2380817.91010656,37807.06043368,80.03130836,11.92983052,217381647645.10397,90011726608.98436,8.00198877,19542340
2025-12-02,range_18m_2y,1.5-2y,800743.38419379,58060.96422254,80.03130836,4.01237441,73112234017.58253,46491932981.11493,4.13310509,50589269
2025-12-02,range_12m_18m,1-1.5y,1375725.08293955,70386.40029581,80.03130836,6.8934995,125611196037.54643,96832336384.77061,8.60833691,77540511
2025-12-02,range_1d_1w,1d-1w,344642.11092555,88879.09231683,80.03130836,1.72693676,31467702591.97586,30631477993.21765,2.72312011,2279433
2025-12-02,range_0d_1d,<1d,237807.96516042,89572.3660866,80.03130836,1.19161096,21713162972.37861,21301022113.65757,1.89364815,511769
2025-12-02,range_1w_1m,1w-1m,2040616.01096092,91086.7591102,80.03130836,10.22514282,186319360582.18335,185873099026.81094,16.52400757,6369950
2025-12-02,range_6m_12m,6-12m,2116810.15279821,96904.30906961,80.03130836,10.60693733,193276300893.82336,205128025288.43942,18.23575902,30616567
2025-12-02,range_3m_6m,3-6m,1681946.72014315,113400.72241983,80.03130836,8.4279185,153570900035.62347,190733973135.90176,16.95613637,19811693
2025-12-02,range_1m_3m,1-3m,1858144.565009,113643.24725418,80.03130836,9.31081274,169658723327.72086,211165582235.32736,18.77249423,17860685
2025-12-01,range_10y_inf,>10y,3374343.11067959,96.81687362,78.02444993,16.90853459,291293237484.3753,326693350.4910522,0.02902977,13140417
2025-12-01,range_7y_10y,7-10y,1636502.48188497,5762.84961484,78.02444993,8.20036905,141272564900.33722,9430917697.417618,0.83802547,23426149
2025-12-01,range_5y_7y,5-7y,1078216.95752441,8822.83312165,78.02444993,5.40284972,93078059333.6235,9512928285.167076,0.84531288,50656009
2025-12-01,range_2y_3y,2-3y,1026071.35418841,26572.13586886,78.02444993,5.14155272,88576542707.09991,27264907434.643772,2.42274269,28211562
2025-12-01,range_3y_5y,3-5y,2384977.8701881,37801.77565978,78.02444993,11.95091296,205885383420.82358,90156398402.38208,8.01124141,19545178
2025-12-01,range_18m_2y,1.5-2y,802471.742387,57945.53134023,78.02444993,4.02111486,69274102888.29782,46499651498.13465,4.13193007,50450678
2025-12-01,range_12m_18m,1-1.5y,1364042.94183623,70110.6999033,78.02444993,6.83509842,117752247344.86578,95634005350.29909,8.49797816,77812547
2025-12-01,range_0d_1d,<1d,199182.26985906,85857.16342918,78.02444993,0.99808472,17194590571.74741,17101224695.484505,1.51960418,507921
2025-12-01,range_1d_1w,1d-1w,366825.06129121,89696.62304921,78.02444993,1.83812791,31666506987.904003,32902969247.640484,2.92373736,2246388
2025-12-01,range_1w_1m,1w-1m,2020740.17373026,91306.26391961,78.02444993,10.12575011,174442233054.97742,184506235615.56497,16.39510919,6479652
2025-12-01,range_6m_12m,6-12m,2126771.02142152,96871.65018092,78.02444993,10.6570613,183595442400.95273,206023818402.06583,18.30714819,30637230
2025-12-01,range_3m_6m,3-6m,1674307.32385218,113379.33066889,78.02444993,8.38980577,144536102260.94543,189831843712.37955,16.86833941,19745806
2025-12-01,range_1m_3m,1-3m,1901996.86112802,113660.56478968,78.02444993,9.53073788,164191608615.49664,216182037464.01138,19.20980121,17831043
2025-11-30,range_10y_inf,>10y,3373987.09905688,96.78879856,79.2752286,16.90710276,305055915244.3526,326564157.6680066,0.0289999,13114894
2025-11-30,range_7y_10y,7-10y,1634482.75679737,5767.27747552,79.2752286,8.19041897,147780242984.71942,9426515587.396284,0.83710344,23402825
2025-11-30,range_5y_7y,5-7y,1082464.23276791,8797.1016856,79.2752286,5.42424541,97869999958.97847,9522547926.684248,0.84563141,50687322
2025-11-30,range_2y_3y,2-3y,1028783.51927615,26509.50791761,79.2752286,5.1552505,93016508020.67908,27272544849.752644,2.42188547,28160425
2025-11-30,range_3y_5y,3-5y,2389609.90475759,37849.76298946,79.2752286,11.97437306,216054363923.49042,90446168532.33913,8.03189665,19544548
2025-11-30,range_18m_2y,1.5-2y,805124.7388604,57837.02702094,79.2752286,4.03449281,72794606762.89597,46566021276.6947,4.13520524,50133129
2025-11-30,range_12m_18m,1-1.5y,1363011.99502684,70004.40982916,79.2752286,6.83007468,123235465763.39,95416850301.91782,8.47330841,77783595
2025-11-30,range_1d_1w,1d-1w,442145.58024401,89285.7840734,79.2752286,2.2155985,39976182686.14132,39477314806.67324,3.50570641,2123822
2025-11-30,range_0d_1d,<1d,113897.2023653,91186.62068948,79.2752286,0.57074068,10297909947.856647,10385900989.677263,0.9222998,644478
2025-11-30,range_1w_1m,1w-1m,2013950.18195191,91705.27076154,79.2752286,10.09193624,182089438392.815,184689846736.14554,16.40102379,6512390
2025-11-30,range_6m_12m,6-12m,2122780.61473538,96826.22402685,79.2752286,10.63728726,191929241066.77322,205540831362.22433,18.25265505,31029962
2025-11-30,range_3m_6m,3-6m,1673265.3240516,113338.38477112,79.2752286,8.38475903,151286732844.3196,189645189121.53488,16.84107336,19497320
2025-11-30,range_1m_3m,1-3m,1912530.39507962,113656.23776168,79.2752286,9.58372009,172919662397.8618,217371009309.6014,19.30321107,18076831
2025-11-29,range_10y_inf,>10y,3373493.89495671,96.74910067,79.55299866,16.9050734,306196121590.2917,326382500.4378635,0.02898139,13106662
2025-11-29,range_7y_10y,7-10y,1634625.5687825,5765.9752223,79.55299866,8.19134882,148367249207.6494,9425210527.342016,0.83691882,23350887
2025-11-29,range_5y_7y,5-7y,1080818.53467933,8772.58984909,79.55299866,5.41614043,98100798094.3626,9481577706.0397,0.84192398,50726611
2025-11-29,range_2y_3y,2-3y,1029195.9307384,26403.90031566,79.55299866,5.15745197,93415257937.69148,27174786760.49874,2.41300609,28100663
2025-11-29,range_3y_5y,3-5y,2387711.09826535,37879.44616123,79.55299866,11.96517102,216721268966.85193,90445173995.32362,8.03114878,19542343
2025-11-29,range_18m_2y,1.5-2y,806915.7739432,57659.05231981,79.55299866,4.04357346,73239937028.1377,46525998827.47188,4.13131184,49686557
2025-11-29,range_12m_18m,1-1.5y,1362096.01038805,69902.44073962,79.55299866,6.82566317,123631027237.94394,95213835647.82706,8.45458576,77973894
2025-11-29,range_1d_1w,1d-1w,659653.31548352,87930.53107834,79.55299866,3.30561965,59873618593.82374,58003666358.0556,5.15048016,2057136
2025-11-29,range_0d_1d,<1d,96492.91749868,90731.96346927,79.55299866,0.48354018,8758206778.79334,8754991865.533955,0.77740624,508877
2025-11-29,range_1w_1m,1w-1m,1840659.62473203,92907.6317718,79.55299866,9.22381573,167067988207.52625,171011326631.8214,15.18508225,6699861
2025-11-29,range_6m_12m,6-12m,1991827.59355228,96227.9009071,79.55299866,9.98134063,180788791387.46994,191669388296.3761,17.01943073,31305869
2025-11-29,range_3m_6m,3-6m,1776152.2524196,112823.69287271,79.55299866,8.90055981,161212958427.99243,200392056222.15253,17.79396673,19313398
2025-11-29,range_1m_3m,1-3m,1915869.15453131,113658.80010956,79.55299866,9.60070173,173894402319.49384,217755389270.94092,19.33575724,18257723
2025-11-28,range_10y_inf,>10y,3372869.94239779,96.70232716,79.58927762,16.9023093,306688458645.4846,326164372.6341822,0.02896168,13094667
2025-11-28,range_7y_10y,7-10y,1634478.61110078,5764.72819807,79.58927762,8.19078811,148619939247.0945,9422324938.561209,0.83665286,23305542
2025-11-28,range_5y_7y,5-7y,1080217.73702548,8754.0835491,79.58927762,5.41324588,98222083397.12677,9456316321.142862,0.83967112,50767201
2025-11-28,range_2y_3y,2-3y,1031041.69920591,26323.89553472,79.58927762,5.16681224,93750602581.45847,27141033981.837296,2.40998096,28043919
2025-11-28,range_3y_5y,3-5y,2385041.22707049,37907.13032637,79.58927762,11.95204832,216867128062.51346,90410068628.31512,8.02793822,19536610
2025-11-28,range_18m_2y,1.5-2y,808689.34455511,57558.83726333,79.58927762,4.05254803,73532538413.9533,46547218379.83317,4.13314799,49189352
2025-11-28,range_12m_18m,1-1.5y,1357827.61902927,69778.45374158,79.58927762,6.80441962,123464606313.96683,94747111703.47897,8.41304482,78467866
2025-11-28,range_1d_1w,1d-1w,1182332.86993187,85881.57173393,79.58927762,5.92497078,107507212456.43932,101540605182.44217,9.01627128,1988183
2025-11-28,range_0d_1d,<1d,179497.05813795,91242.20870146,79.58927762,0.89950542,16321315980.71396,16377708039.92174,1.45425427,766435
2025-11-28,range_6m_12m,6-12m,1976558.87937629,96135.91015088,79.58927762,9.90503936,179724628132.86505,190018286835.6515,16.87262371,31285225
2025-11-28,range_1w_1m,1w-1m,1283285.49374652,97646.22119142,79.58927762,6.43087006,116686636840.62477,125307979174.11713,11.12668899,6759224
2025-11-28,range_3m_6m,3-6m,1795797.83159609,112729.49243281,79.58927762,8.99919977,163288380049.29926,202439378067.7733,17.97555123,19203263
2025-11-28,range_1m_3m,1-3m,1867445.23179741,113769.70012557,79.58927762,9.35824311,169803137839.83475,212458684022.51108,18.86521287,18241392
2025-11-27,range_10y_inf,>10y,3371586.56865255,96.60095151,79.87720714,16.89627489,307871869808.0768,325698470.6368461,0.02891405,13083237
2025-11-27,range_7y_10y,7-10y,1634843.03981676,5761.58574136,79.87720714,8.19280681,149283482201.1579,9419288347.567596,0.83620224,23279180
2025-11-27,range_5y_7y,5-7y,1079901.52642895,8735.52605137,79.87720714,5.41178839,98609748075.71048,9433507917.030935,0.83746459,50778882
2025-11-27,range_2y_3y,2-3y,1032822.90658665,26250.91286854,79.87720714,5.17585991,94310827545.65714,27112544129.43606,2.40693025,27989118
2025-11-27,range_3y_5y,3-5y,2383649.29364545,37925.41950502,79.87720714,11.94535358,217659713033.74,90400899414.34023,8.025387,19539497
2025-11-27,range_18m_2y,1.5-2y,810424.43779817,57456.43741339,79.87720714,4.06133842,74002812006.33597,46564100988.63282,4.13375235,48660133
2025-11-27,range_12m_18m,1-1.5y,1350507.52683092,69587.44116152,79.87720714,6.76789575,123319769197.40904,93978363061.5401,8.3429782,78905400
2025-11-27,range_1d_1w,1d-1w,1273868.01609195,85326.72926155,79.87720714,6.38382664,116321535875.5185,108694991324.02168,9.64945455,1999677
2025-11-27,range_0d_1d,<1d,182418.22110302,91191.67079528,79.87720714,0.91416559,16657273267.195028,16635022365.88779,1.47678279,475381
2025-11-27,range_6m_12m,6-12m,1990291.72425373,96115.17653407,79.87720714,9.97409243,181740798325.22992,191297240430.9483,16.9825123,31411292
2025-11-27,range_1w_1m,1w-1m,1212493.78564101,99964.92157747,79.87720714,6.07625754,110717230987.53389,121206846194.77698,10.76020099,6732694
2025-11-27,range_3m_6m,3-6m,1777742.88238116,112797.56688395,79.87720714,8.9089311,162332188153.01608,200525071677.85245,17.80171784,18844561
2025-11-27,range_1m_3m,1-3m,1854064.86574064,113719.35598045,79.87720714,9.29140895,169301426891.4818,210843062478.00537,18.71770285,18502825
2025-11-26,range_10y_inf,>10y,3371341.72718989,96.57853869,79.56938627,16.89542626,304757868034.0338,325599257.4218013,0.02890326,13064533
2025-11-26,range_7y_10y,7-10y,1634226.17442507,5761.7288749,79.56938627,8.18989888,147728508441.15787,9415968137.309523,0.83585008,23260483
2025-11-26,range_5y_7y,5-7y,1079868.92666513,8721.32643181,79.56938627,5.41174621,97616491734.57669,9417889413.01896,0.83602063,50790261
2025-11-26,range_2y_3y,2-3y,1035727.4271289,26167.39137549,79.56938627,5.19053178,93626249754.06416,27102284944.011044,2.40585427,27869071
2025-11-26,range_3y_5y,3-5y,2381509.81543787,37956.64307325,79.56938627,11.93489914,215280417348.8317,90394118040.02328,8.02423393,19542065
2025-11-26,range_18m_2y,1.5-2y,811263.54128402,57347.89115846,79.56938627,4.06563453,73335475090.36975,46524253266.38233,4.12993124,48248664
2025-11-26,range_12m_18m,1-1.5y,1346762.75958569,69460.9725873,79.56938627,6.74928048,121742789836.10408,93547451125.17403,8.3041535,79302391
2025-11-26,range_1d_1w,1d-1w,1255727.5152862,85358.00963128,79.56938627,6.29305878,113513512232.79355,107186401344.05946,9.51487528,1907841
2025-11-26,range_0d_1d,<1d,212360.45730006,88663.0026561,79.56938627,1.06424111,19196665736.832172,18828515789.646152,1.67139653,557862
2025-11-26,range_6m_12m,6-12m,1994339.07311802,96087.76763059,79.56938627,9.99459903,180281494207.06445,191631589434.37442,17.01102612,31493126
2025-11-26,range_1w_1m,1w-1m,1235827.21437369,101139.2984577,79.56938627,6.19332873,111714592464.31685,124990697476.68353,11.09535242,6956961
2025-11-26,range_3m_6m,3-6m,1702850.04693422,112951.73656252,79.56938627,8.53380634,153931873977.6323,192339869906.7903,17.07389977,18599637
2025-11-26,range_1m_3m,1-3m,1892363.2412422,113513.80617379,79.56938627,9.48354874,171063224560.04877,214809354176.77567,19.06850298,18590126
2025-11-25,range_10y_inf,>10y,3371138.45395576,96.5557083,78.66465728,16.89484149,294703393040.75226,325502661.1849668,0.02892934,13056055
2025-11-25,range_7y_10y,7-10y,1635949.24331483,5762.8000163,78.66465728,8.19874459,143013940077.60278,9427648326.032722,0.83789077,23225902
2025-11-25,range_5y_7y,5-7y,1079284.16587917,8707.36818436,78.66465728,5.40895462,94350531751.8245,9397724607.858334,0.83523127,50813453
2025-11-25,range_2y_3y,2-3y,1037530.86397264,26119.08040512,78.66465728,5.19970322,90700477056.48247,27099352058.8974,2.40847941,27688935
2025-11-25,range_3y_5y,3-5y,2387893.50126623,38000.58178425,78.66465728,11.96719825,208748565701.10925,90741342286.93626,8.06471882,19545761
2025-11-25,range_18m_2y,1.5-2y,810475.39088259,57247.07537495,78.66465728,4.06178905,70851390689.35544,46397345791.40151,4.12360605,48114842
2025-11-25,range_12m_18m,1-1.5y,1369820.07867309,68899.97047437,78.66465728,6.86500819,119749049335.72552,94380562975.7721,8.38815785,79420265
2025-11-25,range_1d_1w,1d-1w,1281191.49228332,85629.43466564,78.66465728,6.42083601,112001178553.72845,109707703182.64235,9.75037129,1968662
2025-11-25,range_0d_1d,<1d,190156.38754274,87287.0116824,78.66465728,0.95299023,16623385061.939413,16598182820.926668,1.4751785,455718
2025-11-25,range_6m_12m,6-12m,2001366.62398011,95983.29967624,78.66465728,10.0300751,174958561584.25046,192097772431.50565,17.07286317,31562646
2025-11-25,range_1w_1m,1w-1m,1189995.7808577,102215.488235,78.66465728,5.96379839,104028890866.65376,121635999737.96007,10.81050943,7213288
2025-11-25,range_3m_6m,3-6m,1687789.30873948,112876.5185478,78.66465728,8.45854693,147545775059.9875,190511781212.71704,16.93190677,18509969
2025-11-25,range_1m_3m,1-3m,1911064.1286233,113467.38370146,78.66465728,9.57751394,167064358440.36264,216843446760.6054,19.27215734,18646810
2025-11-24,range_10y_inf,>10y,3371157.12226617,96.53047547,78.95575307,16.89523934,297570050618.4641,325419399.8937273,0.02891862,13037850
2025-11-24,range_7y_10y,7-10y,1635796.84723806,5762.33452688,78.95575307,8.19812849,144390822788.746,9426008651.794458,0.83764882,23192409
2025-11-24,range_5y_7y,5-7y,1080443.97072314,8676.5676846,78.95575307,5.41486463,95370151967.99078,9374545241.399006,0.83307549,50846956
2025-11-24,range_2y_3y,2-3y,1039811.67244949,26066.55012391,78.95575307,5.21122761,91783562967.38475,27104303079.33145,2.40864277,27472849
2025-11-24,range_3y_5y,3-5y,2389321.33750871,37995.31926761,78.95575307,11.97456968,210903985059.0823,90783027051.54868,8.06749693,19551069
2025-11-24,range_18m_2y,1.5-2y,810743.91064123,57154.80278279,78.95575307,4.06320795,71563886754.09659,46337908320.04413,4.1178505,47749419
2025-11-24,range_12m_18m,1-1.5y,1359882.65314481,68626.76399738,78.95575307,6.81532841,120036039631.23805,93324345901.49544,8.293333,79700574
2025-11-24,range_1d_1w,1d-1w,1358070.71041203,86122.84930375,78.95575307,6.80624749,119876100515.03671,116960919136.6519,10.39381355,1889680
2025-11-24,range_0d_1d,<1d,193695.07444727,87728.59652042,78.95575307,0.97074225,17097349965.425465,16992597034.177525,1.51005897,494840
2025-11-24,range_6m_12m,6-12m,2000899.11129465,95907.23505426,78.95575307,10.02791272,176618184272.03476,191900701386.79742,17.0533895,31725080
2025-11-24,range_1w_1m,1w-1m,1107189.62204981,103540.60498544,78.95575307,5.5489059,97730974833.98375,114639083300.63432,10.18748199,7544604
2025-11-24,range_3m_6m,3-6m,1683209.51582546,112848.61184873,78.95575307,8.43574672,148575911077.37048,189947857311.48184,16.87984865,18416842
2025-11-24,range_1m_3m,1-3m,1923074.49697013,113452.12524426,78.95575307,9.63787884,169748651472.46524,218176888684.30457,19.38844119,18608639
2025-11-23,range_10y_inf,>10y,3370918.94393862,96.51326974,78.33405876,16.89442403,292699474499.74927,325338409.3218438,0.02891147,13027365
2025-11-23,range_7y_10y,7-10y,1635657.66915113,5761.71335299,78.33405876,8.19761456,142025408555.99344,9424190633.271112,0.83748863,23159898
2025-11-23,range_5y_7y,5-7y,1079498.58006401,8655.47935928,78.33405876,5.41024778,93733688754.55066,9343577678.112648,0.83032489,50868290
2025-11-23,range_2y_3y,2-3y,1042430.2639592,26020.8240255,78.33405876,5.22446822,90515018467.63141,27124894457.335037,2.41047656,27234023
2025-11-23,range_3y_5y,3-5y,2392003.38520493,38017.62364013,78.33405876,11.98827979,207699486548.03754,90938284444.62697,8.08130712,19554640
2025-11-23,range_18m_2y,1.5-2y,810635.65065601,57087.88003334,78.33405876,4.06275637,70388114607.27217,46277470775.396774,4.11248636,47571120
2025-11-23,range_12m_18m,1-1.5y,1345329.50246791,68165.89002521,78.33405876,6.74254334,116815991410.71976,91705582912.90062,8.14949375,79871566
2025-11-23,range_0d_1d,<1d,285355.09638813,85954.38825278,78.33405876,1.43014711,24777601641.480408,24527522744.854397,2.17965894,391528
2025-11-23,range_1d_1w,1d-1w,1333002.54476991,86785.57437073,78.33405876,6.6807629,115745632229.62077,115685391485.49632,10.2804796,2063867
2025-11-23,range_6m_12m,6-12m,2006827.45288843,95805.85996772,78.33405876,10.05784906,174254365246.11063,192265829930.80045,17.08586467,31686950
2025-11-23,range_1w_1m,1w-1m,1029680.49244912,104716.5259639,78.33405876,5.16056872,89407946039.29471,107824564022.0659,9.58192056,7687498
2025-11-23,range_3m_6m,3-6m,1688321.81991346,112841.09870706,78.33405876,8.46155757,146598277114.8259,190512089130.14252,16.93001702,18600233
2025-11-23,range_1m_3m,1-3m,1933187.7681201,113458.7352276,78.33405876,9.68878054,167860174999.33087,219337039128.36395,19.49157044,18602744
2025-11-22,range_10y_inf,>10y,3370032.20068889,96.44523745,77.46721413,16.89035547,285546854166.78894,325023555.8220409,0.02906855,13019656
2025-11-22,range_7y_10y,7-10y,1633988.07569518,5771.89942654,77.46721413,8.189429,138449761597.3601,9431214837.071356,0.84348264,23114423
2025-11-22,range_5y_7y,5-7y,1083154.35750514,8617.27283813,77.46721413,5.4286906,91776962635.37718,9333836624.425865,0.8347736,50902671
2025-11-22,range_2y_3y,2-3y,1069462.11020925,26161.67233733,77.46721413,5.36006606,90616802165.39238,27978917304.48063,2.50230023,27023118
2025-11-22,range_3y_5y,3-5y,2517409.84534039,38453.735469,77.46721413,12.61707444,213303143465.07092,96803812259.7841,8.65766889,19557072
2025-11-22,range_18m_2y,1.5-2y,823509.3452066,56743.27971552,77.46721413,4.12736875,69776930574.32158,46728621123.40307,4.17918386,47400481
2025-11-22,range_12m_18m,1-1.5y,1321806.32378298,67554.9532366,77.46721413,6.62479684,111998228829.04309,89294564390.99756,7.98607776,80070849
2025-11-22,range_0d_1d,<1d,762957.39777346,84586.84534674,77.46721413,3.8238868,64646291733.638855,64536159411.614235,5.77180471,730125
2025-11-22,range_1d_1w,1d-1w,699939.12649037,89211.03108142,77.46721413,3.50804383,59306678326.90724,62442291168.43579,5.58453917,2319218
2025-11-22,range_6m_12m,6-12m,2012279.23536031,95668.52911912,77.46721413,10.08539669,170502823458.135,192511794623.8687,17.21733201,31712015
2025-11-22,range_1w_1m,1w-1m,1043947.52425298,105123.26467898,77.46721413,5.23218881,88454920817.8813,109743171903.01143,9.81490319,7776678
2025-11-22,range_3m_6m,3-6m,1697328.78505912,112806.60081396,77.46721413,8.50688801,143816695567.86304,191469890706.2096,17.12414912,18551079
2025-11-22,range_1m_3m,1-3m,1916591.09260629,113497.66422662,77.46721413,9.6058147,162395052814.61188,217528612288.36353,19.45471625,18517030
2025-11-21,range_10y_inf,>10y,3369273.91229602,96.392705,77.67267809,16.8869332,286858960373.4068,324773426.2864,0.0291207,13012379
2025-11-21,range_7y_10y,7-10y,1632709.03698735,5771.25146231,77.67267809,8.18320183,139008352877.81378,9422774417.245958,0.84488993,23060124
2025-11-21,range_5y_7y,5-7y,1083779.53405317,8592.69348504,77.67267809,5.4319456,92272661263.27132,9312585341.47348,0.83500986,50941505
2025-11-21,range_2y_3y,2-3y,1071366.79833047,26083.57313965,77.67267809,5.36973248,91215844703.53453,27945074243.64489,2.50568577,26849920
2025-11-21,range_3y_5y,3-5y,2585736.16678964,38940.5897082,77.67267809,12.95981124,220148794046.76483,100690091164.605,9.02834348,19591484
2025-11-21,range_18m_2y,1.5-2y,1001040.75892395,56662.28260933,77.67267809,5.01725561,85228307009.5196,56721254385.60823,5.08589238,46871851
2025-11-21,range_12m_18m,1-1.5y,1400254.64419769,67346.97866281,77.67267809,7.01813128,119217256283.82014,94302919645.27617,8.45563987,80510701
2025-11-21,range_0d_1d,<1d,323476.25569734,84176.14257308,77.67267809,1.6212757,27540670432.338734,27228983418.5853,2.44147773,535252
2025-11-21,range_1d_1w,1d-1w,514716.68607473,91881.2938445,77.67267809,2.57978025,43822822749.85003,47292835079.900566,4.2404963,2420862
2025-11-21,range_6m_12m,6-12m,2206597.29555594,95651.29693389,77.67267809,11.05955233,187869025387.31168,211063893130.74716,18.92497366,31895582
2025-11-21,range_1w_1m,1w-1m,1070817.46812245,105522.13289245,77.67267809,5.36697922,91169074896.01035,112994943174.77132,10.13165393,7616999
2025-11-21,range_3m_6m,3-6m,1784665.68803247,112778.90717386,77.67267809,8.94481454,151945896121.64072,201272645966.9905,18.04704474,18315846
2025-11-21,range_1m_3m,1-3m,1907524.29990974,113599.46294231,77.67267809,9.56058672,162406041124.22284,216693736019.14713,19.42977165,18672920
2025-11-20,range_10y_inf,>10y,3368947.03155621,96.37950736,78.0037137,16.88569422,291818885639.0103,324697455.2204207,0.0290328,13003416
2025-11-20,range_7y_10y,7-10y,1635426.5791884,5779.77026761,78.0037137,8.19701612,141660987071.8933,9452389917.258371,0.84518466,23018128
2025-11-20,range_5y_7y,5-7y,1083107.71500503,8575.53053391,78.0037137,5.42870681,93819013317.57672,9288223281.541065,0.83050572,50953843
2025-11-20,range_2y_3y,2-3y,1075640.16273284,26013.00476809,78.0037137,5.39127826,93172172401.97025,27980632681.91327,2.50188596,26699114
2025-11-20,range_3y_5y,3-5y,2584475.07496981,38969.9398215,78.0037137,12.95379697,223867763213.57074,100716838141.74948,9.00558775,19623680
2025-11-20,range_18m_2y,1.5-2y,1005692.64653212,56612.74246053,78.0037137,5.04069027,87113304144.40614,56935018792.56839,5.09084,46376694
2025-11-20,range_12m_18m,1-1.5y,1383033.80913337,66896.09824808,78.0037137,6.93198373,119798673354.60713,92519565576.20198,8.2726293,80995332
2025-11-20,range_0d_1d,<1d,233943.29876985,88868.61266127,78.0037137,1.17256074,20264216715.27329,20790216403.076458,1.85895548,452608
2025-11-20,range_1d_1w,1d-1w,599154.05894346,93364.06160426,78.0037137,3.0030547,51898847969.18428,55939456469.64,5.00182187,2682659
2025-11-20,range_6m_12m,6-12m,2238377.37559526,95673.16284295,78.0037137,11.21910067,193888709222.01758,214152643159.29813,19.14844087,31997411
2025-11-20,range_1w_1m,1w-1m,1046134.1536149,106522.30588682,78.0037137,5.24338948,90616355816.01628,111436622310.01546,9.96409637,7673321
2025-11-20,range_3m_6m,3-6m,1780950.55495298,112737.31793344,78.0037137,8.92640526,154266303820.30225,200779588937.47482,17.95269034,18237456
2025-11-20,range_1m_3m,1-3m,1916604.20897673,113777.13011474,78.0037137,9.60632278,166016651266.92996,218065726463.19928,19.49832889,18655012
2025-11-19,range_10y_inf,>10y,3368780.13328506,96.36658713,79.42327217,16.88520416,308358254533.5824,324637844.2273877,0.02901275,12995519
2025-11-19,range_7y_10y,7-10y,1635682.21202455,5779.3479038,79.42327217,8.19846562,149720697675.71262,9453176563.352406,0.84482653,22981079
2025-11-19,range_5y_7y,5-7y,1082856.14272633,8554.99039859,79.42327217,5.42755725,99118261468.86276,9263823904.072882,0.82790416,50958593
2025-11-19,range_2y_3y,2-3y,1078427.59144335,25922.27380196,79.42327217,5.4053602,98712898016.89995,27955295300.979927,2.49835332,26554098
2025-11-19,range_3y_5y,3-5y,2587662.11190753,38992.43045381,79.42327217,12.97003702,236859320163.5847,100899234936.5197,9.01732341,19640735
2025-11-19,range_18m_2y,1.5-2y,1008173.02226188,56480.61913943,79.42327217,5.05322599,92282209319.89624,56942236497.01716,5.08890442,45974299
2025-11-19,range_12m_18m,1-1.5y,1372855.62816115,66558.79866485,79.42327217,6.88111027,125663103104.79248,91375621350.68869,8.16620196,81163878
2025-11-19,range_0d_1d,<1d,241666.62864108,90722.0940988,79.42327217,1.21129614,22120737132.853764,21924502624.1156,1.95938384,445066
2025-11-19,range_1d_1w,1d-1w,593498.01096659,94908.9806435,79.42327217,2.97476674,54325305745.71774,56328291234.78351,5.03403638,2969978
2025-11-19,range_6m_12m,6-12m,2266620.28523503,95604.77103478,79.42327217,11.3608917,207473045788.80997,216699713392.6769,19.36636488,32292554
2025-11-19,range_1w_1m,1w-1m,1053328.3977266,107241.7296852,79.42327217,5.2795565,96415465932.14407,112960759298.74376,10.09525692,7568985
2025-11-19,range_3m_6m,3-6m,1758920.46990294,112692.5471619,79.42327217,8.81616789,161001200584.07034,198217228008.57153,17.71459271,18187955
2025-11-19,range_1m_3m,1-3m,1902606.66068887,113846.07997211,79.42327217,9.53636053,174153386609.37885,216604310048.2615,19.35783872,18686032
2025-11-18,range_10y_inf,>10y,3368131.57487904,96.32061317,79.78024015,16.88231569,312826118894.3054,324420498.5197482,0.0289677,12979114
2025-11-18,range_7y_10y,7-10y,1634647.67327997,5778.52589603,79.78024015,8.19345606,151823192183.3826,9445853910.937532,0.84342597,22964759
2025-11-18,range_5y_7y,5-7y,1081095.77405298,8507.85006966,79.78024015,5.41885011,100410268313.87201,9197800756.581669,0.82127716,50964927
2025-11-18,range_2y_3y,2-3y,1073958.24686109,25799.52335508,79.78024015,5.38307419,99747347379.72717,27707610872.269104,2.47402923,26379167
2025-11-18,range_3y_5y,3-5y,2589890.97775342,38985.76834586,79.78024015,12.98148725,240544505141.27454,100968889699.72728,9.01557286,19644884
2025-11-18,range_18m_2y,1.5-2y,1011944.02849829,56235.63834048,79.78024015,5.0722361,93987576178.56934,56907318407.44169,5.08128867,45584640
2025-11-18,range_12m_18m,1-1.5y,1367698.31805403,66333.17285694,79.78024015,6.85540759,127029407000.07452,90723768947.62349,8.10077987,81179034
2025-11-18,range_0d_1d,<1d,312708.68462254,92115.38639992,79.78024015,1.56741107,29043830972.822285,28805281314.614643,2.57204088,394692
2025-11-18,range_6m_12m,6-12m,2266375.2039378,95350.78114768,79.78024015,11.35990706,210496930789.1761,216100646069.1916,19.29575659,32712767
2025-11-18,range_1d_1w,1d-1w,513377.37954343,97074.68274634,79.78024015,2.57323647,47681585353.88201,49835946248.326256,4.4498816,3317347
2025-11-18,range_1w_1m,1w-1m,1029245.37509364,107457.13295354,79.78024015,5.15895682,95594494728.73402,110599757113.25323,9.8755188,7540868
2025-11-18,range_3m_6m,3-6m,1767895.75430226,112609.79311617,79.78024015,8.86134451,164199038883.43735,199082375142.93298,17.77618495,18162764
2025-11-18,range_1m_3m,1-3m,1933680.17909247,113896.30831465,79.78024015,9.69231709,179596803794.71722,220239033859.84946,19.66527572,18727059
2025-11-17,range_10y_inf,>10y,3368054.928601,96.31115295,79.49527222,16.88228321,310480769688.0452,324381253.3734445,0.02897874,12968254
2025-11-17,range_7y_10y,7-10y,1633899.49105325,5778.84460322,79.49527222,8.18987651,150619387845.26743,9442051256.068861,0.84350987,22944001
2025-11-17,range_5y_7y,5-7y,1081380.74617172,8485.72088068,79.49527222,5.42039141,99686000826.80037,9176295177.753206,0.81976843,50979682
2025-11-17,range_2y_3y,2-3y,1078357.3646771,25726.16069295,79.49527222,5.4052368,99407293432.35175,27741994848.11349,2.47834352,26125161
2025-11-17,range_3y_5y,3-5y,2591002.04693762,39028.12496563,79.49527222,12.9873269,238848928194.48245,101121951674.08041,9.03377479,19647043
2025-11-17,range_18m_2y,1.5-2y,1016333.79841256,56086.10544063,79.49527222,5.09434537,93689713107.5526,57002204580.6457,5.09231745,45441174
2025-11-17,range_12m_18m,1-1.5y,1395441.10868139,65825.38442727,79.49527222,6.99461039,128637340738.88777,91855447424.57188,8.20594749,81168458
2025-11-17,range_0d_1d,<1d,267119.01966501,93033.24769215,79.49527222,1.33892678,24624099244.82957,24850949919.77799,2.22007073,633408
2025-11-17,range_6m_12m,6-12m,2284719.5353089,95092.80367771,79.49527222,11.45209418,210614581674.49487,217260386229.7652,19.4090538,33021326
2025-11-17,range_1d_1w,1d-1w,459509.6796253,99099.89509457,79.49527222,2.3032797,42359439508.43791,45537361045.8067,4.06810052,3439368
2025-11-17,range_1w_1m,1w-1m,1022429.84797985,107565.60399208,79.49527222,5.12490165,94251671330.27519,109978284137.47815,9.82495921,7565297
2025-11-17,range_3m_6m,3-6m,1782107.4573331,112568.11541064,79.49527222,8.93276489,164281790751.38077,200608477931.241,17.92144812,18146204
2025-11-17,range_1m_3m,1-3m,1969878.52052416,113954.59557571,79.49527222,9.87396221,181591278114.43835,224476710139.60608,20.05372732,18704958
2025-11-16,range_10y_inf,>10y,3367852.83240522,96.28792346,80.48970135,16.88159811,317695770472.6704,324283555.7413088,0.028956,12960906
2025-11-16,range_7y_10y,7-10y,1633714.5935243,5778.70277127,80.48970135,8.18910878,154111311375.64478,9440751049.063227,0.84298575,22902370
2025-11-16,range_5y_7y,5-7y,1080345.40320589,8464.62269231,80.48970135,5.41530697,101910974834.07097,9144716215.512306,0.81655214,51003743
2025-11-16,range_2y_3y,2-3y,1154145.44826601,25145.49769874,80.48970135,5.78523486,108872669226.02817,29021561713.389965,2.59140007,25875245
2025-11-16,range_3y_5y,3-5y,2525885.5470912,39650.66013969,80.48970135,12.66117814,238271443243.50604,100153029379.4718,8.94288769,19650335
2025-11-16,range_18m_2y,1.5-2y,1018737.61431642,56048.90350079,80.48970135,5.10649361,96099398458.15799,57099126237.4459,5.09850851,45351447
2025-11-16,range_12m_18m,1-1.5y,1401315.04378368,65755.23246357,80.48970135,7.02418976,132188633133.31223,92143796458.68762,8.22772539,81180977
2025-11-16,range_0d_1d,<1d,125670.42898338,94414.18265948,80.48970135,0.62993182,11854723394.487728,11865070836.932486,1.05945868,971348
2025-11-16,range_6m_12m,6-12m,2283651.23738763,94964.059892,80.48970135,11.44696171,215421033951.3545,216864792879.71243,19.36434173,33232071
2025-11-16,range_1d_1w,1d-1w,556291.12820027,99901.35714872,80.48970135,2.78844823,52475968332.167175,55574238677.00137,4.9623479,3072547
2025-11-16,range_1w_1m,1w-1m,1021526.93640452,107595.54790307,80.48970135,5.12047529,96362520356.28514,109911750420.18706,9.81426569,7761703
2025-11-16,range_3m_6m,3-6m,1780489.3366393,112478.78016296,80.48970135,8.92482745,167956843654.0094,200267268678.33926,17.88231172,18127028
2025-11-16,range_1m_3m,1-3m,2000220.49476314,114041.34848673,80.48970135,10.02624527,188684489145.32114,228107842493.58713,20.36825874,18485328
2025-11-15,range_10y_inf,>10y,3367395.23394981,96.2549442,81.43485173,16.87972477,321972570748.6757,324128440.3399386,0.02893807,12952647
2025-11-15,range_7y_10y,7-10y,1634214.41745647,5780.60865626,81.43485173,8.19181821,156254962838.39297,9446754007.729408,0.8434027,22852421
2025-11-15,range_5y_7y,5-7y,1078507.03363992,8441.11869283,81.43485173,5.40622666,103121153908.70367,9103805882.008974,0.81278441,51036112
2025-11-15,range_2y_3y,2-3y,1163119.71799918,25013.72317232,81.43485173,5.83036423,111211372492.62154,29093954642.30031,2.59749748,25734980
2025-11-15,range_3y_5y,3-5y,2517289.68329842,39736.22224652,81.43485173,12.61840505,240689961926.45688,100027582314.4264,8.93042546,19650135
2025-11-15,range_18m_2y,1.5-2y,1019616.23787337,55906.04214724,81.43485173,5.11102507,97490326640.42645,57002708368.55719,5.08918067,45066678
2025-11-15,range_12m_18m,1-1.5y,1399033.30360367,65615.91799055,81.43485173,7.01292705,133768185208.22318,91798854515.30551,8.1957677,81334206
2025-11-15,range_6m_12m,6-12m,2268659.42660626,94827.72430547,81.43485173,11.37209744,216917248196.27194,215131810649.21658,19.20688829,33214597
2025-11-15,range_0d_1d,<1d,125633.77316063,95725.75359587,81.43485173,0.62976377,12012438726.991121,12026387612.8939,1.07371143,754804
2025-11-15,range_1d_1w,1d-1w,537101.18466341,100251.02087572,81.43485173,2.69232435,51354782306.1434,53844942076.065834,4.80725647,2916356
2025-11-15,range_1w_1m,1w-1m,1066518.87231892,107588.38813055,81.43485173,5.34613367,101974909155.44232,114745046383.60367,10.2443952,7721773
2025-11-15,range_3m_6m,3-6m,1794220.18135265,112364.25515407,81.43485173,8.99387828,171553870022.4573,201606214260.0884,17.99932806,18180442
2025-11-15,range_1m_3m,1-3m,1978040.10404825,114216.16086795,81.43485173,9.91531146,189129761461.75943,225924146727.23172,20.17042406,18499985
2025-11-14,range_10y_inf,>10y,3366990.05454186,96.22350431,80.58742861,16.87807181,317285854335.24396,323983582.0136061,0.02892861,12939121
2025-11-14,range_7y_10y,7-10y,1634752.1746298,5779.23668694,80.58742861,8.19469738,154049679966.87186,9447619741.673279,0.84358126,22808794
2025-11-14,range_5y_7y,5-7y,1077652.86972811,8431.92524242,80.58742861,5.40206601,101551832915.95308,9086688434.830875,0.81135358,51067915
2025-11-14,range_2y_3y,2-3y,1176986.12576319,24880.32491099,80.58742861,5.90000446,110912429916.37408,29283797224.711697,2.61476046,25544592
2025-11-14,range_3y_5y,3-5y,2504781.4389412,39861.25767965,80.58742861,12.5559863,236036253717.31546,99843738368.85094,8.9150822,19642774
2025-11-14,range_18m_2y,1.5-2y,1019806.72941421,55833.3351013,80.58742861,5.11209446,96100744034.73286,56939210861.9395,5.08412198,44751484
2025-11-14,range_12m_18m,1-1.5y,1390095.77401876,65409.00213287,80.58742861,6.96828203,130994662331.24005,90924777447.68112,8.11870507,81567586
2025-11-14,range_6m_12m,6-12m,2264943.86245573,94712.47352144,80.58742861,11.35372678,213435334461.7814,214518435600.38055,19.15442588,33155164
2025-11-14,range_0d_1d,<1d,313883.81317994,96273.86773873,80.58742861,1.57343902,29578612414.509346,30218808715.41503,2.69824796,710449
2025-11-14,range_1d_1w,1d-1w,351278.81447614,102600.35531737,80.58742861,1.76089295,33102503112.709465,36041331180.71692,3.21814302,2642291
2025-11-14,range_1w_1m,1w-1m,1105574.68929968,107820.13819998,80.58742861,5.5420327,104183025237.24005,119203215790.69017,10.64369668,7882025
2025-11-14,range_3m_6m,3-6m,1802020.09994414,112240.11297476,80.58742861,9.03317924,169812051024.2659,202258939600.5226,18.05977121,18317055
2025-11-14,range_1m_3m,1-3m,1940135.8485782,114348.34561217,80.58742861,9.72552685,182827287954.7689,221851324547.77686,19.80918209,18523124
2025-11-13,range_10y_inf,>10y,3366731.532952,96.20558087,84.46970118,16.8771566,338089595908.09406,323898362.7451136,0.0288875,12928157
2025-11-13,range_7y_10y,7-10y,1634615.52135479,5778.89356589,84.46970118,8.19419721,164149263364.45093,9446269119.067032,0.84248363,22779477
2025-11-13,range_5y_7y,5-7y,1076890.11174934,8418.27161695,84.46970118,5.39836422,108142077607.09723,9065553462.318188,0.80852877,51077707
2025-11-13,range_2y_3y,2-3y,1180760.34703236,24797.21884766,84.46970118,5.91905743,118572801153.06508,29279572731.996464,2.61135485,25421950
2025-11-13,range_3y_5y,3-5y,2502031.75165505,39900.85297869,84.46970118,12.54248558,251255823515.14954,99833201070.79823,8.9038155,19644574
2025-11-13,range_18m_2y,1.5-2y,1027261.75333527,55705.59251085,84.46970118,5.14958122,103158362250.65387,57224224633.27505,5.10365222,44673012
2025-11-13,range_12m_18m,1-1.5y,1365021.2872252,64865.07055977,84.46970118,6.84274282,137076416960.17996,88542202111.45142,7.8968061,81574623
2025-11-13,range_6m_12m,6-12m,2308253.76311997,94621.98082609,84.46970118,11.57109198,231796498885.762,218411543315.69287,19.47945236,33005503
2025-11-13,range_0d_1d,<1d,261867.27636154,100124.66220505,84.46970118,1.31271977,26296899761.709778,26219372588.25668,2.33842503,730590
2025-11-13,range_1d_1w,1d-1w,395487.62282823,103414.21297519,84.46970118,1.9825479,39715150816.14181,40899041256.209145,3.64765943,2460624
2025-11-13,range_1w_1m,1w-1m,1126741.69313112,108601.35057895,84.46970118,5.64826622,113148209174.10321,122365669627.65543,10.91341692,7916402
2025-11-13,range_3m_6m,3-6m,1820663.3206884,112155.36500863,84.46970118,9.12683999,182832316848.41495,204197159289.62537,18.21171526,18534247
2025-11-13,range_1m_3m,1-3m,1882126.31353769,114462.545281,84.46970118,9.43494907,189004474685.27646,215432968387.87167,19.21380244,18499253
2025-11-12,range_10y_inf,>10y,3366434.11963307,96.18543627,84.83839425,16.87606224,341738522808.8494,323801934.4794442,0.02886959,12920253
2025-11-12,range_7y_10y,7-10y,1631231.33626343,5776.49312254,84.83839425,8.17742471,165592008458.76965,9422796595.197954,0.84011945,22743392
2025-11-12,range_5y_7y,5-7y,1080524.80628803,8399.17551201,84.83839425,5.41671194,109687859033.29582,9075517493.098572,0.80915668,51095306
2025-11-12,range_2y_3y,2-3y,1190053.59075468,24721.4016446,84.83839425,5.9657839,120806509711.88435,29419792795.64998,2.62301536,25326463
2025-11-12,range_3y_5y,3-5y,2499834.18119193,39972.99263594,84.83839425,12.5317638,253766926661.47122,99925853315.86575,8.90920781,19629177
2025-11-12,range_18m_2y,1.5-2y,1027411.35402179,55607.5785793,84.83839425,5.15045218,104296126394.6302,57131857602.0324,5.09377278,44421070
2025-11-12,range_12m_18m,1-1.5y,1351931.19246072,64550.78685692,84.83839425,6.77728247,137239272248.43181,87268222249.75276,7.78067639,81707616
2025-11-12,range_6m_12m,6-12m,2340755.84314401,94577.92328975,84.83839425,11.73429805,237618327186.9304,221383826572.91022,19.73818038,33217491
2025-11-12,range_0d_1d,<1d,212297.2005805,102902.4932786,84.83839425,1.06425394,21551032678.67954,21845911255.800106,1.94774182,596402
2025-11-12,range_1d_1w,1d-1w,423070.71847317,103197.30396355,84.83839425,2.1208696,42947390989.03216,43659757532.35509,3.89262478,2397792
2025-11-12,range_1w_1m,1w-1m,1325590.55860293,109726.55805261,84.83839425,6.64523587,134565342213.11269,145452489382.53253,12.9682801,8078615
2025-11-12,range_3m_6m,3-6m,1831316.64682384,112151.52814071,84.83839425,9.18045998,185903369393.44232,205384960450.80704,18.3117505,18413356
2025-11-12,range_1m_3m,1-3m,1667531.99673286,114724.76494548,84.83839425,8.3594013,169277015693.4161,191307216364.2514,17.05660437,18354499
2025-11-11,range_10y_inf,>10y,3366221.41821764,96.16976885,85.70254733,16.87536872,346648621135.53186,323728735.6841463,0.02887457,12905436
2025-11-11,range_7y_10y,7-10y,1628474.48121693,5776.09401352,85.70254733,8.16378482,167697950709.12103,9406221702.13527,0.83897599,22711774
2025-11-11,range_5y_7y,5-7y,1082558.81269689,8381.05544368,85.70254733,5.42702837,111480343416.68275,9072985430.25388,0.80925341,51118586
2025-11-11,range_2y_3y,2-3y,1196114.82522343,24638.45825979,85.70254733,5.99630155,123174177622.28201,29470425195.183075,2.62857713,25267161
2025-11-11,range_3y_5y,3-5y,2494190.60013124,40035.66183249,85.70254733,12.50374851,256848146620.87643,99856571412.6263,8.90658,19611003
2025-11-11,range_18m_2y,1.5-2y,1028178.14785333,55491.02747852,85.70254733,5.15441,105880301071.7455,57054661855.33871,5.08891806,44217914
2025-11-11,range_12m_18m,1-1.5y,1331912.13613542,64084.4182327,85.70254733,6.67707367,137158388621.23625,85354814381.30823,7.61311421,81809305
2025-11-11,range_6m_12m,6-12m,2369222.89424635,94399.68199491,85.70254733,11.87726681,243979152710.6645,223653887791.91867,19.94852432,33263577
2025-11-11,range_1d_1w,1d-1w,518558.79484997,102776.57953355,85.70254733,2.59961238,53400435942.69091,53295699221.72194,4.75364217,2279995
2025-11-11,range_0d_1d,<1d,166550.79122334,103942.9439058,85.70254733,0.83494389,17151159996.234648,17311779549.59395,1.54410218,666486
2025-11-11,range_1w_1m,1w-1m,1260636.40302841,110371.40422951,85.70254733,6.31975782,129818516541.44553,139138210025.08746,12.41025584,8193096
2025-11-11,range_3m_6m,3-6m,1808800.99521976,111870.06749797,85.70254733,9.06778846,186267714746.31744,202350689425.6367,18.04841262,18392386
2025-11-11,range_1m_3m,1-3m,1696122.61992825,114888.73068494,85.70254733,8.502915,174664258355.95456,194865374889.56946,17.3807695,18299426
2025-11-10,range_10y_inf,>10y,3366003.38398279,96.15250547,88.05605223,16.87468015,357673692002.4129,323649658.7961324,0.02887888,12893406
2025-11-10,range_7y_10y,7-10y,1628560.50685318,5775.58495175,88.05605223,8.16441177,173051890532.04944,9405889556.396217,0.83927648,22677621
2025-11-10,range_5y_7y,5-7y,1080886.5777593,8363.31376247,88.05605223,5.41877509,114855705357.48418,9039793591.444351,0.80661017,51139344
2025-11-10,range_2y_3y,2-3y,1202131.53779853,24576.30762609,88.05605223,6.02660868,127739273062.81544,29543954479.958775,2.63617238,25088078
2025-11-10,range_3y_5y,3-5y,2490413.55257333,40076.94049234,88.05605223,12.48511286,264632951410.6937,99808155747.79407,8.90576457,19604520
2025-11-10,range_18m_2y,1.5-2y,1021311.37807438,55361.41867436,88.05605223,5.12010859,108525206189.09854,56541246798.46421,5.04510908,44129033
2025-11-10,range_12m_18m,1-1.5y,1328607.65145673,63786.37988472,88.05605223,6.66066745,141178706527.88782,84747072373.56398,7.56188178,81941781
2025-11-10,range_6m_12m,6-12m,2389681.51913465,94259.9780138,88.05605223,11.98011609,253929100524.99078,225251327453.6263,20.09891152,33332521
2025-11-10,range_1d_1w,1d-1w,572966.06889379,102453.07346764,88.05605223,2.87243299,60883744273.26439,58702134750.8419,5.23792257,2214088
2025-11-10,range_0d_1d,<1d,174586.21431676,105763.72600524,88.05605223,0.87524764,18551643811.335915,18464888535.29028,1.64760033,617495
2025-11-10,range_1w_1m,1w-1m,1167451.40350373,111034.58993869,88.05605223,5.85274784,124054139610.0726,129627487861.38692,11.56650857,8338913
2025-11-10,range_3m_6m,3-6m,1805939.08641884,111637.83366287,88.05605223,9.05365829,191900252876.92752,201611127334.90686,17.98952421,18289361
2025-11-10,range_1m_3m,1-3m,1718525.91420495,115009.80640236,88.05605223,8.61543256,182611672780.971,197647332690.14206,17.63583947,18269261
2025-11-09,range_10y_inf,>10y,3365078.33930434,96.08634637,86.91616329,16.87041267,351932065698.315,323338082.8725586,0.02887443,12886475
2025-11-09,range_7y_10y,7-10y,1629271.25157415,5772.16017313,86.91616329,8.16815408,170395081282.98334,9404414629.558504,0.83982399,22626383
2025-11-09,range_5y_7y,5-7y,1079319.91298721,8347.97634799,86.91616329,5.41103966,112879180876.79347,9010137105.53581,0.8046146,51171211
2025-11-09,range_2y_3y,2-3y,1216921.13993143,24450.43294906,86.91616329,6.10088674,127270014955.00192,29754248736.190052,2.65708531,24919618
2025-11-09,range_3y_5y,3-5y,2476613.74391845,40207.28182959,86.91616329,12.41620304,259013224344.20438,99577906784.76334,8.89241048,19592111
2025-11-09,range_18m_2y,1.5-2y,1025031.47422912,55229.57344526,86.91616329,5.13887114,107201499566.2238,56612051089.63917,5.05551495,44066724
2025-11-09,range_12m_18m,1-1.5y,1327827.4755406,63710.54594048,86.91616329,6.65690222,138869000730.18442,84596613381.45552,7.55456542,81915092
2025-11-09,range_6m_12m,6-12m,2397287.60413796,94169.69475915,86.91616329,12.01851104,250717009688.29465,225751841931.5761,20.15987392,33569483
2025-11-09,range_1d_1w,1d-1w,669593.2357281,102813.10729369,86.91616329,3.35692459,70028482806.77026,68842961188.04417,6.14774792,2210416
2025-11-09,range_0d_1d,<1d,87130.77470997,103971.85040224,86.91616329,0.43681959,9112451609.644669,9059147873.576393,0.80899131,655586
2025-11-09,range_1w_1m,1w-1m,1156679.57026984,111247.67514012,86.91616329,5.79887293,120969733679.44173,128677913074.59473,11.49107126,8306287
2025-11-09,range_3m_6m,3-6m,1805393.52841185,111498.44230907,86.91616329,9.05112178,188814586106.69452,201298566172.79456,17.976171,18248981
2025-11-09,range_1m_3m,1-3m,1710479.24422794,115113.15746819,86.91616329,8.57528052,178888106919.8754,196898666586.88678,17.5832554,18166626
2025-11-08,range_10y_inf,>10y,3364664.85820641,96.05402157,85.61883466,16.86871237,344715752213.3481,323189590.8546018,0.02886781,12877983
2025-11-08,range_7y_10y,7-10y,1629480.68305014,5770.56390977,85.61883466,8.1693845,166943123028.95352,9403022421.277866,0.83989291,22578344
2025-11-08,range_5y_7y,5-7y,1078668.40496762,8339.46142063,85.61883466,5.40789286,110511449513.399,8995513548.882082,0.80349357,51204001
2025-11-08,range_2y_3y,2-3y,1221573.98457893,24348.92440532,85.61883466,6.1243485,125152374077.11826,29744012606.021095,2.65678248,24825452
2025-11-08,range_3y_5y,3-5y,2469355.33634802,40278.64464532,85.61883466,12.38008737,252989738391.06598,99462286095.77626,8.88412946,19571583
2025-11-08,range_18m_2y,1.5-2y,1027185.00121516,55131.16369471,85.61883466,5.14978135,105236885478.36664,56629904446.7397,5.05827306,43796100
2025-11-08,range_12m_18m,1-1.5y,1327925.73836921,63679.72817042,85.61883466,6.65754192,136048295766.79524,84561950049.85925,7.55320776,81966096
2025-11-08,range_6m_12m,6-12m,2385497.62225117,94088.36769223,85.61883466,11.95966759,244398370093.7798,224447577411.298,20.04801431,33884967
2025-11-08,range_0d_1d,<1d,107854.46371045,102172.29785667,85.61883466,0.54072724,11049876928.109259,11019738391.395031,0.98430055,474267
2025-11-08,range_1d_1w,1d-1w,651695.70316048,102984.07554848,85.61883466,3.26726965,66767355441.43464,67114279528.89691,5.99475411,2273827
2025-11-08,range_3m_6m,3-6m,1805540.08199553,111343.25213231,85.61883466,9.05205648,184980713903.32135,201034704584.61896,17.9567393,18074826
2025-11-08,range_1w_1m,1w-1m,1180917.93709968,111508.86377787,85.61883466,5.92051983,120987091477.08478,131682817380.89369,11.76211852,8285466
2025-11-08,range_1m_3m,1-3m,1695826.85501816,115065.50281283,85.61883466,8.50201035,173740403453.67426,195131169756.16873,17.42942619,18211774
2025-11-07,range_10y_inf,>10y,3364913.32397803,96.09436172,86.09901465,16.87027522,348091043027.11816,323349198.1016743,0.02889247,12869710
2025-11-07,range_7y_10y,7-10y,1629097.78821357,5769.19979379,86.09901465,8.16761842,168525692549.49857,9398590623.818663,0.83979949,22544724
2025-11-07,range_5y_7y,5-7y,1077868.49774681,8324.43783166,86.09901465,5.40398413,111502536173.26451,8972649300.197895,0.80174003,51219141
2025-11-07,range_2y_3y,2-3y,1229733.33255064,24242.16292704,86.09901465,6.16537122,127212536299.95763,29811395804.510544,2.66376055,24675639
2025-11-07,range_3y_5y,3-5y,2462069.77915115,40349.61409192,86.09901465,12.34379337,254694357600.00153,99343565456.11632,8.87672193,19557223
2025-11-07,range_18m_2y,1.5-2y,1031636.81973793,55020.65513256,86.09901465,5.17219774,106719996039.36893,56761333680.84816,5.07183906,43614129
2025-11-07,range_12m_18m,1-1.5y,1322189.34889653,63600.16628352,86.09901465,6.62890722,136776857298.8492,84091462448.11182,7.51388905,82153371
2025-11-07,range_6m_12m,6-12m,2388538.1296095,93993.66973622,86.09901465,11.97513628,247087710379.0865,224507464106.87418,20.06058794,33977857
2025-11-07,range_0d_1d,<1d,291538.24280744,101960.73260194,86.09901465,1.46165144,30158830629.599182,29725452818.127808,2.65608122,622875
2025-11-07,range_1d_1w,1d-1w,474875.92512027,104065.51317628,86.09901465,2.38083029,49124610403.98011,49418206842.70198,4.41570301,2175655
2025-11-07,range_3m_6m,3-6m,1814053.10668131,111267.45744426,86.09901465,9.09490743,187658812341.9384,201845076849.29428,18.03561824,18060635
2025-11-07,range_1w_1m,1w-1m,1200043.78467049,111903.33557452,86.09901465,6.01652018,124141234101.78175,134288902340.10419,11.99921947,8240337
2025-11-07,range_1m_3m,1-3m,1659253.59080729,114906.80617823,86.09901465,8.31880707,171645227517.41812,190659530759.42798,17.03614754,18273493
2025-11-06,range_10y_inf,>10y,3364661.34597759,96.07182533,85.10612314,16.86938722,340851221297.416,323249157.1191352,0.02896469,12861336
2025-11-06,range_7y_10y,7-10y,1629729.73379189,5772.40510108,85.10612314,8.17096852,165096963119.8593,9407460228.72907,0.84295402,22506574
2025-11-06,range_5y_7y,5-7y,1078354.60203028,8311.18723493,85.10612314,5.40654154,109240855259.65977,8962407003.123892,0.8030751,51246392
2025-11-06,range_2y_3y,2-3y,1234420.23416796,24207.37166239,85.10612314,6.18900709,125050815266.56377,29882069396.0826,2.67757822,24496862
2025-11-06,range_3y_5y,3-5y,2502648.70082246,40231.65188823,85.10612314,12.54751836,253526515283.1843,100685691330.02113,9.02192585,19551268
2025-11-06,range_18m_2y,1.5-2y,1032022.47744616,54937.93545816,85.10612314,5.17424638,104547259195.77034,56697184257.30741,5.08034245,43213190
2025-11-06,range_12m_18m,1-1.5y,1318921.1122981,63502.93236809,85.10612314,6.61266875,133611031154.50002,83755358193.11165,7.50488596,82460779
2025-11-06,range_6m_12m,6-12m,2418019.60310109,93879.75923886,85.10612314,12.12321383,244953310330.4445,227003098173.98416,20.34057761,34204612
2025-11-06,range_0d_1d,<1d,219254.51686271,102229.91448789,85.10612314,1.09927537,22211201117.453365,22414370509.958427,2.00843621,567184
2025-11-06,range_1d_1w,1d-1w,480245.02096001,105363.26362874,85.10612314,2.40780227,48650394522.44262,50600182749.80107,4.53402157,2242173
2025-11-06,range_3m_6m,3-6m,1816528.06821895,111228.05753987,85.10612314,9.10751848,184020246588.4627,202048888494.6491,18.1045595,18046240
2025-11-06,range_1w_1m,1w-1m,1213552.95921449,112406.39605018,85.10612314,6.08438493,122936891925.79657,136411114561.3366,12.22309689,8225988
2025-11-06,range_1m_3m,1-3m,1637009.54507927,114733.59954365,85.10612314,8.20746728,165834431861.27798,187819997594.26315,16.82958192,18194543
2025-11-05,range_10y_inf,>10y,3364371.65906302,96.043534,86.22794518,16.86830482,349520765366.3717,323126143.8246949,0.02895246,12850949
2025-11-05,range_7y_10y,7-10y,1629074.16306673,5771.02827697,86.22794518,8.16786085,169242671742.23013,9401433060.334324,0.84237889,22471055
2025-11-05,range_5y_7y,5-7y,1076233.78194278,8285.88333318,86.22794518,5.39602676,111808710005.16864,8917547556.404558,0.79902221,51271200
2025-11-05,range_2y_3y,2-3y,1237416.49727742,24177.90208382,86.22794518,6.20416553,128553799946.65364,29918134908.0805,2.68069827,24395697
2025-11-05,range_3y_5y,3-5y,2504009.2688041,40217.74018923,86.22794518,12.55461521,260138690016.38263,100705594204.18623,9.02333359,19552634
2025-11-05,range_18m_2y,1.5-2y,1033579.17613579,54841.32537727,86.22794518,5.18216486,107377371265.31844,56682851901.6301,5.07884677,42752567
2025-11-05,range_12m_18m,1-1.5y,1303263.85223192,63333.76800456,86.22794518,6.53431135,135394607156.2405,82540610465.99164,7.39573078,82833321
2025-11-05,range_6m_12m,6-12m,2458963.34732714,93741.90783798,86.22794518,12.32876373,255458920197.00262,230507915482.10867,20.65376639,34343201
2025-11-05,range_0d_1d,<1d,241097.85017758,102711.43857865,86.22794518,1.20881771,25047382888.049732,24763507029.95858,2.21883786,501242
2025-11-05,range_1d_1w,1d-1w,470916.29691237,106945.17389995,86.22794518,2.36108268,48922961313.42069,50362225265.61298,4.51251157,2455002
2025-11-05,range_3m_6m,3-6m,1808005.36924387,111150.53090346,86.22794518,9.0649871,187831632317.52505,200960756667.77094,18.006308,18015800
2025-11-05,range_1w_1m,1w-1m,1195935.95597878,113041.83625979,86.22794518,5.99619016,124244433440.29391,135190796512.94301,12.11324619,8188046
2025-11-05,range_1m_3m,1-3m,1622063.20180946,114535.01483549,86.22794518,8.13270925,168514310909.08798,185783032883.34552,16.64636701,18135114
2025-11-04,range_10y_inf,>10y,3363819.48999313,95.99597652,85.12775322,16.86590103,340628522331.09784,322913136.7774423,0.0289298,12820681
2025-11-04,range_7y_10y,7-10y,1629258.90572685,5769.22678829,85.12775322,8.16896374,164982709447.84015,9399564123.978613,0.84210729,22450761
2025-11-04,range_5y_7y,5-7y,1074785.30065626,8269.62501614,85.12775322,5.38888087,108835367020.97957,8888071409.286448,0.79628264,51301708
2025-11-04,range_2y_3y,2-3y,1241047.08188362,24162.03595069,85.12775322,6.22250311,125671438346.47377,29986224208.975025,2.68646693,24291194
2025-11-04,range_3y_5y,3-5y,2504005.96878243,40216.70786627,85.12775322,12.55487013,253561719227.79074,100702876541.90773,9.0219744,19558929
2025-11-04,range_18m_2y,1.5-2y,1034422.31212114,54791.8832468,85.12775322,5.18650433,104748112879.52353,56677946553.62411,5.07777931,42478395
2025-11-04,range_12m_18m,1-1.5y,1290873.99749077,63248.79492371,85.12775322,6.47233097,130717032703.14792,81646224739.64102,7.31468827,83019772
2025-11-04,range_6m_12m,6-12m,2490571.49823779,93581.35073397,85.12775322,12.48751085,252201312147.82263,233071044904.61453,20.88084346,34500734
2025-11-04,range_0d_1d,<1d,278460.46444754,102964.53803193,85.12775322,1.39617677,28197582187.32197,28671553081.99677,2.56868549,522168
2025-11-04,range_1d_1w,1d-1w,424647.0156282,109353.47596341,85.12775322,2.12914354,43000787014.894135,46436627216.43164,4.16025913,2470145
2025-11-04,range_3m_6m,3-6m,1803963.94807551,111048.21762217,85.12775322,9.04491977,182673765878.20096,200326981088.4466,17.94730158,17817782
2025-11-04,range_1w_1m,1w-1m,1186570.78792192,113460.93626797,85.12775322,5.94936367,120155036658.02103,134629432545.84372,12.0614558,8305577
2025-11-04,range_1m_3m,1-3m,1622072.3990058,114320.47540771,85.12775322,8.13293122,164254986342.48447,185436087800.06705,16.6132259,18207955
2025-11-03,range_10y_inf,>10y,3363205.67793153,95.93384967,87.7339666,16.86316955,358270615499.8321,322645267.9177013,0.02889261,12811738
2025-11-03,range_7y_10y,7-10y,1629933.34644131,5766.41581192,87.7339666,8.17251308,173631136235.587,9398873421.292578,0.84166108,22410639
2025-11-03,range_5y_7y,5-7y,1073586.99289109,8254.72795563,87.7339666,5.38298315,114365492202.74458,8862168563.016468,0.79359962,51332423
2025-11-03,range_2y_3y,2-3y,1245306.0863793,24148.00944804,87.7339666,6.24398556,132658130598.542,30071663139.592735,2.69289173,24120564
2025-11-03,range_3y_5y,3-5y,2508137.21083054,40210.66029375,87.7339666,12.57584195,267183142612.6011,100853853354.82033,9.03137635,19566749
2025-11-03,range_18m_2y,1.5-2y,1034997.7989034,54739.11117261,87.7339666,5.18949628,110254719444.38176,56654859577.578926,5.07339424,42394550
2025-11-03,range_12m_18m,1-1.5y,1292087.73525899,63234.0717561,87.7339666,6.47854953,137641617112.07922,81703968566.54562,7.31652054,83072543
2025-11-03,range_6m_12m,6-12m,2515149.39092924,93547.07273444,87.7339666,12.61100114,267930125794.87915,235284863011.25092,21.06955834,34665487
2025-11-03,range_0d_1d,<1d,202117.4665593,107112.27409788,87.7339666,1.01342036,21530871460.70802,21649261478.068504,1.93867286,656721
2025-11-03,range_1d_1w,1d-1w,430067.42442115,110784.26560872,87.7339666,2.15636526,45813588465.56092,47644703776.73004,4.26654249,2543980
2025-11-03,range_3m_6m,3-6m,1779364.37085386,110888.36927205,87.7339666,8.92176273,189549504072.06775,197310813424.77917,17.66901467,17730730
2025-11-03,range_1w_1m,1w-1m,1200213.46457136,113431.74831933,87.7339666,6.0178904,127854570270.4779,136142311642.72429,12.19142762,8326969
2025-11-03,range_1m_3m,1-3m,1669922.82899989,114259.92619764,87.7339666,8.37302101,177891076870.14072,190805259197.27805,17.08644785,18120300
2025-11-02,range_10y_inf,>10y,3362304.12636756,95.85527609,91.75623553,16.85902427,371919762300.5295,322294590.3282792,0.02887563,12798504
2025-11-02,range_7y_10y,7-10y,1632399.09478084,5769.08750005,91.75623553,8.18505849,180567093425.42093,9417453212.786303,0.84374649,22369493
2025-11-02,range_5y_7y,5-7y,1076423.44026953,8240.67691573,91.75623553,5.39732523,119068095863.25836,8870457795.779144,0.79473903,51367260
2025-11-02,range_2y_3y,2-3y,1349091.5853998,23906.79106309,91.75623553,6.76451829,149229160392.9369,32252450657.131,2.88962327,23897205
2025-11-02,range_3y_5y,3-5y,2408744.60875641,41006.08532819,91.75623553,12.07775451,266442204114.1178,98773186960.4827,8.84947635,19572463
2025-11-02,range_18m_2y,1.5-2y,1035963.37458318,54705.63494974,91.75623553,5.19445327,114592623851.45438,56673034191.24389,5.07755891,42427834
2025-11-02,range_12m_18m,1-1.5y,1294494.24250516,63227.99026265,91.75623553,6.49076021,143189899806.0154,81848269360.17043,7.33310675,83044863
2025-11-02,range_6m_12m,6-12m,2512508.25986804,93512.40501313,91.75623553,12.59803876,277919973823.9521,234950689995.60327,21.05015175,34863549
2025-11-02,range_0d_1d,<1d,85415.30689465,110238.42441665,91.75623553,0.42828331,9448175847.020994,9416048853.131186,0.84362066,566288
2025-11-02,range_3m_6m,3-6m,1778033.27933691,110774.62146618,91.75623553,8.91528698,196676353405.25534,196960963472.8103,17.64650349,17644366
2025-11-02,range_1d_1w,1d-1w,512412.19273249,111167.74776386,91.75623553,2.56930048,56680244784.05776,56963709392.812515,5.10360164,2658397
2025-11-02,range_1w_1m,1w-1m,1229096.80802677,113508.40265284,91.75623553,6.16284909,135955991934.46782,139512815384.8245,12.49949909,8211147
2025-11-02,range_1m_3m,1-3m,1666759.72544962,114105.15487955,91.75623553,8.35734711,184367879169.5217,190185876619.42667,17.03949694,18124034
2025-11-01,range_10y_inf,>10y,3361714.90656193,95.80114389,91.18779067,16.85647924,369964206933.7793,322056133.4957097,0.02886081,12788077
2025-11-01,range_7y_10y,7-10y,1632168.16850858,5766.6547809,91.18779067,8.18409937,179623739320.11826,9412150372.15913,0.84346256,22336205
2025-11-01,range_5y_7y,5-7y,1006321.73652541,7848.2093713,91.18779067,5.04594885,110747946664.69981,7897823683.14122,0.70775735,51392912
2025-11-01,range_2y_3y,2-3y,1348750.66617668,23885.60545844,91.18779067,6.76297314,148433012445.3608,32215726274.102097,2.88698734,23810383
2025-11-01,range_3y_5y,3-5y,2479344.13670785,40231.82385447,91.18779067,12.43205154,272857340003.03375,99748536582.65508,8.9388878,19566107
2025-11-01,range_18m_2y,1.5-2y,1035560.60152627,54635.62537719,91.18779067,5.19255983,113965748828.87857,56578501080.36912,5.07023853,42139366
2025-11-01,range_12m_18m,1-1.5y,1295418.2650613,63216.2543709,91.18779067,6.49555114,142563663011.8287,81891490560.8199,7.33864246,83100119
2025-11-01,range_6m_12m,6-12m,2502373.75763677,93477.11911952,91.18779067,12.54752781,275391801038.478,233914689824.18323,20.96208365,35131056
2025-11-01,range_0d_1d,<1d,107929.738795,110091.22441608,91.18779067,0.5411867,11877907951.063944,11882117094.849405,1.06480671,567759
2025-11-01,range_3m_6m,3-6m,1761399.83377018,110573.4842507,91.18779067,8.83209926,193845971686.07953,194764116778.57648,17.45363538,17460544
2025-11-01,range_1d_1w,1d-1w,499668.05725567,111339.42216144,91.18779067,2.5054606,54989581707.805855,55632752767.377495,4.98548602,2905893
2025-11-01,range_1w_1m,1w-1m,1263594.52887857,113825.94168388,91.18779067,6.33597897,139061390021.4773,143829837156.20355,12.88919939,8132968
2025-11-01,range_1m_3m,1-3m,1648917.27256675,113895.62876711,91.18779067,8.26808357,181467015496.70206,187804469543.94296,16.82995199,18291560
2025-10-31,range_10y_inf,>10y,3360819.48782046,95.70406454,90.83637006,16.8523538,368379075195.27576,321644085.1833079,0.0288443,12777310
2025-10-31,range_7y_10y,7-10y,1632792.46999957,5764.3325517,90.83637006,8.18740682,178970213147.1287,9411958784.988405,0.84404277,22298522
2025-10-31,range_5y_7y,5-7y,1005186.18965924,7838.15325295,90.83637006,5.04036392,110178353906.73482,7878803402.294952,0.70655293,51426913
2025-10-31,range_2y_3y,2-3y,1349825.59462534,23867.47894636,90.83637006,6.76850946,147954243310.3029,32216933960.978035,2.88914039,23748647
2025-10-31,range_3y_5y,3-5y,2485273.90405763,40214.6994437,90.83637006,12.46205435,272410614643.7017,99944543086.94235,8.96279629,19564073
2025-10-31,range_18m_2y,1.5-2y,1036940.65879287,54569.31378092,90.83637006,5.19959222,113658957972.24791,56585140181.8611,5.07442496,41678078
2025-10-31,range_12m_18m,1-1.5y,1292586.73346621,63191.48713639,90.83637006,6.48149329,141680297680.24307,81680477940.4928,7.32491702,83311154
2025-10-31,range_6m_12m,6-12m,2495011.56817738,93422.52433882,90.83637006,12.51088249,273477958997.06415,233090278953.68283,20.90299903,35317590
2025-10-31,range_0d_1d,<1d,213442.16392798,109590.79751798,90.83637006,1.07027553,23395373432.108627,23391296968.829994,2.0976776,662187
2025-10-31,range_3m_6m,3-6m,1772167.6448265,110418.19781193,90.83637006,8.88628391,194247111592.2817,195679557562.34763,17.54809175,17521323
2025-10-31,range_1d_1w,1d-1w,390862.27535804,111941.01691357,90.83637006,1.95992358,42842373429.13429,43753520576.73005,3.92371489,2924802
2025-10-31,range_1m_3m,1-3m,1623582.60854289,113767.18508741,90.83637006,8.14122527,177960721188.87756,184710423130.80246,16.56440506,18263136
2025-10-31,range_1w_1m,1w-1m,1284239.12071685,114028.53300731,90.83637006,6.43963536,140765316713.29688,146439902965.93405,13.13239301,7912186
2025-10-30,range_10y_inf,>10y,3360359.83896113,95.64843431,89.63571444,16.85041862,363981417510.1415,321413157.3196949,0.02883792,12766724
2025-10-30,range_7y_10y,7-10y,1632804.13956172,5762.07649796,89.63571444,8.18764495,176859144173.62976,9408342358.33833,0.84413789,22253663
2025-10-30,range_5y_7y,5-7y,1005039.76321074,7829.61780619,89.63571444,5.03974025,108862090727.93694,7869077225.9595175,0.70603152,51467233
2025-10-30,range_2y_3y,2-3y,1346021.07580054,23814.02290368,89.63571444,6.74958031,145795891704.22568,32054176727.952156,2.87597369,23629629
2025-10-30,range_3y_5y,3-5y,2486479.35283567,40219.38886683,89.63571444,12.46837243,269326001626.84396,100004680001.03969,8.97264751,19559526
2025-10-30,range_18m_2y,1.5-2y,1046946.53283096,54402.35310576,89.63571444,5.24988043,113401272881.22508,56956354961.92613,5.1102538,41235414
2025-10-30,range_12m_18m,1-1.5y,1287689.21842389,63146.49423253,89.63571444,6.45707705,139477606415.91074,81313059804.49622,7.2955928,83558119
2025-10-30,range_6m_12m,6-12m,2509003.98710678,93353.50475062,89.63571444,12.5813215,271765784478.62054,234224315629.6945,21.01513871,35539920
2025-10-30,range_0d_1d,<1d,216047.91222766,108587.49087927,89.63571444,1.08336545,23401489456.867638,23460100698.506863,2.10489363,699834
2025-10-30,range_3m_6m,3-6m,1779951.59768026,110339.51472507,89.63571444,8.92551125,192797598076.1018,196398995522.14658,17.62136489,17584833
2025-10-30,range_1d_1w,1d-1w,377309.09146004,112755.33042491,89.63571444,1.89200456,40868688036.56046,42543611279.89965,3.81710964,2983911
2025-10-30,range_1m_3m,1-3m,1595357.77283441,113657.54976412,89.63571444,7.99987132,172803095924.2778,181324455457.4976,16.26884285,18129491
2025-10-30,range_1w_1m,1w-1m,1299282.63703716,114426.0900312,89.63571444,6.51521188,140733361496.57825,148671832001.58563,13.33917515,7696531
2025-10-29,range_10y_inf,>10y,3359968.00870014,95.62024223,91.13350588,16.84887624,369547371682.7441,321280954.8820078,0.02886608,12754853
2025-10-29,range_7y_10y,7-10y,1632918.8961337,5760.67994642,91.13350588,8.1884257,179597211840.93887,9406723139.089375,0.84516433,22210538
2025-10-29,range_5y_7y,5-7y,1004156.15749383,7819.07535714,91.13350588,5.03543569,110442500583.34581,7851572665.779142,0.70543897,51508057
2025-10-29,range_2y_3y,2-3y,1349600.09810671,23802.24033495,91.13350588,6.76769688,148436285043.992,32123505891.205326,2.88619542,23569456
2025-10-29,range_3y_5y,3-5y,2487809.4681052,40208.81830673,91.13350588,12.47535504,273622679681.82034,100031878884.79619,8.98754798,19553726
2025-10-29,range_18m_2y,1.5-2y,1055976.66555068,54199.95945558,91.13350588,5.29529451,116141999061.33339,57233892458.88233,5.14228424,41014182
2025-10-29,range_12m_18m,1-1.5y,1292017.23947464,63075.5351732,91.13350588,6.47894221,142103012225.21512,81494678832.86223,7.32203918,83392664
2025-10-29,range_6m_12m,6-12m,2532163.53686311,93283.48227303,91.13350588,12.6977727,278500978966.36096,236209032403.3893,21.22263458,35881585
2025-10-29,range_3m_6m,3-6m,1782335.78822414,110163.75402611,91.13350588,8.93769079,196030886094.39932,196348801365.86273,17.64131887,17594393
2025-10-29,range_0d_1d,<1d,174129.34741427,111785.42506892,91.13350588,0.87318802,19151683141.968193,19465123117.678192,1.74887976,490393
2025-10-29,range_1d_1w,1d-1w,389120.02309329,112337.87250591,91.13350588,1.95127903,42797515164.10561,43712915543.75001,3.92746722,3085799
2025-10-29,range_1m_3m,1-3m,1597666.60317437,113652.02449307,91.13350588,8.01164975,175719974862.7361,181578043915.72684,16.31421303,17983190
2025-10-29,range_1w_1m,1w-1m,1283931.08763688,114669.53363042,91.13350588,6.43839344,141213653710.21313,147227779032.92505,13.22795035,7787621
2025-10-28,range_10y_inf,>10y,3359616.96791003,95.59649249,94.077524,16.84744064,379818443152.311,321167598.2267546,0.02889457,12740230
2025-10-28,range_7y_10y,7-10y,1632878.28757384,5759.44244193,94.077524,8.18837989,184603570873.53424,9404468511.956568,0.84609438,22167791
2025-10-28,range_5y_7y,5-7y,1003525.45889724,7811.20481425,94.077524,5.03236999,113452658771.14879,7838742895.764898,0.70523032,51550047
2025-10-28,range_2y_3y,2-3y,1351533.43627735,23788.72700335,94.077524,6.77752243,152796384390.95514,32151259951.50406,2.89256118,23491435
2025-10-28,range_3y_5y,3-5y,2496204.78163326,40189.43396613,94.077524,12.51769541,282206163085.04407,100321057237.38272,9.02561193,19554880
2025-10-28,range_18m_2y,1.5-2y,1044410.14444788,54103.40575678,94.077524,5.23739405,118074839740.86691,56506145821.559044,5.08370384,40705023
2025-10-28,range_12m_18m,1-1.5y,1306681.37580526,62942.79219936,94.077524,6.55260321,147725675454.96588,82246174308.0873,7.399464,83441335
2025-10-28,range_6m_12m,6-12m,2538143.51116002,93225.92362643,94.077524,12.72800517,286947508038.5877,236620773124.33182,21.28812565,36121473
2025-10-28,range_3m_6m,3-6m,1789524.29206446,109924.95624827,94.077524,8.97391119,202313042554.36978,196713379510.3975,17.69776628,17455863
2025-10-28,range_1d_1w,1d-1w,408496.12086575,110738.36860811,94.077524,2.04848178,46182157711.12347,45236194007.414734,4.06977701,3033792
2025-10-28,range_1m_3m,1-3m,1593843.41403859,113703.17843329,94.077524,7.99263207,180190518720.14273,181225062101.14734,16.30432461,18061306
2025-10-28,range_0d_1d,<1d,186143.30641649,114234.05668052,94.077524,0.93345115,21044262343.488724,21263905015.880352,1.91305554,705179
2025-10-28,range_1w_1m,1w-1m,1230407.44788079,115138.25555145,94.077524,6.17011303,139102595849.7317,141666967166.50586,12.74539069,7691913
2025-10-27,range_10y_inf,>10y,3359558.00948761,95.58350813,94.94115061,16.84757269,383505103507.6877,321118340.3164622,0.02894698,12728649
2025-10-27,range_7y_10y,7-10y,1633409.38183583,5757.73017316,94.94115061,8.19125112,186459299789.53333,9404730482.923615,0.84778248,22123661
2025-10-27,range_5y_7y,5-7y,1003094.99151989,7802.55779191,94.94115061,5.03033903,114506743882.52359,7826706642.106348,0.70553269,51590919
2025-10-27,range_2y_3y,2-3y,1357625.75190646,23782.22924163,94.94115061,6.80824635,154977649750.1224,32287366856.173397,2.91052083,23416583
2025-10-27,range_3y_5y,3-5y,2506836.97711231,40153.60513158,94.94115061,12.57133173,286164064341.0063,100658542108.2218,9.07378991,19565598
2025-10-27,range_18m_2y,1.5-2y,1044974.20869217,54033.37677862,94.94115061,5.24035569,119287400585.3158,56463485142.20051,5.08985915,40424837
2025-10-27,range_12m_18m,1-1.5y,1303069.29422439,62896.90961821,94.94115061,6.53465563,148749842434.01477,81959031625.09259,7.38813635,83333484
2025-10-27,range_6m_12m,6-12m,2547532.11530379,93182.45631153,94.94115061,12.77541045,290809554354.963,237385300036.515,21.39892248,36548210
2025-10-27,range_3m_6m,3-6m,1777451.41929905,109626.5016925,94.94115061,8.91359575,202902193863.92844,194855781026.11575,17.56513041,17320577
2025-10-27,range_1d_1w,1d-1w,446886.10490134,110086.59395661,94.94115061,2.24105258,51013586142.08737,49196169175.12518,4.43475232,2974481
2025-10-27,range_1m_3m,1-3m,1628176.15773247,113808.24187519,94.94115061,8.16500745,185861909256.08514,185299865974.6318,16.70371951,17878670
2025-10-27,range_0d_1d,<1d,161480.2393506,115052.09134331,94.94115061,0.80979405,18433524806.450115,18578639247.90457,1.67475771,638804
2025-10-27,range_1w_1m,1w-1m,1170807.64360505,115387.20585439,94.94115061,5.87138749,133651720041.83623,135096222588.54848,12.17814917,7884143
2025-10-26,range_10y_inf,>10y,3358944.32413143,95.54120156,95.42265715,16.84488322,384883669632.54694,320917576.6939897,0.02896474,12714868
2025-10-26,range_7y_10y,7-10y,1633358.03718238,5755.84278275,95.42265715,8.19118233,187157861075.03528,9401352069.955196,0.84852866,22087680
2025-10-26,range_5y_7y,5-7y,1002141.65348185,7790.66981874,95.42265715,5.02567399,114830113233.10953,7807354733.880017,0.70466079,51628173
2025-10-26,range_2y_3y,2-3y,1359996.51950489,23773.09408971,95.42265715,6.82029243,155834810167.59253,32331325219.873898,2.91809686,23247954
2025-10-26,range_3y_5y,3-5y,2513893.77370606,40131.63674549,95.42265715,12.60701071,288053795277.06067,100886671743.12685,9.10562985,19563810
2025-10-26,range_18m_2y,1.5-2y,1042305.96007517,53976.33903851,95.42265715,5.22709533,119432328756.25044,56259859882.87427,5.07779125,40216765
2025-10-26,range_12m_18m,1-1.5y,1307360.07848808,62871.40877807,95.42265715,6.55632417,149803478707.4661,82195569914.75824,7.41864531,83230620
2025-10-26,range_6m_12m,6-12m,2546459.1838785,93144.87286571,95.42265715,12.77032408,291785293438.6144,237189616940.07065,21.40779171,36989574
2025-10-26,range_3m_6m,3-6m,1757944.3719486,109434.00040787,95.42265715,8.81597454,201433550423.73895,192378885116.8319,17.36335323,17301183
2025-10-26,range_1d_1w,1d-1w,491909.87674569,110001.26911804,95.42265715,2.46689544,56365351795.26451,54110710733.72464,4.8838176,2811080
2025-10-26,range_0d_1d,<1d,100781.11781484,113448.88181231,95.42265715,0.50541063,11547975408.69508,11433505123.888577,1.03194271,737792
2025-10-26,range_1m_3m,1-3m,1645189.42517055,113924.39416004,95.42265715,8.25051596,188513557265.95407,187427208541.0556,16.91643459,17709214
2025-10-26,range_1w_1m,1w-1m,1180158.59784292,115422.03916664,95.42265715,5.91841717,135228133620.11867,136216311903.07585,12.29434269,7998237
2025-10-25,range_10y_inf,>10y,3358473.34376989,95.51205971,93.25612157,16.8429093,374858454583.9932,320774706.5394279,0.0289768,12699030
2025-10-25,range_7y_10y,7-10y,1633757.71705816,5754.17402072,93.25612157,8.19337545,182353060540.78836,9400926211.652054,0.84922156,22056678
2025-10-25,range_5y_7y,5-7y,1000687.02439395,7779.45773233,93.25612157,5.01849474,111692412918.03815,7784802409.567886,0.70323093,51664823
2025-10-25,range_2y_3y,2-3y,1362865.15557939,23746.35824376,93.25612157,6.83483591,152117189488.6617,32363084222.322926,2.92348097,23163921
2025-10-25,range_3y_5y,3-5y,2517429.03312343,40132.75649991,93.25612157,12.62503064,280984679730.17883,101031366392.15666,9.12654911,19558047
2025-10-25,range_18m_2y,1.5-2y,1040682.85107695,53872.88453143,93.25612157,5.21907578,116156576317.75987,56064587069.90893,5.06452823,39979255
2025-10-25,range_12m_18m,1-1.5y,1309097.08816391,62859.0611694,93.25612157,6.5651864,146115827383.25034,82288613941.57666,7.43344471,83165886
2025-10-25,range_6m_12m,6-12m,2530349.31840237,93093.53833457,93.25612157,12.68982651,282426786805.8334,235559171272.5394,21.27895941,37206225
2025-10-25,range_3m_6m,3-6m,1760390.19416077,109146.94731981,93.25612157,8.82844357,196487236938.1937,192141215784.3758,17.3568497,17208402
2025-10-25,range_1d_1w,1d-1w,489619.45459777,109775.57472965,93.25612157,2.45546569,54649232939.498665,53748257027.2897,4.85528529,2786809
2025-10-25,range_0d_1d,<1d,104297.00143418,111443.35723273,93.25612157,0.5230546,11641185971.562677,11623207989.132088,1.04996876,703143
2025-10-25,range_1m_3m,1-3m,1619109.63273546,114121.85698869,93.25612157,8.11991459,180718103913.2453,184775797956.04626,16.69150338,17864759
2025-10-25,range_1w_1m,1w-1m,1213225.73047473,115315.16099016,93.25612157,6.08438682,135415075790.59528,139903320427.0994,12.63800115,7860139
2025-10-24,range_10y_inf,>10y,3358135.94638891,95.48779801,92.48093133,16.84163955,372635954854.0488,320661006.9315597,0.02897785,12688026
2025-10-24,range_7y_10y,7-10y,1634032.77930505,5752.93356412,92.48093133,8.19496039,181320641778.63846,9400482020.935122,0.84951318,22023646
2025-10-24,range_5y_7y,5-7y,999652.34937596,7771.92990625,92.48093133,5.0134315,110926541890.7087,7769227989.964467,0.70209821,51690970
2025-10-24,range_2y_3y,2-3y,1360430.06041739,23711.08037983,92.48093133,6.82279487,150960283523.04102,32257266513.692673,2.91506041,23098574
2025-10-24,range_3y_5y,3-5y,2518019.72894962,40126.3411882,92.48093133,12.62830967,279412358825.8713,101038918762.45271,9.13079699,19554442
2025-10-24,range_18m_2y,1.5-2y,1043901.82509488,53751.27520143,92.48093133,5.23535037,115836690228.81924,56111054283.95093,5.07070594,39623357
2025-10-24,range_12m_18m,1-1.5y,1308347.14953402,62847.35113756,92.48093133,6.56158996,145180897119.85718,82226152716.59148,7.4307041,83305511
2025-10-24,range_6m_12m,6-12m,2532889.10838948,93077.71731419,92.48093133,12.70288221,281062341284.6272,235755536418.86118,21.3050176,37393159
2025-10-24,range_3m_6m,3-6m,1766921.09969292,109010.36197703,92.48093133,8.86141858,196066610062.00522,192612708662.38568,17.40623873,17118302
2025-10-24,range_1d_1w,1d-1w,393141.30399458,109263.16353915,92.48093133,1.97167245,43624971575.11443,42955862592.35432,3.881883,2855866
2025-10-24,range_0d_1d,<1d,192412.3104625,110743.25666331,92.48093133,0.96498142,21351054924.374924,21308365882.729576,1.92561802,861880
2025-10-24,range_1m_3m,1-3m,1581845.01206381,114234.57782356,92.48093133,7.93322961,175529619977.2274,180701397135.4132,16.32982413,17975532
2025-10-24,range_1w_1m,1w-1m,1249754.87130184,115314.77108002,92.48093133,6.26773943,138679197994.3049,144115196890.3054,13.02356184,7553978
2025-10-23,range_10y_inf,>10y,3357049.65014062,95.42103389,91.87720555,16.83666391,369527865669.194,320333148.4207434,0.028963,12679654
2025-10-23,range_7y_10y,7-10y,1634783.47898994,5748.79662813,91.87720555,8.19895529,179949096015.63614,9398037751.74058,0.84972593,21994672
2025-10-23,range_5y_7y,5-7y,1001037.26593553,7767.28064143,91.87720555,5.02051794,110189363544.5597,7775337377.054919,0.70300907,51712466
2025-10-23,range_2y_3y,2-3y,1359424.04845831,23686.2029792,91.87720555,6.81794081,149638855399.4523,32199593946.58813,2.91133432,22985942
2025-10-23,range_3y_5y,3-5y,2520782.30651821,40117.53344479,91.87720555,12.64251915,277475582020.4576,101127568488.7827,9.14347434,19556318
2025-10-23,range_18m_2y,1.5-2y,1046290.59783686,53670.7022403,91.87720555,5.24747769,115170632484.45091,56155151133.33176,5.077282,39259121
2025-10-23,range_12m_18m,1-1.5y,1304300.74685766,62823.73156756,91.87720555,6.54148005,143571147706.09894,81941040003.95326,7.40871958,83316477
2025-10-23,range_6m_12m,6-12m,2543992.73226738,93038.26859373,91.87720555,12.75892676,280030473958.9801,236688679125.18893,21.40026599,37676841
2025-10-23,range_1d_1w,1d-1w,391970.40744729,108702.95119828,91.87720555,1.96585535,43146215625.203575,42608340071.91169,3.8524437,2931215
2025-10-23,range_3m_6m,3-6m,1768120.98727297,108917.25859292,91.87720555,8.867685,194626247081.1298,192578890794.3772,17.41206847,16927562
2025-10-23,range_0d_1d,<1d,188776.16876647,109711.6114562,91.87720555,0.94677209,20779571946.622593,20710937679.896065,1.8725846,603219
2025-10-23,range_1m_3m,1-3m,1559340.22347999,114286.27471434,91.87720555,7.82058355,171644665610.03885,178211185153.75198,16.11300878,18119019
2025-10-23,range_1w_1m,1w-1m,1263055.55599973,115824.69402578,91.87720555,6.3346224,139031075638.29053,146293023311.22787,13.22712021,7569296
2025-10-22,range_10y_inf,>10y,3360515.43296031,95.2982166,89.68709955,16.85442101,362225596894.4528,320251127.6305555,0.02897875,12671964
2025-10-22,range_7y_10y,7-10y,1634961.16029906,5745.67988598,89.68709955,8.20002892,176230341447.01956,9393963453.094746,0.85003698,21955893
2025-10-22,range_5y_7y,5-7y,1000134.99227911,7755.6904969,89.68709955,5.01610439,107803252739.17833,7756737455.232787,0.70188837,51738248
2025-10-22,range_2y_3y,2-3y,1357735.31790442,23658.50031402,89.68709955,6.80962285,146348527707.65918,32121981445.001076,2.90664023,22931185
2025-10-22,range_3y_5y,3-5y,2524284.12805311,40093.87212339,89.68709955,12.66036365,272089309885.94284,101208325033.25754,9.15809599,19561595
2025-10-22,range_18m_2y,1.5-2y,1048280.43909145,53581.2701704,89.68709955,5.25757438,112992787962.9423,56168197421.30105,5.08252403,38920433
2025-10-22,range_12m_18m,1-1.5y,1305448.46111821,62819.63894304,89.68709955,6.54738191,140712595277.96176,82007800986.1927,7.42068711,83292681
2025-10-22,range_6m_12m,6-12m,2549626.46956126,93027.58521549,89.68709955,12.78746633,274820927985.19565,237185593664.7878,21.4623494,38070490
2025-10-22,range_0d_1d,<1d,216741.01949936,108028.34637658,89.68709955,1.08704884,23362233182.934223,23414173928.490864,2.11869184,668982
2025-10-22,range_3m_6m,3-6m,1741593.01461592,108636.89471626,89.68709955,8.73483324,187724050625.98978,189201256967.39816,17.1203631,16813460
2025-10-22,range_1d_1w,1d-1w,361128.53409452,109234.00995531,89.68709955,1.81121393,38925575980.103294,39447517888.42676,3.56951027,2891445
2025-10-22,range_1m_3m,1-3m,1574416.62212006,114383.96164589,89.68709955,7.89637219,169704324257.6659,180088010519.2351,16.29572752,18084762
2025-10-22,range_1w_1m,1w-1m,1263614.82837417,116182.77772372,89.68709955,6.33756837,136203402300.49503,146810280733.39154,13.28450642,7530207
2025-10-21,range_10y_inf,>10y,3360501.11112418,95.29962806,90.401706,16.85475336,364546775289.52484,320254505.9913384,0.0290244,12659576
2025-10-21,range_7y_10y,7-10y,1635182.88672644,5744.88444554,90.401706,8.20133764,177384452095.99353,9393936731.573877,0.8513647,21933502
2025-10-21,range_5y_7y,5-7y,996745.74567213,7734.45615171,90.401706,4.99922575,108126864224.35783,7709286264.304968,0.69868622,51757279
2025-10-21,range_2y_3y,2-3y,1374048.52205926,23632.85680145,90.401706,6.8916058,149056626153.13773,32472691960.07284,2.94297315,22910750
2025-10-21,range_3y_5y,3-5y,2532827.77500447,40055.60967462,90.401706,12.70351832,274760866671.08438,101453960728.61203,9.19468836,19564800
2025-10-21,range_18m_2y,1.5-2y,1049602.43922939,53492.2639898,90.401706,5.26433102,113860752281.99928,56145610763.59305,5.08843016,38438131
2025-10-21,range_12m_18m,1-1.5y,1304389.37897519,62806.76833782,90.401706,6.54222705,141500010297.04764,81924481547.60187,7.42474785,83336447
2025-10-21,range_6m_12m,6-12m,2542191.70415486,92988.88033201,90.401706,12.75048356,275776664631.84515,236395560158.69708,21.42433365,38452427
2025-10-21,range_3m_6m,3-6m,1753126.75478478,108339.07043765,90.401706,8.79289073,190178989381.9692,189932122972.76254,17.21339086,16794366
2025-10-21,range_1d_1w,1d-1w,394440.74507733,109527.34640719,90.401706,1.97833634,42788886807.609406,43202048123.192894,3.91536581,2946658
2025-10-21,range_0d_1d,<1d,207475.93231741,110837.81427002,90.401706,1.04060542,22506965352.913586,22996178851.69724,2.08412463,579464
2025-10-21,range_1m_3m,1-3m,1530354.8413698,114478.11329703,90.401706,7.67556759,166012717753.11057,175192134914.99713,15.87751796,18015242
2025-10-21,range_1w_1m,1w-1m,1257114.45847572,116345.19300275,90.401706,6.30511743,136371632340.82513,146259224297.90643,13.25535225,7499089
2025-10-20,range_10y_inf,>10y,3360312.6452104,95.29028563,92.04654959,16.85420435,371419245460.2225,320205151.7717988,0.02904637,12666238
2025-10-20,range_7y_10y,7-10y,1631963.70897014,5741.92623766,92.04654959,8.18538414,180382837373.218,9370615239.440819,0.85002487,21912771
2025-10-20,range_5y_7y,5-7y,998716.7894713,7718.59886125,92.04654959,5.00922939,110389322524.08322,7708694273.9279375,0.69926911,51778668
2025-10-20,range_2y_3y,2-3y,1374881.74577969,23623.74611563,92.04654959,6.895947,151967270468.8322,32479857301.313644,2.94630455,22883936
2025-10-20,range_3y_5y,3-5y,2537469.21617254,40034.42589819,92.04654959,12.72709691,280469408997.6072,101586123303.79823,9.21505458,19572384
2025-10-20,range_18m_2y,1.5-2y,1048851.68920322,53418.36664157,92.04654959,5.26068928,115930791011.0096,56027944086.49198,5.08239261,37896026
2025-10-20,range_12m_18m,1-1.5y,1271214.65769655,62665.05334882,92.04654959,6.37598756,140508827252.31198,79660734342.35214,7.22616427,83300347
2025-10-20,range_6m_12m,6-12m,2581065.22485129,92603.78694587,92.04654959,12.94575991,285288126289.1718,239016414175.53134,21.68159617,38918274
2025-10-20,range_3m_6m,3-6m,1737757.68279422,108015.79638263,92.04654959,8.71601133,192076367732.0629,187705280027.05707,17.02707362,16864349
2025-10-20,range_1d_1w,1d-1w,683486.21919985,110641.77620038,92.04654959,3.42813828,75546522785.46347,75622129300.75266,6.85981536,3248379
2025-10-20,range_0d_1d,<1d,129561.57134265,110813.45194359,92.04654959,0.64983751,14320590418.072481,14357164959.714802,1.3023635,517663
2025-10-20,range_1m_3m,1-3m,1553695.94054178,114553.30135081,92.04654959,7.79281919,171731810351.98178,177980999284.41333,16.14496714,17896253
2025-10-20,range_1w_1m,1w-1m,1028556.45373733,117209.81439555,92.04654959,5.15889516,113687535147.92117,120556911037.90253,10.93592785,7374360
2025-10-19,range_10y_inf,>10y,3358876.33915646,95.21696389,90.60528356,16.84739377,364735943371.76624,319822007.0983488,0.0290225,12658464
2025-10-19,range_7y_10y,7-10y,1633514.54125701,5737.04903284,90.60528356,8.19335395,177381185568.2968,9371553019.047094,0.85042889,21884673
2025-10-19,range_5y_7y,5-7y,997094.59704554,7706.94445554,90.60528356,5.00120981,108273184768.57916,7684552676.351072,0.69734073,51797479
2025-10-19,range_2y_3y,2-3y,1375215.01410934,23614.43580353,90.60528356,6.89777965,149332781222.94763,32474926666.73305,2.94696256,22867646
2025-10-19,range_3y_5y,3-5y,2539589.25051305,40018.73521987,90.60528356,12.73802778,275770640992.18896,101631149783.51105,9.22259798,19574331
2025-10-19,range_18m_2y,1.5-2y,1048369.69084911,53355.64918564,90.60528356,5.25839454,113841079451.66167,55936445441.80513,5.07599638,36974225
2025-10-19,range_12m_18m,1-1.5y,1238507.88962073,62511.5844308,90.60528356,6.21208642,134487935214.55995,77421090510.23627,7.02563726,83690965
2025-10-19,range_6m_12m,6-12m,2593155.05937137,92257.85492676,90.60528356,13.00670224,281587281396.1991,239238923270.08676,21.70992274,39399931
2025-10-19,range_3m_6m,3-6m,1720321.77857647,107493.74502762,90.60528356,8.62876018,186807468764.88556,184923830631.76898,16.78105728,16851670
2025-10-19,range_0d_1d,<1d,117894.07828511,107922.23941982,90.60528356,0.59133108,12801962180.025784,12723392942.864773,1.15459422,680665
2025-10-19,range_1d_1w,1d-1w,694732.44988043,111036.9349623,90.60528356,3.48462699,75440078738.28236,77140961853.56993,7.00021677,3319536
2025-10-19,range_1m_3m,1-3m,1583029.40682825,114669.70947155,90.60528356,7.94013148,171899071529.90128,181525522165.90857,16.47267513,17855609
2025-10-19,range_1w_1m,1w-1m,1036767.82447809,117275.48100272,90.60528356,5.2002021,112581248112.71756,121587445303.81558,11.03354758,7343546
2025-10-18,range_10y_inf,>10y,3358636.99707201,95.20232908,89.34058399,16.84656033,359740950686.19214,319750064.6506885,0.0290196,12651541
2025-10-18,range_7y_10y,7-10y,1633646.09920057,5735.84210811,89.34058399,8.19419234,174978540796.02463,9370336085.54378,0.85042488,21852393
2025-10-18,range_5y_7y,5-7y,995942.31479984,7699.85584768,89.34058399,4.99553905,106674593136.15714,7668612256.560676,0.69598129,51815469
2025-10-18,range_2y_3y,2-3y,1375004.53388627,23601.7367119,89.34058399,6.89687419,147275647427.6002,32452494986.447,2.94529553,22856776
2025-10-18,range_3y_5y,3-5y,2540347.35916269,40011.00881023,89.34058399,12.74210791,272094595175.07663,101641860568.50177,9.22472426,19579504
2025-10-18,range_18m_2y,1.5-2y,1047277.40089604,53236.65285045,89.34058399,5.2530303,112173053580.64815,55753543429.627655,5.06003198,36341412
2025-10-18,range_12m_18m,1-1.5y,1240166.05818076,62510.09527674,89.34058399,6.22053897,132833205007.75414,77522898455.85918,7.03575631,83803392
2025-10-18,range_6m_12m,6-12m,2572629.18280289,92241.81973282,89.34058399,12.90403005,275552275756.9119,237303997319.50687,21.53703139,39706154
2025-10-18,range_3m_6m,3-6m,1695129.26286202,106949.070912,89.34058399,8.50258525,181563953797.2054,181292499738.84076,16.45358823,16979256
2025-10-18,range_0d_1d,<1d,93607.08643622,106985.97689082,89.34058399,0.46952303,10026180946.284727,10014645586.282352,0.90890056,943208
2025-10-18,range_1d_1w,1d-1w,714815.9606415,111236.37530772,89.34058399,3.58543963,76563371829.40987,79513536473.86394,7.21642092,3026343
2025-10-18,range_1m_3m,1-3m,1611260.08227654,114715.12131971,89.34058399,8.0819065,172580792239.88464,184835895815.9558,16.77517672,17788544
2025-10-18,range_1w_1m,1w-1m,1058171.20675361,117326.6191814,89.34058399,5.30767245,113339880504.54898,124151650203.50087,11.26764832,7275409
2025-10-17,range_10y_inf,>10y,3357809.877867,95.14849936,89.0690856,16.84284719,357281638373.0925,319490571.0252246,0.02900364,12643354
2025-10-17,range_7y_10y,7-10y,1634600.08825749,5733.06674747,89.0690856,8.19918951,173926642323.30606,9371271411.407433,0.85073246,21825361
2025-10-17,range_5y_7y,5-7y,995005.67468025,7694.02103124,89.0690856,4.99097005,105871764802.273,7655594587.192963,0.69498177,51832507
2025-10-17,range_2y_3y,2-3y,1375641.28032365,23590.90258975,89.0690856,6.90024651,146372602477.3937,32452619442.552322,2.94607802,22847031
2025-10-17,range_3y_5y,3-5y,2540891.43474664,40003.72678695,89.0690856,12.74516656,270358920771.0333,101645126750.91277,9.22743616,19584852
2025-10-17,range_18m_2y,1.5-2y,1047764.06910807,53181.41505651,89.0690856,5.2556073,111485425576.62253,55721575840.53386,5.05845484,35656909
2025-10-17,range_12m_18m,1-1.5y,1237780.23696573,62493.64079302,89.0690856,6.20873252,131703749495.75014,77353393509.63861,7.02221073,84251150
2025-10-17,range_6m_12m,6-12m,2579062.013531,92238.05464393,89.0690856,12.93663101,274420391617.13983,237887662934.14658,21.5956563,39778029
2025-10-17,range_0d_1d,<1d,196912.26261102,106759.0819363,89.0690856,0.98771618,20952090308.969097,21022172378.351818,1.90841174,715402
2025-10-17,range_3m_6m,3-6m,1697727.26242509,106800.09529514,89.0690856,8.51583678,180643574202.36493,181317433412.15137,16.46015991,16963292
2025-10-17,range_1d_1w,1d-1w,631879.737149,112240.2251186,89.0690856,3.16952247,67234011440.44639,70922323945.48769,6.43839245,2853232
2025-10-17,range_1m_3m,1-3m,1585446.82364183,114677.10802395,89.0690856,7.95263566,168696578814.0448,181814456660.9988,16.50528013,17797340
2025-10-17,range_1w_1m,1w-1m,1055597.15866419,117535.52913675,89.0690856,5.29489825,112318891190.20023,124070170598.84584,11.26320183,7211699
2025-10-16,range_10y_inf,>10y,3357441.7975402,95.130096,90.14403211,16.84142064,363103108804.0299,319393760.500489,0.02901103,12632653
2025-10-16,range_7y_10y,7-10y,1632584.4592816,5730.63498575,90.14403211,8.18928317,176561956482.6417,9355745619.543781,0.84979683,21800429
2025-10-16,range_5y_7y,5-7y,997133.15095159,7687.9233304,90.14403211,5.00176618,107838696494.26,7665883214.7146635,0.69630402,51849750
2025-10-16,range_2y_3y,2-3y,1384382.09304811,23540.75750324,90.14403211,6.94426369,149719182660.6429,32589403144.275913,2.96014585,22864214
2025-10-16,range_3y_5y,3-5y,2541785.50643323,40020.55462926,90.14403211,12.74996902,274890906515.52264,101723665716.05968,9.23971774,19591433
2025-10-16,range_18m_2y,1.5-2y,1049679.72813193,53119.06239809,90.14403211,5.26534752,113521542744.98906,55758002976.65369,5.06458557,35011682
2025-10-16,range_12m_18m,1-1.5y,1235453.02623449,62475.10484507,90.14403211,6.19721364,133612691346.05714,77185057345.15309,7.01083803,84521330
2025-10-16,range_6m_12m,6-12m,2597461.2964022,92219.13248086,90.14403211,13.02924695,280912173194.714,239535627406.81546,21.75739118,39950552
2025-10-16,range_3m_6m,3-6m,1697651.11962073,106686.53770031,90.14403211,8.51566709,183598833984.418,181116520175.39404,16.4510934,17033196
2025-10-16,range_0d_1d,<1d,226815.56710896,109743.20300614,90.14403211,1.13774016,24529818388.14031,24891466826.19123,2.2609304,664239
2025-10-16,range_1d_1w,1d-1w,591386.58490813,113434.87952409,90.14403211,2.96648187,63957715556.66686,67083866011.21613,6.09333121,2703952
2025-10-16,range_1m_3m,1-3m,1549730.41712249,114629.73463025,90.14403211,7.77367514,167601396002.6375,177645186463.18387,16.13578679,17912480
2025-10-16,range_1w_1m,1w-1m,1074116.2981873,117370.23747616,90.14403211,5.38792494,116164327070.27893,126069284995.26038,11.45106796,7132953
2025-10-15,range_10y_inf,>10y,3357133.75500665,95.11152475,92.11591318,16.84027934,371838056339.8829,319302110.2415909,0.0289923,12625384
2025-10-15,range_7y_10y,7-10y,1633317.99131977,5727.67544955,92.11591318,8.19315918,180907235635.6269,9355115360.185558,0.84943487,21772220
2025-10-15,range_5y_7y,5-7y,996778.41940624,7684.23687185,92.11591318,5.00010671,110403748292.9609,7659481483.460913,0.69547306,51859411
2025-10-15,range_2y_3y,2-3y,1384613.54560858,23530.76234446,92.11591318,6.94559127,153360588869.3429,32581012280.637913,2.95832247,22860291
2025-10-15,range_3y_5y,3-5y,2542303.90055406,40018.6119368,92.11591318,12.75287522,281587035249.1964,101739473221.67824,9.23783972,19603093
2025-10-15,range_18m_2y,1.5-2y,1039667.7498893,52915.03952834,92.11591318,5.21525105,115154195087.27052,55014060081.73439,4.99522018,34874258
2025-10-15,range_12m_18m,1-1.5y,1245967.95667824,62486.3033106,92.11591318,6.25010797,138004124078.1884,77855931656.28067,7.06923867,84197234
2025-10-15,range_6m_12m,6-12m,2609643.67507425,92219.11552362,92.11591318,13.09066951,289045627220.57996,240659031547.15732,21.85159301,40093911
2025-10-15,range_3m_6m,3-6m,1658103.93949644,106323.4215267,92.11591318,8.31749211,183652541443.24008,176295284094.16803,16.00743081,17255179
2025-10-15,range_0d_1d,<1d,225615.04453766,111698.78931539,92.11591318,1.13174531,24989251475.84816,25200927326.195034,2.28821833,613057
2025-10-15,range_1m_3m,1-3m,1575188.30586017,114690.82127603,92.11591318,7.90156515,174468758400.48212,180659640463.5068,16.40370989,17855049
2025-10-15,range_1d_1w,1d-1w,570621.18279728,114840.39087795,92.11591318,2.86238822,63202328832.22888,65530359675.680115,5.95008939,2578058
2025-10-15,range_1w_1m,1w-1m,1096187.45374232,117192.01672021,92.11591318,5.49876897,121414349838.11128,128464418407.45612,11.66443731,7262722
2025-10-14,range_10y_inf,>10y,3356825.58642189,95.09756161,94.31125491,16.8391136,380716154229.2241,319225928.0294563,0.02908947,12611557
2025-10-14,range_7y_10y,7-10y,1633435.4574389,5726.1219463,94.31125491,8.19393338,185256948723.58896,9353250620.7116,0.85231529,21750503
2025-10-14,range_5y_7y,5-7y,995825.26271298,7677.69453035,94.31125491,4.99543819,112942050322.16512,7645642172.719998,0.69670941,51871916
2025-10-14,range_2y_3y,2-3y,1409788.39294835,23539.87951315,94.31125491,7.07203466,159891898289.6591,33186248909.03726,3.0240981,22837921
2025-10-14,range_3y_5y,3-5y,2553094.01583157,40003.13756307,94.31125491,12.80729042,289560511879.0579,102131771126.7675,9.30676124,19613935
2025-10-14,range_18m_2y,1.5-2y,1037203.01970972,52783.0126678,94.31125491,5.20300475,117634930577.29385,54746700128.420074,4.98879498,34716101
2025-10-14,range_12m_18m,1-1.5y,1252824.85608528,62443.78248312,94.31125491,6.28464587,142089795508.25635,78231122802.83443,7.12881382,83960703
2025-10-14,range_6m_12m,6-12m,2632887.1376485,92091.70629189,94.31125491,13.20756306,298610291109.46075,242467068980.01596,22.0948202,40324408
2025-10-14,range_3m_6m,3-6m,1594489.48672487,105709.12668339,94.31125491,7.99856558,180839870799.44986,168552091147.53793,15.35931524,17357533
2025-10-14,range_0d_1d,<1d,428084.09150454,112875.82445789,94.31125491,2.14743259,48551384279.110535,48320344765.88099,4.40319312,774948
2025-10-14,range_1m_3m,1-3m,1623248.97759291,114878.4846222,94.31125491,8.14283412,184101643709.2964,186476382710.40585,16.99266694,17730431
2025-10-14,range_1w_1m,1w-1m,1078072.3722556,116809.41868418,94.31125491,5.40802096,122270149871.98802,125929007102.64772,11.47528521,7344929
2025-10-14,range_1d_1w,1d-1w,338914.26309585,118125.47858918,94.31125491,1.70012282,38438140897.51961,40034409528.89546,3.64813698,2342581
2025-10-13,range_10y_inf,>10y,3356576.85603644,95.08260349,95.45905927,16.83831197,386349949215.8526,319152066.2731079,0.02913261,12599010
2025-10-13,range_7y_10y,7-10y,1634092.27535103,5723.55585494,95.45905927,8.1974454,188087892717.39935,9352818410.089817,0.85373728,21725453
2025-10-13,range_5y_7y,5-7y,995800.20571992,7675.03353323,95.45905927,4.99544484,114618963131.18414,7642799971.296256,0.6976446,51886906
2025-10-13,range_2y_3y,2-3y,1411773.12138312,23535.43230396,95.45905927,7.08217844,162498431331.838,33226690726.864532,3.03297502,22819522
2025-10-13,range_3y_5y,3-5y,2554541.98013703,40003.63867326,95.45905927,12.81489346,294033834655.3238,102190974349.06464,9.32812343,19622733
2025-10-13,range_18m_2y,1.5-2y,1035973.80816472,52729.85216744,95.45905927,5.19697624,119243039960.06812,54626745753.864334,4.98639953,34583449
2025-10-13,range_12m_18m,1-1.5y,1276168.54223545,62414.81288248,95.45905927,6.40191628,146890022969.932,79651820770.13205,7.27072053,83738547
2025-10-13,range_6m_12m,6-12m,2651518.09848662,91996.28780046,95.45905927,13.30137543,305196015652.9478,243929822096.49158,22.26622754,40503142
2025-10-13,range_3m_6m,3-6m,1595855.48517019,105101.53869894,95.45905927,8.00563004,183686747569.18756,167726867032.53387,15.31032391,17476348
2025-10-13,range_0d_1d,<1d,172949.66793318,115004.15737447,95.45905927,0.86760428,19906916566.714615,19889930828.849857,1.81557844,621036
2025-10-13,range_1m_3m,1-3m,1819995.80614374,115128.42782809,95.45905927,9.13003291,209485829592.17813,209533255815.03833,19.12646478,17602640
2025-10-13,range_1w_1m,1w-1m,1025663.55234452,116224.24729957,95.45905927,5.14525471,118056305086.00346,119206974353.84259,10.88136577,7446835
2025-10-13,range_1d_1w,1d-1w,403255.395865,119569.30054831,95.45905927,2.022936,46415651538.94093,48216965625.91037,4.40130657,2248686
2025-10-12,range_10y_inf,>10y,3356332.839066,95.07136937,95.46502125,16.83748906,386151778466.277,319091159.0662306,0.02913475,12593035
2025-10-12,range_7y_10y,7-10y,1632496.89020705,5721.41952283,95.46502125,8.18963728,187821532524.03424,9340199578.583916,0.85281066,21688135
2025-10-12,range_5y_7y,5-7y,996595.21348373,7667.15967631,95.46502125,4.99955213,114659967455.67514,7641054634.424726,0.69766955,51904850
2025-10-12,range_2y_3y,2-3y,1412239.21615587,23529.95262497,95.46502125,7.08468543,162480514027.37726,33229921851.26848,3.03407131,22809065
2025-10-12,range_3y_5y,3-5y,2555711.32115517,39995.61027013,95.46502125,12.82106498,294038916648.41547,102217233963.89117,9.33298545,19632567
2025-10-12,range_18m_2y,1.5-2y,1033088.18986339,52660.20805331,95.46502125,5.18262399,118858546204.03761,54402639015.622826,4.96725472,34432292
2025-10-12,range_12m_18m,1-1.5y,1278659.2881527,62415.96581399,95.46502125,6.41456399,147111917037.99893,79808754417.08076,7.28697026,83437172
2025-10-12,range_6m_12m,6-12m,2646412.96574011,91996.47242074,95.46502125,13.27608181,304474294498.4971,243460657416.59464,22.22927274,40749944
2025-10-12,range_3m_6m,3-6m,1563643.24236065,104619.9516435,95.46502125,7.84422382,179899803707.30072,163588280403.4541,14.9364934,17598784
2025-10-12,range_0d_1d,<1d,104457.14892379,113559.65209008,95.46502125,0.52402315,12017971924.877108,11862117490.107252,1.08307538,604360
2025-10-12,range_1m_3m,1-3m,1852312.24201649,115173.77424567,95.46502125,9.29237016,213111661097.52417,213337791994.50528,19.47889246,17510348
2025-10-12,range_1w_1m,1w-1m,1013345.24331095,115785.3697579,95.46502125,5.08358088,116587086760.36964,117330553689.17123,10.71291315,7520598
2025-10-12,range_1d_1w,1d-1w,488395.99453506,120163.10011746,95.46502125,2.45010332,56190786470.9871,58687176788.281815,5.35845616,2206186
2025-10-11,range_10y_inf,>10y,3356331.99070874,95.02818336,92.47204153,16.83786756,371783532253.37537,318946131.8409577,0.02913147,12586970
2025-10-11,range_7y_10y,7-10y,1632127.02455416,5719.10265227,92.47204153,8.18796792,180791993150.4757,9334301994.970785,0.85256386,21670189
2025-10-11,range_5y_7y,5-7y,996900.02194991,7662.56910915,92.47204153,5.00119493,110427398865.78998,7638815313.103737,0.69770379,51905962
2025-10-11,range_2y_3y,2-3y,1416547.78544039,23504.62097127,92.47204153,7.10646148,156912111416.46173,33295418784.46818,3.04109195,22804730
2025-10-11,range_3y_5y,3-5y,2551441.06760066,40035.39766318,92.47204153,12.79993365,282625132160.59674,102147957755.54935,9.32985207,19639321
2025-10-11,range_18m_2y,1.5-2y,1032300.09271694,52568.63822266,92.47204153,5.17878812,114348692524.52805,54266610111.25188,4.95653027,34179673
2025-10-11,range_12m_18m,1-1.5y,1276026.19358089,62421.09815029,92.47204153,6.40150024,141346424254.40002,79650956271.85748,7.27505137,83164376
2025-10-11,range_6m_12m,6-12m,2649736.507272,91936.75791929,92.47204153,13.29305697,293513395260.4852,243608183818.96408,22.25035496,41157103
2025-10-11,range_3m_6m,3-6m,1529385.29063326,104132.54477447,92.47204153,7.67253866,169411210542.3516,159258782254.28275,14.54616335,17588754
2025-10-11,range_0d_1d,<1d,162373.89122765,111675.5187478,92.47204153,0.81458869,17986283536.150867,18133188533.946396,1.65622466,597347
2025-10-11,range_1m_3m,1-3m,1858481.82942107,115290.1734107,92.47204153,9.32353265,205865492771.16513,214264692394.59064,19.57021881,17579648
2025-10-11,range_1w_1m,1w-1m,1031638.70841759,115608.97462488,92.47204153,5.17547012,114275430465.92657,119266693263.48878,10.89341999,7411504
2025-10-11,range_1d_1w,1d-1w,439946.2664477,121983.59823441,92.47204153,2.207099,48733193675.23931,53666228611.085625,4.90169344,2268888
2025-10-10,range_10y_inf,>10y,3356152.01282256,95.01883276,94.29295196,16.83735268,380553926237.61646,318897646.8112277,0.02912566,12581102
2025-10-10,range_7y_10y,7-10y,1632379.09311507,5718.29556082,94.29295196,8.18942122,185095392169.28876,9334426121.736866,0.85253467,21651777
2025-10-10,range_5y_7y,5-7y,996536.08802123,7658.81095261,94.29295196,4.99948438,112997182334.12576,7632281505.610453,0.69707388,51904692
2025-10-10,range_2y_3y,2-3y,1417574.01141092,23500.45555233,94.29295196,7.11177369,160738653587.12964,33313635047.301937,3.04261114,22827294
2025-10-10,range_3y_5y,3-5y,2552369.10550678,40031.49328292,94.29295196,12.80488448,289413018420.257,102175146702.61562,9.33189185,19648751
2025-10-10,range_18m_2y,1.5-2y,1031772.90214769,52489.16835272,94.29295196,5.17626263,116992683107.83832,54156901562.60952,4.94627475,33987381
2025-10-10,range_12m_18m,1-1.5y,1250188.91781102,62445.1155663,94.29295196,6.27202572,141758865329.7076,78068191452.41959,7.13014801,82984355
2025-10-10,range_6m_12m,6-12m,2683642.26348183,91637.80849028,94.29295196,13.46346384,304298075916.50616,245923095797.37537,22.46072364,41499997
2025-10-10,range_3m_6m,3-6m,1534799.90121253,103923.33713015,94.29295196,7.69987984,174030891975.09903,159501527561.0365,14.56764245,17547598
2025-10-10,range_1w_1m,1w-1m,1031669.82809595,115291.26376628,94.29295196,5.17574552,116980995545.73355,118942518270.7195,10.86329457,7596756
2025-10-10,range_1m_3m,1-3m,1842516.04972547,115328.19470228,94.29295196,9.2436494,208922812256.39532,212494049724.8146,19.40757175,17450303
2025-10-10,range_0d_1d,<1d,182334.19558062,117663.12539677,94.29295196,0.91474556,20674866260.669266,21454011318.721096,1.95944434,576476
2025-10-10,range_1d_1w,1d-1w,420842.92603929,122582.87089998,94.29295196,2.11131103,47719360512.186066,51588134071.84242,4.71166329,2208023
2025-10-09,range_10y_inf,>10y,3353336.75906744,94.88801312,99.16795196,16.8235771,407300149572.5133,318191462.3982116,0.0290688,12572896
2025-10-09,range_7y_10y,7-10y,1634947.44044951,5708.97669154,99.16795196,8.20247601,198582601415.63397,9333876829.417862,0.85270859,21630005
2025-10-09,range_5y_7y,5-7y,997376.14022981,7651.85422483,99.16795196,5.00380236,121142456091.59464,7631776832.357722,0.69721101,51901658
2025-10-09,range_2y_3y,2-3y,1415183.94000128,23486.0084937,99.16795196,7.09992996,171889873236.42307,33237022035.011032,3.03641186,22828710
2025-10-09,range_3y_5y,3-5y,2553067.81036498,40032.35262204,99.16795196,12.80865485,310098560253.04504,102205310852.50159,9.3371006,19664761
2025-10-09,range_18m_2y,1.5-2y,1033676.00424161,52347.72403505,99.16795196,5.18591755,125551479432.74565,54110586211.695076,4.94334377,33839826
2025-10-09,range_12m_18m,1-1.5y,1226023.5077319,62497.86945517,99.16795196,6.15091847,148914229007.37585,76623857135.1927,7.00007325,82655637
2025-10-09,range_6m_12m,6-12m,2719072.33284415,91341.20233133,99.16795196,13.64149393,330261660977.3168,248363336107.83896,22.68955923,41916184
2025-10-09,range_3m_6m,3-6m,1536035.45436512,103799.47252883,99.16795196,7.70623792,186568637527.9479,159439669948.68555,14.56582075,17587668
2025-10-09,range_1w_1m,1w-1m,952494.21916789,114493.85761537,99.16795196,4.77863128,115691046204.9522,109054737508.87079,9.96283898,7850168
2025-10-09,range_1m_3m,1-3m,1838640.97576928,115364.04517666,99.16795196,9.22439959,223323453099.66486,212113060592.30283,19.37786763,17233431
2025-10-09,range_0d_1d,<1d,209426.50853618,121475.62196139,99.16795196,1.05068571,25437185221.730324,25440215379.634857,2.32412434,504134
2025-10-09,range_1d_1w,1d-1w,463083.70220181,122533.86406065,99.16795196,2.32327527,56246680462.788895,56743435414.29883,5.18387117,2175177
2025-10-08,range_10y_inf,>10y,3353135.44121914,94.87902898,99.70290376,16.82288359,413558525861.7473,318142234.7049685,0.02911519,12565608
2025-10-08,range_7y_10y,7-10y,1635135.78438204,5708.33864911,99.70290376,8.20357526,201669260436.1264,9333908794.5382,0.85420443,21603392
2025-10-08,range_5y_7y,5-7y,997650.93847263,7649.30506289,99.70290376,5.00527518,123045149434.62003,7631336374.657447,0.69839137,51914152
2025-10-08,range_2y_3y,2-3y,1419853.65023337,23489.64844807,99.70290376,7.12349176,175117466271.04355,33351863091.68928,3.0522378,22811462
2025-10-08,range_3y_5y,3-5y,2562325.10690947,40028.92637608,99.70290376,12.85534025,316024035583.4678,102567123056.07224,9.38655958,19670249
2025-10-08,range_18m_2y,1.5-2y,1032425.35033266,52245.38666013,99.70290376,5.17974051,127334047022.75755,53939461625.8522,4.93633784,33723726
2025-10-08,range_12m_18m,1-1.5y,1172720.57900912,62549.75009439,99.70290376,5.88361017,144637340902.16565,73353379147.56898,6.71302698,82489315
2025-10-08,range_6m_12m,6-12m,2785015.56351397,90754.49859733,99.70290376,13.97259176,343489534240.25696,252752691052.4839,23.13098119,42138919
2025-10-08,range_3m_6m,3-6m,1499334.10651002,103361.90162513,99.70290376,7.52225002,184920178063.87216,154974024420.29367,14.18264324,17594399
2025-10-08,range_1w_1m,1w-1m,923251.97435283,113959.21624021,99.70290376,4.63201107,113869162819.58525,105213071389.47183,9.62870688,8106924
2025-10-08,range_1m_3m,1-3m,1860323.2225188,115464.14556039,99.70290376,9.33335428,229442723987.17285,214800631354.2763,19.6577506,17000956
2025-10-08,range_1d_1w,1d-1w,481739.62486124,121966.09570906,99.70290376,2.41691687,59415294311.63389,58755901192.67289,5.37712038,2080720
2025-10-08,range_0d_1d,<1d,209078.45265567,122970.36188201,99.70290376,1.04895926,25786663910.68786,25710452984.797897,2.35292452,562212
2025-10-07,range_10y_inf,>10y,3352967.49736207,94.87579548,99.32988008,16.82243136,407675294464.8248,318115458.5389897,0.029166,12552638
2025-10-07,range_7y_10y,7-10y,1634499.69817708,5707.62193657,99.32988008,8.20057427,198732957083.9121,9329106332.625889,0.85532704,21585256
2025-10-07,range_5y_7y,5-7y,998931.88562479,7645.83858376,99.32988008,5.01181807,121456545863.56201,7637671953.65804,0.70025007,51933385
2025-10-07,range_2y_3y,2-3y,1419803.11800841,23480.24750333,99.32988008,7.12340353,172628769790.20453,33337328616.834023,3.05648982,22807288
2025-10-07,range_3y_5y,3-5y,2567123.35614686,40015.91264184,99.32988008,12.87971222,312127323324.21075,102725783960.3974,9.41828052,19683330
2025-10-07,range_18m_2y,1.5-2y,1033674.06629922,52084.1131443,99.32988008,5.18612573,125680723028.39928,53837997023.461815,4.93606706,33704179
2025-10-07,range_12m_18m,1-1.5y,1060868.21728028,62600.51823837,99.32988008,5.3225636,128987162329.59938,66410900184.361404,6.08879741,82198914
2025-10-07,range_6m_12m,6-12m,2894925.96251345,89690.71598367,99.32988008,14.52435591,351983666751.9281,259647982297.5602,23.80548913,42555242
2025-10-07,range_3m_6m,3-6m,1502374.69911073,103026.12064713,99.32988008,7.53767976,182668352239.72073,154783837007.7795,14.19115572,17547477
2025-10-07,range_1w_1m,1w-1m,867961.4506635,113439.65955447,99.32988008,4.35471621,105532320328.70757,98461251469.67369,9.02729238,8219343
2025-10-07,range_1m_3m,1-3m,1874494.61003846,115451.12438342,99.32988008,9.40467121,227913077809.84305,216412510379.59888,19.84150086,16869457
2025-10-07,range_1d_1w,1d-1w,500347.05306138,120667.799616,99.32988008,2.51032972,60835403967.346825,60375777937.269035,5.53547504,2099679
2025-10-07,range_0d_1d,<1d,223555.68068473,122690.19679159,99.32988008,1.12161842,27181333557.254616,27428090457.08792,2.51470897,530009
2025-10-06,range_10y_inf,>10y,3352862.42263937,94.87469407,99.89981076,16.82226815,418275488530.1866,318101796.6104081,0.02926807,12540842
2025-10-06,range_7y_10y,7-10y,1634122.427114,5704.67855245,99.89981076,8.19885883,203859648968.5913,9322143162.029036,0.85771638,21569026
2025-10-06,range_5y_7y,5-7y,999971.09452522,7641.75658856,99.89981076,5.01714051,124748154071.09525,7641535699.955361,0.70308621,51938512
2025-10-06,range_2y_3y,2-3y,1422513.85726589,23466.85657686,99.89981076,7.13715821,177461107432.03854,33381928667.061146,3.07142107,22802186
2025-10-06,range_3y_5y,3-5y,2599156.74483274,40024.64662049,99.89981076,13.04071155,324249378641.5578,104030330223.18411,9.57167429,19700410
2025-10-06,range_18m_2y,1.5-2y,1034300.08607906,51990.07946788,99.89981076,5.18937887,129030756189.20653,53773343668.88281,4.94760451,33543874
2025-10-06,range_12m_18m,1-1.5y,1043867.23028931,62601.7780845,99.89981076,5.23737996,130224274268.37392,65347944700.2544,6.01256615,81934377
2025-10-06,range_6m_12m,6-12m,2910709.65934849,89594.62599647,99.89981076,14.60386149,363116153085.4358,260783943313.6494,23.99433858,43022143
2025-10-06,range_3m_6m,3-6m,1497074.57572757,102635.99715411,99.89981076,7.51125062,186762688292.95874,153653741893.85934,14.1374498,17438170
2025-10-06,range_1w_1m,1w-1m,821400.51549479,113406.17356235,99.89981076,4.12120093,102471160038.5533,93151889424.4034,8.57076531,8322207
2025-10-06,range_1m_3m,1-3m,1913163.84017782,115398.10920194,99.89981076,9.59888927,238670556383.4992,220775489750.04517,20.31322091,16691826
2025-10-06,range_1d_1w,1d-1w,513815.4290711,119088.39133271,99.89981076,2.57795872,64099379132.85443,61189452890.00261,5.62994957,2203663
2025-10-06,range_0d_1d,<1d,188138.1624056,124835.38414015,99.89981076,0.94394288,23470566898.30608,23486299775.32407,2.16093913,555983
2025-10-05,range_10y_inf,>10y,3353143.87763775,94.86718983,99.93000212,16.82400475,414049976497.47,318103336.7741952,0.02931513,12535635
2025-10-05,range_7y_10y,7-10y,1632981.33827715,5703.34621041,99.93000212,8.19329167,201642371877.81833,9313457927.327766,0.8582911,21545466
2025-10-05,range_5y_7y,5-7y,1000256.93940283,7633.24663441,99.93000212,5.01867147,123512851629.54034,7635207916.241693,0.70363028,51948573
2025-10-05,range_2y_3y,2-3y,1409290.61334922,23413.31100839,99.93000212,7.07094978,174020789631.73813,32996159431.54603,3.04079434,22797473
2025-10-05,range_3y_5y,3-5y,2601706.56857189,40007.89614453,99.93000212,13.05375649,321261652610.4465,104088806193.95454,9.59240887,19712846
2025-10-05,range_18m_2y,1.5-2y,1049465.27326275,51537.39386797,99.93000212,5.26556849,129589152027.52185,54086705138.900154,4.98441484,33385154
2025-10-05,range_12m_18m,1-1.5y,1042660.75098941,62624.40376192,99.93000212,5.2314276,128748921965.7752,65296007856.6692,6.01741943,81554791
2025-10-05,range_6m_12m,6-12m,2902837.23551813,89615.08195216,99.93000212,14.56464417,358445605975.3095,260137996754.75162,23.97327935,43532814
2025-10-05,range_3m_6m,3-6m,1499026.54701245,102307.5179909,99.93000212,7.52118927,185101483625.2253,153361685427.30817,14.13320073,17395001
2025-10-05,range_1w_1m,1w-1m,813361.40206259,113369.57324006,99.93000212,4.0809451,100434780521.621,92210435041.77525,8.4977456,8331335
2025-10-05,range_1m_3m,1-3m,1934283.31507814,115372.30519092,99.93000212,9.70503887,238847478776.17752,223162724952.9029,20.5657859,16611854
2025-10-05,range_1d_1w,1d-1w,581449.97192955,118514.81326631,99.93000212,2.9173568,71798096352.93365,68910434846.93083,6.3505106,2131370
2025-10-05,range_0d_1d,<1d,110247.8368791,123346.82548612,99.93000212,0.55315555,13613526867.462309,13598720695.748672,1.25320382,616294
2025-10-04,range_10y_inf,>10y,3352604.8146419,94.83983243,99.90017917,16.82169305,410372085989.4189,317960478.8277382,0.02932867,12528340
2025-10-04,range_7y_10y,7-10y,1633555.19265078,5701.03361613,99.90017917,8.1963624,199953614890.5015,9312953067.11196,0.85902676,21528330
2025-10-04,range_5y_7y,5-7y,1000396.14381221,7630.85491201,99.90017917,5.01948717,122452443711.5436,7633877827.965487,0.70414887,51957292
2025-10-04,range_2y_3y,2-3y,1408821.54309293,23404.39769733,99.90017917,7.06876142,172445327555.74127,32972619679.11514,3.04139434,22781084
2025-10-04,range_3y_5y,3-5y,2603485.02928114,39999.7533558,99.90017917,13.06298489,318676862134.866,104138759036.76852,9.60575884,19712915
2025-10-04,range_18m_2y,1.5-2y,1050005.25075765,51421.89666094,99.90017917,5.26840084,128524794563.1446,53993261497.90792,4.98033829,33281160
2025-10-04,range_12m_18m,1-1.5y,1044685.94862235,62650.26381148,99.90017917,5.24171125,127873690948.50513,65449850281.337776,6.037094,81162692
2025-10-04,range_6m_12m,6-12m,2896651.92457371,89643.72419731,99.90017917,14.53394965,354561649342.3627,259666666222.09955,23.95165255,44038697
2025-10-04,range_3m_6m,3-6m,1499082.76274903,102075.7679055,99.90017917,7.52164705,183493657747.37445,153020024161.5107,14.11456659,17362294
2025-10-04,range_1w_1m,1w-1m,850027.73461904,113333.63063873,99.90017917,4.26501375,104046755848.17914,96336729307.99222,8.88609964,8101694
2025-10-04,range_1m_3m,1-3m,1901582.61173366,115441.46069605,99.90017917,9.54118985,232761230804.86032,219521474332.73633,20.24866016,16613552
2025-10-04,range_1d_1w,1d-1w,566212.52785116,117835.92049294,99.90017917,2.84097109,69306652294.01372,66720174413.97675,6.1542687,2341552
2025-10-04,range_0d_1d,<1d,123134.5605854,122175.64341723,99.90017917,0.6178276,15072157107.254652,15044044166.419287,1.38766259,505087
2025-10-03,range_10y_inf,>10y,3352367.78586494,94.84416408,99.8825452,16.82085718,409776399582.3594,317952520.3374448,0.02936184,12520951
2025-10-03,range_7y_10y,7-10y,1633981.83599121,5700.91660509,99.8825452,8.19867534,199729634844.55426,9315194181.224262,0.86022654,21508678
2025-10-03,range_5y_7y,5-7y,1000013.9307429,7627.95600072,99.8825452,5.01767484,122236620277.71846,7628062263.813603,0.70442564,51959191
2025-10-03,range_2y_3y,2-3y,1410077.16571155,23392.301521,99.8825452,7.07521016,172360665955.24072,32984950228.195366,3.04604812,22744323
2025-10-03,range_3y_5y,3-5y,2603471.63671345,39999.88100439,99.8825452,13.06319216,318235140608.8266,104138555666.83075,9.6168419,19723635
2025-10-03,range_18m_2y,1.5-2y,1050456.50756655,51318.56402622,99.8825452,5.27077577,128402464491.9501,53907919540.30883,4.97821327,33118092
2025-10-03,range_12m_18m,1-1.5y,1045202.51131338,62673.18377108,99.8825452,5.24441329,127760242693.63756,65506169069.534164,6.04927221,81061135
2025-10-03,range_6m_12m,6-12m,2891226.2141864,89720.50806183,99.8825452,14.50703095,353408797633.3901,259402284858.47873,23.95491992,44331038
2025-10-03,range_3m_6m,3-6m,1516388.43167669,101738.42045322,99.8825452,7.60863809,185355614774.9741,154274963832.3221,14.2467689,17122287
2025-10-03,range_1w_1m,1w-1m,884594.32512289,113230.07769989,99.8825452,4.43854486,108128314312.12444,100162684166.54904,9.24968367,7980065
2025-10-03,range_1m_3m,1-3m,1876725.16943735,115508.98225091,99.8825452,9.41666549,229401346170.97577,216778614286.36826,20.01876872,16788756
2025-10-03,range_1d_1w,1d-1w,401590.13200636,115696.89744316,99.8825452,2.01502063,49088336636.343185,46462732316.92303,4.29067551,2483010
2025-10-03,range_0d_1d,<1d,263731.64863729,121323.24001928,99.8825452,1.32330122,32237216301.320976,31996778108.301872,2.95479378,524372
2025-10-02,range_10y_inf,>10y,3351995.28297011,94.82741666,99.79109092,16.81929931,404270376205.5846,317861053.3464527,0.02941699,12511286
2025-10-02,range_7y_10y,7-10y,1634287.82601792,5699.66498717,99.79109092,8.2003624,197104738663.90668,9314893100.913675,0.86206245,21493133
2025-10-02,range_5y_7y,5-7y,999947.25703417,7625.70829999,99.79109092,5.01743314,120599529432.73608,7625306097.520842,0.70569678,51949458
2025-10-02,range_2y_3y,2-3y,1409037.14420053,23381.07200169,99.79109092,7.07012256,169938179587.4294,32944798921.610996,3.04893185,22737440
2025-10-02,range_3y_5y,3-5y,2604446.13854085,39996.59619954,99.79109092,13.06832362,314111545915.4661,104168980526.67133,9.64049357,19746227
2025-10-02,range_18m_2y,1.5-2y,1050953.78231321,51187.68622552,99.79109092,5.27336847,126751216837.62585,53795892446.57241,4.97863138,33005852
2025-10-02,range_12m_18m,1-1.5y,1046449.970985,62698.10228496,99.79109092,5.2507697,126208030661.53998,65610427316.90575,6.07202739,80867481
2025-10-02,range_6m_12m,6-12m,2911689.68004696,89765.54024314,99.79109092,14.60997886,351166926853.0409,261369397149.79706,24.18887062,44648849
2025-10-02,range_3m_6m,3-6m,1528335.54774921,101618.45407035,99.79109092,7.66872589,184326269788.02667,155307095663.03915,14.37315647,16980182
2025-10-02,range_1d_1w,1d-1w,440577.47794079,113173.82144159,99.79109092,2.21068464,53136239081.16313,49861836819.65912,4.61454758,2527110
2025-10-02,range_1w_1m,1w-1m,875180.97143176,113477.99796253,99.79109092,4.39139362,105551980447.65314,99313784492.97878,9.19116128,7988851
2025-10-02,range_1m_3m,1-3m,1858360.20878709,115588.60883878,99.79109092,9.3246899,224129187934.34497,214805271255.0424,19.87951524,16879758
2025-10-02,range_0d_1d,<1d,218197.25695336,119617.52547792,99.79109092,1.09484789,26315874489.357998,26100215942.83129,2.4154884,481451
2025-10-01,range_10y_inf,>10y,3351749.06154696,94.81997397,98.86974756,16.8184225,396235489516.6091,317812758.7707093,0.02947443,12503269
2025-10-01,range_7y_10y,7-10y,1634429.67374327,5700.17399005,98.86974756,8.20124905,193218236199.7098,9316533514.83834,0.86402932,21471266
2025-10-01,range_5y_7y,5-7y,999840.0450943,7621.61972475,98.86974756,5.01700217,118198618820.0497,7620400609.28166,0.7067274,51958668
2025-10-01,range_2y_3y,2-3y,1410575.77290049,23370.14772226,98.86974756,7.07799387,166754781343.1868,32965364186.1229,3.05725741,22710014
2025-10-01,range_3y_5y,3-5y,2604343.8864173,39998.28577386,98.86974756,13.06808923,307879097078.9055,104169291022.3238,9.66081657,19752386
2025-10-01,range_18m_2y,1.5-2y,1050687.93740176,51039.64515456,98.86974756,5.27214697,124209730967.57881,53626739493.16721,4.9734244,33004714
2025-10-01,range_12m_18m,1-1.5y,1049598.8006866,62726.33096885,98.86974756,5.26668189,124080975917.13875,65837481756.37141,6.10586699,80577477
2025-10-01,range_6m_12m,6-12m,2939316.05100669,89761.80034709,98.86974756,14.74891416,347478678423.83356,263838300527.4735,24.46876043,44982617
2025-10-01,range_3m_6m,3-6m,1522660.09124519,101521.79927714,98.86974756,7.6404111,180005112418.37473,154583192150.7133,14.33627752,16935143
2025-10-01,range_1d_1w,1d-1w,430860.66523943,111333.18818481,98.86974756,2.16197471,50935282883.55887,47969091524.53517,4.44872563,2504017
2025-10-01,range_1w_1m,1w-1m,849720.43913114,113704.90442253,98.86974756,4.26373129,100451850054.66975,96617381317.27388,8.96044112,8207854
2025-10-01,range_1m_3m,1-3m,1844358.7208734,115634.01316462,98.86974756,9.25463203,218035529268.47284,213270600609.7553,19.77903596,16678788
2025-10-01,range_0d_1d,<1d,240892.39968443,116789.54201724,98.86974756,1.20875104,28477704075.41694,28133713034.577557,2.60916282,567617
2025-09-30,range_10y_inf,>10y,3351638.45634172,94.81574251,95.51447949,16.81826572,382134214806.3966,317788088.851243,0.02957513,12484230
2025-09-30,range_7y_10y,7-10y,1633988.51151278,5699.79733877,95.51447949,8.19922952,186297813735.89398,9313403369.493914,0.86675719,21464757
2025-09-30,range_5y_7y,5-7y,999905.51411603,7617.44710195,95.51447949,5.01744948,114003378793.5384,7616727360.723476,0.70885507,51967208
2025-09-30,range_2y_3y,2-3y,1415850.72550531,23387.68618905,95.51447949,7.10463078,161427019149.489,33113472458.659782,3.08172418,22628703
2025-09-30,range_3y_5y,3-5y,2605350.1740318,39992.77574814,95.51447949,13.07344814,297046789508.4457,104195185255.4295,9.69698427,19757443
2025-09-30,range_18m_2y,1.5-2y,1050120.012175,50927.41112313,95.51447949,5.269422,119728542183.80637,53479893588.66151,4.97713676,33067183
2025-09-30,range_12m_18m,1-1.5y,1052098.55556754,62738.09400571,95.51447949,5.27935018,119954124129.95514,66006658082.466095,6.14294724,80169047
2025-09-30,range_6m_12m,6-12m,2971262.54966568,89471.91707263,95.51447949,14.90956848,338765978547.53326,265844556444.7098,24.74097509,45307699
2025-09-30,range_3m_6m,3-6m,1518838.65007217,101179.79782459,95.51447949,7.62141631,173169099985.9326,153675787542.47775,14.30192471,17011969
2025-09-30,range_1d_1w,1d-1w,383474.26714571,110848.83582697,95.51447949,1.92424458,43721493198.9203,42507676082.70161,3.95600109,2514429
2025-09-30,range_1w_1m,1w-1m,862674.81884934,113512.14918136,95.51447949,4.32883634,98357137510.01083,97924072732.23302,9.11335961,8379626
2025-09-30,range_0d_1d,<1d,233421.72966281,113594.66292251,95.51447949,1.17129241,26613380454.16989,26515462699.83556,2.46767664,635432
2025-09-30,range_1m_3m,1-3m,1849937.70532507,115679.86769538,95.51447949,9.28284608,210919077840.13904,214000548996.69165,19.916083,16485575
2025-09-29,range_10y_inf,>10y,3351107.12289844,94.79373108,95.66857551,16.81602408,382851523144.45197,317663947.4391784,0.02960731,12479146
2025-09-29,range_7y_10y,7-10y,1634238.02740686,5697.87774665,95.66857551,8.20068861,186705615495.85617,9311688489.084366,0.86787943,21445899
2025-09-29,range_5y_7y,5-7y,999758.16342829,7613.88560218,95.66857551,5.01683674,114218651212.07013,7612044286.190574,0.70946711,51975367
2025-09-29,range_2y_3y,2-3y,1416514.90185478,23380.13521539,95.66857551,7.10814302,161831558300.90485,33118309939.983532,3.08673342,22567981
2025-09-29,range_3y_5y,3-5y,2613510.14225169,39957.57142909,95.66857551,13.11472533,298583811862.4825,104429518189.68309,9.73316829,19759041
2025-09-29,range_18m_2y,1.5-2y,1049219.65500778,50820.4307895,95.66857551,5.265037,119869442635.24187,53321794860.30518,4.96976345,33019419
2025-09-29,range_12m_18m,1-1.5y,1051900.0439705,62744.21923896,95.66857551,5.27848732,120175667103.56306,66000646976.35498,6.15147341,79971288
2025-09-29,range_6m_12m,6-12m,2954529.85625966,89503.03231443,95.66857551,14.82597941,337544045642.56915,264439381198.75345,24.64660419,45562203
2025-09-29,range_3m_6m,3-6m,1540620.24766588,100775.52311712,95.66857551,7.73090988,176010132405.4094,155256811383.35797,14.47043614,17034911
2025-09-29,range_1d_1w,1d-1w,438361.13728335,110543.84380704,95.66857551,2.19971823,50081129292.908905,48458125090.92697,4.51645373,2576613
2025-09-29,range_0d_1d,<1d,159477.12078092,113243.04523648,95.66857551,0.80026421,18219667816.78359,18059674802.777252,1.68322001,531868
2025-09-29,range_1w_1m,1w-1m,840906.11725154,113545.30061977,95.66857551,4.21970919,96070395843.62344,95480937876.33363,8.89913171,8414817
2025-09-29,range_1m_3m,1-3m,1877916.00891127,115616.24887052,95.66857551,9.42347698,214544918434.95123,217117604644.22437,20.23606181,16355074
2025-09-28,range_10y_inf,>10y,3350812.68599543,94.78042751,94.42422722,16.81491573,375860052050.41284,317591458.8733938,0.02962763,12472526
2025-09-28,range_7y_10y,7-10y,1634015.76724764,5696.11847735,94.42422722,8.19975332,183287252640.45718,9307547404.107046,0.86828701,21423063
2025-09-28,range_5y_7y,5-7y,1000155.07001908,7610.10573792,94.42422722,5.01893863,112187213044.46214,7611285837.160126,0.71004534,51982745
2025-09-28,range_2y_3y,2-3y,1417612.11582022,23377.08181764,94.42422722,7.11380507,159013294257.35928,33139634417.20664,3.09154633,22554988
2025-09-28,range_3y_5y,3-5y,2613962.7259493,39955.34439967,94.42422722,13.1172844,293207725498.76965,104441780963.19815,9.74321566,19765025
2025-09-28,range_18m_2y,1.5-2y,1048856.35427196,50711.35241163,94.42422722,5.26332949,117650027277.77151,53188924210.667694,4.96191423,32922481
2025-09-28,range_12m_18m,1-1.5y,1053769.49559302,62748.89295129,94.42422722,5.28798442,118201133449.8302,66122869274.29944,6.16850239,79617975
2025-09-28,range_6m_12m,6-12m,2932279.23337354,89529.52895927,94.42422722,14.71464771,328913230479.4033,262525578540.97638,24.49061386,45922520
2025-09-28,range_3m_6m,3-6m,1558405.92780466,100412.38757654,94.42422722,7.82033101,174806110645.461,156483260024.3036,14.59808647,17102068
2025-09-28,range_0d_1d,<1d,85486.95704427,110170.08047286,94.42422722,0.42898727,9589056487.275862,9418104936.947163,0.87860075,727869
2025-09-28,range_1d_1w,1d-1w,552728.50194602,110913.84555158,94.42422722,2.77368031,61999455946.74794,61305243696.79885,5.71907339,2468916
2025-09-28,range_1w_1m,1w-1m,813699.42264636,113365.03825294,94.42422722,4.08327427,91272516851.65337,92245066174.70296,8.6054026,8618107
2025-09-28,range_1m_3m,1-3m,1865836.78725946,115678.26195359,94.42422722,9.36306839,209290574465.09625,215836756639.2386,20.13508433,16060303
2025-09-27,range_10y_inf,>10y,3350719.96038435,94.81803074,92.73190242,16.8148855,367152301339.0583,317708668.2010659,0.02964787,12465970
2025-09-27,range_7y_10y,7-10y,1633112.25776253,5693.56969114,92.73190242,8.19543142,178946892271.40308,9298238453.019098,0.86769111,21397070
2025-09-27,range_5y_7y,5-7y,1000685.6543946,7605.2870265,92.73190242,5.02173112,109649282921.81577,7610501624.971924,0.71019523,51995554
2025-09-27,range_2y_3y,2-3y,1416760.18130625,23367.3423503,92.73190242,7.10971389,155240296760.71902,33105920184.862663,3.08937148,22533074
2025-09-27,range_3y_5y,3-5y,2614338.30656666,39952.09655353,92.73190242,13.11950859,286463905394.4404,104448296447.54503,9.74688474,19768236
2025-09-27,range_18m_2y,1.5-2y,1040177.8988413,50429.69962565,92.73190242,5.21991467,113976612154.06451,52455858995.803925,4.89506511,32865384
2025-09-27,range_12m_18m,1-1.5y,1064256.96390095,62819.99798989,92.73190242,5.34075041,116615055311.13733,66856620332.98589,6.23891241,79457934
2025-09-27,range_6m_12m,6-12m,2927568.92843498,89532.41061092,92.73190242,14.69139078,320785885454.9963,262112303392.4072,24.45974225,46144201
2025-09-27,range_3m_6m,3-6m,1534431.88494227,100132.34501001,92.73190242,7.70022466,168134074009.56335,153646262897.39908,14.3379305,17094033
2025-09-27,range_0d_1d,<1d,110127.8062374,109476.44760238,92.73190242,0.5526533,12067161081.657595,12056401009.113577,1.12507676,621570
2025-09-27,range_1d_1w,1d-1w,524913.74309235,111254.68183224,92.73190242,2.63416955,57516978756.633804,58399111477.11036,5.44967633,2494268
2025-09-27,range_1w_1m,1w-1m,909767.30667449,112793.94603865,92.73190242,4.56547646,99686981985.28687,102616244496.77107,9.57592169,8673266
2025-09-27,range_1m_3m,1-3m,1800244.52743283,115919.5326564,92.73190242,9.03414966,197260269146.5126,208683504287.2591,19.47388452,15841114
2025-09-26,range_10y_inf,>10y,3350373.29556196,94.80403135,92.68706769,16.81355453,367073373228.24426,317628894.9471837,0.0296473,12457959
2025-09-26,range_7y_10y,7-10y,1633293.24013844,5691.87664433,92.68706769,8.19653887,178946763909.16763,9296503646.892437,0.86773039,21373196
2025-09-26,range_5y_7y,5-7y,1000494.80872183,7602.76813426,92.68706769,5.02089545,109616144810.2962,7606530050.240993,0.70998921,52003244
2025-09-26,range_2y_3y,2-3y,1415620.74718426,23356.95027887,92.68706769,7.10416856,155098144904.97092,33064583405.72235,3.08622949,22506208
2025-09-26,range_3y_5y,3-5y,2614632.37135028,39954.20767135,92.68706769,13.12130323,286464175671.0066,104465564749.16376,9.75075667,19776920
2025-09-26,range_18m_2y,1.5-2y,1040942.7924917,50316.32554106,92.68706769,5.22388011,114047704082.31969,52376416416.635056,4.88878505,32886453
2025-09-26,range_12m_18m,1-1.5y,1062288.7992267,62824.31538239,92.68706769,5.33100317,116386413833.72218,66737566549.79451,6.22924668,79338934
2025-09-26,range_6m_12m,6-12m,2934493.07205645,89543.89543605,92.68706769,14.72649611,321508732206.5105,262765940802.02658,24.52642414,46303324
2025-09-26,range_3m_6m,3-6m,1530895.33619957,99983.09662778,92.68706769,7.68266397,167727851658.3648,153063656326.25208,14.28687502,16997708
2025-09-26,range_0d_1d,<1d,257507.78785523,109398.14577062,92.68706769,1.29228025,28213050899.663338,28170874512.855564,2.62945348,531777
2025-09-26,range_1d_1w,1d-1w,392023.35708869,112619.24313925,92.68706769,1.96733483,42950836631.07735,44149373768.235344,4.12087755,2598469
2025-09-26,range_1w_1m,1w-1m,923431.19050794,112660.06633504,92.68706769,4.63415844,101172905864.82777,104033819178.4684,9.71045778,8728696
2025-09-26,range_1m_3m,1-3m,1770624.24658791,115953.50463848,92.68706769,8.88572248,193993014383.1111,205310086789.73007,19.16352726,15718597
2025-09-25,range_10y_inf,>10y,3350126.447531,94.79482674,92.3511846,16.81266378,365315706993.8162,317574656.1587781,0.02965369,12449411
2025-09-25,range_7y_10y,7-10y,1632903.58382345,5690.09588535,92.3511846,8.19475306,178060540854.16132,9291377963.48348,0.86758686,21348960
2025-09-25,range_5y_7y,5-7y,1001471.21791782,7600.65058461,92.3511846,5.02589951,109205778270.61891,7611832797.932179,0.71075853,51999073
2025-09-25,range_2y_3y,2-3y,1415070.31128374,23346.22262978,92.3511846,7.10155325,154306835669.90814,33036546524.02123,3.08480334,22470093
2025-09-25,range_3y_5y,3-5y,2616388.04393541,39949.51192908,92.3511846,13.13038573,285304946846.0661,104523425372.28954,9.75992486,19803140
2025-09-25,range_18m_2y,1.5-2y,1039216.45387672,50115.11788608,92.3511846,5.21532459,113321720691.28075,52080455095.18894,4.86303741,32795479
2025-09-25,range_12m_18m,1-1.5y,1062271.67085548,62856.10998574,92.3511846,5.33102757,115835784868.38033,66770264978.032455,6.23470544,79230714
2025-09-25,range_6m_12m,6-12m,2952484.73302132,89528.97963033,92.3511846,14.81709241,321954727537.83325,264332945521.5212,24.68221526,46501527
2025-09-25,range_3m_6m,3-6m,1556152.93026384,99988.0619204,92.3511846,7.80957866,169691239066.1556,155596715548.8312,14.52891776,16936221
2025-09-25,range_0d_1d,<1d,212444.25052462,110597.93323525,92.3511846,1.06615491,23166057398.928917,23495895035.734512,2.19394044,537233
2025-09-25,range_1w_1m,1w-1m,979744.94433408,112391.32007277,92.3511846,4.91686586,106836629189.56424,110114827628.33427,10.28202472,8848354
2025-09-25,range_1d_1w,1d-1w,363311.34894339,113809.58793091,92.3511846,1.82328388,39617412768.38879,41348314913.86951,3.86091869,2636349
2025-09-25,range_1m_3m,1-3m,1744622.60866009,116027.84681009,92.3511846,8.75541679,190242980885.02502,202424804779.0292,18.901513,15590044
2025-09-24,range_10y_inf,>10y,3349374.68553439,94.76422574,94.98441631,16.80926275,379459712567.45526,317400898.7754959,0.02966336,12442025
2025-09-24,range_7y_10y,7-10y,1633262.59105385,5687.39327039,94.98441631,8.19673599,185036734177.6184,9289006669.138475,0.86812347,21324662
2025-09-24,range_5y_7y,5-7y,1001591.20345686,7597.87013947,94.98441631,5.02661281,113472975064.65535,7609959896.69886,0.71120466,52008059
2025-09-24,range_2y_3y,2-3y,1414196.80010215,23334.4290583,94.98441631,7.09732647,160218178515.00177,32999474906.461246,3.08403469,22434286
2025-09-24,range_3y_5y,3-5y,2624622.52624569,39934.52829548,94.98441631,13.17200189,297350581202.1018,104813062539.3242,9.79552316,19812029
2025-09-24,range_18m_2y,1.5-2y,1038681.69720522,49935.13596668,94.98441631,5.21275617,117675057369.01006,51866711776.04163,4.84731162,32707240
2025-09-24,range_12m_18m,1-1.5y,1046455.46165126,62860.62622895,94.98441631,5.2517698,118555768158.10196,65780845640.09895,6.147686,79161797
2025-09-24,range_6m_12m,6-12m,2972874.55080922,89420.48667578,94.98441631,14.91974895,336804994502.78253,265835889159.39178,24.84424695,46702357
2025-09-24,range_3m_6m,3-6m,1540638.83802019,99590.09661771,94.98441631,7.73189191,174543138804.46774,153432370731.4236,14.33934192,16913658
2025-09-24,range_1w_1m,1w-1m,997873.93626761,112021.12384042,94.98441631,5.00795724,113051835815.80951,111782959791.75716,10.44690943,8917984
2025-09-24,range_0d_1d,<1d,153756.38537419,113175.32616363,94.98441631,0.77164597,17419476552.290306,17401429064.464996,1.62628681,603665
2025-09-24,range_1d_1w,1d-1w,385501.98359402,114320.37576998,94.98441631,1.93469072,43674561857.93422,44070731624.53944,4.11872205,2628646
2025-09-24,range_1m_3m,1-3m,1766937.26065631,115912.43818107,94.98441631,8.86759932,200181098862.75546,204810005995.64795,19.14094588,15465193
2025-09-23,range_10y_inf,>10y,3349175.98598,94.75560162,94.19876048,16.80866888,375059561505.55,317353185.485907,0.02969037,12427796
2025-09-23,range_7y_10y,7-10y,1633152.63300794,5686.43587451,94.19876048,8.19638083,182889616123.99728,9286817720.885262,0.86883961,21307625
2025-09-23,range_5y_7y,5-7y,1000920.4166774,7589.85760907,94.19876048,5.02336692,112088697086.22704,7596843440.594388,0.71073199,52016002
2025-09-23,range_2y_3y,2-3y,1411339.4214709,23322.54258237,94.19876048,7.08315631,158049725296.08163,32916023755.42857,3.07949892,22416305
2025-09-23,range_3y_5y,3-5y,2633810.01226289,39902.28590837,94.19876048,13.21842763,294948856800.42786,105095040137.63586,9.83229519,19826610
2025-09-23,range_18m_2y,1.5-2y,1029901.40769095,49547.38340453,94.19876048,5.1688152,115334151438.89159,51028919915.728966,4.7740731,32620282
2025-09-23,range_12m_18m,1-1.5y,1054673.51179517,62961.78846307,94.19876048,5.29314014,118108270966.14,66404130547.253876,6.21251976,79002947
2025-09-23,range_6m_12m,6-12m,2969875.43109691,89423.93207455,94.19876048,14.90505514,332583352315.9523,265577938820.29974,24.84646933,46882124
2025-09-23,range_3m_6m,3-6m,1536930.3724316,99237.09911772,94.19876048,7.71346559,172114106264.2863,152520511706.0273,14.26924327,16756630
2025-09-23,range_1w_1m,1w-1m,965257.17256082,111704.48591147,94.19876048,4.8443821,108094926452.4286,107823556233.26439,10.08756486,9131363
2025-09-23,range_0d_1d,<1d,172309.21581667,112407.44905641,94.19876048,0.86477646,19296154993.973896,19368839398.861443,1.81207549,588714
2025-09-23,range_1d_1w,1d-1w,387573.27462679,115237.95382027,94.19876048,1.94513244,43402634869.38247,44663151123.41463,4.1785158,2496044
2025-09-23,range_1m_3m,1-3m,1780370.93955292,115861.71993023,94.19876048,8.93523235,199375949995.2206,206276839170.39484,19.29848232,15493327
2025-09-22,range_10y_inf,>10y,3348990.4111244,94.75713445,94.64021903,16.80811713,377300339104.1454,317340734.6720801,0.02971905,12416385
2025-09-22,range_7y_10y,7-10y,1633076.20670709,5685.36459462,94.64021903,8.19618237,183983867056.4079,9284633645.922693,0.86950871,21285375
2025-09-22,range_5y_7y,5-7y,1000672.89663162,7586.89602279,94.64021903,5.02223811,112736728650.31479,7592001219.568694,0.71099318,52030144
2025-09-22,range_2y_3y,2-3y,1411204.42080657,23317.23740808,94.64021903,7.08263873,158987587646.3983,32905388511.275513,3.08159946,22374782
2025-09-22,range_3y_5y,3-5y,2642748.65605985,39877.84470228,94.64021903,13.26358798,297734493591.3487,105387120493.52525,9.86953531,19835555
2025-09-22,range_18m_2y,1.5-2y,1028951.51660736,49409.42636062,94.64021903,5.16416457,115922623978.88988,50839904188.45525,4.76117221,32560944
2025-09-22,range_12m_18m,1-1.5y,1056226.47971545,62988.43493242,94.64021903,5.30105381,118995446401.89595,66530052891.4506,6.23055933,78795388
2025-09-22,range_6m_12m,6-12m,2977750.62013549,89423.812195,94.64021903,14.94491625,335476122897.4347,266281812218.55298,24.93737125,47074842
2025-09-22,range_3m_6m,3-6m,1523062.12629426,99041.39314878,94.64021903,7.644037,171589579599.47388,150846194840.32108,14.1267912,16799073
2025-09-22,range_1w_1m,1w-1m,952185.35718602,111554.38267921,94.64021903,4.77888589,107274077872.22304,106220449717.06723,9.94757684,9231408
2025-09-22,range_0d_1d,<1d,193847.25341985,112935.16038347,94.64021903,0.97289241,21839009812.26185,21892170654.86629,2.05020832,562005
2025-09-22,range_1m_3m,1-3m,1797811.64078476,115724.86935044,94.64021903,9.0229666,202543112533.34717,208051517246.51492,19.48408673,15286717
2025-09-22,range_1d_1w,1d-1w,358312.20949824,116249.64545274,94.64021903,1.79831915,40367782989.098495,41653667315.55748,3.90087839,2536142
2025-09-21,range_10y_inf,>10y,3348745.58637821,94.74700876,95.99704637,16.8072838,386089190897.1972,317283627.39566,0.02971155,12409811
2025-09-21,range_7y_10y,7-10y,1633237.01767702,5684.56437629,95.99704637,8.1971823,188301900647.00076,9284240968.720657,0.86940873,21261872
2025-09-21,range_5y_7y,5-7y,1000469.09148017,7584.03014733,95.99704637,5.02133337,115347759954.79494,7587587751.260852,0.7105282,52041171
2025-09-21,range_2y_3y,2-3y,1411931.97123944,23309.75761513,95.99704637,7.08645692,162786828176.8457,32911792018.640152,3.08197507,22306424
2025-09-21,range_3y_5y,3-5y,2643634.61683485,39873.80916463,95.99704637,13.26834664,304794354755.8327,105411782212.68622,9.87112717,19840801
2025-09-21,range_18m_2y,1.5-2y,1017942.45341601,49109.44379858,95.99704637,5.1090318,117362328096.2221,49990587706.22058,4.6812931,32524702
2025-09-21,range_12m_18m,1-1.5y,1065851.20661254,63074.17374577,95.99704637,5.34948483,122885904397.08615,67227684193.01271,6.29543497,78479255
2025-09-21,range_6m_12m,6-12m,2976764.55026469,89391.39776909,95.99704637,14.94031879,343202129590.9073,266097143977.63422,24.91826523,47305767
2025-09-21,range_3m_6m,3-6m,1511853.30667382,98903.1881827,95.99704637,7.58796001,174307126317.18646,149527112094.5954,14.00224062,17008892
2025-09-21,range_1w_1m,1w-1m,944653.22784532,111485.49727996,95.99704637,4.74119472,108912543819.63475,105315134863.45268,9.86207678,9231251
2025-09-21,range_0d_1d,<1d,86289.70003302,115488.5294296,95.99704637,0.43308619,9948656775.847366,9965470561.734764,0.93320144,670745
2025-09-21,range_1m_3m,1-3m,1847056.26036127,115639.1227416,95.99704637,9.2703366,212953907279.57925,213591965602.5651,20.00149709,15101223
2025-09-21,range_1d_1w,1d-1w,435942.0561546,116189.99850869,95.99704637,2.18798403,50261362470.60384,50652106854.480064,4.74324006,2560513
2025-09-20,range_10y_inf,>10y,3348285.42561851,94.72934196,96.51218678,16.80540126,387395434852.28375,317180875.0688515,0.02971407,12404801
2025-09-20,range_7y_10y,7-10y,1633525.92274435,5682.73612658,96.51218678,8.19884063,188998369237.63098,9282896774.877245,0.86963832,21239281
2025-09-20,range_5y_7y,5-7y,1000389.31522942,7582.1606341,96.51218678,5.02106055,115744688559.00787,7585112484.707926,0.71058686,52051981
2025-09-20,range_2y_3y,2-3y,1414072.90051327,23304.0487521,96.51218678,7.09738254,163607732487.733,32953623812.590866,3.08715425,22281238
2025-09-20,range_3y_5y,3-5y,2642275.42748872,39885.86155156,96.51218678,13.26186187,305710328755.02594,105389431881.91203,9.87306993,19846029
2025-09-20,range_18m_2y,1.5-2y,1013403.30465451,48930.11035699,96.51218678,5.08637915,117250402514.55109,49585935532.8829,4.64529887,32486891
2025-09-20,range_12m_18m,1-1.5y,1067007.09497426,63114.49014305,96.51218678,5.35542228,123452342021.19104,67343608778.318596,6.30886937,78233846
2025-09-20,range_6m_12m,6-12m,2951478.78877817,89355.09571107,96.51218678,14.81378648,341485047865.8936,263729669660.4731,24.70666578,47449681
2025-09-20,range_3m_6m,3-6m,1537105.03691404,98669.04211965,96.51218678,7.71489394,177842506983.69086,151664681629.59653,14.20821785,17219313
2025-09-20,range_1w_1m,1w-1m,983919.85849349,111551.17327211,96.51218678,4.93839859,113839178262.54982,109757414620.68188,10.28227034,9166734
2025-09-20,range_1m_3m,1-3m,1818998.47982753,115560.74845505,96.51218678,9.12974716,210457478235.5238,210204825767.47275,19.69236295,14983937
2025-09-20,range_0d_1d,<1d,117743.12016309,115804.67858245,96.51218678,0.59096526,13622837195.25467,13635204185.781384,1.27737024,706109
2025-09-20,range_1d_1w,1d-1w,395660.1195716,116245.73019639,96.51218678,1.98586029,45777735345.49629,45993799509.18988,4.30878116,2585337
2025-09-19,range_10y_inf,>10y,3347984.62861036,94.71630506,96.55369352,16.80429479,387132250242.1131,317108733.4113725,0.0297208,12394463
2025-09-19,range_7y_10y,7-10y,1633879.67779133,5681.4430761,96.55369352,8.20081297,188927843599.67566,9282794382.563972,0.87002347,21221262
2025-09-19,range_5y_7y,5-7y,1000048.42438233,7579.90450857,96.55369352,5.01947004,115637029385.91594,7580271560.760956,0.7104557,52052734
2025-09-19,range_2y_3y,2-3y,1413395.59435625,23288.57444107,96.55369352,7.09415331,163432953738.66064,32915968513.84243,3.08502634,22249029
2025-09-19,range_3y_5y,3-5y,2641262.68801987,39894.222401,96.55369352,13.25709696,305412981635.4858,105371121095.31543,9.87583531,19858691
2025-09-19,range_18m_2y,1.5-2y,1008590.91448238,48719.47954905,96.55369352,5.06234673,116624809731.99118,49138024431.48468,4.60542729,32400546
2025-09-19,range_12m_18m,1-1.5y,1065528.50821711,63131.55309883,96.55369352,5.34812944,123208585116.6011,67268469594.82569,6.3046907,78067220
2025-09-19,range_6m_12m,6-12m,2962360.91874469,89291.82504451,96.55369352,14.86876186,342542029226.3813,264514612875.2551,24.79144879,47555901
2025-09-19,range_3m_6m,3-6m,1534581.84348225,98586.15200267,96.55369352,7.7024146,177445893022.0834,151288518882.0799,14.1794116,17356443
2025-09-19,range_1w_1m,1w-1m,1026483.96687018,111547.31871339,96.55369352,5.15215603,118693808966.75296,114501534206.65216,10.73157695,9108663
2025-09-19,range_1m_3m,1-3m,1792905.53089922,115513.54651121,96.55369352,8.99899982,207316230402.3601,207104876433.73175,19.41076103,14848576
2025-09-19,range_0d_1d,<1d,152440.05357234,116123.50060347,96.55369352,0.76513123,17626861384.660313,17701872653.00124,1.65909575,617375
2025-09-19,range_1d_1w,1d-1w,343923.92054265,116228.90939327,96.55369352,1.72623222,39768414745.38955,39973902198.92824,3.74652628,2634230
2025-09-18,range_10y_inf,>10y,3347781.3839126,94.70956608,97.58177238,16.80371745,392096052228.46344,317066922.2046426,0.02977098,12353191
2025-09-18,range_7y_10y,7-10y,1633934.86903805,5680.36073354,97.58177238,8.2013061,191368353628.72562,9281339471.25178,0.87147086,21227915
2025-09-18,range_5y_7y,5-7y,1000028.03505763,7577.94226925,97.58177238,5.01949997,117124447417.06015,7578154717.2981615,0.71155042,52047730
2025-09-18,range_2y_3y,2-3y,1411609.94529386,23275.74277224,97.58177238,7.08537744,165329399791.71875,32856269981.3981,3.08503765,22203412
2025-09-18,range_3y_5y,3-5y,2658567.09175132,39877.64431526,97.58177238,13.34430332,311374472141.283,106017392873.12154,9.95449723,19883147
2025-09-18,range_18m_2y,1.5-2y,927842.15220615,47228.45125299,97.58177238,4.65717309,108669952799.01176,43820547855.94075,4.11452791,32342782
2025-09-18,range_12m_18m,1-1.5y,1147159.75606187,63219.10235257,97.58177238,5.75800693,134356685830.4058,72522410033.21986,6.80948767,77969327
2025-09-18,range_6m_12m,6-12m,2974052.95597967,89270.29344686,97.58177238,14.92784021,348324543759.5349,265494580106.81485,24.92859889,47525685
2025-09-18,range_3m_6m,3-6m,1532749.57578999,98528.14320056,97.58177238,7.69342076,179517414312.0801,151018969694.03638,14.17991779,17539281
2025-09-18,range_1w_1m,1w-1m,1012329.52012592,111376.45037865,97.58177238,5.08124554,118565211666.18407,112749668565.14674,10.58662388,9218479
2025-09-18,range_1m_3m,1-3m,1778366.54250811,115495.70600697,97.58177238,8.92626055,208284359332.23288,205393699366.15387,19.28543002,14744790
2025-09-18,range_1d_1w,1d-1w,331852.51781119,115764.67116493,97.58177238,1.665687,38866953135.32469,38416797599.666954,3.60714308,2602770
2025-09-18,range_0d_1d,<1d,166587.3244346,117374.88320745,97.58177238,0.83616163,19510901331.845795,19553167749.353226,1.8359436,632153
2025-09-17,range_10y_inf,>10y,3347761.69548928,94.70223043,97.29922488,16.80403509,389740295061.71063,317040499.5200337,0.02979896,12304444
2025-09-17,range_7y_10y,7-10y,1634201.13127385,5678.96053569,97.29922488,8.20284586,190250707495.40485,9280563731.885292,0.87228968,21242730
2025-09-17,range_5y_7y,5-7y,1000533.91556276,7574.29266614,97.29922488,5.02216363,116480328930.24881,7578336698.867659,0.71229562,52053903
2025-09-17,range_2y_3y,2-3y,1399466.86008865,23233.84028403,97.29922488,7.02460102,162923372865.79803,32514989510.09717,3.05611714,22134178
2025-09-17,range_3y_5y,3-5y,2658340.20280199,39880.80393077,97.29922488,13.34349518,309479105520.0939,106016744409.2314,9.9646223,19894987
2025-09-17,range_18m_2y,1.5-2y,926171.78029361,46608.33541112,97.29922488,4.64890411,107823225116.59709,43167324984.23866,4.05734105,32270374
2025-09-17,range_12m_18m,1-1.5y,1158898.95634463,63254.53528321,97.29922488,5.81707436,134916897400.743,73305614923.7773,6.89006976,77817369
2025-09-17,range_6m_12m,6-12m,2990797.01305194,89251.51744044,97.29922488,15.0122567,348183119457.7268,266933171771.23416,25.08932198,47708042
2025-09-17,range_3m_6m,3-6m,1524369.7086211,98434.37429759,97.29922488,7.65154883,177464334101.68152,150050378466.31912,14.10338862,17617667
2025-09-17,range_1w_1m,1w-1m,1024367.10583443,111396.70958949,97.29922488,5.14179394,119254945361.65671,114111125001.6621,10.72542141,9065009
2025-09-17,range_1d_1w,1d-1w,311446.46433885,115350.25390231,97.29922488,1.56330043,36258027884.98947,35925428738.462906,3.37666781,2881640
2025-09-17,range_1m_3m,1-3m,1764871.73521417,115411.15883573,97.29922488,8.85874482,205463140269.2822,203685892157.49185,19.14464544,14705332
2025-09-17,range_0d_1d,<1d,181141.3510557,116178.76216961,97.29922488,0.90923605,21088144865.10439,21044777943.382195,1.97802021,504456
2025-09-16,range_10y_inf,>10y,3347792.06857901,94.70622503,97.4858294,16.80452494,390501325255.8711,317056748.9990209,0.02984119,12261666
2025-09-16,range_7y_10y,7-10y,1634148.4097401,5678.96883529,97.4858294,8.20274591,190614323290.13922,9280277891.150255,0.87345416,21246298
2025-09-16,range_5y_7y,5-7y,1001220.67889948,7570.57430421,97.4858294,5.02571173,116786823666.07758,7579815544.522558,0.71340767,52059449
2025-09-16,range_2y_3y,2-3y,1397344.92189306,23220.88515392,97.4858294,7.01409081,162992513471.84546,32447585951.692852,3.05394721,22076776
2025-09-16,range_3y_5y,3-5y,2667070.33986248,39879.88549678,97.4858294,13.38758475,311098921597.30023,106362459765.58675,10.01077053,19916498
2025-09-16,range_18m_2y,1.5-2y,923358.87447437,46363.96449211,97.4858294,4.63487783,107704677226.87994,42810578069.605316,4.02930577,32217493
2025-09-16,range_12m_18m,1-1.5y,1161221.55220215,63292.56333758,97.4858294,5.82884962,135450035653.82495,73496688641.71906,6.91746398,77621488
2025-09-16,range_6m_12m,6-12m,2994624.82545941,89250.49841137,97.4858294,15.03177215,349306330569.8051,267271758227.30588,25.1554566,48006744
2025-09-16,range_3m_6m,3-6m,1526327.43892319,98265.52475828,97.4858294,7.66152945,178037606716.38577,149985366738.7435,14.11653221,17641684
2025-09-16,range_1w_1m,1w-1m,1030289.44117663,111460.47698555,97.4858294,5.17162484,120177533112.85426,114836552546.72316,10.80834703,8946378
2025-09-16,range_1d_1w,1d-1w,315822.5019476,114765.63173753,97.4858294,1.58529771,36838938330.03508,36245568952.943794,3.41141108,2992384
2025-09-16,range_1m_3m,1-3m,1758354.09632147,115341.2932672,97.4858294,8.82620685,205102225830.31326,202810835491.3901,19.08843345,14519182
2025-09-16,range_0d_1d,<1d,164392.77049201,115794.05477825,97.4858294,0.82518339,19175502368.30042,19035705471.49965,1.79162911,664196
2025-09-15,range_10y_inf,>10y,3348629.03967142,94.92631374,96.71682614,16.80914807,386441182491.571,317873010.8260048,0.02994562,12255566
2025-09-15,range_7y_10y,7-10y,1634398.43556279,5678.73589558,96.71682614,8.20420685,188614163175.03867,9281317063.70664,0.87435805,21227462
2025-09-15,range_5y_7y,5-7y,1000378.62338069,7566.0480029,96.71682614,5.02161099,115446498724.88033,7568912685.576027,0.71303886,52049947
2025-09-15,range_2y_3y,2-3y,1397270.3630236,23214.96318308,96.71682614,7.01389259,161248918572.4346,32437580034.403633,3.05582268,22028976
2025-09-15,range_3y_5y,3-5y,2669049.53590506,39872.44759522,96.71682614,13.39785575,308015801859.3,106421537749.41249,10.02557369,19936238
2025-09-15,range_18m_2y,1.5-2y,918689.82296015,46204.17128428,96.71682614,4.61155687,106019382058.07599,42447301937.17111,3.99880102,32177635
2025-09-15,range_12m_18m,1-1.5y,1165946.69039935,63303.85519369,96.71682614,5.85271475,134553517998.59863,73808920452.60686,6.9532614,77428233
2025-09-15,range_6m_12m,6-12m,3000314.55687486,89271.19847528,96.71682614,15.06071023,346244714320.2114,267841676295.0599,25.23235915,48247736
2025-09-15,range_3m_6m,3-6m,1519952.95552596,98099.71938771,96.71682614,7.62972368,175406833813.5912,149106958419.62247,14.04680697,17529733
2025-09-15,range_1w_1m,1w-1m,1000686.60391078,111504.23717442,96.71682614,5.02315697,115482040541.79176,111580796419.72948,10.51160808,8825340
2025-09-15,range_1d_1w,1d-1w,333523.57043916,114076.4714297,96.71682614,1.67419174,38489555403.83376,38047192054.33404,3.58428318,3087676
2025-09-15,range_0d_1d,<1d,161593.30737103,115172.72865996,96.71682614,0.81115161,18648320863.069443,18611142143.10837,1.75328586,669690
2025-09-15,range_1m_3m,1-3m,1771034.41494611,115203.58887276,96.71682614,8.8900799,204382338394.87885,204029520618.95612,19.22085544,14516983
2025-09-14,range_10y_inf,>10y,3348343.46002875,94.91240084,96.6781779,16.80814431,386124626322.83417,317799316.6279742,0.02996759,12228356
2025-09-14,range_7y_10y,7-10y,1633231.06887326,5677.12886539,96.6781779,8.19855664,188341113656.8755,9272063244.960196,0.87432973,21230140
2025-09-14,range_5y_7y,5-7y,1001282.19907505,7560.84385518,96.6781779,5.0262752,115465966851.03496,7570538362.173837,0.71388067,52050405
2025-09-14,range_2y_3y,2-3y,1397695.12113157,23208.60025451,96.6781779,7.01620415,161179554249.05603,32438547344.016098,3.05886463,21995067
2025-09-14,range_3y_5y,3-5y,2677329.35327301,39848.06253342,96.6781779,13.43976168,308744550377.4036,106686387491.79527,10.06022907,19947344
2025-09-14,range_18m_2y,1.5-2y,910830.52701684,45983.33651417,96.6781779,4.57222239,105035251337.32478,41883026631.191185,3.94945271,32080435
2025-09-14,range_12m_18m,1-1.5y,1173929.5064629,63324.38541504,96.6781779,5.89293685,135375327359.17252,74338364517.34161,7.00990064,77085868
2025-09-14,range_6m_12m,6-12m,2995920.61719289,89258.66588035,96.6781779,15.03903846,345483891546.94025,267411877374.06808,25.21619493,48596708
2025-09-14,range_3m_6m,3-6m,1516169.82941348,97947.41744064,96.6781779,7.61092809,174841833226.75284,148504919192.4603,14.00360009,17607879
2025-09-14,range_1w_1m,1w-1m,1003378.89774193,111590.73646761,96.6781779,5.03680029,115707754170.32439,111967790155.07706,10.55825063,8679651
2025-09-14,range_1d_1w,1d-1w,386094.04395468,113882.39630928,96.6781779,1.93812985,44523633918.42505,43969314926.29966,4.14618388,3159551
2025-09-14,range_1m_3m,1-3m,1788808.28699657,115124.65906842,96.6781779,8.97952919,206281983800.37427,205935944179.24973,19.41918572,14472643
2025-09-14,range_0d_1d,<1d,87945.63381003,115755.02748323,96.6781779,0.4414729,10141723929.1608,10180149258.71039,0.95995971,667179
2025-09-13,range_10y_inf,>10y,3347709.01095908,94.88628071,97.16978093,16.80536282,388092132102.7534,317651656.9636704,0.0299647,12100045
2025-09-13,range_7y_10y,7-10y,1633783.46385038,5675.25513776,97.16978093,8.20152642,189400723242.151,9272137997.203873,0.87465891,21340821
2025-09-13,range_5y_7y,5-7y,1000976.92662635,7557.85203629,97.16978093,5.02486338,116040930788.30319,7565235503.181803,0.71364346,52041345
2025-09-13,range_2y_3y,2-3y,1395396.42908697,23196.29457606,97.16978093,7.00483322,161765067847.93256,32368026619.476833,3.05333926,21942466
2025-09-13,range_3y_5y,3-5y,2677418.27342429,39847.94637116,97.16978093,13.44053063,310386883346.95483,106689619772.5879,10.06424051,19954138
2025-09-13,range_18m_2y,1.5-2y,897607.95705313,45476.48858264,97.16978093,4.50595537,104057606173.28755,40820058010.61299,3.85063591,31953025
2025-09-13,range_12m_18m,1-1.5y,1189579.39060842,63393.93592639,97.16978093,5.97164007,137905176493.9551,75412119667.5798,7.11377275,76838748
2025-09-13,range_6m_12m,6-12m,2989576.66891236,89259.36111063,97.16978093,15.00755306,346574681289.4148,266847703458.3623,25.1722658,48925714
2025-09-13,range_3m_6m,3-6m,1490060.99693413,97578.28022828,97.16978093,7.48004549,172739311382.87613,145397589516.064,13.715639,17628071
2025-09-13,range_1w_1m,1w-1m,1042923.02350558,111908.23892132,97.16978093,5.23543108,120903644398.70306,116711678891.00291,11.00964095,8464691
2025-09-13,range_1d_1w,1d-1w,363841.6675421,113507.64248556,97.16978093,1.82647035,42179319660.695786,41298809920.71752,3.89579752,3203536
2025-09-13,range_1m_3m,1-3m,1782490.19716905,114864.41876769,97.16978093,8.94802816,206639949531.75745,204744700456.92096,19.31396806,14420878
2025-09-13,range_0d_1d,<1d,109116.41429912,115847.08889519,97.16978093,0.54775995,12649612536.252325,12640818947.234993,1.19243318,669391
2025-09-12,range_10y_inf,>10y,3347405.61788205,94.87430592,97.25851082,16.8042115,388740294070.4117,317582784.617805,0.02997673,12058705
2025-09-12,range_7y_10y,7-10y,1633046.01857111,5673.63713981,97.25851082,8.1980058,189648600127.377,9265310541.98492,0.87455542,21362361
2025-09-12,range_5y_7y,5-7y,1000558.67741008,7551.19677751,97.25851082,5.02287489,116196696454.49048,7555415460.573169,0.71315791,52022708
2025-09-12,range_2y_3y,2-3y,1395318.61597432,23189.62932454,97.25851082,7.00459753,162040885095.65552,32356921494.07605,3.05417945,21923054
2025-09-12,range_3y_5y,3-5y,2680616.96010025,39825.35971867,97.25851082,13.45688557,311304916199.20044,106756534703.95735,10.0767811,19976990
2025-09-12,range_18m_2y,1.5-2y,891169.49497625,45237.20063068,97.25851082,4.47373351,103493132022.2976,40314013240.18645,3.80525171,31855181
2025-09-12,range_12m_18m,1-1.5y,1192103.98463912,63445.99111935,97.25851082,5.9844458,138441200873.7479,75634218822.76079,7.13913643,76799203
2025-09-12,range_6m_12m,6-12m,2997363.58406161,89240.30032687,97.25851082,15.04697588,348089276925.24133,267485626430.47284,25.24804792,48965090
2025-09-12,range_3m_6m,3-6m,1493845.34765573,97475.92613824,97.25851082,7.49920865,173482973393.23734,145613958770.04745,13.74454492,17706996
2025-09-12,range_1w_1m,1w-1m,1091074.89707584,112449.51680903,97.25851082,5.47727268,126708509442.74525,122690844978.64076,11.58082539,8537837
2025-09-12,range_1d_1w,1d-1w,300700.45008832,112665.60313722,97.25851082,1.5095374,34920889410.587585,33878597572.835014,3.19781091,3242896
2025-09-12,range_1m_3m,1-3m,1731030.28885643,114613.77361136,97.25851082,8.68989373,201027691397.79507,198399913641.40518,18.72702692,14197897
2025-09-12,range_0d_1d,<1d,165805.85767985,115568.78628233,97.25851082,0.83235706,19255335394.293674,19161981730.561172,1.80870516,544429
2025-09-11,range_10y_inf,>10y,3347092.71660326,94.86025485,97.11332907,16.80295703,386491975957.3842,317506068.0945216,0.02999716,12029021
2025-09-11,range_7y_10y,7-10y,1633340.76849673,5672.66714776,97.11332907,8.19963983,188603410325.80966,9265398518.540598,0.87537109,21375157
2025-09-11,range_5y_7y,5-7y,1000343.02237386,7548.99824328,97.11332907,5.02188683,115510559189.05476,7551587718.577716,0.71345464,52004737
2025-09-11,range_2y_3y,2-3y,1394581.94304828,23183.32176903,97.11332907,7.00103118,161033701913.76343,32331041918.960617,3.05455392,21913372
2025-09-11,range_3y_5y,3-5y,2682980.86622971,39827.49876407,97.11332907,13.4690061,309806349642.2371,106856417133.78506,10.09552025,20002937
2025-09-11,range_18m_2y,1.5-2y,889552.21399649,45083.56087411,97.11332907,4.46569871,102717439286.7353,40104181390.40605,3.78894021,31751839
2025-09-11,range_12m_18m,1-1.5y,1191563.75735475,63486.11803794,97.11332907,5.98184643,137590999130.31488,75647757349.15347,7.14700611,76625156
2025-09-11,range_6m_12m,6-12m,3011316.73720612,89233.33169337,97.11332907,15.11730628,347719604605.8292,268709825244.90314,25.38701515,49035411
2025-09-11,range_3m_6m,3-6m,1495727.54001017,97393.63744187,97.11332907,7.50879874,172713080090.31476,145674345743.56546,13.76293859,17909140
2025-09-11,range_1d_1w,1d-1w,328822.34975074,111914.89254602,97.11332907,1.65074239,37969429129.85269,36800117939.083435,3.47678076,3005030
2025-09-11,range_1w_1m,1w-1m,1078440.34723863,112806.04653557,97.11332907,5.41394827,124528531489.08786,121654591996.43286,11.49361385,8628480
2025-09-11,range_0d_1d,<1d,154174.38529586,114342.43767629,97.11332907,0.77398082,17802662746.51723,17628675041.972076,1.66551201,752696
2025-09-11,range_1m_3m,1-3m,1711728.14736636,114452.95737321,97.11332907,8.59315739,197654875437.35544,195912348685.042,18.50929626,14030199
2025-09-10,range_10y_inf,>10y,3347565.72826613,94.83829186,96.42863731,16.8057271,381348571229.932,317477415.550146,0.03002317,11995057
2025-09-10,range_7y_10y,7-10y,1633587.23129679,5671.17293716,96.42863731,8.2010701,186095272566.06143,9264355696.623219,0.87611055,21388758
2025-09-10,range_5y_7y,5-7y,1000775.21070135,7546.96168246,96.42863731,5.02417471,114006483427.87474,7552812167.916321,0.71425349,51981195
2025-09-10,range_2y_3y,2-3y,1394793.8352954,23178.14246535,96.42863731,7.00225969,158892365207.03558,32328730224.263702,3.05725973,21887174
2025-09-10,range_3y_5y,3-5y,2683590.76451431,39826.98954797,96.42863731,13.47238492,305709756547.01605,106879341329.34969,10.10735354,20031750
2025-09-10,range_18m_2y,1.5-2y,886391.81122871,44892.76972682,96.42863731,4.44993768,100976135556.58537,39792583469.22956,3.76310056,31656032
2025-09-10,range_12m_18m,1-1.5y,1196052.0313174,63516.02550173,96.42863731,6.0045196,136252062030.69589,75968471322.54713,7.18417786,76561594
2025-09-10,range_6m_12m,6-12m,3024440.05685572,89245.64735292,96.42863731,15.18354481,344538685144.7689,269918110754.19446,25.52558558,49003491
2025-09-10,range_3m_6m,3-6m,1481801.20595786,97275.45344592,96.42863731,7.43906131,168804085896.6209,144142884226.2585,13.63128808,18005363
2025-09-10,range_1d_1w,1d-1w,322784.82086823,111416.43927262,96.42863731,1.62047113,36771057014.186035,35963535392.38941,3.40099558,2737753
2025-09-10,range_1w_1m,1w-1m,1078228.27515384,113115.10534435,96.42863731,5.41301101,122829795011.25488,121963904929.2868,11.53386886,8598076
2025-09-10,range_0d_1d,<1d,160547.02143436,113123.78988085,96.42863731,0.80599147,18289223336.900867,18161687518.737,1.71751243,763437
2025-09-10,range_1m_3m,1-3m,1708638.05208086,114235.72725953,96.42863731,8.57784646,194644924940.01578,195187510502.77164,18.45847057,14053775
2025-09-09,range_10y_inf,>10y,3346737.98350735,94.80536897,95.39087654,16.8020197,373259106048.851,317288729.3850634,0.03002926,11945751
2025-09-09,range_7y_10y,7-10y,1634064.45981758,5668.35168356,95.39087654,8.20368472,182245948892.15323,9262452031.851452,0.87662916,21414881
2025-09-09,range_5y_7y,5-7y,1000733.86937616,7544.37755419,95.39087654,5.02410116,111611076611.58882,7549914141.843766,0.7145489,51982922
2025-09-09,range_2y_3y,2-3y,1395272.38705463,23177.88853297,95.39087654,7.00484898,155613653190.99945,32339467860.286243,3.06071442,21864028
2025-09-09,range_3y_5y,3-5y,2684954.0061236,39823.40408992,95.39087654,13.47958828,299450849467.9638,106924008348.70549,10.11964254,20040983
2025-09-09,range_18m_2y,1.5-2y,880162.29563376,44590.92061818,95.39087654,4.4187816,98163821985.80927,39247247055.71842,3.71448954,31580581
2025-09-09,range_12m_18m,1-1.5y,1202279.80793233,63588.34704693,95.39087654,6.03594578,134089339691.63237,76450985674.31204,7.23557467,76310976
2025-09-09,range_6m_12m,6-12m,3029298.77427042,89269.43933888,95.39087654,15.20834255,337855355875.23944,270423803169.08328,25.59380502,49210997
2025-09-09,range_3m_6m,3-6m,1485144.952242,97098.42679082,95.39087654,7.45604672,165637071069.98117,144205238419.0253,13.64806171,17993509
2025-09-09,range_1d_1w,1d-1w,321418.07712223,111252.38358402,95.39087654,1.61365272,35847510240.06201,35758527206.84052,3.38430553,2492984
2025-09-09,range_0d_1d,<1d,184945.88840735,111977.49644263,95.39087654,0.92850545,20626872290.131405,20709777561.21324,1.96004199,737769
2025-09-09,range_1w_1m,1w-1m,1046456.04976258,113384.01002883,95.39087654,5.25364557,116710436125.76094,118651383241.0132,11.22956016,8670937
2025-09-09,range_1m_3m,1-3m,1707196.24372097,114080.95372952,95.39087654,8.57083676,190402280346.26068,194758575687.14203,18.4325971,14023149
2025-09-08,range_10y_inf,>10y,3346353.52022794,94.78716835,95.69523455,16.80052972,375080579617.6107,317191374.4679514,0.03003622,11897884
2025-09-08,range_7y_10y,7-10y,1634158.81318016,5666.67386769,95.69523455,8.20437337,183166910229.22473,9260245042.305967,0.87689262,21441152
2025-09-08,range_5y_7y,5-7y,1001214.24615315,7536.49919751,95.69523455,5.02664455,112222458714.68854,7545650362.671351,0.71453024,51979198
2025-09-08,range_2y_3y,2-3y,1396269.10966449,23173.2697991,95.69523455,7.0100366,156502719688.5788,32356120790.405575,3.06394089,21821639
2025-09-08,range_3y_5y,3-5y,2686124.75702809,39816.46950269,95.69523455,13.48581927,301077941915.3186,106952004468.6178,10.12774746,20056561
2025-09-08,range_18m_2y,1.5-2y,873607.31745861,44306.05702076,95.69523455,4.38598779,97919462785.34305,38706095621.070076,3.66524745,31484219
2025-09-08,range_12m_18m,1-1.5y,1207981.2664601,63671.67131183,95.69523455,6.06472838,135398221034.40138,76914186148.90001,7.28333665,76102387
2025-09-08,range_6m_12m,6-12m,3007001.61545912,89359.68784358,95.69523455,15.09679706,337043860434.88696,268704725702.57285,25.4448116,49360500
2025-09-08,range_3m_6m,3-6m,1495085.99668298,96457.78928354,95.69523455,7.50615157,167578744691.57324,144212690028.81866,13.65612279,18138546
2025-09-08,range_1d_1w,1d-1w,370402.47530496,110998.49222053,95.69523455,1.85962354,41517064556.80114,41114116273.60159,3.89327333,2531989
2025-09-08,range_0d_1d,<1d,133707.11157802,112005.5702132,95.69523455,0.67128302,14986743213.629208,14975941273.855787,1.41813659,680942
2025-09-08,range_1w_1m,1w-1m,1026095.89390021,113647.60365427,95.69523455,5.15156407,115011351998.79463,116613339461.24654,11.04262102,8529269
2025-09-08,range_1m_3m,1-3m,1740140.79687313,113989.1835326,95.69523455,8.73646104,195046044825.2239,198357228667.33792,18.78330312,13915416
2025-09-07,range_10y_inf,>10y,3346178.59484491,94.78192598,95.2636258,16.80007322,371964564730.7929,317157251.8894793,0.03005339,11828798
2025-09-07,range_7y_10y,7-10y,1634111.8333247,5666.20206622,95.2636258,8.20434346,181649508409.5271,9259207846.421587,0.87739001,21490662
2025-09-07,range_5y_7y,5-7y,1001566.39462738,7533.01251511,95.2636258,5.02853876,111335123773.87912,7544812185.438621,0.71493619,51967032
2025-09-07,range_2y_3y,2-3y,1396174.06847905,23167.57729743,95.2636258,7.00973541,155200108108.48547,32345970652.160088,3.06506041,21810207
2025-09-07,range_3y_5y,3-5y,2688750.59503538,39813.62301531,95.2636258,13.49934129,298884209675.1113,107048902572.93771,10.14380915,20075568
2025-09-07,range_18m_2y,1.5-2y,865351.18430156,43936.93867505,95.2636258,4.34464654,96193304536.67088,38020881917.041756,3.60280732,31441354
2025-09-07,range_12m_18m,1-1.5y,1218590.00019257,63748.28282823,95.2636258,6.11814362,135459685177.9618,77683019983.93008,7.36113785,75480951
2025-09-07,range_6m_12m,6-12m,2991879.91917225,89396.96071027,95.2636258,15.02125493,332580369014.4296,267464971584.09628,25.34461877,49958231
2025-09-07,range_3m_6m,3-6m,1501151.33465696,96124.6043269,95.2636258,7.53679208,166869486180.7293,144297578078.69342,13.67344323,18141842
2025-09-07,range_1d_1w,1d-1w,442939.70909773,110733.55668587,95.2636258,2.22385606,49237621790.52413,49048289385.79822,4.64774953,2557417
2025-09-07,range_0d_1d,<1d,82435.84259293,111103.81601272,95.2636258,0.41388352,9163650845.037025,9158936688.298832,0.86788845,721778
2025-09-07,range_1w_1m,1w-1m,995915.14421025,113916.86098545,95.2636258,5.00016567,110706925116.21306,113451527036.30597,10.75051318,8343088
2025-09-07,range_1m_3m,1-3m,1752598.29943529,113928.79317049,95.2636258,8.79922542,194820582679.50583,199671409167.30734,18.92059253,13954577
2025-09-06,range_10y_inf,>10y,3345700.69666051,94.76090347,94.72366583,16.79807973,368663229239.063,317041620.7639299,0.03005434,11804916
2025-09-06,range_7y_10y,7-10y,1635232.9156526,5665.05770375,94.72366583,8.21017042,180186544434.24274,9263688826.242348,0.87816244,21495383
2025-09-06,range_5y_7y,5-7y,1000882.99303234,7529.83287911,94.72366583,5.02522904,110287437447.72653,7536481669.073416,0.71442977,51951030
2025-09-06,range_2y_3y,2-3y,1395661.6284099,23158.69622932,94.72366583,7.00733193,153788150675.94568,32321703691.26149,3.06397447,21794194
2025-09-06,range_3y_5y,3-5y,2689687.24692126,39807.81969944,94.72366583,13.50437021,296377015159.4447,107070584973.33014,10.14988387,20096118
2025-09-06,range_18m_2y,1.5-2y,852797.69948501,43396.86632254,94.72366583,4.28172304,93969898172.18239,37008747764.7218,3.50828841,31333756
2025-09-06,range_12m_18m,1-1.5y,1231851.23355758,63863.45219443,94.72366583,6.1848734,135737860281.03348,78670272364.94856,7.45764235,75021104
2025-09-06,range_6m_12m,6-12m,2979743.69025867,89423.40742644,94.72366583,14.96068436,328338375351.9753,266458834040.3776,25.25928314,50446546
2025-09-06,range_3m_6m,3-6m,1507938.58822531,95875.99080446,94.72366583,7.5710516,166159964632.88724,144575106218.3756,13.70516972,18121749
2025-09-06,range_0d_1d,<1d,82857.15451954,110436.66004361,94.72366583,0.41600885,9130041483.155779,9150467405.855026,0.86742948,569047
2025-09-06,range_1d_1w,1d-1w,460184.52719553,110582.62806833,94.72366583,2.3104925,50707797625.5,50888414413.66207,4.82402797,2589221
2025-09-06,range_1m_3m,1-3m,1737905.47830219,113839.26448531,94.72366583,8.72566838,191500048519.7783,197841881394.91852,18.75465723,13834595
2025-09-06,range_1w_1m,1w-1m,996717.81775052,114166.16986242,94.72366583,5.00431655,109828476198.95877,113791455686.21057,10.78699683,8361690
2025-09-05,range_10y_inf,>10y,3345166.18919928,94.73367986,94.95915546,16.79576501,370118140483.5524,316899902.8296456,0.03004997,11772856
2025-09-05,range_7y_10y,7-10y,1636213.76623722,5663.0070548,94.95915546,8.21527553,181035070409.54166,9265890101.359207,0.87863606,21509981
2025-09-05,range_5y_7y,5-7y,1000191.48331615,7526.48130479,94.95915546,5.02186743,110663862718.6024,7527922500.387373,0.71383365,51927790
2025-09-05,range_2y_3y,2-3y,1395689.93975108,23146.92667113,94.95915546,7.007628,154422870487.0177,32305932691.049694,3.0634032,21769806
2025-09-05,range_3y_5y,3-5y,2689109.07392404,39813.05689408,94.95915546,13.5017639,297530225317.8793,107061652554.51295,10.15209846,20120693
2025-09-05,range_18m_2y,1.5-2y,845845.55933605,43046.41637501,94.95915546,4.24691105,93586616583.81337,36410620136.134995,3.45262932,31217073
2025-09-05,range_12m_18m,1-1.5y,1227794.01577121,64015.46890755,94.95915546,6.16463835,135846416085.78754,78597809641.47412,7.4530206,74732425
2025-09-05,range_6m_12m,6-12m,2980802.96450405,89351.48387782,94.95915546,14.96633151,329804018088.0162,266339168025.8496,25.25555503,50713455
2025-09-05,range_3m_6m,3-6m,1525634.77631474,95611.24959735,94.95915546,7.66006881,168800315000.73657,145867847392.62424,13.83188764,18213412
2025-09-05,range_1d_1w,1d-1w,388800.25618108,110051.85733148,94.95915546,1.95212954,43017900964.649956,42788190323.684006,4.05738106,2789231
2025-09-05,range_0d_1d,<1d,188735.01796352,111180.9502883,94.95915546,0.94762079,20882147535.249554,20983738649.86422,1.98977856,520349
2025-09-05,range_1m_3m,1-3m,1713523.53787795,113781.67800443,94.95915546,8.60344062,189588830462.85733,194967583439.84125,18.48775968,13635461
2025-09-05,range_1w_1m,1w-1m,979217.58959459,114523.39497457,94.95915546,4.91655948,108343254980.79025,112143322779.18272,10.63396676,8257048
2025-09-04,range_10y_inf,>10y,3343938.29628373,94.672428,95.07635054,16.78997659,370295296437.4056,316578757.595914,0.03008446,11743571
2025-09-04,range_7y_10y,7-10y,1637552.43033882,5658.86317038,95.07635054,8.22218131,181336468827.19177,9266685137.609484,0.88061262,21511030
2025-09-04,range_5y_7y,5-7y,999707.6806169,7523.49342807,95.07635054,5.01955092,110703912316.86058,7521294165.114794,0.7147482,51923267
2025-09-04,range_2y_3y,2-3y,1398837.75577436,23151.68173328,95.07635054,7.02359048,154902093145.06784,32385446518.18898,3.07758735,21751999
2025-09-04,range_3y_5y,3-5y,2697108.51230502,39792.96036715,95.07635054,13.54223218,298667770633.7367,107325932136.06677,10.19917791,20139586
2025-09-04,range_18m_2y,1.5-2y,843638.71329693,42845.78038747,95.07635054,4.23592572,93421415034.34358,36146359036.287964,3.43498667,31096986
2025-09-04,range_12m_18m,1-1.5y,1238140.73811735,64089.20769059,95.07635054,6.21672775,137107102772.17714,79351458915.38919,7.54076513,74387560
2025-09-04,range_6m_12m,6-12m,2998261.05106997,89314.23127665,95.07635054,15.05432469,332016283295.8204,267787380943.0241,25.44782128,51142284
2025-09-04,range_3m_6m,3-6m,1534488.40273552,95473.16255271,95.07635054,7.70469491,169923541532.5074,146502460709.61716,13.92212144,18225400
2025-09-04,range_1d_1w,1d-1w,506225.60439917,109788.91149968,95.07635054,2.54176821,56057541627.942245,55577958080.25436,5.28157055,3030478
2025-09-04,range_0d_1d,<1d,161053.807325,110392.76748477,95.07635054,0.80865417,17834499934.422085,17779175504.56549,1.68955415,526002
2025-09-04,range_1m_3m,1-3m,1675068.11638807,113695.97913082,95.07635054,8.41054827,185490816442.42688,190448509603.56067,18.09831224,13502804
2025-09-04,range_1w_1m,1w-1m,882256.18632012,115488.67039637,95.07635054,4.42982478,97697770443.37662,101890593907.08029,9.68265799,8161230
2025-09-03,range_10y_inf,>10y,3343783.88801299,94.66043828,95.52578652,16.78957012,373411996262.81384,316524048.3379484,0.03010398,11718766
2025-09-03,range_7y_10y,7-10y,1638268.8264731,5656.78050689,95.52578652,8.22595905,182951187456.07196,9267327162.632147,0.88139719,21512985
2025-09-03,range_5y_7y,5-7y,1001343.29748104,7522.275292,95.52578652,5.02787383,111823494633.49385,7532379945.448957,0.71638978,51920868
2025-09-03,range_2y_3y,2-3y,1398742.37537643,23144.46137217,95.52578652,7.02326585,156202434170.19354,32373138876.51776,3.07894532,21709031
2025-09-03,range_3y_5y,3-5y,2698668.86348405,39796.65870364,95.52578652,13.55036439,301369753942.05365,107398003714.21411,10.21441208,20154341
2025-09-03,range_18m_2y,1.5-2y,840648.04532251,42575.5156769,95.52578652,4.22100225,93878095974.93085,35791024032.37997,3.40401363,30980220
2025-09-03,range_12m_18m,1-1.5y,1243124.6227923,64131.09300212,95.52578652,6.24188905,138824057578.7256,79722940797.5244,7.58229149,74061558
2025-09-03,range_6m_12m,6-12m,3009261.63329782,89301.04545858,95.52578652,15.10989074,336054730628.7126,268730209911.9028,25.55839967,51612747
2025-09-03,range_3m_6m,3-6m,1532444.40962142,95367.60907453,95.52578652,7.69460101,171133406142.03613,146145559385.23056,13.8996156,18244242
2025-09-03,range_1d_1w,1d-1w,508685.36659383,109790.55820461,95.52578652,2.55417483,56806667108.608734,55848850348.85214,5.31167389,3340114
2025-09-03,range_0d_1d,<1d,170385.74910916,111681.17939594,95.52578652,0.85552882,19027570213.993214,19028881412.771507,1.80979934,544603
2025-09-03,range_1m_3m,1-3m,1668797.68767638,113625.70790672,95.52578652,8.3792484,186360451746.8696,189618318615.33334,18.03422389,13394571
2025-09-03,range_1w_1m,1w-1m,861685.02972993,115660.38375386,95.52578652,4.32663166,96227369314.95892,99662821213.51921,9.47873415,7944770
2025-09-02,range_10y_inf,>10y,3341790.82787488,94.57845875,95.31213333,16.77992342,371396277014.52655,316061425.9650869,0.03007436,11700873
2025-09-02,range_7y_10y,7-10y,1640372.91967875,5649.98036322,95.31213333,8.23670104,182305963078.95154,9268074784.548582,0.88188992,21510380
2025-09-02,range_5y_7y,5-7y,1000841.87986423,7519.28001039,95.31213333,5.02546418,111230465103.09958,7525610340.827326,0.7160883,51922565
2025-09-02,range_2y_3y,2-3y,1400069.86552721,23134.43830461,95.31213333,7.03008247,155599426295.5417,32389829926.177387,3.08200626,21586231
2025-09-02,range_3y_5y,3-5y,2698142.08382036,39802.03080302,95.31213333,13.5480106,299863150149.4495,107391534331.14209,10.21868227,20166102
2025-09-02,range_18m_2y,1.5-2y,833566.59602059,42270.75104225,95.31213333,4.18553535,92640008412.07352,35235486057.521675,3.35278045,30948933
2025-09-02,range_12m_18m,1-1.5y,1246590.57838833,64187.46503343,95.31213333,6.25942661,138542213927.02484,80015489161.30832,7.61375527,73716793
2025-09-02,range_6m_12m,6-12m,3019666.1951606,89251.21837102,95.31213333,15.16245933,335596343539.6853,269508886991.85208,25.64471867,52060999
2025-09-02,range_3m_6m,3-6m,1530875.01989553,95248.68000681,95.31213333,7.68688614,170136705810.908,145813824900.44452,13.87469838,18244375
2025-09-02,range_1d_1w,1d-1w,499822.31109095,109807.53498871,95.31213333,2.50972623,55548702797.18345,54884255913.259224,5.22243002,3391892
2025-09-02,range_0d_1d,<1d,169552.55221472,110709.46780371,95.31213333,0.85136353,18843545240.951817,18771072820.452778,1.78613361,726440
2025-09-02,range_1m_3m,1-3m,1668174.36232832,113571.62084198,95.31213333,8.37629867,185395729263.46445,189457266176.66473,18.02752534,13187982
2025-09-02,range_1w_1m,1w-1m,865946.47810649,115891.57663705,95.31213333,4.34812241,96238608167.79793,100355902631.06496,9.54921716,7917303
2025-09-01,range_10y_inf,>10y,3341625.00758257,94.57487142,94.63412071,16.77951997,365079146139.4637,316033755.4365431,0.03008684,11684346
2025-09-01,range_7y_10y,7-10y,1639874.07928173,5648.51382197,94.63412071,8.23440685,179159488955.7996,9262851403.110592,0.88183608,21506588
2025-09-01,range_5y_7y,5-7y,1000532.44719862,7514.0973431,94.63412071,5.02403895,109310150205.13922,7518098203.18112,0.7157332,51921077
2025-09-01,range_2y_3y,2-3y,1399973.25342889,23126.65910155,94.63412071,7.02977716,152949848896.9149,32376704183.336834,3.08230637,21569298
2025-09-01,range_3y_5y,3-5y,2698945.76424653,39795.33125311,94.63412071,13.5523927,294865166753.304,107405440722.36453,10.22514437,20176846
2025-09-01,range_18m_2y,1.5-2y,824892.0578358,41907.56039882,94.63412071,4.14208438,90121090023.13829,34569213736.25706,3.29103627,30848084
2025-09-01,range_12m_18m,1-1.5y,1256461.69465095,64204.56995267,94.63412071,6.3091532,137270927048.74004,80670582767.06554,7.67994945,73224470
2025-09-01,range_6m_12m,6-12m,3015915.22944968,89213.86179572,94.63412071,15.14401218,329494708202.76874,269061444467.72223,25.6150163,52602812
2025-09-01,range_3m_6m,3-6m,1530255.22945705,95044.20448102,94.63412071,7.68397056,167183412644.43164,145441890936.66953,13.84626628,18276837
2025-09-01,range_0d_1d,<1d,146479.78945774,108673.63561283,94.63412071,0.73552854,16003206924.946604,15918491264.175087,1.51546207,741413
2025-09-01,range_1d_1w,1d-1w,495728.57560607,109957.53253999,94.63412071,2.48923428,54159328077.96497,54509090983.207245,5.18933977,3295189
2025-09-01,range_1m_3m,1-3m,1693934.44575382,113503.3712659,94.63412071,8.5058637,185065690994.27875,192267270296.49454,18.30410623,13181934
2025-09-01,range_1w_1m,1w-1m,870284.72102151,116155.10629636,94.63412071,4.37001753,95080328321.64021,101088014278.34808,9.62371676,7738017
